...FFFFFFFFFFFFFF...FFFFFFFFFFFFFFFF.FFFFFF....FFFFFFFFFFFFF......F..FFF [  4%]
...............................FF........FEEEEEEE.............FF......F. [  9%]
F.EEEEEEEE.FF...............FFFF.F.FF.FFFFFFFFFFFFF......F.EEE.........E [ 14%]
E..........................FFFF.F.FF.FFFFFFFFFFFFF...................... [ 19%]
.........F............s......EEE.........EE............................s [ 24%]
...............EE.EEE.E................................................. [ 29%]
.....................s...........................F...................... [ 34%]
..........................EE.EEE.E...................................... [ 39%]
......................................................................s. [ 43%]
...........................F............................................ [ 48%]
.............................EE.EEE.E................................... [ 53%]
.......................................................s.s.s............ [ 58%]
..............................R17ALERT {"event":"t06","n":1,"utc":"2026-09-07T13:52:34Z","run_id":"run"}
.R17ALERT {"action":"open","severity":"CRITICAL","incident":{"incident_id":"run-win_free_phys-0","kind":"win_free_phys","detail":"t06 注入","severity":"CRITICAL","first_seen_mono":0.6,"last_seen_mono":0.6,"samples":1,"peak":{},"recovered":false,"stopped_requested":true,"delivered_count":1},"metrics":{},"run_dir":"/tmp/pytest-of-cryptorl/pytest-0/test_t06_stdout_full_pipe_does0/run","note":"停止请求由本地策略执行,不等待模型回复","utc":"2026-09-07T13:52:34Z","run_id":"run"}
......................................... [ 63%]
........................................................................ [ 68%]
........................................................................ [ 73%]
..R17ALERT {"action":"open","severity":"CRITICAL","incident":{"incident_id":"run-storage_ceiling-0","kind":"storage_ceiling","detail":"存储触顶(测试)","severity":"CRITICAL","first_seen_mono":0.0,"last_seen_mono":0.0,"samples":1,"peak":{},"recovered":false,"stopped_requested":true,"delivered_count":1},"metrics":{},"run_dir":"/tmp/pytest-of-cryptorl/pytest-0/test_c09_escalation_survives_c0/run","note":"停止请求由本地策略执行,不等待模型回复","utc":"2026-09-07T14:00:26Z","run_id":"run"}
.......FF......FFFF..FEEFEEFEEEEEEEEEEEEE....FF.FFFFF.....EEEEEEEEE.E. [ 78%]
......................FFF....FFEEEEEEEEEEEEE............................ [ 82%]
.....F....FF..FFEEEE......F....................FFFFFF.............FFFEF. [ 87%]
EEFEEEE.FEF....FF......F..................FFF..........F..FFF........... [ 92%]
...........FF......F.F......F..FFF............FF........F.............FF [ 97%]
......F.F.FFFFFFFFFFFFF.......FFFFFF                                     [100%]
==================================== ERRORS ====================================
_____________ ERROR at setup of test_dataset_scaled_float32_inputs _____________

    @pytest.fixture(scope="module")
    def preproc_fitted():
        from rl_curriculum.curriculum261_pairs import generate_pair
        from rl_curriculum.curriculum261_r3_calibration import (
            fit_matrix_from_records,
        )
        from rl_curriculum.curriculum261_r3_preprocessing import (
            RouteCPreprocessor,
        )
    
>       records = [generate_pair(f, r, 0,
                                 namespace="preplan_fit_main_r10")
                   for f in ("c1_opportunity", "c2_context", "c3_cost")
                   for r in ("D0", "D1", "D2", "D3")]

tests/route_c_stage2_6_1/test_curriculum261_r10_labels.py:41: 
_ _ _ _ _ _ _ _ _ _ _ _ _ _ _ _ _ _ _ _ _ _ _ _ _ _ _ _ _ _ _ _ _ _ _ _ _ _ _ _ 
tests/route_c_stage2_6_1/test_curriculum261_r10_labels.py:41: in <listcomp>
    records = [generate_pair(f, r, 0,
src/rl_curriculum/curriculum261_pairs.py:114: in generate_pair
    episodes, log = generate_pair_with_attempts(
src/rl_curriculum/curriculum261_api.py:1504: in generate_pair_with_attempts
    episodes[side] = generator.generate(
src/rl_curriculum/generator_api.py:186: in generate
    df = self._attach_features(df)
         ^^^^^^^^^^^^^^^^^^^^^^^^^
src/rl_curriculum/curriculum261_api.py:1267: in _attach_features
    return attach_production_features(df)
           ^^^^^^^^^^^^^^^^^^^^^^^^^^^^^^
src/rl_curriculum/curriculum261_production_obs.py:160: in attach_production_features
    cls = load_route_c_strategy_class()
          ^^^^^^^^^^^^^^^^^^^^^^^^^^^^^
src/rl_curriculum/curriculum261_production_obs.py:124: in load_route_c_strategy_class
    spec.loader.exec_module(module)
<frozen importlib._bootstrap_external>:940: in exec_module
    ???
<frozen importlib._bootstrap>:241: in _call_with_frames_removed
    ???
_ _ _ _ _ _ _ _ _ _ _ _ _ _ _ _ _ _ _ _ _ _ _ _ _ _ _ _ _ _ _ _ _ _ _ _ _ _ _ _ 

    """阶段 2.5.2a 路线 C:Freqtrade 策略薄适配层(execution_mode=market_open_causal)。
    
    特征:少量因果特征(收益/滚动波动率/价格相对均值/原始 OHLC 供环境用),
    全部只使用当前及过去数据;目标仓位列 &-target_position 由 RouteCModel
    顺序推理填充。
    
    阶段 2.5.2a 改造(工作包 B):
    - 订单类型改为 market(入场/退出均市场订单):成交价由回测器/交易所决定,
      回测中市场单以执行 bar 的 open 成交(backtesting.py:1039-1057 仅 limit
      分支调用 custom_entry_price;:596 exit_signal 的 close_rate=row[OPEN_IDX];
      :551-567 信号 shift(1)),与环境 market_open_causal 合同在
      simulated_slippage_bps=0 时逐笔对齐;
    - 移除 custom_entry_price / custom_exit_price / _route_c_bars 执行 K 线
      high/low 缓存(阶段 2.5.2 bar 内调价合同依赖执行 K 线最终 high/low,
      属未来信息,已废弃为 legacy_noncausal_not_for_training);
    - simulated_slippage_bps 只属于训练与离线压力环境,不得改变 live 市场订单
      价格;Freqtrade live 使用交易所真实回报价格;
    - amount_epsilon 与 RouteCModel 从同一最终配置 freqai.route_c.amount_epsilon
      读取(工作包 E),所有执行状态读取都通过 route_c_amount_epsilon 传参。
    
    保留(阶段 2.5.2 工作包 B):
    - live 只处理最新一行(signal_convert.latest_row_signals);
    - adjust_entry_price / adjust_exit_price 官方扩展点的目标反转取消
      (None = 取消且不替换);do_predict != 1 时维持挂单。
    
    成交时机完全交给 Freqtrade 回测引擎自身的 shift(1)(open[t+1]),
    本层不加额外 shift。
    """
    
    import sys
    from pathlib import Path
    
    from pandas import DataFrame
    
>   from freqtrade.enums import RunMode
E   ModuleNotFoundError: No module named 'freqtrade'

user_data/strategies/RouteCStrategy.py:35: ModuleNotFoundError
________ ERROR at setup of test_labels_are_canonical_reference_actions _________

    @pytest.fixture(scope="module")
    def preproc_fitted():
        from rl_curriculum.curriculum261_pairs import generate_pair
        from rl_curriculum.curriculum261_r3_calibration import (
            fit_matrix_from_records,
        )
        from rl_curriculum.curriculum261_r3_preprocessing import (
            RouteCPreprocessor,
        )
    
>       records = [generate_pair(f, r, 0,
                                 namespace="preplan_fit_main_r10")
                   for f in ("c1_opportunity", "c2_context", "c3_cost")
                   for r in ("D0", "D1", "D2", "D3")]

tests/route_c_stage2_6_1/test_curriculum261_r10_labels.py:41: 
_ _ _ _ _ _ _ _ _ _ _ _ _ _ _ _ _ _ _ _ _ _ _ _ _ _ _ _ _ _ _ _ _ _ _ _ _ _ _ _ 
tests/route_c_stage2_6_1/test_curriculum261_r10_labels.py:41: in <listcomp>
    records = [generate_pair(f, r, 0,
src/rl_curriculum/curriculum261_pairs.py:114: in generate_pair
    episodes, log = generate_pair_with_attempts(
src/rl_curriculum/curriculum261_api.py:1504: in generate_pair_with_attempts
    episodes[side] = generator.generate(
src/rl_curriculum/generator_api.py:186: in generate
    df = self._attach_features(df)
         ^^^^^^^^^^^^^^^^^^^^^^^^^
src/rl_curriculum/curriculum261_api.py:1267: in _attach_features
    return attach_production_features(df)
           ^^^^^^^^^^^^^^^^^^^^^^^^^^^^^^
src/rl_curriculum/curriculum261_production_obs.py:160: in attach_production_features
    cls = load_route_c_strategy_class()
          ^^^^^^^^^^^^^^^^^^^^^^^^^^^^^
src/rl_curriculum/curriculum261_production_obs.py:124: in load_route_c_strategy_class
    spec.loader.exec_module(module)
<frozen importlib._bootstrap_external>:940: in exec_module
    ???
<frozen importlib._bootstrap>:241: in _call_with_frames_removed
    ???
_ _ _ _ _ _ _ _ _ _ _ _ _ _ _ _ _ _ _ _ _ _ _ _ _ _ _ _ _ _ _ _ _ _ _ _ _ _ _ _ 

    """阶段 2.5.2a 路线 C:Freqtrade 策略薄适配层(execution_mode=market_open_causal)。
    
    特征:少量因果特征(收益/滚动波动率/价格相对均值/原始 OHLC 供环境用),
    全部只使用当前及过去数据;目标仓位列 &-target_position 由 RouteCModel
    顺序推理填充。
    
    阶段 2.5.2a 改造(工作包 B):
    - 订单类型改为 market(入场/退出均市场订单):成交价由回测器/交易所决定,
      回测中市场单以执行 bar 的 open 成交(backtesting.py:1039-1057 仅 limit
      分支调用 custom_entry_price;:596 exit_signal 的 close_rate=row[OPEN_IDX];
      :551-567 信号 shift(1)),与环境 market_open_causal 合同在
      simulated_slippage_bps=0 时逐笔对齐;
    - 移除 custom_entry_price / custom_exit_price / _route_c_bars 执行 K 线
      high/low 缓存(阶段 2.5.2 bar 内调价合同依赖执行 K 线最终 high/low,
      属未来信息,已废弃为 legacy_noncausal_not_for_training);
    - simulated_slippage_bps 只属于训练与离线压力环境,不得改变 live 市场订单
      价格;Freqtrade live 使用交易所真实回报价格;
    - amount_epsilon 与 RouteCModel 从同一最终配置 freqai.route_c.amount_epsilon
      读取(工作包 E),所有执行状态读取都通过 route_c_amount_epsilon 传参。
    
    保留(阶段 2.5.2 工作包 B):
    - live 只处理最新一行(signal_convert.latest_row_signals);
    - adjust_entry_price / adjust_exit_price 官方扩展点的目标反转取消
      (None = 取消且不替换);do_predict != 1 时维持挂单。
    
    成交时机完全交给 Freqtrade 回测引擎自身的 shift(1)(open[t+1]),
    本层不加额外 shift。
    """
    
    import sys
    from pathlib import Path
    
    from pandas import DataFrame
    
>   from freqtrade.enums import RunMode
E   ModuleNotFoundError: No module named 'freqtrade'

user_data/strategies/RouteCStrategy.py:35: ModuleNotFoundError
________ ERROR at setup of test_alignment_ok_action_and_position_replay ________

    @pytest.fixture(scope="module")
    def preproc_fitted():
        from rl_curriculum.curriculum261_pairs import generate_pair
        from rl_curriculum.curriculum261_r3_calibration import (
            fit_matrix_from_records,
        )
        from rl_curriculum.curriculum261_r3_preprocessing import (
            RouteCPreprocessor,
        )
    
>       records = [generate_pair(f, r, 0,
                                 namespace="preplan_fit_main_r10")
                   for f in ("c1_opportunity", "c2_context", "c3_cost")
                   for r in ("D0", "D1", "D2", "D3")]

tests/route_c_stage2_6_1/test_curriculum261_r10_labels.py:41: 
_ _ _ _ _ _ _ _ _ _ _ _ _ _ _ _ _ _ _ _ _ _ _ _ _ _ _ _ _ _ _ _ _ _ _ _ _ _ _ _ 
tests/route_c_stage2_6_1/test_curriculum261_r10_labels.py:41: in <listcomp>
    records = [generate_pair(f, r, 0,
src/rl_curriculum/curriculum261_pairs.py:114: in generate_pair
    episodes, log = generate_pair_with_attempts(
src/rl_curriculum/curriculum261_api.py:1504: in generate_pair_with_attempts
    episodes[side] = generator.generate(
src/rl_curriculum/generator_api.py:186: in generate
    df = self._attach_features(df)
         ^^^^^^^^^^^^^^^^^^^^^^^^^
src/rl_curriculum/curriculum261_api.py:1267: in _attach_features
    return attach_production_features(df)
           ^^^^^^^^^^^^^^^^^^^^^^^^^^^^^^
src/rl_curriculum/curriculum261_production_obs.py:160: in attach_production_features
    cls = load_route_c_strategy_class()
          ^^^^^^^^^^^^^^^^^^^^^^^^^^^^^
src/rl_curriculum/curriculum261_production_obs.py:124: in load_route_c_strategy_class
    spec.loader.exec_module(module)
<frozen importlib._bootstrap_external>:940: in exec_module
    ???
<frozen importlib._bootstrap>:241: in _call_with_frames_removed
    ???
_ _ _ _ _ _ _ _ _ _ _ _ _ _ _ _ _ _ _ _ _ _ _ _ _ _ _ _ _ _ _ _ _ _ _ _ _ _ _ _ 

    """阶段 2.5.2a 路线 C:Freqtrade 策略薄适配层(execution_mode=market_open_causal)。
    
    特征:少量因果特征(收益/滚动波动率/价格相对均值/原始 OHLC 供环境用),
    全部只使用当前及过去数据;目标仓位列 &-target_position 由 RouteCModel
    顺序推理填充。
    
    阶段 2.5.2a 改造(工作包 B):
    - 订单类型改为 market(入场/退出均市场订单):成交价由回测器/交易所决定,
      回测中市场单以执行 bar 的 open 成交(backtesting.py:1039-1057 仅 limit
      分支调用 custom_entry_price;:596 exit_signal 的 close_rate=row[OPEN_IDX];
      :551-567 信号 shift(1)),与环境 market_open_causal 合同在
      simulated_slippage_bps=0 时逐笔对齐;
    - 移除 custom_entry_price / custom_exit_price / _route_c_bars 执行 K 线
      high/low 缓存(阶段 2.5.2 bar 内调价合同依赖执行 K 线最终 high/low,
      属未来信息,已废弃为 legacy_noncausal_not_for_training);
    - simulated_slippage_bps 只属于训练与离线压力环境,不得改变 live 市场订单
      价格;Freqtrade live 使用交易所真实回报价格;
    - amount_epsilon 与 RouteCModel 从同一最终配置 freqai.route_c.amount_epsilon
      读取(工作包 E),所有执行状态读取都通过 route_c_amount_epsilon 传参。
    
    保留(阶段 2.5.2 工作包 B):
    - live 只处理最新一行(signal_convert.latest_row_signals);
    - adjust_entry_price / adjust_exit_price 官方扩展点的目标反转取消
      (None = 取消且不替换);do_predict != 1 时维持挂单。
    
    成交时机完全交给 Freqtrade 回测引擎自身的 shift(1)(open[t+1]),
    本层不加额外 shift。
    """
    
    import sys
    from pathlib import Path
    
    from pandas import DataFrame
    
>   from freqtrade.enums import RunMode
E   ModuleNotFoundError: No module named 'freqtrade'

user_data/strategies/RouteCStrategy.py:35: ModuleNotFoundError
_______________ ERROR at setup of test_evidence_fields_complete ________________

    @pytest.fixture(scope="module")
    def preproc_fitted():
        from rl_curriculum.curriculum261_pairs import generate_pair
        from rl_curriculum.curriculum261_r3_calibration import (
            fit_matrix_from_records,
        )
        from rl_curriculum.curriculum261_r3_preprocessing import (
            RouteCPreprocessor,
        )
    
>       records = [generate_pair(f, r, 0,
                                 namespace="preplan_fit_main_r10")
                   for f in ("c1_opportunity", "c2_context", "c3_cost")
                   for r in ("D0", "D1", "D2", "D3")]

tests/route_c_stage2_6_1/test_curriculum261_r10_labels.py:41: 
_ _ _ _ _ _ _ _ _ _ _ _ _ _ _ _ _ _ _ _ _ _ _ _ _ _ _ _ _ _ _ _ _ _ _ _ _ _ _ _ 
tests/route_c_stage2_6_1/test_curriculum261_r10_labels.py:41: in <listcomp>
    records = [generate_pair(f, r, 0,
src/rl_curriculum/curriculum261_pairs.py:114: in generate_pair
    episodes, log = generate_pair_with_attempts(
src/rl_curriculum/curriculum261_api.py:1504: in generate_pair_with_attempts
    episodes[side] = generator.generate(
src/rl_curriculum/generator_api.py:186: in generate
    df = self._attach_features(df)
         ^^^^^^^^^^^^^^^^^^^^^^^^^
src/rl_curriculum/curriculum261_api.py:1267: in _attach_features
    return attach_production_features(df)
           ^^^^^^^^^^^^^^^^^^^^^^^^^^^^^^
src/rl_curriculum/curriculum261_production_obs.py:160: in attach_production_features
    cls = load_route_c_strategy_class()
          ^^^^^^^^^^^^^^^^^^^^^^^^^^^^^
src/rl_curriculum/curriculum261_production_obs.py:124: in load_route_c_strategy_class
    spec.loader.exec_module(module)
<frozen importlib._bootstrap_external>:940: in exec_module
    ???
<frozen importlib._bootstrap>:241: in _call_with_frames_removed
    ???
_ _ _ _ _ _ _ _ _ _ _ _ _ _ _ _ _ _ _ _ _ _ _ _ _ _ _ _ _ _ _ _ _ _ _ _ _ _ _ _ 

    """阶段 2.5.2a 路线 C:Freqtrade 策略薄适配层(execution_mode=market_open_causal)。
    
    特征:少量因果特征(收益/滚动波动率/价格相对均值/原始 OHLC 供环境用),
    全部只使用当前及过去数据;目标仓位列 &-target_position 由 RouteCModel
    顺序推理填充。
    
    阶段 2.5.2a 改造(工作包 B):
    - 订单类型改为 market(入场/退出均市场订单):成交价由回测器/交易所决定,
      回测中市场单以执行 bar 的 open 成交(backtesting.py:1039-1057 仅 limit
      分支调用 custom_entry_price;:596 exit_signal 的 close_rate=row[OPEN_IDX];
      :551-567 信号 shift(1)),与环境 market_open_causal 合同在
      simulated_slippage_bps=0 时逐笔对齐;
    - 移除 custom_entry_price / custom_exit_price / _route_c_bars 执行 K 线
      high/low 缓存(阶段 2.5.2 bar 内调价合同依赖执行 K 线最终 high/low,
      属未来信息,已废弃为 legacy_noncausal_not_for_training);
    - simulated_slippage_bps 只属于训练与离线压力环境,不得改变 live 市场订单
      价格;Freqtrade live 使用交易所真实回报价格;
    - amount_epsilon 与 RouteCModel 从同一最终配置 freqai.route_c.amount_epsilon
      读取(工作包 E),所有执行状态读取都通过 route_c_amount_epsilon 传参。
    
    保留(阶段 2.5.2 工作包 B):
    - live 只处理最新一行(signal_convert.latest_row_signals);
    - adjust_entry_price / adjust_exit_price 官方扩展点的目标反转取消
      (None = 取消且不替换);do_predict != 1 时维持挂单。
    
    成交时机完全交给 Freqtrade 回测引擎自身的 shift(1)(open[t+1]),
    本层不加额外 shift。
    """
    
    import sys
    from pathlib import Path
    
    from pandas import DataFrame
    
>   from freqtrade.enums import RunMode
E   ModuleNotFoundError: No module named 'freqtrade'

user_data/strategies/RouteCStrategy.py:35: ModuleNotFoundError
__________ ERROR at setup of test_pair_identity_split_no_bar_shuffle ___________

    @pytest.fixture(scope="module")
    def preproc_fitted():
        from rl_curriculum.curriculum261_pairs import generate_pair
        from rl_curriculum.curriculum261_r3_calibration import (
            fit_matrix_from_records,
        )
        from rl_curriculum.curriculum261_r3_preprocessing import (
            RouteCPreprocessor,
        )
    
>       records = [generate_pair(f, r, 0,
                                 namespace="preplan_fit_main_r10")
                   for f in ("c1_opportunity", "c2_context", "c3_cost")
                   for r in ("D0", "D1", "D2", "D3")]

tests/route_c_stage2_6_1/test_curriculum261_r10_labels.py:41: 
_ _ _ _ _ _ _ _ _ _ _ _ _ _ _ _ _ _ _ _ _ _ _ _ _ _ _ _ _ _ _ _ _ _ _ _ _ _ _ _ 
tests/route_c_stage2_6_1/test_curriculum261_r10_labels.py:41: in <listcomp>
    records = [generate_pair(f, r, 0,
src/rl_curriculum/curriculum261_pairs.py:114: in generate_pair
    episodes, log = generate_pair_with_attempts(
src/rl_curriculum/curriculum261_api.py:1504: in generate_pair_with_attempts
    episodes[side] = generator.generate(
src/rl_curriculum/generator_api.py:186: in generate
    df = self._attach_features(df)
         ^^^^^^^^^^^^^^^^^^^^^^^^^
src/rl_curriculum/curriculum261_api.py:1267: in _attach_features
    return attach_production_features(df)
           ^^^^^^^^^^^^^^^^^^^^^^^^^^^^^^
src/rl_curriculum/curriculum261_production_obs.py:160: in attach_production_features
    cls = load_route_c_strategy_class()
          ^^^^^^^^^^^^^^^^^^^^^^^^^^^^^
src/rl_curriculum/curriculum261_production_obs.py:124: in load_route_c_strategy_class
    spec.loader.exec_module(module)
<frozen importlib._bootstrap_external>:940: in exec_module
    ???
<frozen importlib._bootstrap>:241: in _call_with_frames_removed
    ???
_ _ _ _ _ _ _ _ _ _ _ _ _ _ _ _ _ _ _ _ _ _ _ _ _ _ _ _ _ _ _ _ _ _ _ _ _ _ _ _ 

    """阶段 2.5.2a 路线 C:Freqtrade 策略薄适配层(execution_mode=market_open_causal)。
    
    特征:少量因果特征(收益/滚动波动率/价格相对均值/原始 OHLC 供环境用),
    全部只使用当前及过去数据;目标仓位列 &-target_position 由 RouteCModel
    顺序推理填充。
    
    阶段 2.5.2a 改造(工作包 B):
    - 订单类型改为 market(入场/退出均市场订单):成交价由回测器/交易所决定,
      回测中市场单以执行 bar 的 open 成交(backtesting.py:1039-1057 仅 limit
      分支调用 custom_entry_price;:596 exit_signal 的 close_rate=row[OPEN_IDX];
      :551-567 信号 shift(1)),与环境 market_open_causal 合同在
      simulated_slippage_bps=0 时逐笔对齐;
    - 移除 custom_entry_price / custom_exit_price / _route_c_bars 执行 K 线
      high/low 缓存(阶段 2.5.2 bar 内调价合同依赖执行 K 线最终 high/low,
      属未来信息,已废弃为 legacy_noncausal_not_for_training);
    - simulated_slippage_bps 只属于训练与离线压力环境,不得改变 live 市场订单
      价格;Freqtrade live 使用交易所真实回报价格;
    - amount_epsilon 与 RouteCModel 从同一最终配置 freqai.route_c.amount_epsilon
      读取(工作包 E),所有执行状态读取都通过 route_c_amount_epsilon 传参。
    
    保留(阶段 2.5.2 工作包 B):
    - live 只处理最新一行(signal_convert.latest_row_signals);
    - adjust_entry_price / adjust_exit_price 官方扩展点的目标反转取消
      (None = 取消且不替换);do_predict != 1 时维持挂单。
    
    成交时机完全交给 Freqtrade 回测引擎自身的 shift(1)(open[t+1]),
    本层不加额外 shift。
    """
    
    import sys
    from pathlib import Path
    
    from pandas import DataFrame
    
>   from freqtrade.enums import RunMode
E   ModuleNotFoundError: No module named 'freqtrade'

user_data/strategies/RouteCStrategy.py:35: ModuleNotFoundError
_________ ERROR at setup of test_raw_policy_never_receives_scaled_obs __________

    @pytest.fixture(scope="module")
    def preproc_fitted():
        from rl_curriculum.curriculum261_pairs import generate_pair
        from rl_curriculum.curriculum261_r3_calibration import (
            fit_matrix_from_records,
        )
        from rl_curriculum.curriculum261_r3_preprocessing import (
            RouteCPreprocessor,
        )
    
>       records = [generate_pair(f, r, 0,
                                 namespace="preplan_fit_main_r10")
                   for f in ("c1_opportunity", "c2_context", "c3_cost")
                   for r in ("D0", "D1", "D2", "D3")]

tests/route_c_stage2_6_1/test_curriculum261_r10_labels.py:41: 
_ _ _ _ _ _ _ _ _ _ _ _ _ _ _ _ _ _ _ _ _ _ _ _ _ _ _ _ _ _ _ _ _ _ _ _ _ _ _ _ 
tests/route_c_stage2_6_1/test_curriculum261_r10_labels.py:41: in <listcomp>
    records = [generate_pair(f, r, 0,
src/rl_curriculum/curriculum261_pairs.py:114: in generate_pair
    episodes, log = generate_pair_with_attempts(
src/rl_curriculum/curriculum261_api.py:1504: in generate_pair_with_attempts
    episodes[side] = generator.generate(
src/rl_curriculum/generator_api.py:186: in generate
    df = self._attach_features(df)
         ^^^^^^^^^^^^^^^^^^^^^^^^^
src/rl_curriculum/curriculum261_api.py:1267: in _attach_features
    return attach_production_features(df)
           ^^^^^^^^^^^^^^^^^^^^^^^^^^^^^^
src/rl_curriculum/curriculum261_production_obs.py:160: in attach_production_features
    cls = load_route_c_strategy_class()
          ^^^^^^^^^^^^^^^^^^^^^^^^^^^^^
src/rl_curriculum/curriculum261_production_obs.py:124: in load_route_c_strategy_class
    spec.loader.exec_module(module)
<frozen importlib._bootstrap_external>:940: in exec_module
    ???
<frozen importlib._bootstrap>:241: in _call_with_frames_removed
    ???
_ _ _ _ _ _ _ _ _ _ _ _ _ _ _ _ _ _ _ _ _ _ _ _ _ _ _ _ _ _ _ _ _ _ _ _ _ _ _ _ 

    """阶段 2.5.2a 路线 C:Freqtrade 策略薄适配层(execution_mode=market_open_causal)。
    
    特征:少量因果特征(收益/滚动波动率/价格相对均值/原始 OHLC 供环境用),
    全部只使用当前及过去数据;目标仓位列 &-target_position 由 RouteCModel
    顺序推理填充。
    
    阶段 2.5.2a 改造(工作包 B):
    - 订单类型改为 market(入场/退出均市场订单):成交价由回测器/交易所决定,
      回测中市场单以执行 bar 的 open 成交(backtesting.py:1039-1057 仅 limit
      分支调用 custom_entry_price;:596 exit_signal 的 close_rate=row[OPEN_IDX];
      :551-567 信号 shift(1)),与环境 market_open_causal 合同在
      simulated_slippage_bps=0 时逐笔对齐;
    - 移除 custom_entry_price / custom_exit_price / _route_c_bars 执行 K 线
      high/low 缓存(阶段 2.5.2 bar 内调价合同依赖执行 K 线最终 high/low,
      属未来信息,已废弃为 legacy_noncausal_not_for_training);
    - simulated_slippage_bps 只属于训练与离线压力环境,不得改变 live 市场订单
      价格;Freqtrade live 使用交易所真实回报价格;
    - amount_epsilon 与 RouteCModel 从同一最终配置 freqai.route_c.amount_epsilon
      读取(工作包 E),所有执行状态读取都通过 route_c_amount_epsilon 传参。
    
    保留(阶段 2.5.2 工作包 B):
    - live 只处理最新一行(signal_convert.latest_row_signals);
    - adjust_entry_price / adjust_exit_price 官方扩展点的目标反转取消
      (None = 取消且不替换);do_predict != 1 时维持挂单。
    
    成交时机完全交给 Freqtrade 回测引擎自身的 shift(1)(open[t+1]),
    本层不加额外 shift。
    """
    
    import sys
    from pathlib import Path
    
    from pandas import DataFrame
    
>   from freqtrade.enums import RunMode
E   ModuleNotFoundError: No module named 'freqtrade'

user_data/strategies/RouteCStrategy.py:35: ModuleNotFoundError
_______________ ERROR at setup of test_dataset_identity_summary ________________

    @pytest.fixture(scope="module")
    def preproc_fitted():
        from rl_curriculum.curriculum261_pairs import generate_pair
        from rl_curriculum.curriculum261_r3_calibration import (
            fit_matrix_from_records,
        )
        from rl_curriculum.curriculum261_r3_preprocessing import (
            RouteCPreprocessor,
        )
    
>       records = [generate_pair(f, r, 0,
                                 namespace="preplan_fit_main_r10")
                   for f in ("c1_opportunity", "c2_context", "c3_cost")
                   for r in ("D0", "D1", "D2", "D3")]

tests/route_c_stage2_6_1/test_curriculum261_r10_labels.py:41: 
_ _ _ _ _ _ _ _ _ _ _ _ _ _ _ _ _ _ _ _ _ _ _ _ _ _ _ _ _ _ _ _ _ _ _ _ _ _ _ _ 
tests/route_c_stage2_6_1/test_curriculum261_r10_labels.py:41: in <listcomp>
    records = [generate_pair(f, r, 0,
src/rl_curriculum/curriculum261_pairs.py:114: in generate_pair
    episodes, log = generate_pair_with_attempts(
src/rl_curriculum/curriculum261_api.py:1504: in generate_pair_with_attempts
    episodes[side] = generator.generate(
src/rl_curriculum/generator_api.py:186: in generate
    df = self._attach_features(df)
         ^^^^^^^^^^^^^^^^^^^^^^^^^
src/rl_curriculum/curriculum261_api.py:1267: in _attach_features
    return attach_production_features(df)
           ^^^^^^^^^^^^^^^^^^^^^^^^^^^^^^
src/rl_curriculum/curriculum261_production_obs.py:160: in attach_production_features
    cls = load_route_c_strategy_class()
          ^^^^^^^^^^^^^^^^^^^^^^^^^^^^^
src/rl_curriculum/curriculum261_production_obs.py:124: in load_route_c_strategy_class
    spec.loader.exec_module(module)
<frozen importlib._bootstrap_external>:940: in exec_module
    ???
<frozen importlib._bootstrap>:241: in _call_with_frames_removed
    ???
_ _ _ _ _ _ _ _ _ _ _ _ _ _ _ _ _ _ _ _ _ _ _ _ _ _ _ _ _ _ _ _ _ _ _ _ _ _ _ _ 

    """阶段 2.5.2a 路线 C:Freqtrade 策略薄适配层(execution_mode=market_open_causal)。
    
    特征:少量因果特征(收益/滚动波动率/价格相对均值/原始 OHLC 供环境用),
    全部只使用当前及过去数据;目标仓位列 &-target_position 由 RouteCModel
    顺序推理填充。
    
    阶段 2.5.2a 改造(工作包 B):
    - 订单类型改为 market(入场/退出均市场订单):成交价由回测器/交易所决定,
      回测中市场单以执行 bar 的 open 成交(backtesting.py:1039-1057 仅 limit
      分支调用 custom_entry_price;:596 exit_signal 的 close_rate=row[OPEN_IDX];
      :551-567 信号 shift(1)),与环境 market_open_causal 合同在
      simulated_slippage_bps=0 时逐笔对齐;
    - 移除 custom_entry_price / custom_exit_price / _route_c_bars 执行 K 线
      high/low 缓存(阶段 2.5.2 bar 内调价合同依赖执行 K 线最终 high/low,
      属未来信息,已废弃为 legacy_noncausal_not_for_training);
    - simulated_slippage_bps 只属于训练与离线压力环境,不得改变 live 市场订单
      价格;Freqtrade live 使用交易所真实回报价格;
    - amount_epsilon 与 RouteCModel 从同一最终配置 freqai.route_c.amount_epsilon
      读取(工作包 E),所有执行状态读取都通过 route_c_amount_epsilon 传参。
    
    保留(阶段 2.5.2 工作包 B):
    - live 只处理最新一行(signal_convert.latest_row_signals);
    - adjust_entry_price / adjust_exit_price 官方扩展点的目标反转取消
      (None = 取消且不替换);do_predict != 1 时维持挂单。
    
    成交时机完全交给 Freqtrade 回测引擎自身的 shift(1)(open[t+1]),
    本层不加额外 shift。
    """
    
    import sys
    from pathlib import Path
    
    from pandas import DataFrame
    
>   from freqtrade.enums import RunMode
E   ModuleNotFoundError: No module named 'freqtrade'

user_data/strategies/RouteCStrategy.py:35: ModuleNotFoundError
__________ ERROR at setup of test_float64_math_path_roundtrip_strict ___________

    @pytest.fixture(scope="module")
    def fitted():
>       return _fit_small_preproc()
               ^^^^^^^^^^^^^^^^^^^^

tests/route_c_stage2_6_1/test_curriculum261_r10_reference.py:51: 
_ _ _ _ _ _ _ _ _ _ _ _ _ _ _ _ _ _ _ _ _ _ _ _ _ _ _ _ _ _ _ _ _ _ _ _ _ _ _ _ 
tests/route_c_stage2_6_1/test_curriculum261_r10_reference.py:42: in _fit_small_preproc
    records = [generate_pair(f, r, 0, namespace="reference_diagnostic_main_r10")
tests/route_c_stage2_6_1/test_curriculum261_r10_reference.py:42: in <listcomp>
    records = [generate_pair(f, r, 0, namespace="reference_diagnostic_main_r10")
               ^^^^^^^^^^^^^^^^^^^^^^^^^^^^^^^^^^^^^^^^^^^^^^^^^^^^^^^^^^^^^^^^^
src/rl_curriculum/curriculum261_pairs.py:114: in generate_pair
    episodes, log = generate_pair_with_attempts(
src/rl_curriculum/curriculum261_api.py:1504: in generate_pair_with_attempts
    episodes[side] = generator.generate(
src/rl_curriculum/generator_api.py:186: in generate
    df = self._attach_features(df)
         ^^^^^^^^^^^^^^^^^^^^^^^^^
src/rl_curriculum/curriculum261_api.py:1267: in _attach_features
    return attach_production_features(df)
           ^^^^^^^^^^^^^^^^^^^^^^^^^^^^^^
src/rl_curriculum/curriculum261_production_obs.py:160: in attach_production_features
    cls = load_route_c_strategy_class()
          ^^^^^^^^^^^^^^^^^^^^^^^^^^^^^
src/rl_curriculum/curriculum261_production_obs.py:124: in load_route_c_strategy_class
    spec.loader.exec_module(module)
<frozen importlib._bootstrap_external>:940: in exec_module
    ???
<frozen importlib._bootstrap>:241: in _call_with_frames_removed
    ???
_ _ _ _ _ _ _ _ _ _ _ _ _ _ _ _ _ _ _ _ _ _ _ _ _ _ _ _ _ _ _ _ _ _ _ _ _ _ _ _ 

    """阶段 2.5.2a 路线 C:Freqtrade 策略薄适配层(execution_mode=market_open_causal)。
    
    特征:少量因果特征(收益/滚动波动率/价格相对均值/原始 OHLC 供环境用),
    全部只使用当前及过去数据;目标仓位列 &-target_position 由 RouteCModel
    顺序推理填充。
    
    阶段 2.5.2a 改造(工作包 B):
    - 订单类型改为 market(入场/退出均市场订单):成交价由回测器/交易所决定,
      回测中市场单以执行 bar 的 open 成交(backtesting.py:1039-1057 仅 limit
      分支调用 custom_entry_price;:596 exit_signal 的 close_rate=row[OPEN_IDX];
      :551-567 信号 shift(1)),与环境 market_open_causal 合同在
      simulated_slippage_bps=0 时逐笔对齐;
    - 移除 custom_entry_price / custom_exit_price / _route_c_bars 执行 K 线
      high/low 缓存(阶段 2.5.2 bar 内调价合同依赖执行 K 线最终 high/low,
      属未来信息,已废弃为 legacy_noncausal_not_for_training);
    - simulated_slippage_bps 只属于训练与离线压力环境,不得改变 live 市场订单
      价格;Freqtrade live 使用交易所真实回报价格;
    - amount_epsilon 与 RouteCModel 从同一最终配置 freqai.route_c.amount_epsilon
      读取(工作包 E),所有执行状态读取都通过 route_c_amount_epsilon 传参。
    
    保留(阶段 2.5.2 工作包 B):
    - live 只处理最新一行(signal_convert.latest_row_signals);
    - adjust_entry_price / adjust_exit_price 官方扩展点的目标反转取消
      (None = 取消且不替换);do_predict != 1 时维持挂单。
    
    成交时机完全交给 Freqtrade 回测引擎自身的 shift(1)(open[t+1]),
    本层不加额外 shift。
    """
    
    import sys
    from pathlib import Path
    
    from pandas import DataFrame
    
>   from freqtrade.enums import RunMode
E   ModuleNotFoundError: No module named 'freqtrade'

user_data/strategies/RouteCStrategy.py:35: ModuleNotFoundError
___ ERROR at setup of test_runtime_projection_deviation_within_float32_bound ___

    @pytest.fixture(scope="module")
    def fitted():
>       return _fit_small_preproc()
               ^^^^^^^^^^^^^^^^^^^^

tests/route_c_stage2_6_1/test_curriculum261_r10_reference.py:51: 
_ _ _ _ _ _ _ _ _ _ _ _ _ _ _ _ _ _ _ _ _ _ _ _ _ _ _ _ _ _ _ _ _ _ _ _ _ _ _ _ 
tests/route_c_stage2_6_1/test_curriculum261_r10_reference.py:42: in _fit_small_preproc
    records = [generate_pair(f, r, 0, namespace="reference_diagnostic_main_r10")
tests/route_c_stage2_6_1/test_curriculum261_r10_reference.py:42: in <listcomp>
    records = [generate_pair(f, r, 0, namespace="reference_diagnostic_main_r10")
               ^^^^^^^^^^^^^^^^^^^^^^^^^^^^^^^^^^^^^^^^^^^^^^^^^^^^^^^^^^^^^^^^^
src/rl_curriculum/curriculum261_pairs.py:114: in generate_pair
    episodes, log = generate_pair_with_attempts(
src/rl_curriculum/curriculum261_api.py:1504: in generate_pair_with_attempts
    episodes[side] = generator.generate(
src/rl_curriculum/generator_api.py:186: in generate
    df = self._attach_features(df)
         ^^^^^^^^^^^^^^^^^^^^^^^^^
src/rl_curriculum/curriculum261_api.py:1267: in _attach_features
    return attach_production_features(df)
           ^^^^^^^^^^^^^^^^^^^^^^^^^^^^^^
src/rl_curriculum/curriculum261_production_obs.py:160: in attach_production_features
    cls = load_route_c_strategy_class()
          ^^^^^^^^^^^^^^^^^^^^^^^^^^^^^
src/rl_curriculum/curriculum261_production_obs.py:124: in load_route_c_strategy_class
    spec.loader.exec_module(module)
<frozen importlib._bootstrap_external>:940: in exec_module
    ???
<frozen importlib._bootstrap>:241: in _call_with_frames_removed
    ???
_ _ _ _ _ _ _ _ _ _ _ _ _ _ _ _ _ _ _ _ _ _ _ _ _ _ _ _ _ _ _ _ _ _ _ _ _ _ _ _ 

    """阶段 2.5.2a 路线 C:Freqtrade 策略薄适配层(execution_mode=market_open_causal)。
    
    特征:少量因果特征(收益/滚动波动率/价格相对均值/原始 OHLC 供环境用),
    全部只使用当前及过去数据;目标仓位列 &-target_position 由 RouteCModel
    顺序推理填充。
    
    阶段 2.5.2a 改造(工作包 B):
    - 订单类型改为 market(入场/退出均市场订单):成交价由回测器/交易所决定,
      回测中市场单以执行 bar 的 open 成交(backtesting.py:1039-1057 仅 limit
      分支调用 custom_entry_price;:596 exit_signal 的 close_rate=row[OPEN_IDX];
      :551-567 信号 shift(1)),与环境 market_open_causal 合同在
      simulated_slippage_bps=0 时逐笔对齐;
    - 移除 custom_entry_price / custom_exit_price / _route_c_bars 执行 K 线
      high/low 缓存(阶段 2.5.2 bar 内调价合同依赖执行 K 线最终 high/low,
      属未来信息,已废弃为 legacy_noncausal_not_for_training);
    - simulated_slippage_bps 只属于训练与离线压力环境,不得改变 live 市场订单
      价格;Freqtrade live 使用交易所真实回报价格;
    - amount_epsilon 与 RouteCModel 从同一最终配置 freqai.route_c.amount_epsilon
      读取(工作包 E),所有执行状态读取都通过 route_c_amount_epsilon 传参。
    
    保留(阶段 2.5.2 工作包 B):
    - live 只处理最新一行(signal_convert.latest_row_signals);
    - adjust_entry_price / adjust_exit_price 官方扩展点的目标反转取消
      (None = 取消且不替换);do_predict != 1 时维持挂单。
    
    成交时机完全交给 Freqtrade 回测引擎自身的 shift(1)(open[t+1]),
    本层不加额外 shift。
    """
    
    import sys
    from pathlib import Path
    
    from pandas import DataFrame
    
>   from freqtrade.enums import RunMode
E   ModuleNotFoundError: No module named 'freqtrade'

user_data/strategies/RouteCStrategy.py:35: ModuleNotFoundError
_______ ERROR at setup of test_canonical_equals_wrapped_inverse_bitwise ________

    @pytest.fixture(scope="module")
    def fitted():
>       return _fit_small_preproc()
               ^^^^^^^^^^^^^^^^^^^^

tests/route_c_stage2_6_1/test_curriculum261_r10_reference.py:51: 
_ _ _ _ _ _ _ _ _ _ _ _ _ _ _ _ _ _ _ _ _ _ _ _ _ _ _ _ _ _ _ _ _ _ _ _ _ _ _ _ 
tests/route_c_stage2_6_1/test_curriculum261_r10_reference.py:42: in _fit_small_preproc
    records = [generate_pair(f, r, 0, namespace="reference_diagnostic_main_r10")
tests/route_c_stage2_6_1/test_curriculum261_r10_reference.py:42: in <listcomp>
    records = [generate_pair(f, r, 0, namespace="reference_diagnostic_main_r10")
               ^^^^^^^^^^^^^^^^^^^^^^^^^^^^^^^^^^^^^^^^^^^^^^^^^^^^^^^^^^^^^^^^^
src/rl_curriculum/curriculum261_pairs.py:114: in generate_pair
    episodes, log = generate_pair_with_attempts(
src/rl_curriculum/curriculum261_api.py:1504: in generate_pair_with_attempts
    episodes[side] = generator.generate(
src/rl_curriculum/generator_api.py:186: in generate
    df = self._attach_features(df)
         ^^^^^^^^^^^^^^^^^^^^^^^^^
src/rl_curriculum/curriculum261_api.py:1267: in _attach_features
    return attach_production_features(df)
           ^^^^^^^^^^^^^^^^^^^^^^^^^^^^^^
src/rl_curriculum/curriculum261_production_obs.py:160: in attach_production_features
    cls = load_route_c_strategy_class()
          ^^^^^^^^^^^^^^^^^^^^^^^^^^^^^
src/rl_curriculum/curriculum261_production_obs.py:124: in load_route_c_strategy_class
    spec.loader.exec_module(module)
<frozen importlib._bootstrap_external>:940: in exec_module
    ???
<frozen importlib._bootstrap>:241: in _call_with_frames_removed
    ???
_ _ _ _ _ _ _ _ _ _ _ _ _ _ _ _ _ _ _ _ _ _ _ _ _ _ _ _ _ _ _ _ _ _ _ _ _ _ _ _ 

    """阶段 2.5.2a 路线 C:Freqtrade 策略薄适配层(execution_mode=market_open_causal)。
    
    特征:少量因果特征(收益/滚动波动率/价格相对均值/原始 OHLC 供环境用),
    全部只使用当前及过去数据;目标仓位列 &-target_position 由 RouteCModel
    顺序推理填充。
    
    阶段 2.5.2a 改造(工作包 B):
    - 订单类型改为 market(入场/退出均市场订单):成交价由回测器/交易所决定,
      回测中市场单以执行 bar 的 open 成交(backtesting.py:1039-1057 仅 limit
      分支调用 custom_entry_price;:596 exit_signal 的 close_rate=row[OPEN_IDX];
      :551-567 信号 shift(1)),与环境 market_open_causal 合同在
      simulated_slippage_bps=0 时逐笔对齐;
    - 移除 custom_entry_price / custom_exit_price / _route_c_bars 执行 K 线
      high/low 缓存(阶段 2.5.2 bar 内调价合同依赖执行 K 线最终 high/low,
      属未来信息,已废弃为 legacy_noncausal_not_for_training);
    - simulated_slippage_bps 只属于训练与离线压力环境,不得改变 live 市场订单
      价格;Freqtrade live 使用交易所真实回报价格;
    - amount_epsilon 与 RouteCModel 从同一最终配置 freqai.route_c.amount_epsilon
      读取(工作包 E),所有执行状态读取都通过 route_c_amount_epsilon 传参。
    
    保留(阶段 2.5.2 工作包 B):
    - live 只处理最新一行(signal_convert.latest_row_signals);
    - adjust_entry_price / adjust_exit_price 官方扩展点的目标反转取消
      (None = 取消且不替换);do_predict != 1 时维持挂单。
    
    成交时机完全交给 Freqtrade 回测引擎自身的 shift(1)(open[t+1]),
    本层不加额外 shift。
    """
    
    import sys
    from pathlib import Path
    
    from pandas import DataFrame
    
>   from freqtrade.enums import RunMode
E   ModuleNotFoundError: No module named 'freqtrade'

user_data/strategies/RouteCStrategy.py:35: ModuleNotFoundError
_______ ERROR at setup of test_reference_equivalence_run_canonical_full ________

    @pytest.fixture(scope="module")
    def fitted():
>       return _fit_small_preproc()
               ^^^^^^^^^^^^^^^^^^^^

tests/route_c_stage2_6_1/test_curriculum261_r10_reference.py:51: 
_ _ _ _ _ _ _ _ _ _ _ _ _ _ _ _ _ _ _ _ _ _ _ _ _ _ _ _ _ _ _ _ _ _ _ _ _ _ _ _ 
tests/route_c_stage2_6_1/test_curriculum261_r10_reference.py:42: in _fit_small_preproc
    records = [generate_pair(f, r, 0, namespace="reference_diagnostic_main_r10")
tests/route_c_stage2_6_1/test_curriculum261_r10_reference.py:42: in <listcomp>
    records = [generate_pair(f, r, 0, namespace="reference_diagnostic_main_r10")
               ^^^^^^^^^^^^^^^^^^^^^^^^^^^^^^^^^^^^^^^^^^^^^^^^^^^^^^^^^^^^^^^^^
src/rl_curriculum/curriculum261_pairs.py:114: in generate_pair
    episodes, log = generate_pair_with_attempts(
src/rl_curriculum/curriculum261_api.py:1504: in generate_pair_with_attempts
    episodes[side] = generator.generate(
src/rl_curriculum/generator_api.py:186: in generate
    df = self._attach_features(df)
         ^^^^^^^^^^^^^^^^^^^^^^^^^
src/rl_curriculum/curriculum261_api.py:1267: in _attach_features
    return attach_production_features(df)
           ^^^^^^^^^^^^^^^^^^^^^^^^^^^^^^
src/rl_curriculum/curriculum261_production_obs.py:160: in attach_production_features
    cls = load_route_c_strategy_class()
          ^^^^^^^^^^^^^^^^^^^^^^^^^^^^^
src/rl_curriculum/curriculum261_production_obs.py:124: in load_route_c_strategy_class
    spec.loader.exec_module(module)
<frozen importlib._bootstrap_external>:940: in exec_module
    ???
<frozen importlib._bootstrap>:241: in _call_with_frames_removed
    ???
_ _ _ _ _ _ _ _ _ _ _ _ _ _ _ _ _ _ _ _ _ _ _ _ _ _ _ _ _ _ _ _ _ _ _ _ _ _ _ _ 

    """阶段 2.5.2a 路线 C:Freqtrade 策略薄适配层(execution_mode=market_open_causal)。
    
    特征:少量因果特征(收益/滚动波动率/价格相对均值/原始 OHLC 供环境用),
    全部只使用当前及过去数据;目标仓位列 &-target_position 由 RouteCModel
    顺序推理填充。
    
    阶段 2.5.2a 改造(工作包 B):
    - 订单类型改为 market(入场/退出均市场订单):成交价由回测器/交易所决定,
      回测中市场单以执行 bar 的 open 成交(backtesting.py:1039-1057 仅 limit
      分支调用 custom_entry_price;:596 exit_signal 的 close_rate=row[OPEN_IDX];
      :551-567 信号 shift(1)),与环境 market_open_causal 合同在
      simulated_slippage_bps=0 时逐笔对齐;
    - 移除 custom_entry_price / custom_exit_price / _route_c_bars 执行 K 线
      high/low 缓存(阶段 2.5.2 bar 内调价合同依赖执行 K 线最终 high/low,
      属未来信息,已废弃为 legacy_noncausal_not_for_training);
    - simulated_slippage_bps 只属于训练与离线压力环境,不得改变 live 市场订单
      价格;Freqtrade live 使用交易所真实回报价格;
    - amount_epsilon 与 RouteCModel 从同一最终配置 freqai.route_c.amount_epsilon
      读取(工作包 E),所有执行状态读取都通过 route_c_amount_epsilon 传参。
    
    保留(阶段 2.5.2 工作包 B):
    - live 只处理最新一行(signal_convert.latest_row_signals);
    - adjust_entry_price / adjust_exit_price 官方扩展点的目标反转取消
      (None = 取消且不替换);do_predict != 1 时维持挂单。
    
    成交时机完全交给 Freqtrade 回测引擎自身的 shift(1)(open[t+1]),
    本层不加额外 shift。
    """
    
    import sys
    from pathlib import Path
    
    from pandas import DataFrame
    
>   from freqtrade.enums import RunMode
E   ModuleNotFoundError: No module named 'freqtrade'

user_data/strategies/RouteCStrategy.py:35: ModuleNotFoundError
_______ ERROR at setup of test_canonical_episode_keeps_prices_untouched ________

    @pytest.fixture(scope="module")
    def fitted():
>       return _fit_small_preproc()
               ^^^^^^^^^^^^^^^^^^^^

tests/route_c_stage2_6_1/test_curriculum261_r10_reference.py:51: 
_ _ _ _ _ _ _ _ _ _ _ _ _ _ _ _ _ _ _ _ _ _ _ _ _ _ _ _ _ _ _ _ _ _ _ _ _ _ _ _ 
tests/route_c_stage2_6_1/test_curriculum261_r10_reference.py:42: in _fit_small_preproc
    records = [generate_pair(f, r, 0, namespace="reference_diagnostic_main_r10")
tests/route_c_stage2_6_1/test_curriculum261_r10_reference.py:42: in <listcomp>
    records = [generate_pair(f, r, 0, namespace="reference_diagnostic_main_r10")
               ^^^^^^^^^^^^^^^^^^^^^^^^^^^^^^^^^^^^^^^^^^^^^^^^^^^^^^^^^^^^^^^^^
src/rl_curriculum/curriculum261_pairs.py:114: in generate_pair
    episodes, log = generate_pair_with_attempts(
src/rl_curriculum/curriculum261_api.py:1504: in generate_pair_with_attempts
    episodes[side] = generator.generate(
src/rl_curriculum/generator_api.py:186: in generate
    df = self._attach_features(df)
         ^^^^^^^^^^^^^^^^^^^^^^^^^
src/rl_curriculum/curriculum261_api.py:1267: in _attach_features
    return attach_production_features(df)
           ^^^^^^^^^^^^^^^^^^^^^^^^^^^^^^
src/rl_curriculum/curriculum261_production_obs.py:160: in attach_production_features
    cls = load_route_c_strategy_class()
          ^^^^^^^^^^^^^^^^^^^^^^^^^^^^^
src/rl_curriculum/curriculum261_production_obs.py:124: in load_route_c_strategy_class
    spec.loader.exec_module(module)
<frozen importlib._bootstrap_external>:940: in exec_module
    ???
<frozen importlib._bootstrap>:241: in _call_with_frames_removed
    ???
_ _ _ _ _ _ _ _ _ _ _ _ _ _ _ _ _ _ _ _ _ _ _ _ _ _ _ _ _ _ _ _ _ _ _ _ _ _ _ _ 

    """阶段 2.5.2a 路线 C:Freqtrade 策略薄适配层(execution_mode=market_open_causal)。
    
    特征:少量因果特征(收益/滚动波动率/价格相对均值/原始 OHLC 供环境用),
    全部只使用当前及过去数据;目标仓位列 &-target_position 由 RouteCModel
    顺序推理填充。
    
    阶段 2.5.2a 改造(工作包 B):
    - 订单类型改为 market(入场/退出均市场订单):成交价由回测器/交易所决定,
      回测中市场单以执行 bar 的 open 成交(backtesting.py:1039-1057 仅 limit
      分支调用 custom_entry_price;:596 exit_signal 的 close_rate=row[OPEN_IDX];
      :551-567 信号 shift(1)),与环境 market_open_causal 合同在
      simulated_slippage_bps=0 时逐笔对齐;
    - 移除 custom_entry_price / custom_exit_price / _route_c_bars 执行 K 线
      high/low 缓存(阶段 2.5.2 bar 内调价合同依赖执行 K 线最终 high/low,
      属未来信息,已废弃为 legacy_noncausal_not_for_training);
    - simulated_slippage_bps 只属于训练与离线压力环境,不得改变 live 市场订单
      价格;Freqtrade live 使用交易所真实回报价格;
    - amount_epsilon 与 RouteCModel 从同一最终配置 freqai.route_c.amount_epsilon
      读取(工作包 E),所有执行状态读取都通过 route_c_amount_epsilon 传参。
    
    保留(阶段 2.5.2 工作包 B):
    - live 只处理最新一行(signal_convert.latest_row_signals);
    - adjust_entry_price / adjust_exit_price 官方扩展点的目标反转取消
      (None = 取消且不替换);do_predict != 1 时维持挂单。
    
    成交时机完全交给 Freqtrade 回测引擎自身的 shift(1)(open[t+1]),
    本层不加额外 shift。
    """
    
    import sys
    from pathlib import Path
    
    from pandas import DataFrame
    
>   from freqtrade.enums import RunMode
E   ModuleNotFoundError: No module named 'freqtrade'

user_data/strategies/RouteCStrategy.py:35: ModuleNotFoundError
____________ ERROR at setup of test_canonicalize_matches_definition ____________

    @pytest.fixture(scope="module")
    def fitted():
>       return _fit_small_preproc()
               ^^^^^^^^^^^^^^^^^^^^

tests/route_c_stage2_6_1/test_curriculum261_r10_reference.py:51: 
_ _ _ _ _ _ _ _ _ _ _ _ _ _ _ _ _ _ _ _ _ _ _ _ _ _ _ _ _ _ _ _ _ _ _ _ _ _ _ _ 
tests/route_c_stage2_6_1/test_curriculum261_r10_reference.py:42: in _fit_small_preproc
    records = [generate_pair(f, r, 0, namespace="reference_diagnostic_main_r10")
tests/route_c_stage2_6_1/test_curriculum261_r10_reference.py:42: in <listcomp>
    records = [generate_pair(f, r, 0, namespace="reference_diagnostic_main_r10")
               ^^^^^^^^^^^^^^^^^^^^^^^^^^^^^^^^^^^^^^^^^^^^^^^^^^^^^^^^^^^^^^^^^
src/rl_curriculum/curriculum261_pairs.py:114: in generate_pair
    episodes, log = generate_pair_with_attempts(
src/rl_curriculum/curriculum261_api.py:1504: in generate_pair_with_attempts
    episodes[side] = generator.generate(
src/rl_curriculum/generator_api.py:186: in generate
    df = self._attach_features(df)
         ^^^^^^^^^^^^^^^^^^^^^^^^^
src/rl_curriculum/curriculum261_api.py:1267: in _attach_features
    return attach_production_features(df)
           ^^^^^^^^^^^^^^^^^^^^^^^^^^^^^^
src/rl_curriculum/curriculum261_production_obs.py:160: in attach_production_features
    cls = load_route_c_strategy_class()
          ^^^^^^^^^^^^^^^^^^^^^^^^^^^^^
src/rl_curriculum/curriculum261_production_obs.py:124: in load_route_c_strategy_class
    spec.loader.exec_module(module)
<frozen importlib._bootstrap_external>:940: in exec_module
    ???
<frozen importlib._bootstrap>:241: in _call_with_frames_removed
    ???
_ _ _ _ _ _ _ _ _ _ _ _ _ _ _ _ _ _ _ _ _ _ _ _ _ _ _ _ _ _ _ _ _ _ _ _ _ _ _ _ 

    """阶段 2.5.2a 路线 C:Freqtrade 策略薄适配层(execution_mode=market_open_causal)。
    
    特征:少量因果特征(收益/滚动波动率/价格相对均值/原始 OHLC 供环境用),
    全部只使用当前及过去数据;目标仓位列 &-target_position 由 RouteCModel
    顺序推理填充。
    
    阶段 2.5.2a 改造(工作包 B):
    - 订单类型改为 market(入场/退出均市场订单):成交价由回测器/交易所决定,
      回测中市场单以执行 bar 的 open 成交(backtesting.py:1039-1057 仅 limit
      分支调用 custom_entry_price;:596 exit_signal 的 close_rate=row[OPEN_IDX];
      :551-567 信号 shift(1)),与环境 market_open_causal 合同在
      simulated_slippage_bps=0 时逐笔对齐;
    - 移除 custom_entry_price / custom_exit_price / _route_c_bars 执行 K 线
      high/low 缓存(阶段 2.5.2 bar 内调价合同依赖执行 K 线最终 high/low,
      属未来信息,已废弃为 legacy_noncausal_not_for_training);
    - simulated_slippage_bps 只属于训练与离线压力环境,不得改变 live 市场订单
      价格;Freqtrade live 使用交易所真实回报价格;
    - amount_epsilon 与 RouteCModel 从同一最终配置 freqai.route_c.amount_epsilon
      读取(工作包 E),所有执行状态读取都通过 route_c_amount_epsilon 传参。
    
    保留(阶段 2.5.2 工作包 B):
    - live 只处理最新一行(signal_convert.latest_row_signals);
    - adjust_entry_price / adjust_exit_price 官方扩展点的目标反转取消
      (None = 取消且不替换);do_predict != 1 时维持挂单。
    
    成交时机完全交给 Freqtrade 回测引擎自身的 shift(1)(open[t+1]),
    本层不加额外 shift。
    """
    
    import sys
    from pathlib import Path
    
    from pandas import DataFrame
    
>   from freqtrade.enums import RunMode
E   ModuleNotFoundError: No module named 'freqtrade'

user_data/strategies/RouteCStrategy.py:35: ModuleNotFoundError
_____________ ERROR at setup of test_policy_state_reset_semantics ______________

    @pytest.fixture(scope="module")
    def fitted():
>       return _fit_small_preproc()
               ^^^^^^^^^^^^^^^^^^^^

tests/route_c_stage2_6_1/test_curriculum261_r10_reference.py:51: 
_ _ _ _ _ _ _ _ _ _ _ _ _ _ _ _ _ _ _ _ _ _ _ _ _ _ _ _ _ _ _ _ _ _ _ _ _ _ _ _ 
tests/route_c_stage2_6_1/test_curriculum261_r10_reference.py:42: in _fit_small_preproc
    records = [generate_pair(f, r, 0, namespace="reference_diagnostic_main_r10")
tests/route_c_stage2_6_1/test_curriculum261_r10_reference.py:42: in <listcomp>
    records = [generate_pair(f, r, 0, namespace="reference_diagnostic_main_r10")
               ^^^^^^^^^^^^^^^^^^^^^^^^^^^^^^^^^^^^^^^^^^^^^^^^^^^^^^^^^^^^^^^^^
src/rl_curriculum/curriculum261_pairs.py:114: in generate_pair
    episodes, log = generate_pair_with_attempts(
src/rl_curriculum/curriculum261_api.py:1504: in generate_pair_with_attempts
    episodes[side] = generator.generate(
src/rl_curriculum/generator_api.py:186: in generate
    df = self._attach_features(df)
         ^^^^^^^^^^^^^^^^^^^^^^^^^
src/rl_curriculum/curriculum261_api.py:1267: in _attach_features
    return attach_production_features(df)
           ^^^^^^^^^^^^^^^^^^^^^^^^^^^^^^
src/rl_curriculum/curriculum261_production_obs.py:160: in attach_production_features
    cls = load_route_c_strategy_class()
          ^^^^^^^^^^^^^^^^^^^^^^^^^^^^^
src/rl_curriculum/curriculum261_production_obs.py:124: in load_route_c_strategy_class
    spec.loader.exec_module(module)
<frozen importlib._bootstrap_external>:940: in exec_module
    ???
<frozen importlib._bootstrap>:241: in _call_with_frames_removed
    ???
_ _ _ _ _ _ _ _ _ _ _ _ _ _ _ _ _ _ _ _ _ _ _ _ _ _ _ _ _ _ _ _ _ _ _ _ _ _ _ _ 

    """阶段 2.5.2a 路线 C:Freqtrade 策略薄适配层(execution_mode=market_open_causal)。
    
    特征:少量因果特征(收益/滚动波动率/价格相对均值/原始 OHLC 供环境用),
    全部只使用当前及过去数据;目标仓位列 &-target_position 由 RouteCModel
    顺序推理填充。
    
    阶段 2.5.2a 改造(工作包 B):
    - 订单类型改为 market(入场/退出均市场订单):成交价由回测器/交易所决定,
      回测中市场单以执行 bar 的 open 成交(backtesting.py:1039-1057 仅 limit
      分支调用 custom_entry_price;:596 exit_signal 的 close_rate=row[OPEN_IDX];
      :551-567 信号 shift(1)),与环境 market_open_causal 合同在
      simulated_slippage_bps=0 时逐笔对齐;
    - 移除 custom_entry_price / custom_exit_price / _route_c_bars 执行 K 线
      high/low 缓存(阶段 2.5.2 bar 内调价合同依赖执行 K 线最终 high/low,
      属未来信息,已废弃为 legacy_noncausal_not_for_training);
    - simulated_slippage_bps 只属于训练与离线压力环境,不得改变 live 市场订单
      价格;Freqtrade live 使用交易所真实回报价格;
    - amount_epsilon 与 RouteCModel 从同一最终配置 freqai.route_c.amount_epsilon
      读取(工作包 E),所有执行状态读取都通过 route_c_amount_epsilon 传参。
    
    保留(阶段 2.5.2 工作包 B):
    - live 只处理最新一行(signal_convert.latest_row_signals);
    - adjust_entry_price / adjust_exit_price 官方扩展点的目标反转取消
      (None = 取消且不替换);do_predict != 1 时维持挂单。
    
    成交时机完全交给 Freqtrade 回测引擎自身的 shift(1)(open[t+1]),
    本层不加额外 shift。
    """
    
    import sys
    from pathlib import Path
    
    from pandas import DataFrame
    
>   from freqtrade.enums import RunMode
E   ModuleNotFoundError: No module named 'freqtrade'

user_data/strategies/RouteCStrategy.py:35: ModuleNotFoundError
_____ ERROR at setup of test_threshold_near_synthetic_mismatch_explainable _____

    @pytest.fixture(scope="module")
    def fitted():
>       return _fit_small_preproc()
               ^^^^^^^^^^^^^^^^^^^^

tests/route_c_stage2_6_1/test_curriculum261_r10_reference.py:51: 
_ _ _ _ _ _ _ _ _ _ _ _ _ _ _ _ _ _ _ _ _ _ _ _ _ _ _ _ _ _ _ _ _ _ _ _ _ _ _ _ 
tests/route_c_stage2_6_1/test_curriculum261_r10_reference.py:42: in _fit_small_preproc
    records = [generate_pair(f, r, 0, namespace="reference_diagnostic_main_r10")
tests/route_c_stage2_6_1/test_curriculum261_r10_reference.py:42: in <listcomp>
    records = [generate_pair(f, r, 0, namespace="reference_diagnostic_main_r10")
               ^^^^^^^^^^^^^^^^^^^^^^^^^^^^^^^^^^^^^^^^^^^^^^^^^^^^^^^^^^^^^^^^^
src/rl_curriculum/curriculum261_pairs.py:114: in generate_pair
    episodes, log = generate_pair_with_attempts(
src/rl_curriculum/curriculum261_api.py:1504: in generate_pair_with_attempts
    episodes[side] = generator.generate(
src/rl_curriculum/generator_api.py:186: in generate
    df = self._attach_features(df)
         ^^^^^^^^^^^^^^^^^^^^^^^^^
src/rl_curriculum/curriculum261_api.py:1267: in _attach_features
    return attach_production_features(df)
           ^^^^^^^^^^^^^^^^^^^^^^^^^^^^^^
src/rl_curriculum/curriculum261_production_obs.py:160: in attach_production_features
    cls = load_route_c_strategy_class()
          ^^^^^^^^^^^^^^^^^^^^^^^^^^^^^
src/rl_curriculum/curriculum261_production_obs.py:124: in load_route_c_strategy_class
    spec.loader.exec_module(module)
<frozen importlib._bootstrap_external>:940: in exec_module
    ???
<frozen importlib._bootstrap>:241: in _call_with_frames_removed
    ???
_ _ _ _ _ _ _ _ _ _ _ _ _ _ _ _ _ _ _ _ _ _ _ _ _ _ _ _ _ _ _ _ _ _ _ _ _ _ _ _ 

    """阶段 2.5.2a 路线 C:Freqtrade 策略薄适配层(execution_mode=market_open_causal)。
    
    特征:少量因果特征(收益/滚动波动率/价格相对均值/原始 OHLC 供环境用),
    全部只使用当前及过去数据;目标仓位列 &-target_position 由 RouteCModel
    顺序推理填充。
    
    阶段 2.5.2a 改造(工作包 B):
    - 订单类型改为 market(入场/退出均市场订单):成交价由回测器/交易所决定,
      回测中市场单以执行 bar 的 open 成交(backtesting.py:1039-1057 仅 limit
      分支调用 custom_entry_price;:596 exit_signal 的 close_rate=row[OPEN_IDX];
      :551-567 信号 shift(1)),与环境 market_open_causal 合同在
      simulated_slippage_bps=0 时逐笔对齐;
    - 移除 custom_entry_price / custom_exit_price / _route_c_bars 执行 K 线
      high/low 缓存(阶段 2.5.2 bar 内调价合同依赖执行 K 线最终 high/low,
      属未来信息,已废弃为 legacy_noncausal_not_for_training);
    - simulated_slippage_bps 只属于训练与离线压力环境,不得改变 live 市场订单
      价格;Freqtrade live 使用交易所真实回报价格;
    - amount_epsilon 与 RouteCModel 从同一最终配置 freqai.route_c.amount_epsilon
      读取(工作包 E),所有执行状态读取都通过 route_c_amount_epsilon 传参。
    
    保留(阶段 2.5.2 工作包 B):
    - live 只处理最新一行(signal_convert.latest_row_signals);
    - adjust_entry_price / adjust_exit_price 官方扩展点的目标反转取消
      (None = 取消且不替换);do_predict != 1 时维持挂单。
    
    成交时机完全交给 Freqtrade 回测引擎自身的 shift(1)(open[t+1]),
    本层不加额外 shift。
    """
    
    import sys
    from pathlib import Path
    
    from pandas import DataFrame
    
>   from freqtrade.enums import RunMode
E   ModuleNotFoundError: No module named 'freqtrade'

user_data/strategies/RouteCStrategy.py:35: ModuleNotFoundError
________ ERROR at setup of test_tiny_supervised_runs_all_three_families ________

    @pytest.fixture(scope="module")
    def tiny_supervised():
        from rl_curriculum.curriculum261_pairs import generate_pair
        from rl_curriculum.curriculum261_r11_calibration import (
            fit_preprocessor_v2_from_bank_r11,
            generate_fit_bank_r11,
            supervised_learnability_run_r11,
        )
        from rl_curriculum.curriculum261_r11_shadow import _shadow_pack
    
        pack = _shadow_pack()
>       bank = generate_fit_bank_r11("preplan_fit_main_r11", pack,
                                     pairs_per_rung=1)

tests/route_c_stage2_6_1/test_curriculum261_r11_integration.py:22: 
_ _ _ _ _ _ _ _ _ _ _ _ _ _ _ _ _ _ _ _ _ _ _ _ _ _ _ _ _ _ _ _ _ _ _ _ _ _ _ _ 
src/rl_curriculum/curriculum261_r11_calibration.py:79: in generate_fit_bank_r11
    return _generate_fit_bank(
src/rl_curriculum/curriculum261_r6_calibration.py:117: in generate_fit_bank_r6
    records.append(generate_pair(
src/rl_curriculum/curriculum261_pairs.py:114: in generate_pair
    episodes, log = generate_pair_with_attempts(
src/rl_curriculum/curriculum261_api.py:1504: in generate_pair_with_attempts
    episodes[side] = generator.generate(
src/rl_curriculum/generator_api.py:186: in generate
    df = self._attach_features(df)
         ^^^^^^^^^^^^^^^^^^^^^^^^^
src/rl_curriculum/curriculum261_api.py:1267: in _attach_features
    return attach_production_features(df)
           ^^^^^^^^^^^^^^^^^^^^^^^^^^^^^^
src/rl_curriculum/curriculum261_production_obs.py:160: in attach_production_features
    cls = load_route_c_strategy_class()
          ^^^^^^^^^^^^^^^^^^^^^^^^^^^^^
src/rl_curriculum/curriculum261_production_obs.py:124: in load_route_c_strategy_class
    spec.loader.exec_module(module)
<frozen importlib._bootstrap_external>:940: in exec_module
    ???
<frozen importlib._bootstrap>:241: in _call_with_frames_removed
    ???
_ _ _ _ _ _ _ _ _ _ _ _ _ _ _ _ _ _ _ _ _ _ _ _ _ _ _ _ _ _ _ _ _ _ _ _ _ _ _ _ 

    """阶段 2.5.2a 路线 C:Freqtrade 策略薄适配层(execution_mode=market_open_causal)。
    
    特征:少量因果特征(收益/滚动波动率/价格相对均值/原始 OHLC 供环境用),
    全部只使用当前及过去数据;目标仓位列 &-target_position 由 RouteCModel
    顺序推理填充。
    
    阶段 2.5.2a 改造(工作包 B):
    - 订单类型改为 market(入场/退出均市场订单):成交价由回测器/交易所决定,
      回测中市场单以执行 bar 的 open 成交(backtesting.py:1039-1057 仅 limit
      分支调用 custom_entry_price;:596 exit_signal 的 close_rate=row[OPEN_IDX];
      :551-567 信号 shift(1)),与环境 market_open_causal 合同在
      simulated_slippage_bps=0 时逐笔对齐;
    - 移除 custom_entry_price / custom_exit_price / _route_c_bars 执行 K 线
      high/low 缓存(阶段 2.5.2 bar 内调价合同依赖执行 K 线最终 high/low,
      属未来信息,已废弃为 legacy_noncausal_not_for_training);
    - simulated_slippage_bps 只属于训练与离线压力环境,不得改变 live 市场订单
      价格;Freqtrade live 使用交易所真实回报价格;
    - amount_epsilon 与 RouteCModel 从同一最终配置 freqai.route_c.amount_epsilon
      读取(工作包 E),所有执行状态读取都通过 route_c_amount_epsilon 传参。
    
    保留(阶段 2.5.2 工作包 B):
    - live 只处理最新一行(signal_convert.latest_row_signals);
    - adjust_entry_price / adjust_exit_price 官方扩展点的目标反转取消
      (None = 取消且不替换);do_predict != 1 时维持挂单。
    
    成交时机完全交给 Freqtrade 回测引擎自身的 shift(1)(open[t+1]),
    本层不加额外 shift。
    """
    
    import sys
    from pathlib import Path
    
    from pandas import DataFrame
    
>   from freqtrade.enums import RunMode
E   ModuleNotFoundError: No module named 'freqtrade'

user_data/strategies/RouteCStrategy.py:35: ModuleNotFoundError
______________ ERROR at setup of test_alignment_aggregation_wired ______________

    @pytest.fixture(scope="module")
    def tiny_supervised():
        from rl_curriculum.curriculum261_pairs import generate_pair
        from rl_curriculum.curriculum261_r11_calibration import (
            fit_preprocessor_v2_from_bank_r11,
            generate_fit_bank_r11,
            supervised_learnability_run_r11,
        )
        from rl_curriculum.curriculum261_r11_shadow import _shadow_pack
    
        pack = _shadow_pack()
>       bank = generate_fit_bank_r11("preplan_fit_main_r11", pack,
                                     pairs_per_rung=1)

tests/route_c_stage2_6_1/test_curriculum261_r11_integration.py:22: 
_ _ _ _ _ _ _ _ _ _ _ _ _ _ _ _ _ _ _ _ _ _ _ _ _ _ _ _ _ _ _ _ _ _ _ _ _ _ _ _ 
src/rl_curriculum/curriculum261_r11_calibration.py:79: in generate_fit_bank_r11
    return _generate_fit_bank(
src/rl_curriculum/curriculum261_r6_calibration.py:117: in generate_fit_bank_r6
    records.append(generate_pair(
src/rl_curriculum/curriculum261_pairs.py:114: in generate_pair
    episodes, log = generate_pair_with_attempts(
src/rl_curriculum/curriculum261_api.py:1504: in generate_pair_with_attempts
    episodes[side] = generator.generate(
src/rl_curriculum/generator_api.py:186: in generate
    df = self._attach_features(df)
         ^^^^^^^^^^^^^^^^^^^^^^^^^
src/rl_curriculum/curriculum261_api.py:1267: in _attach_features
    return attach_production_features(df)
           ^^^^^^^^^^^^^^^^^^^^^^^^^^^^^^
src/rl_curriculum/curriculum261_production_obs.py:160: in attach_production_features
    cls = load_route_c_strategy_class()
          ^^^^^^^^^^^^^^^^^^^^^^^^^^^^^
src/rl_curriculum/curriculum261_production_obs.py:124: in load_route_c_strategy_class
    spec.loader.exec_module(module)
<frozen importlib._bootstrap_external>:940: in exec_module
    ???
<frozen importlib._bootstrap>:241: in _call_with_frames_removed
    ???
_ _ _ _ _ _ _ _ _ _ _ _ _ _ _ _ _ _ _ _ _ _ _ _ _ _ _ _ _ _ _ _ _ _ _ _ _ _ _ _ 

    """阶段 2.5.2a 路线 C:Freqtrade 策略薄适配层(execution_mode=market_open_causal)。
    
    特征:少量因果特征(收益/滚动波动率/价格相对均值/原始 OHLC 供环境用),
    全部只使用当前及过去数据;目标仓位列 &-target_position 由 RouteCModel
    顺序推理填充。
    
    阶段 2.5.2a 改造(工作包 B):
    - 订单类型改为 market(入场/退出均市场订单):成交价由回测器/交易所决定,
      回测中市场单以执行 bar 的 open 成交(backtesting.py:1039-1057 仅 limit
      分支调用 custom_entry_price;:596 exit_signal 的 close_rate=row[OPEN_IDX];
      :551-567 信号 shift(1)),与环境 market_open_causal 合同在
      simulated_slippage_bps=0 时逐笔对齐;
    - 移除 custom_entry_price / custom_exit_price / _route_c_bars 执行 K 线
      high/low 缓存(阶段 2.5.2 bar 内调价合同依赖执行 K 线最终 high/low,
      属未来信息,已废弃为 legacy_noncausal_not_for_training);
    - simulated_slippage_bps 只属于训练与离线压力环境,不得改变 live 市场订单
      价格;Freqtrade live 使用交易所真实回报价格;
    - amount_epsilon 与 RouteCModel 从同一最终配置 freqai.route_c.amount_epsilon
      读取(工作包 E),所有执行状态读取都通过 route_c_amount_epsilon 传参。
    
    保留(阶段 2.5.2 工作包 B):
    - live 只处理最新一行(signal_convert.latest_row_signals);
    - adjust_entry_price / adjust_exit_price 官方扩展点的目标反转取消
      (None = 取消且不替换);do_predict != 1 时维持挂单。
    
    成交时机完全交给 Freqtrade 回测引擎自身的 shift(1)(open[t+1]),
    本层不加额外 shift。
    """
    
    import sys
    from pathlib import Path
    
    from pandas import DataFrame
    
>   from freqtrade.enums import RunMode
E   ModuleNotFoundError: No module named 'freqtrade'

user_data/strategies/RouteCStrategy.py:35: ModuleNotFoundError
________ ERROR at setup of test_distinct_seed_gate_wired_and_recomputed ________

    @pytest.fixture(scope="module")
    def tiny_supervised():
        from rl_curriculum.curriculum261_pairs import generate_pair
        from rl_curriculum.curriculum261_r11_calibration import (
            fit_preprocessor_v2_from_bank_r11,
            generate_fit_bank_r11,
            supervised_learnability_run_r11,
        )
        from rl_curriculum.curriculum261_r11_shadow import _shadow_pack
    
        pack = _shadow_pack()
>       bank = generate_fit_bank_r11("preplan_fit_main_r11", pack,
                                     pairs_per_rung=1)

tests/route_c_stage2_6_1/test_curriculum261_r11_integration.py:22: 
_ _ _ _ _ _ _ _ _ _ _ _ _ _ _ _ _ _ _ _ _ _ _ _ _ _ _ _ _ _ _ _ _ _ _ _ _ _ _ _ 
src/rl_curriculum/curriculum261_r11_calibration.py:79: in generate_fit_bank_r11
    return _generate_fit_bank(
src/rl_curriculum/curriculum261_r6_calibration.py:117: in generate_fit_bank_r6
    records.append(generate_pair(
src/rl_curriculum/curriculum261_pairs.py:114: in generate_pair
    episodes, log = generate_pair_with_attempts(
src/rl_curriculum/curriculum261_api.py:1504: in generate_pair_with_attempts
    episodes[side] = generator.generate(
src/rl_curriculum/generator_api.py:186: in generate
    df = self._attach_features(df)
         ^^^^^^^^^^^^^^^^^^^^^^^^^
src/rl_curriculum/curriculum261_api.py:1267: in _attach_features
    return attach_production_features(df)
           ^^^^^^^^^^^^^^^^^^^^^^^^^^^^^^
src/rl_curriculum/curriculum261_production_obs.py:160: in attach_production_features
    cls = load_route_c_strategy_class()
          ^^^^^^^^^^^^^^^^^^^^^^^^^^^^^
src/rl_curriculum/curriculum261_production_obs.py:124: in load_route_c_strategy_class
    spec.loader.exec_module(module)
<frozen importlib._bootstrap_external>:940: in exec_module
    ???
<frozen importlib._bootstrap>:241: in _call_with_frames_removed
    ???
_ _ _ _ _ _ _ _ _ _ _ _ _ _ _ _ _ _ _ _ _ _ _ _ _ _ _ _ _ _ _ _ _ _ _ _ _ _ _ _ 

    """阶段 2.5.2a 路线 C:Freqtrade 策略薄适配层(execution_mode=market_open_causal)。
    
    特征:少量因果特征(收益/滚动波动率/价格相对均值/原始 OHLC 供环境用),
    全部只使用当前及过去数据;目标仓位列 &-target_position 由 RouteCModel
    顺序推理填充。
    
    阶段 2.5.2a 改造(工作包 B):
    - 订单类型改为 market(入场/退出均市场订单):成交价由回测器/交易所决定,
      回测中市场单以执行 bar 的 open 成交(backtesting.py:1039-1057 仅 limit
      分支调用 custom_entry_price;:596 exit_signal 的 close_rate=row[OPEN_IDX];
      :551-567 信号 shift(1)),与环境 market_open_causal 合同在
      simulated_slippage_bps=0 时逐笔对齐;
    - 移除 custom_entry_price / custom_exit_price / _route_c_bars 执行 K 线
      high/low 缓存(阶段 2.5.2 bar 内调价合同依赖执行 K 线最终 high/low,
      属未来信息,已废弃为 legacy_noncausal_not_for_training);
    - simulated_slippage_bps 只属于训练与离线压力环境,不得改变 live 市场订单
      价格;Freqtrade live 使用交易所真实回报价格;
    - amount_epsilon 与 RouteCModel 从同一最终配置 freqai.route_c.amount_epsilon
      读取(工作包 E),所有执行状态读取都通过 route_c_amount_epsilon 传参。
    
    保留(阶段 2.5.2 工作包 B):
    - live 只处理最新一行(signal_convert.latest_row_signals);
    - adjust_entry_price / adjust_exit_price 官方扩展点的目标反转取消
      (None = 取消且不替换);do_predict != 1 时维持挂单。
    
    成交时机完全交给 Freqtrade 回测引擎自身的 shift(1)(open[t+1]),
    本层不加额外 shift。
    """
    
    import sys
    from pathlib import Path
    
    from pandas import DataFrame
    
>   from freqtrade.enums import RunMode
E   ModuleNotFoundError: No module named 'freqtrade'

user_data/strategies/RouteCStrategy.py:35: ModuleNotFoundError
______ ERROR at setup of test_b1_real_path_clean_alignment_aggregates_all ______

    @pytest.fixture(scope="module")
    def tiny_c1_dataset():
        from rl_curriculum.curriculum261_pairs import (
            family_specs,
            generate_pair,
        )
        from rl_curriculum.curriculum261_r3_calibration import (
            fit_matrix_from_records,
        )
        from rl_curriculum.curriculum261_r3_preprocessing import (
            RouteCPreprocessor,
        )
        from rl_curriculum.curriculum261_r11_labels import (
            collect_policy_visible_dataset_r11,
        )
    
>       records = [generate_pair(
            "c1_opportunity", r, i,
            namespace="preplan_supervised_main_r11")
            for r in ("D0", "D1") for i in range(1)]

tests/route_c_stage2_6_1/test_curriculum261_r11_labels.py:164: 
_ _ _ _ _ _ _ _ _ _ _ _ _ _ _ _ _ _ _ _ _ _ _ _ _ _ _ _ _ _ _ _ _ _ _ _ _ _ _ _ 
tests/route_c_stage2_6_1/test_curriculum261_r11_labels.py:164: in <listcomp>
    records = [generate_pair(
src/rl_curriculum/curriculum261_pairs.py:114: in generate_pair
    episodes, log = generate_pair_with_attempts(
src/rl_curriculum/curriculum261_api.py:1504: in generate_pair_with_attempts
    episodes[side] = generator.generate(
src/rl_curriculum/generator_api.py:186: in generate
    df = self._attach_features(df)
         ^^^^^^^^^^^^^^^^^^^^^^^^^
src/rl_curriculum/curriculum261_api.py:1267: in _attach_features
    return attach_production_features(df)
           ^^^^^^^^^^^^^^^^^^^^^^^^^^^^^^
src/rl_curriculum/curriculum261_production_obs.py:160: in attach_production_features
    cls = load_route_c_strategy_class()
          ^^^^^^^^^^^^^^^^^^^^^^^^^^^^^
src/rl_curriculum/curriculum261_production_obs.py:124: in load_route_c_strategy_class
    spec.loader.exec_module(module)
<frozen importlib._bootstrap_external>:940: in exec_module
    ???
<frozen importlib._bootstrap>:241: in _call_with_frames_removed
    ???
_ _ _ _ _ _ _ _ _ _ _ _ _ _ _ _ _ _ _ _ _ _ _ _ _ _ _ _ _ _ _ _ _ _ _ _ _ _ _ _ 

    """阶段 2.5.2a 路线 C:Freqtrade 策略薄适配层(execution_mode=market_open_causal)。
    
    特征:少量因果特征(收益/滚动波动率/价格相对均值/原始 OHLC 供环境用),
    全部只使用当前及过去数据;目标仓位列 &-target_position 由 RouteCModel
    顺序推理填充。
    
    阶段 2.5.2a 改造(工作包 B):
    - 订单类型改为 market(入场/退出均市场订单):成交价由回测器/交易所决定,
      回测中市场单以执行 bar 的 open 成交(backtesting.py:1039-1057 仅 limit
      分支调用 custom_entry_price;:596 exit_signal 的 close_rate=row[OPEN_IDX];
      :551-567 信号 shift(1)),与环境 market_open_causal 合同在
      simulated_slippage_bps=0 时逐笔对齐;
    - 移除 custom_entry_price / custom_exit_price / _route_c_bars 执行 K 线
      high/low 缓存(阶段 2.5.2 bar 内调价合同依赖执行 K 线最终 high/low,
      属未来信息,已废弃为 legacy_noncausal_not_for_training);
    - simulated_slippage_bps 只属于训练与离线压力环境,不得改变 live 市场订单
      价格;Freqtrade live 使用交易所真实回报价格;
    - amount_epsilon 与 RouteCModel 从同一最终配置 freqai.route_c.amount_epsilon
      读取(工作包 E),所有执行状态读取都通过 route_c_amount_epsilon 传参。
    
    保留(阶段 2.5.2 工作包 B):
    - live 只处理最新一行(signal_convert.latest_row_signals);
    - adjust_entry_price / adjust_exit_price 官方扩展点的目标反转取消
      (None = 取消且不替换);do_predict != 1 时维持挂单。
    
    成交时机完全交给 Freqtrade 回测引擎自身的 shift(1)(open[t+1]),
    本层不加额外 shift。
    """
    
    import sys
    from pathlib import Path
    
    from pandas import DataFrame
    
>   from freqtrade.enums import RunMode
E   ModuleNotFoundError: No module named 'freqtrade'

user_data/strategies/RouteCStrategy.py:35: ModuleNotFoundError
_____ ERROR at setup of test_b1_real_path_tampered_failure_flips_to_false ______

    @pytest.fixture(scope="module")
    def tiny_c1_dataset():
        from rl_curriculum.curriculum261_pairs import (
            family_specs,
            generate_pair,
        )
        from rl_curriculum.curriculum261_r3_calibration import (
            fit_matrix_from_records,
        )
        from rl_curriculum.curriculum261_r3_preprocessing import (
            RouteCPreprocessor,
        )
        from rl_curriculum.curriculum261_r11_labels import (
            collect_policy_visible_dataset_r11,
        )
    
>       records = [generate_pair(
            "c1_opportunity", r, i,
            namespace="preplan_supervised_main_r11")
            for r in ("D0", "D1") for i in range(1)]

tests/route_c_stage2_6_1/test_curriculum261_r11_labels.py:164: 
_ _ _ _ _ _ _ _ _ _ _ _ _ _ _ _ _ _ _ _ _ _ _ _ _ _ _ _ _ _ _ _ _ _ _ _ _ _ _ _ 
tests/route_c_stage2_6_1/test_curriculum261_r11_labels.py:164: in <listcomp>
    records = [generate_pair(
src/rl_curriculum/curriculum261_pairs.py:114: in generate_pair
    episodes, log = generate_pair_with_attempts(
src/rl_curriculum/curriculum261_api.py:1504: in generate_pair_with_attempts
    episodes[side] = generator.generate(
src/rl_curriculum/generator_api.py:186: in generate
    df = self._attach_features(df)
         ^^^^^^^^^^^^^^^^^^^^^^^^^
src/rl_curriculum/curriculum261_api.py:1267: in _attach_features
    return attach_production_features(df)
           ^^^^^^^^^^^^^^^^^^^^^^^^^^^^^^
src/rl_curriculum/curriculum261_production_obs.py:160: in attach_production_features
    cls = load_route_c_strategy_class()
          ^^^^^^^^^^^^^^^^^^^^^^^^^^^^^
src/rl_curriculum/curriculum261_production_obs.py:124: in load_route_c_strategy_class
    spec.loader.exec_module(module)
<frozen importlib._bootstrap_external>:940: in exec_module
    ???
<frozen importlib._bootstrap>:241: in _call_with_frames_removed
    ???
_ _ _ _ _ _ _ _ _ _ _ _ _ _ _ _ _ _ _ _ _ _ _ _ _ _ _ _ _ _ _ _ _ _ _ _ _ _ _ _ 

    """阶段 2.5.2a 路线 C:Freqtrade 策略薄适配层(execution_mode=market_open_causal)。
    
    特征:少量因果特征(收益/滚动波动率/价格相对均值/原始 OHLC 供环境用),
    全部只使用当前及过去数据;目标仓位列 &-target_position 由 RouteCModel
    顺序推理填充。
    
    阶段 2.5.2a 改造(工作包 B):
    - 订单类型改为 market(入场/退出均市场订单):成交价由回测器/交易所决定,
      回测中市场单以执行 bar 的 open 成交(backtesting.py:1039-1057 仅 limit
      分支调用 custom_entry_price;:596 exit_signal 的 close_rate=row[OPEN_IDX];
      :551-567 信号 shift(1)),与环境 market_open_causal 合同在
      simulated_slippage_bps=0 时逐笔对齐;
    - 移除 custom_entry_price / custom_exit_price / _route_c_bars 执行 K 线
      high/low 缓存(阶段 2.5.2 bar 内调价合同依赖执行 K 线最终 high/low,
      属未来信息,已废弃为 legacy_noncausal_not_for_training);
    - simulated_slippage_bps 只属于训练与离线压力环境,不得改变 live 市场订单
      价格;Freqtrade live 使用交易所真实回报价格;
    - amount_epsilon 与 RouteCModel 从同一最终配置 freqai.route_c.amount_epsilon
      读取(工作包 E),所有执行状态读取都通过 route_c_amount_epsilon 传参。
    
    保留(阶段 2.5.2 工作包 B):
    - live 只处理最新一行(signal_convert.latest_row_signals);
    - adjust_entry_price / adjust_exit_price 官方扩展点的目标反转取消
      (None = 取消且不替换);do_predict != 1 时维持挂单。
    
    成交时机完全交给 Freqtrade 回测引擎自身的 shift(1)(open[t+1]),
    本层不加额外 shift。
    """
    
    import sys
    from pathlib import Path
    
    from pandas import DataFrame
    
>   from freqtrade.enums import RunMode
E   ModuleNotFoundError: No module named 'freqtrade'

user_data/strategies/RouteCStrategy.py:35: ModuleNotFoundError
________ ERROR at setup of test_tiny_supervised_runs_all_three_families ________

    @pytest.fixture(scope="module")
    def tiny_supervised():
        from rl_curriculum.curriculum261_pairs import generate_pair
        from rl_curriculum.curriculum261_r12_calibration import (
            fit_preprocessor_v2_from_bank_r12,
            generate_fit_bank_r12,
            supervised_learnability_run_r12,
        )
        from rl_curriculum.curriculum261_r12_shadow import _shadow_pack
    
        pack = _shadow_pack()
>       bank = generate_fit_bank_r12("preplan_fit_main_r12", pack,
                                     pairs_per_rung=1)

tests/route_c_stage2_6_1/test_curriculum261_r12_integration.py:22: 
_ _ _ _ _ _ _ _ _ _ _ _ _ _ _ _ _ _ _ _ _ _ _ _ _ _ _ _ _ _ _ _ _ _ _ _ _ _ _ _ 
src/rl_curriculum/curriculum261_r12_calibration.py:79: in generate_fit_bank_r12
    return _generate_fit_bank(
src/rl_curriculum/curriculum261_r6_calibration.py:117: in generate_fit_bank_r6
    records.append(generate_pair(
src/rl_curriculum/curriculum261_pairs.py:114: in generate_pair
    episodes, log = generate_pair_with_attempts(
src/rl_curriculum/curriculum261_api.py:1504: in generate_pair_with_attempts
    episodes[side] = generator.generate(
src/rl_curriculum/generator_api.py:186: in generate
    df = self._attach_features(df)
         ^^^^^^^^^^^^^^^^^^^^^^^^^
src/rl_curriculum/curriculum261_api.py:1267: in _attach_features
    return attach_production_features(df)
           ^^^^^^^^^^^^^^^^^^^^^^^^^^^^^^
src/rl_curriculum/curriculum261_production_obs.py:160: in attach_production_features
    cls = load_route_c_strategy_class()
          ^^^^^^^^^^^^^^^^^^^^^^^^^^^^^
src/rl_curriculum/curriculum261_production_obs.py:124: in load_route_c_strategy_class
    spec.loader.exec_module(module)
<frozen importlib._bootstrap_external>:940: in exec_module
    ???
<frozen importlib._bootstrap>:241: in _call_with_frames_removed
    ???
_ _ _ _ _ _ _ _ _ _ _ _ _ _ _ _ _ _ _ _ _ _ _ _ _ _ _ _ _ _ _ _ _ _ _ _ _ _ _ _ 

    """阶段 2.5.2a 路线 C:Freqtrade 策略薄适配层(execution_mode=market_open_causal)。
    
    特征:少量因果特征(收益/滚动波动率/价格相对均值/原始 OHLC 供环境用),
    全部只使用当前及过去数据;目标仓位列 &-target_position 由 RouteCModel
    顺序推理填充。
    
    阶段 2.5.2a 改造(工作包 B):
    - 订单类型改为 market(入场/退出均市场订单):成交价由回测器/交易所决定,
      回测中市场单以执行 bar 的 open 成交(backtesting.py:1039-1057 仅 limit
      分支调用 custom_entry_price;:596 exit_signal 的 close_rate=row[OPEN_IDX];
      :551-567 信号 shift(1)),与环境 market_open_causal 合同在
      simulated_slippage_bps=0 时逐笔对齐;
    - 移除 custom_entry_price / custom_exit_price / _route_c_bars 执行 K 线
      high/low 缓存(阶段 2.5.2 bar 内调价合同依赖执行 K 线最终 high/low,
      属未来信息,已废弃为 legacy_noncausal_not_for_training);
    - simulated_slippage_bps 只属于训练与离线压力环境,不得改变 live 市场订单
      价格;Freqtrade live 使用交易所真实回报价格;
    - amount_epsilon 与 RouteCModel 从同一最终配置 freqai.route_c.amount_epsilon
      读取(工作包 E),所有执行状态读取都通过 route_c_amount_epsilon 传参。
    
    保留(阶段 2.5.2 工作包 B):
    - live 只处理最新一行(signal_convert.latest_row_signals);
    - adjust_entry_price / adjust_exit_price 官方扩展点的目标反转取消
      (None = 取消且不替换);do_predict != 1 时维持挂单。
    
    成交时机完全交给 Freqtrade 回测引擎自身的 shift(1)(open[t+1]),
    本层不加额外 shift。
    """
    
    import sys
    from pathlib import Path
    
    from pandas import DataFrame
    
>   from freqtrade.enums import RunMode
E   ModuleNotFoundError: No module named 'freqtrade'

user_data/strategies/RouteCStrategy.py:35: ModuleNotFoundError
______________ ERROR at setup of test_alignment_aggregation_wired ______________

    @pytest.fixture(scope="module")
    def tiny_supervised():
        from rl_curriculum.curriculum261_pairs import generate_pair
        from rl_curriculum.curriculum261_r12_calibration import (
            fit_preprocessor_v2_from_bank_r12,
            generate_fit_bank_r12,
            supervised_learnability_run_r12,
        )
        from rl_curriculum.curriculum261_r12_shadow import _shadow_pack
    
        pack = _shadow_pack()
>       bank = generate_fit_bank_r12("preplan_fit_main_r12", pack,
                                     pairs_per_rung=1)

tests/route_c_stage2_6_1/test_curriculum261_r12_integration.py:22: 
_ _ _ _ _ _ _ _ _ _ _ _ _ _ _ _ _ _ _ _ _ _ _ _ _ _ _ _ _ _ _ _ _ _ _ _ _ _ _ _ 
src/rl_curriculum/curriculum261_r12_calibration.py:79: in generate_fit_bank_r12
    return _generate_fit_bank(
src/rl_curriculum/curriculum261_r6_calibration.py:117: in generate_fit_bank_r6
    records.append(generate_pair(
src/rl_curriculum/curriculum261_pairs.py:114: in generate_pair
    episodes, log = generate_pair_with_attempts(
src/rl_curriculum/curriculum261_api.py:1504: in generate_pair_with_attempts
    episodes[side] = generator.generate(
src/rl_curriculum/generator_api.py:186: in generate
    df = self._attach_features(df)
         ^^^^^^^^^^^^^^^^^^^^^^^^^
src/rl_curriculum/curriculum261_api.py:1267: in _attach_features
    return attach_production_features(df)
           ^^^^^^^^^^^^^^^^^^^^^^^^^^^^^^
src/rl_curriculum/curriculum261_production_obs.py:160: in attach_production_features
    cls = load_route_c_strategy_class()
          ^^^^^^^^^^^^^^^^^^^^^^^^^^^^^
src/rl_curriculum/curriculum261_production_obs.py:124: in load_route_c_strategy_class
    spec.loader.exec_module(module)
<frozen importlib._bootstrap_external>:940: in exec_module
    ???
<frozen importlib._bootstrap>:241: in _call_with_frames_removed
    ???
_ _ _ _ _ _ _ _ _ _ _ _ _ _ _ _ _ _ _ _ _ _ _ _ _ _ _ _ _ _ _ _ _ _ _ _ _ _ _ _ 

    """阶段 2.5.2a 路线 C:Freqtrade 策略薄适配层(execution_mode=market_open_causal)。
    
    特征:少量因果特征(收益/滚动波动率/价格相对均值/原始 OHLC 供环境用),
    全部只使用当前及过去数据;目标仓位列 &-target_position 由 RouteCModel
    顺序推理填充。
    
    阶段 2.5.2a 改造(工作包 B):
    - 订单类型改为 market(入场/退出均市场订单):成交价由回测器/交易所决定,
      回测中市场单以执行 bar 的 open 成交(backtesting.py:1039-1057 仅 limit
      分支调用 custom_entry_price;:596 exit_signal 的 close_rate=row[OPEN_IDX];
      :551-567 信号 shift(1)),与环境 market_open_causal 合同在
      simulated_slippage_bps=0 时逐笔对齐;
    - 移除 custom_entry_price / custom_exit_price / _route_c_bars 执行 K 线
      high/low 缓存(阶段 2.5.2 bar 内调价合同依赖执行 K 线最终 high/low,
      属未来信息,已废弃为 legacy_noncausal_not_for_training);
    - simulated_slippage_bps 只属于训练与离线压力环境,不得改变 live 市场订单
      价格;Freqtrade live 使用交易所真实回报价格;
    - amount_epsilon 与 RouteCModel 从同一最终配置 freqai.route_c.amount_epsilon
      读取(工作包 E),所有执行状态读取都通过 route_c_amount_epsilon 传参。
    
    保留(阶段 2.5.2 工作包 B):
    - live 只处理最新一行(signal_convert.latest_row_signals);
    - adjust_entry_price / adjust_exit_price 官方扩展点的目标反转取消
      (None = 取消且不替换);do_predict != 1 时维持挂单。
    
    成交时机完全交给 Freqtrade 回测引擎自身的 shift(1)(open[t+1]),
    本层不加额外 shift。
    """
    
    import sys
    from pathlib import Path
    
    from pandas import DataFrame
    
>   from freqtrade.enums import RunMode
E   ModuleNotFoundError: No module named 'freqtrade'

user_data/strategies/RouteCStrategy.py:35: ModuleNotFoundError
________ ERROR at setup of test_distinct_seed_gate_wired_and_recomputed ________

    @pytest.fixture(scope="module")
    def tiny_supervised():
        from rl_curriculum.curriculum261_pairs import generate_pair
        from rl_curriculum.curriculum261_r12_calibration import (
            fit_preprocessor_v2_from_bank_r12,
            generate_fit_bank_r12,
            supervised_learnability_run_r12,
        )
        from rl_curriculum.curriculum261_r12_shadow import _shadow_pack
    
        pack = _shadow_pack()
>       bank = generate_fit_bank_r12("preplan_fit_main_r12", pack,
                                     pairs_per_rung=1)

tests/route_c_stage2_6_1/test_curriculum261_r12_integration.py:22: 
_ _ _ _ _ _ _ _ _ _ _ _ _ _ _ _ _ _ _ _ _ _ _ _ _ _ _ _ _ _ _ _ _ _ _ _ _ _ _ _ 
src/rl_curriculum/curriculum261_r12_calibration.py:79: in generate_fit_bank_r12
    return _generate_fit_bank(
src/rl_curriculum/curriculum261_r6_calibration.py:117: in generate_fit_bank_r6
    records.append(generate_pair(
src/rl_curriculum/curriculum261_pairs.py:114: in generate_pair
    episodes, log = generate_pair_with_attempts(
src/rl_curriculum/curriculum261_api.py:1504: in generate_pair_with_attempts
    episodes[side] = generator.generate(
src/rl_curriculum/generator_api.py:186: in generate
    df = self._attach_features(df)
         ^^^^^^^^^^^^^^^^^^^^^^^^^
src/rl_curriculum/curriculum261_api.py:1267: in _attach_features
    return attach_production_features(df)
           ^^^^^^^^^^^^^^^^^^^^^^^^^^^^^^
src/rl_curriculum/curriculum261_production_obs.py:160: in attach_production_features
    cls = load_route_c_strategy_class()
          ^^^^^^^^^^^^^^^^^^^^^^^^^^^^^
src/rl_curriculum/curriculum261_production_obs.py:124: in load_route_c_strategy_class
    spec.loader.exec_module(module)
<frozen importlib._bootstrap_external>:940: in exec_module
    ???
<frozen importlib._bootstrap>:241: in _call_with_frames_removed
    ???
_ _ _ _ _ _ _ _ _ _ _ _ _ _ _ _ _ _ _ _ _ _ _ _ _ _ _ _ _ _ _ _ _ _ _ _ _ _ _ _ 

    """阶段 2.5.2a 路线 C:Freqtrade 策略薄适配层(execution_mode=market_open_causal)。
    
    特征:少量因果特征(收益/滚动波动率/价格相对均值/原始 OHLC 供环境用),
    全部只使用当前及过去数据;目标仓位列 &-target_position 由 RouteCModel
    顺序推理填充。
    
    阶段 2.5.2a 改造(工作包 B):
    - 订单类型改为 market(入场/退出均市场订单):成交价由回测器/交易所决定,
      回测中市场单以执行 bar 的 open 成交(backtesting.py:1039-1057 仅 limit
      分支调用 custom_entry_price;:596 exit_signal 的 close_rate=row[OPEN_IDX];
      :551-567 信号 shift(1)),与环境 market_open_causal 合同在
      simulated_slippage_bps=0 时逐笔对齐;
    - 移除 custom_entry_price / custom_exit_price / _route_c_bars 执行 K 线
      high/low 缓存(阶段 2.5.2 bar 内调价合同依赖执行 K 线最终 high/low,
      属未来信息,已废弃为 legacy_noncausal_not_for_training);
    - simulated_slippage_bps 只属于训练与离线压力环境,不得改变 live 市场订单
      价格;Freqtrade live 使用交易所真实回报价格;
    - amount_epsilon 与 RouteCModel 从同一最终配置 freqai.route_c.amount_epsilon
      读取(工作包 E),所有执行状态读取都通过 route_c_amount_epsilon 传参。
    
    保留(阶段 2.5.2 工作包 B):
    - live 只处理最新一行(signal_convert.latest_row_signals);
    - adjust_entry_price / adjust_exit_price 官方扩展点的目标反转取消
      (None = 取消且不替换);do_predict != 1 时维持挂单。
    
    成交时机完全交给 Freqtrade 回测引擎自身的 shift(1)(open[t+1]),
    本层不加额外 shift。
    """
    
    import sys
    from pathlib import Path
    
    from pandas import DataFrame
    
>   from freqtrade.enums import RunMode
E   ModuleNotFoundError: No module named 'freqtrade'

user_data/strategies/RouteCStrategy.py:35: ModuleNotFoundError
______ ERROR at setup of test_b1_real_path_clean_alignment_aggregates_all ______

    @pytest.fixture(scope="module")
    def tiny_c1_dataset():
        from rl_curriculum.curriculum261_pairs import (
            family_specs,
            generate_pair,
        )
        from rl_curriculum.curriculum261_r3_calibration import (
            fit_matrix_from_records,
        )
        from rl_curriculum.curriculum261_r3_preprocessing import (
            RouteCPreprocessor,
        )
        from rl_curriculum.curriculum261_r12_labels import (
            collect_policy_visible_dataset_r12,
        )
    
>       records = [generate_pair(
            "c1_opportunity", r, i,
            namespace="preplan_supervised_main_r12")
            for r in ("D0", "D1") for i in range(1)]

tests/route_c_stage2_6_1/test_curriculum261_r12_labels.py:164: 
_ _ _ _ _ _ _ _ _ _ _ _ _ _ _ _ _ _ _ _ _ _ _ _ _ _ _ _ _ _ _ _ _ _ _ _ _ _ _ _ 
tests/route_c_stage2_6_1/test_curriculum261_r12_labels.py:164: in <listcomp>
    records = [generate_pair(
src/rl_curriculum/curriculum261_pairs.py:114: in generate_pair
    episodes, log = generate_pair_with_attempts(
src/rl_curriculum/curriculum261_api.py:1504: in generate_pair_with_attempts
    episodes[side] = generator.generate(
src/rl_curriculum/generator_api.py:186: in generate
    df = self._attach_features(df)
         ^^^^^^^^^^^^^^^^^^^^^^^^^
src/rl_curriculum/curriculum261_api.py:1267: in _attach_features
    return attach_production_features(df)
           ^^^^^^^^^^^^^^^^^^^^^^^^^^^^^^
src/rl_curriculum/curriculum261_production_obs.py:160: in attach_production_features
    cls = load_route_c_strategy_class()
          ^^^^^^^^^^^^^^^^^^^^^^^^^^^^^
src/rl_curriculum/curriculum261_production_obs.py:124: in load_route_c_strategy_class
    spec.loader.exec_module(module)
<frozen importlib._bootstrap_external>:940: in exec_module
    ???
<frozen importlib._bootstrap>:241: in _call_with_frames_removed
    ???
_ _ _ _ _ _ _ _ _ _ _ _ _ _ _ _ _ _ _ _ _ _ _ _ _ _ _ _ _ _ _ _ _ _ _ _ _ _ _ _ 

    """阶段 2.5.2a 路线 C:Freqtrade 策略薄适配层(execution_mode=market_open_causal)。
    
    特征:少量因果特征(收益/滚动波动率/价格相对均值/原始 OHLC 供环境用),
    全部只使用当前及过去数据;目标仓位列 &-target_position 由 RouteCModel
    顺序推理填充。
    
    阶段 2.5.2a 改造(工作包 B):
    - 订单类型改为 market(入场/退出均市场订单):成交价由回测器/交易所决定,
      回测中市场单以执行 bar 的 open 成交(backtesting.py:1039-1057 仅 limit
      分支调用 custom_entry_price;:596 exit_signal 的 close_rate=row[OPEN_IDX];
      :551-567 信号 shift(1)),与环境 market_open_causal 合同在
      simulated_slippage_bps=0 时逐笔对齐;
    - 移除 custom_entry_price / custom_exit_price / _route_c_bars 执行 K 线
      high/low 缓存(阶段 2.5.2 bar 内调价合同依赖执行 K 线最终 high/low,
      属未来信息,已废弃为 legacy_noncausal_not_for_training);
    - simulated_slippage_bps 只属于训练与离线压力环境,不得改变 live 市场订单
      价格;Freqtrade live 使用交易所真实回报价格;
    - amount_epsilon 与 RouteCModel 从同一最终配置 freqai.route_c.amount_epsilon
      读取(工作包 E),所有执行状态读取都通过 route_c_amount_epsilon 传参。
    
    保留(阶段 2.5.2 工作包 B):
    - live 只处理最新一行(signal_convert.latest_row_signals);
    - adjust_entry_price / adjust_exit_price 官方扩展点的目标反转取消
      (None = 取消且不替换);do_predict != 1 时维持挂单。
    
    成交时机完全交给 Freqtrade 回测引擎自身的 shift(1)(open[t+1]),
    本层不加额外 shift。
    """
    
    import sys
    from pathlib import Path
    
    from pandas import DataFrame
    
>   from freqtrade.enums import RunMode
E   ModuleNotFoundError: No module named 'freqtrade'

user_data/strategies/RouteCStrategy.py:35: ModuleNotFoundError
_____ ERROR at setup of test_b1_real_path_tampered_failure_flips_to_false ______

    @pytest.fixture(scope="module")
    def tiny_c1_dataset():
        from rl_curriculum.curriculum261_pairs import (
            family_specs,
            generate_pair,
        )
        from rl_curriculum.curriculum261_r3_calibration import (
            fit_matrix_from_records,
        )
        from rl_curriculum.curriculum261_r3_preprocessing import (
            RouteCPreprocessor,
        )
        from rl_curriculum.curriculum261_r12_labels import (
            collect_policy_visible_dataset_r12,
        )
    
>       records = [generate_pair(
            "c1_opportunity", r, i,
            namespace="preplan_supervised_main_r12")
            for r in ("D0", "D1") for i in range(1)]

tests/route_c_stage2_6_1/test_curriculum261_r12_labels.py:164: 
_ _ _ _ _ _ _ _ _ _ _ _ _ _ _ _ _ _ _ _ _ _ _ _ _ _ _ _ _ _ _ _ _ _ _ _ _ _ _ _ 
tests/route_c_stage2_6_1/test_curriculum261_r12_labels.py:164: in <listcomp>
    records = [generate_pair(
src/rl_curriculum/curriculum261_pairs.py:114: in generate_pair
    episodes, log = generate_pair_with_attempts(
src/rl_curriculum/curriculum261_api.py:1504: in generate_pair_with_attempts
    episodes[side] = generator.generate(
src/rl_curriculum/generator_api.py:186: in generate
    df = self._attach_features(df)
         ^^^^^^^^^^^^^^^^^^^^^^^^^
src/rl_curriculum/curriculum261_api.py:1267: in _attach_features
    return attach_production_features(df)
           ^^^^^^^^^^^^^^^^^^^^^^^^^^^^^^
src/rl_curriculum/curriculum261_production_obs.py:160: in attach_production_features
    cls = load_route_c_strategy_class()
          ^^^^^^^^^^^^^^^^^^^^^^^^^^^^^
src/rl_curriculum/curriculum261_production_obs.py:124: in load_route_c_strategy_class
    spec.loader.exec_module(module)
<frozen importlib._bootstrap_external>:940: in exec_module
    ???
<frozen importlib._bootstrap>:241: in _call_with_frames_removed
    ???
_ _ _ _ _ _ _ _ _ _ _ _ _ _ _ _ _ _ _ _ _ _ _ _ _ _ _ _ _ _ _ _ _ _ _ _ _ _ _ _ 

    """阶段 2.5.2a 路线 C:Freqtrade 策略薄适配层(execution_mode=market_open_causal)。
    
    特征:少量因果特征(收益/滚动波动率/价格相对均值/原始 OHLC 供环境用),
    全部只使用当前及过去数据;目标仓位列 &-target_position 由 RouteCModel
    顺序推理填充。
    
    阶段 2.5.2a 改造(工作包 B):
    - 订单类型改为 market(入场/退出均市场订单):成交价由回测器/交易所决定,
      回测中市场单以执行 bar 的 open 成交(backtesting.py:1039-1057 仅 limit
      分支调用 custom_entry_price;:596 exit_signal 的 close_rate=row[OPEN_IDX];
      :551-567 信号 shift(1)),与环境 market_open_causal 合同在
      simulated_slippage_bps=0 时逐笔对齐;
    - 移除 custom_entry_price / custom_exit_price / _route_c_bars 执行 K 线
      high/low 缓存(阶段 2.5.2 bar 内调价合同依赖执行 K 线最终 high/low,
      属未来信息,已废弃为 legacy_noncausal_not_for_training);
    - simulated_slippage_bps 只属于训练与离线压力环境,不得改变 live 市场订单
      价格;Freqtrade live 使用交易所真实回报价格;
    - amount_epsilon 与 RouteCModel 从同一最终配置 freqai.route_c.amount_epsilon
      读取(工作包 E),所有执行状态读取都通过 route_c_amount_epsilon 传参。
    
    保留(阶段 2.5.2 工作包 B):
    - live 只处理最新一行(signal_convert.latest_row_signals);
    - adjust_entry_price / adjust_exit_price 官方扩展点的目标反转取消
      (None = 取消且不替换);do_predict != 1 时维持挂单。
    
    成交时机完全交给 Freqtrade 回测引擎自身的 shift(1)(open[t+1]),
    本层不加额外 shift。
    """
    
    import sys
    from pathlib import Path
    
    from pandas import DataFrame
    
>   from freqtrade.enums import RunMode
E   ModuleNotFoundError: No module named 'freqtrade'

user_data/strategies/RouteCStrategy.py:35: ModuleNotFoundError
_ ERROR at setup of TestReadPreprocessorBundleHash.test_canonical_field_read_from_real_producer_output _

tmp_path_factory = TempPathFactory(_given_basetemp=None, _trace=<pluggy._tracing.TagTracerSub object at 0x75507b8e4190>, _basetemp=PosixPath('/tmp/pytest-of-cryptorl/pytest-0'), _retention_count=3, _retention_policy='all')

    @pytest.fixture(scope="module")
    def real_identity(tmp_path_factory):
        """正式 producer 真实生成的 identity payload + 其落盘文件。"""
>       v2 = _tiny_real_v2()
             ^^^^^^^^^^^^^^^

tests/route_c_stage2_6_1/test_curriculum261_r13_roundtrip.py:77: 
_ _ _ _ _ _ _ _ _ _ _ _ _ _ _ _ _ _ _ _ _ _ _ _ _ _ _ _ _ _ _ _ _ _ _ _ _ _ _ _ 
tests/route_c_stage2_6_1/test_curriculum261_r13_roundtrip.py:67: in _tiny_real_v2
    records = generate_fit_bank_r13("preplan_fit_main_r13", pack)
              ^^^^^^^^^^^^^^^^^^^^^^^^^^^^^^^^^^^^^^^^^^^^^^^^^^^
src/rl_curriculum/curriculum261_r13_calibration.py:79: in generate_fit_bank_r13
    return _generate_fit_bank(
src/rl_curriculum/curriculum261_r6_calibration.py:117: in generate_fit_bank_r6
    records.append(generate_pair(
src/rl_curriculum/curriculum261_pairs.py:114: in generate_pair
    episodes, log = generate_pair_with_attempts(
src/rl_curriculum/curriculum261_api.py:1504: in generate_pair_with_attempts
    episodes[side] = generator.generate(
src/rl_curriculum/generator_api.py:186: in generate
    df = self._attach_features(df)
         ^^^^^^^^^^^^^^^^^^^^^^^^^
src/rl_curriculum/curriculum261_api.py:1267: in _attach_features
    return attach_production_features(df)
           ^^^^^^^^^^^^^^^^^^^^^^^^^^^^^^
src/rl_curriculum/curriculum261_production_obs.py:160: in attach_production_features
    cls = load_route_c_strategy_class()
          ^^^^^^^^^^^^^^^^^^^^^^^^^^^^^
src/rl_curriculum/curriculum261_production_obs.py:124: in load_route_c_strategy_class
    spec.loader.exec_module(module)
<frozen importlib._bootstrap_external>:940: in exec_module
    ???
<frozen importlib._bootstrap>:241: in _call_with_frames_removed
    ???
_ _ _ _ _ _ _ _ _ _ _ _ _ _ _ _ _ _ _ _ _ _ _ _ _ _ _ _ _ _ _ _ _ _ _ _ _ _ _ _ 

    """阶段 2.5.2a 路线 C:Freqtrade 策略薄适配层(execution_mode=market_open_causal)。
    
    特征:少量因果特征(收益/滚动波动率/价格相对均值/原始 OHLC 供环境用),
    全部只使用当前及过去数据;目标仓位列 &-target_position 由 RouteCModel
    顺序推理填充。
    
    阶段 2.5.2a 改造(工作包 B):
    - 订单类型改为 market(入场/退出均市场订单):成交价由回测器/交易所决定,
      回测中市场单以执行 bar 的 open 成交(backtesting.py:1039-1057 仅 limit
      分支调用 custom_entry_price;:596 exit_signal 的 close_rate=row[OPEN_IDX];
      :551-567 信号 shift(1)),与环境 market_open_causal 合同在
      simulated_slippage_bps=0 时逐笔对齐;
    - 移除 custom_entry_price / custom_exit_price / _route_c_bars 执行 K 线
      high/low 缓存(阶段 2.5.2 bar 内调价合同依赖执行 K 线最终 high/low,
      属未来信息,已废弃为 legacy_noncausal_not_for_training);
    - simulated_slippage_bps 只属于训练与离线压力环境,不得改变 live 市场订单
      价格;Freqtrade live 使用交易所真实回报价格;
    - amount_epsilon 与 RouteCModel 从同一最终配置 freqai.route_c.amount_epsilon
      读取(工作包 E),所有执行状态读取都通过 route_c_amount_epsilon 传参。
    
    保留(阶段 2.5.2 工作包 B):
    - live 只处理最新一行(signal_convert.latest_row_signals);
    - adjust_entry_price / adjust_exit_price 官方扩展点的目标反转取消
      (None = 取消且不替换);do_predict != 1 时维持挂单。
    
    成交时机完全交给 Freqtrade 回测引擎自身的 shift(1)(open[t+1]),
    本层不加额外 shift。
    """
    
    import sys
    from pathlib import Path
    
    from pandas import DataFrame
    
>   from freqtrade.enums import RunMode
E   ModuleNotFoundError: No module named 'freqtrade'

user_data/strategies/RouteCStrategy.py:35: ModuleNotFoundError
_ ERROR at setup of TestReadPreprocessorBundleHash.test_identity_payload_has_no_legacy_key _

tmp_path_factory = TempPathFactory(_given_basetemp=None, _trace=<pluggy._tracing.TagTracerSub object at 0x75507b8e4190>, _basetemp=PosixPath('/tmp/pytest-of-cryptorl/pytest-0'), _retention_count=3, _retention_policy='all')

    @pytest.fixture(scope="module")
    def real_identity(tmp_path_factory):
        """正式 producer 真实生成的 identity payload + 其落盘文件。"""
>       v2 = _tiny_real_v2()
             ^^^^^^^^^^^^^^^

tests/route_c_stage2_6_1/test_curriculum261_r13_roundtrip.py:77: 
_ _ _ _ _ _ _ _ _ _ _ _ _ _ _ _ _ _ _ _ _ _ _ _ _ _ _ _ _ _ _ _ _ _ _ _ _ _ _ _ 
tests/route_c_stage2_6_1/test_curriculum261_r13_roundtrip.py:67: in _tiny_real_v2
    records = generate_fit_bank_r13("preplan_fit_main_r13", pack)
              ^^^^^^^^^^^^^^^^^^^^^^^^^^^^^^^^^^^^^^^^^^^^^^^^^^^
src/rl_curriculum/curriculum261_r13_calibration.py:79: in generate_fit_bank_r13
    return _generate_fit_bank(
src/rl_curriculum/curriculum261_r6_calibration.py:117: in generate_fit_bank_r6
    records.append(generate_pair(
src/rl_curriculum/curriculum261_pairs.py:114: in generate_pair
    episodes, log = generate_pair_with_attempts(
src/rl_curriculum/curriculum261_api.py:1504: in generate_pair_with_attempts
    episodes[side] = generator.generate(
src/rl_curriculum/generator_api.py:186: in generate
    df = self._attach_features(df)
         ^^^^^^^^^^^^^^^^^^^^^^^^^
src/rl_curriculum/curriculum261_api.py:1267: in _attach_features
    return attach_production_features(df)
           ^^^^^^^^^^^^^^^^^^^^^^^^^^^^^^
src/rl_curriculum/curriculum261_production_obs.py:160: in attach_production_features
    cls = load_route_c_strategy_class()
          ^^^^^^^^^^^^^^^^^^^^^^^^^^^^^
src/rl_curriculum/curriculum261_production_obs.py:124: in load_route_c_strategy_class
    spec.loader.exec_module(module)
<frozen importlib._bootstrap_external>:940: in exec_module
    ???
<frozen importlib._bootstrap>:241: in _call_with_frames_removed
    ???
_ _ _ _ _ _ _ _ _ _ _ _ _ _ _ _ _ _ _ _ _ _ _ _ _ _ _ _ _ _ _ _ _ _ _ _ _ _ _ _ 

    """阶段 2.5.2a 路线 C:Freqtrade 策略薄适配层(execution_mode=market_open_causal)。
    
    特征:少量因果特征(收益/滚动波动率/价格相对均值/原始 OHLC 供环境用),
    全部只使用当前及过去数据;目标仓位列 &-target_position 由 RouteCModel
    顺序推理填充。
    
    阶段 2.5.2a 改造(工作包 B):
    - 订单类型改为 market(入场/退出均市场订单):成交价由回测器/交易所决定,
      回测中市场单以执行 bar 的 open 成交(backtesting.py:1039-1057 仅 limit
      分支调用 custom_entry_price;:596 exit_signal 的 close_rate=row[OPEN_IDX];
      :551-567 信号 shift(1)),与环境 market_open_causal 合同在
      simulated_slippage_bps=0 时逐笔对齐;
    - 移除 custom_entry_price / custom_exit_price / _route_c_bars 执行 K 线
      high/low 缓存(阶段 2.5.2 bar 内调价合同依赖执行 K 线最终 high/low,
      属未来信息,已废弃为 legacy_noncausal_not_for_training);
    - simulated_slippage_bps 只属于训练与离线压力环境,不得改变 live 市场订单
      价格;Freqtrade live 使用交易所真实回报价格;
    - amount_epsilon 与 RouteCModel 从同一最终配置 freqai.route_c.amount_epsilon
      读取(工作包 E),所有执行状态读取都通过 route_c_amount_epsilon 传参。
    
    保留(阶段 2.5.2 工作包 B):
    - live 只处理最新一行(signal_convert.latest_row_signals);
    - adjust_entry_price / adjust_exit_price 官方扩展点的目标反转取消
      (None = 取消且不替换);do_predict != 1 时维持挂单。
    
    成交时机完全交给 Freqtrade 回测引擎自身的 shift(1)(open[t+1]),
    本层不加额外 shift。
    """
    
    import sys
    from pathlib import Path
    
    from pandas import DataFrame
    
>   from freqtrade.enums import RunMode
E   ModuleNotFoundError: No module named 'freqtrade'

user_data/strategies/RouteCStrategy.py:35: ModuleNotFoundError
_ ERROR at setup of TestReadPreprocessorBundleHash.test_missing_canonical_field_fail_closed _

tmp_path_factory = TempPathFactory(_given_basetemp=None, _trace=<pluggy._tracing.TagTracerSub object at 0x75507b8e4190>, _basetemp=PosixPath('/tmp/pytest-of-cryptorl/pytest-0'), _retention_count=3, _retention_policy='all')

    @pytest.fixture(scope="module")
    def real_identity(tmp_path_factory):
        """正式 producer 真实生成的 identity payload + 其落盘文件。"""
>       v2 = _tiny_real_v2()
             ^^^^^^^^^^^^^^^

tests/route_c_stage2_6_1/test_curriculum261_r13_roundtrip.py:77: 
_ _ _ _ _ _ _ _ _ _ _ _ _ _ _ _ _ _ _ _ _ _ _ _ _ _ _ _ _ _ _ _ _ _ _ _ _ _ _ _ 
tests/route_c_stage2_6_1/test_curriculum261_r13_roundtrip.py:67: in _tiny_real_v2
    records = generate_fit_bank_r13("preplan_fit_main_r13", pack)
              ^^^^^^^^^^^^^^^^^^^^^^^^^^^^^^^^^^^^^^^^^^^^^^^^^^^
src/rl_curriculum/curriculum261_r13_calibration.py:79: in generate_fit_bank_r13
    return _generate_fit_bank(
src/rl_curriculum/curriculum261_r6_calibration.py:117: in generate_fit_bank_r6
    records.append(generate_pair(
src/rl_curriculum/curriculum261_pairs.py:114: in generate_pair
    episodes, log = generate_pair_with_attempts(
src/rl_curriculum/curriculum261_api.py:1504: in generate_pair_with_attempts
    episodes[side] = generator.generate(
src/rl_curriculum/generator_api.py:186: in generate
    df = self._attach_features(df)
         ^^^^^^^^^^^^^^^^^^^^^^^^^
src/rl_curriculum/curriculum261_api.py:1267: in _attach_features
    return attach_production_features(df)
           ^^^^^^^^^^^^^^^^^^^^^^^^^^^^^^
src/rl_curriculum/curriculum261_production_obs.py:160: in attach_production_features
    cls = load_route_c_strategy_class()
          ^^^^^^^^^^^^^^^^^^^^^^^^^^^^^
src/rl_curriculum/curriculum261_production_obs.py:124: in load_route_c_strategy_class
    spec.loader.exec_module(module)
<frozen importlib._bootstrap_external>:940: in exec_module
    ???
<frozen importlib._bootstrap>:241: in _call_with_frames_removed
    ???
_ _ _ _ _ _ _ _ _ _ _ _ _ _ _ _ _ _ _ _ _ _ _ _ _ _ _ _ _ _ _ _ _ _ _ _ _ _ _ _ 

    """阶段 2.5.2a 路线 C:Freqtrade 策略薄适配层(execution_mode=market_open_causal)。
    
    特征:少量因果特征(收益/滚动波动率/价格相对均值/原始 OHLC 供环境用),
    全部只使用当前及过去数据;目标仓位列 &-target_position 由 RouteCModel
    顺序推理填充。
    
    阶段 2.5.2a 改造(工作包 B):
    - 订单类型改为 market(入场/退出均市场订单):成交价由回测器/交易所决定,
      回测中市场单以执行 bar 的 open 成交(backtesting.py:1039-1057 仅 limit
      分支调用 custom_entry_price;:596 exit_signal 的 close_rate=row[OPEN_IDX];
      :551-567 信号 shift(1)),与环境 market_open_causal 合同在
      simulated_slippage_bps=0 时逐笔对齐;
    - 移除 custom_entry_price / custom_exit_price / _route_c_bars 执行 K 线
      high/low 缓存(阶段 2.5.2 bar 内调价合同依赖执行 K 线最终 high/low,
      属未来信息,已废弃为 legacy_noncausal_not_for_training);
    - simulated_slippage_bps 只属于训练与离线压力环境,不得改变 live 市场订单
      价格;Freqtrade live 使用交易所真实回报价格;
    - amount_epsilon 与 RouteCModel 从同一最终配置 freqai.route_c.amount_epsilon
      读取(工作包 E),所有执行状态读取都通过 route_c_amount_epsilon 传参。
    
    保留(阶段 2.5.2 工作包 B):
    - live 只处理最新一行(signal_convert.latest_row_signals);
    - adjust_entry_price / adjust_exit_price 官方扩展点的目标反转取消
      (None = 取消且不替换);do_predict != 1 时维持挂单。
    
    成交时机完全交给 Freqtrade 回测引擎自身的 shift(1)(open[t+1]),
    本层不加额外 shift。
    """
    
    import sys
    from pathlib import Path
    
    from pandas import DataFrame
    
>   from freqtrade.enums import RunMode
E   ModuleNotFoundError: No module named 'freqtrade'

user_data/strategies/RouteCStrategy.py:35: ModuleNotFoundError
_ ERROR at setup of TestReadPreprocessorBundleHash.test_legacy_bundle_hash_key_cannot_impersonate _

tmp_path_factory = TempPathFactory(_given_basetemp=None, _trace=<pluggy._tracing.TagTracerSub object at 0x75507b8e4190>, _basetemp=PosixPath('/tmp/pytest-of-cryptorl/pytest-0'), _retention_count=3, _retention_policy='all')

    @pytest.fixture(scope="module")
    def real_identity(tmp_path_factory):
        """正式 producer 真实生成的 identity payload + 其落盘文件。"""
>       v2 = _tiny_real_v2()
             ^^^^^^^^^^^^^^^

tests/route_c_stage2_6_1/test_curriculum261_r13_roundtrip.py:77: 
_ _ _ _ _ _ _ _ _ _ _ _ _ _ _ _ _ _ _ _ _ _ _ _ _ _ _ _ _ _ _ _ _ _ _ _ _ _ _ _ 
tests/route_c_stage2_6_1/test_curriculum261_r13_roundtrip.py:67: in _tiny_real_v2
    records = generate_fit_bank_r13("preplan_fit_main_r13", pack)
              ^^^^^^^^^^^^^^^^^^^^^^^^^^^^^^^^^^^^^^^^^^^^^^^^^^^
src/rl_curriculum/curriculum261_r13_calibration.py:79: in generate_fit_bank_r13
    return _generate_fit_bank(
src/rl_curriculum/curriculum261_r6_calibration.py:117: in generate_fit_bank_r6
    records.append(generate_pair(
src/rl_curriculum/curriculum261_pairs.py:114: in generate_pair
    episodes, log = generate_pair_with_attempts(
src/rl_curriculum/curriculum261_api.py:1504: in generate_pair_with_attempts
    episodes[side] = generator.generate(
src/rl_curriculum/generator_api.py:186: in generate
    df = self._attach_features(df)
         ^^^^^^^^^^^^^^^^^^^^^^^^^
src/rl_curriculum/curriculum261_api.py:1267: in _attach_features
    return attach_production_features(df)
           ^^^^^^^^^^^^^^^^^^^^^^^^^^^^^^
src/rl_curriculum/curriculum261_production_obs.py:160: in attach_production_features
    cls = load_route_c_strategy_class()
          ^^^^^^^^^^^^^^^^^^^^^^^^^^^^^
src/rl_curriculum/curriculum261_production_obs.py:124: in load_route_c_strategy_class
    spec.loader.exec_module(module)
<frozen importlib._bootstrap_external>:940: in exec_module
    ???
<frozen importlib._bootstrap>:241: in _call_with_frames_removed
    ???
_ _ _ _ _ _ _ _ _ _ _ _ _ _ _ _ _ _ _ _ _ _ _ _ _ _ _ _ _ _ _ _ _ _ _ _ _ _ _ _ 

    """阶段 2.5.2a 路线 C:Freqtrade 策略薄适配层(execution_mode=market_open_causal)。
    
    特征:少量因果特征(收益/滚动波动率/价格相对均值/原始 OHLC 供环境用),
    全部只使用当前及过去数据;目标仓位列 &-target_position 由 RouteCModel
    顺序推理填充。
    
    阶段 2.5.2a 改造(工作包 B):
    - 订单类型改为 market(入场/退出均市场订单):成交价由回测器/交易所决定,
      回测中市场单以执行 bar 的 open 成交(backtesting.py:1039-1057 仅 limit
      分支调用 custom_entry_price;:596 exit_signal 的 close_rate=row[OPEN_IDX];
      :551-567 信号 shift(1)),与环境 market_open_causal 合同在
      simulated_slippage_bps=0 时逐笔对齐;
    - 移除 custom_entry_price / custom_exit_price / _route_c_bars 执行 K 线
      high/low 缓存(阶段 2.5.2 bar 内调价合同依赖执行 K 线最终 high/low,
      属未来信息,已废弃为 legacy_noncausal_not_for_training);
    - simulated_slippage_bps 只属于训练与离线压力环境,不得改变 live 市场订单
      价格;Freqtrade live 使用交易所真实回报价格;
    - amount_epsilon 与 RouteCModel 从同一最终配置 freqai.route_c.amount_epsilon
      读取(工作包 E),所有执行状态读取都通过 route_c_amount_epsilon 传参。
    
    保留(阶段 2.5.2 工作包 B):
    - live 只处理最新一行(signal_convert.latest_row_signals);
    - adjust_entry_price / adjust_exit_price 官方扩展点的目标反转取消
      (None = 取消且不替换);do_predict != 1 时维持挂单。
    
    成交时机完全交给 Freqtrade 回测引擎自身的 shift(1)(open[t+1]),
    本层不加额外 shift。
    """
    
    import sys
    from pathlib import Path
    
    from pandas import DataFrame
    
>   from freqtrade.enums import RunMode
E   ModuleNotFoundError: No module named 'freqtrade'

user_data/strategies/RouteCStrategy.py:35: ModuleNotFoundError
_ ERROR at setup of TestReadPreprocessorBundleHash.test_bad_value_fail_closed __

tmp_path_factory = TempPathFactory(_given_basetemp=None, _trace=<pluggy._tracing.TagTracerSub object at 0x75507b8e4190>, _basetemp=PosixPath('/tmp/pytest-of-cryptorl/pytest-0'), _retention_count=3, _retention_policy='all')

    @pytest.fixture(scope="module")
    def real_identity(tmp_path_factory):
        """正式 producer 真实生成的 identity payload + 其落盘文件。"""
>       v2 = _tiny_real_v2()
             ^^^^^^^^^^^^^^^

tests/route_c_stage2_6_1/test_curriculum261_r13_roundtrip.py:77: 
_ _ _ _ _ _ _ _ _ _ _ _ _ _ _ _ _ _ _ _ _ _ _ _ _ _ _ _ _ _ _ _ _ _ _ _ _ _ _ _ 
tests/route_c_stage2_6_1/test_curriculum261_r13_roundtrip.py:67: in _tiny_real_v2
    records = generate_fit_bank_r13("preplan_fit_main_r13", pack)
              ^^^^^^^^^^^^^^^^^^^^^^^^^^^^^^^^^^^^^^^^^^^^^^^^^^^
src/rl_curriculum/curriculum261_r13_calibration.py:79: in generate_fit_bank_r13
    return _generate_fit_bank(
src/rl_curriculum/curriculum261_r6_calibration.py:117: in generate_fit_bank_r6
    records.append(generate_pair(
src/rl_curriculum/curriculum261_pairs.py:114: in generate_pair
    episodes, log = generate_pair_with_attempts(
src/rl_curriculum/curriculum261_api.py:1504: in generate_pair_with_attempts
    episodes[side] = generator.generate(
src/rl_curriculum/generator_api.py:186: in generate
    df = self._attach_features(df)
         ^^^^^^^^^^^^^^^^^^^^^^^^^
src/rl_curriculum/curriculum261_api.py:1267: in _attach_features
    return attach_production_features(df)
           ^^^^^^^^^^^^^^^^^^^^^^^^^^^^^^
src/rl_curriculum/curriculum261_production_obs.py:160: in attach_production_features
    cls = load_route_c_strategy_class()
          ^^^^^^^^^^^^^^^^^^^^^^^^^^^^^
src/rl_curriculum/curriculum261_production_obs.py:124: in load_route_c_strategy_class
    spec.loader.exec_module(module)
<frozen importlib._bootstrap_external>:940: in exec_module
    ???
<frozen importlib._bootstrap>:241: in _call_with_frames_removed
    ???
_ _ _ _ _ _ _ _ _ _ _ _ _ _ _ _ _ _ _ _ _ _ _ _ _ _ _ _ _ _ _ _ _ _ _ _ _ _ _ _ 

    """阶段 2.5.2a 路线 C:Freqtrade 策略薄适配层(execution_mode=market_open_causal)。
    
    特征:少量因果特征(收益/滚动波动率/价格相对均值/原始 OHLC 供环境用),
    全部只使用当前及过去数据;目标仓位列 &-target_position 由 RouteCModel
    顺序推理填充。
    
    阶段 2.5.2a 改造(工作包 B):
    - 订单类型改为 market(入场/退出均市场订单):成交价由回测器/交易所决定,
      回测中市场单以执行 bar 的 open 成交(backtesting.py:1039-1057 仅 limit
      分支调用 custom_entry_price;:596 exit_signal 的 close_rate=row[OPEN_IDX];
      :551-567 信号 shift(1)),与环境 market_open_causal 合同在
      simulated_slippage_bps=0 时逐笔对齐;
    - 移除 custom_entry_price / custom_exit_price / _route_c_bars 执行 K 线
      high/low 缓存(阶段 2.5.2 bar 内调价合同依赖执行 K 线最终 high/low,
      属未来信息,已废弃为 legacy_noncausal_not_for_training);
    - simulated_slippage_bps 只属于训练与离线压力环境,不得改变 live 市场订单
      价格;Freqtrade live 使用交易所真实回报价格;
    - amount_epsilon 与 RouteCModel 从同一最终配置 freqai.route_c.amount_epsilon
      读取(工作包 E),所有执行状态读取都通过 route_c_amount_epsilon 传参。
    
    保留(阶段 2.5.2 工作包 B):
    - live 只处理最新一行(signal_convert.latest_row_signals);
    - adjust_entry_price / adjust_exit_price 官方扩展点的目标反转取消
      (None = 取消且不替换);do_predict != 1 时维持挂单。
    
    成交时机完全交给 Freqtrade 回测引擎自身的 shift(1)(open[t+1]),
    本层不加额外 shift。
    """
    
    import sys
    from pathlib import Path
    
    from pandas import DataFrame
    
>   from freqtrade.enums import RunMode
E   ModuleNotFoundError: No module named 'freqtrade'

user_data/strategies/RouteCStrategy.py:35: ModuleNotFoundError
_ ERROR at setup of TestReadPreprocessorBundleHash.test_subprocess_independent_read _

tmp_path_factory = TempPathFactory(_given_basetemp=None, _trace=<pluggy._tracing.TagTracerSub object at 0x75507b8e4190>, _basetemp=PosixPath('/tmp/pytest-of-cryptorl/pytest-0'), _retention_count=3, _retention_policy='all')

    @pytest.fixture(scope="module")
    def real_identity(tmp_path_factory):
        """正式 producer 真实生成的 identity payload + 其落盘文件。"""
>       v2 = _tiny_real_v2()
             ^^^^^^^^^^^^^^^

tests/route_c_stage2_6_1/test_curriculum261_r13_roundtrip.py:77: 
_ _ _ _ _ _ _ _ _ _ _ _ _ _ _ _ _ _ _ _ _ _ _ _ _ _ _ _ _ _ _ _ _ _ _ _ _ _ _ _ 
tests/route_c_stage2_6_1/test_curriculum261_r13_roundtrip.py:67: in _tiny_real_v2
    records = generate_fit_bank_r13("preplan_fit_main_r13", pack)
              ^^^^^^^^^^^^^^^^^^^^^^^^^^^^^^^^^^^^^^^^^^^^^^^^^^^
src/rl_curriculum/curriculum261_r13_calibration.py:79: in generate_fit_bank_r13
    return _generate_fit_bank(
src/rl_curriculum/curriculum261_r6_calibration.py:117: in generate_fit_bank_r6
    records.append(generate_pair(
src/rl_curriculum/curriculum261_pairs.py:114: in generate_pair
    episodes, log = generate_pair_with_attempts(
src/rl_curriculum/curriculum261_api.py:1504: in generate_pair_with_attempts
    episodes[side] = generator.generate(
src/rl_curriculum/generator_api.py:186: in generate
    df = self._attach_features(df)
         ^^^^^^^^^^^^^^^^^^^^^^^^^
src/rl_curriculum/curriculum261_api.py:1267: in _attach_features
    return attach_production_features(df)
           ^^^^^^^^^^^^^^^^^^^^^^^^^^^^^^
src/rl_curriculum/curriculum261_production_obs.py:160: in attach_production_features
    cls = load_route_c_strategy_class()
          ^^^^^^^^^^^^^^^^^^^^^^^^^^^^^
src/rl_curriculum/curriculum261_production_obs.py:124: in load_route_c_strategy_class
    spec.loader.exec_module(module)
<frozen importlib._bootstrap_external>:940: in exec_module
    ???
<frozen importlib._bootstrap>:241: in _call_with_frames_removed
    ???
_ _ _ _ _ _ _ _ _ _ _ _ _ _ _ _ _ _ _ _ _ _ _ _ _ _ _ _ _ _ _ _ _ _ _ _ _ _ _ _ 

    """阶段 2.5.2a 路线 C:Freqtrade 策略薄适配层(execution_mode=market_open_causal)。
    
    特征:少量因果特征(收益/滚动波动率/价格相对均值/原始 OHLC 供环境用),
    全部只使用当前及过去数据;目标仓位列 &-target_position 由 RouteCModel
    顺序推理填充。
    
    阶段 2.5.2a 改造(工作包 B):
    - 订单类型改为 market(入场/退出均市场订单):成交价由回测器/交易所决定,
      回测中市场单以执行 bar 的 open 成交(backtesting.py:1039-1057 仅 limit
      分支调用 custom_entry_price;:596 exit_signal 的 close_rate=row[OPEN_IDX];
      :551-567 信号 shift(1)),与环境 market_open_causal 合同在
      simulated_slippage_bps=0 时逐笔对齐;
    - 移除 custom_entry_price / custom_exit_price / _route_c_bars 执行 K 线
      high/low 缓存(阶段 2.5.2 bar 内调价合同依赖执行 K 线最终 high/low,
      属未来信息,已废弃为 legacy_noncausal_not_for_training);
    - simulated_slippage_bps 只属于训练与离线压力环境,不得改变 live 市场订单
      价格;Freqtrade live 使用交易所真实回报价格;
    - amount_epsilon 与 RouteCModel 从同一最终配置 freqai.route_c.amount_epsilon
      读取(工作包 E),所有执行状态读取都通过 route_c_amount_epsilon 传参。
    
    保留(阶段 2.5.2 工作包 B):
    - live 只处理最新一行(signal_convert.latest_row_signals);
    - adjust_entry_price / adjust_exit_price 官方扩展点的目标反转取消
      (None = 取消且不替换);do_predict != 1 时维持挂单。
    
    成交时机完全交给 Freqtrade 回测引擎自身的 shift(1)(open[t+1]),
    本层不加额外 shift。
    """
    
    import sys
    from pathlib import Path
    
    from pandas import DataFrame
    
>   from freqtrade.enums import RunMode
E   ModuleNotFoundError: No module named 'freqtrade'

user_data/strategies/RouteCStrategy.py:35: ModuleNotFoundError
_ ERROR at setup of TestReadPreprocessorBundleHash.test_canonical_field_read_from_real_producer_output _

tmp_path_factory = TempPathFactory(_given_basetemp=None, _trace=<pluggy._tracing.TagTracerSub object at 0x75507b8e4190>, _basetemp=PosixPath('/tmp/pytest-of-cryptorl/pytest-0'), _retention_count=3, _retention_policy='all')

    @pytest.fixture(scope="module")
    def real_identity(tmp_path_factory):
        """正式 producer 真实生成的 identity payload + 其落盘文件。"""
>       v2 = _tiny_real_v2()
             ^^^^^^^^^^^^^^^

tests/route_c_stage2_6_1/test_curriculum261_r14_roundtrip.py:77: 
_ _ _ _ _ _ _ _ _ _ _ _ _ _ _ _ _ _ _ _ _ _ _ _ _ _ _ _ _ _ _ _ _ _ _ _ _ _ _ _ 
tests/route_c_stage2_6_1/test_curriculum261_r14_roundtrip.py:67: in _tiny_real_v2
    records = generate_fit_bank_r14("preplan_fit_main_r14", pack)
              ^^^^^^^^^^^^^^^^^^^^^^^^^^^^^^^^^^^^^^^^^^^^^^^^^^^
src/rl_curriculum/curriculum261_r14_calibration.py:79: in generate_fit_bank_r14
    return _generate_fit_bank(
src/rl_curriculum/curriculum261_r6_calibration.py:117: in generate_fit_bank_r6
    records.append(generate_pair(
src/rl_curriculum/curriculum261_pairs.py:114: in generate_pair
    episodes, log = generate_pair_with_attempts(
src/rl_curriculum/curriculum261_api.py:1504: in generate_pair_with_attempts
    episodes[side] = generator.generate(
src/rl_curriculum/generator_api.py:186: in generate
    df = self._attach_features(df)
         ^^^^^^^^^^^^^^^^^^^^^^^^^
src/rl_curriculum/curriculum261_api.py:1267: in _attach_features
    return attach_production_features(df)
           ^^^^^^^^^^^^^^^^^^^^^^^^^^^^^^
src/rl_curriculum/curriculum261_production_obs.py:160: in attach_production_features
    cls = load_route_c_strategy_class()
          ^^^^^^^^^^^^^^^^^^^^^^^^^^^^^
src/rl_curriculum/curriculum261_production_obs.py:124: in load_route_c_strategy_class
    spec.loader.exec_module(module)
<frozen importlib._bootstrap_external>:940: in exec_module
    ???
<frozen importlib._bootstrap>:241: in _call_with_frames_removed
    ???
_ _ _ _ _ _ _ _ _ _ _ _ _ _ _ _ _ _ _ _ _ _ _ _ _ _ _ _ _ _ _ _ _ _ _ _ _ _ _ _ 

    """阶段 2.5.2a 路线 C:Freqtrade 策略薄适配层(execution_mode=market_open_causal)。
    
    特征:少量因果特征(收益/滚动波动率/价格相对均值/原始 OHLC 供环境用),
    全部只使用当前及过去数据;目标仓位列 &-target_position 由 RouteCModel
    顺序推理填充。
    
    阶段 2.5.2a 改造(工作包 B):
    - 订单类型改为 market(入场/退出均市场订单):成交价由回测器/交易所决定,
      回测中市场单以执行 bar 的 open 成交(backtesting.py:1039-1057 仅 limit
      分支调用 custom_entry_price;:596 exit_signal 的 close_rate=row[OPEN_IDX];
      :551-567 信号 shift(1)),与环境 market_open_causal 合同在
      simulated_slippage_bps=0 时逐笔对齐;
    - 移除 custom_entry_price / custom_exit_price / _route_c_bars 执行 K 线
      high/low 缓存(阶段 2.5.2 bar 内调价合同依赖执行 K 线最终 high/low,
      属未来信息,已废弃为 legacy_noncausal_not_for_training);
    - simulated_slippage_bps 只属于训练与离线压力环境,不得改变 live 市场订单
      价格;Freqtrade live 使用交易所真实回报价格;
    - amount_epsilon 与 RouteCModel 从同一最终配置 freqai.route_c.amount_epsilon
      读取(工作包 E),所有执行状态读取都通过 route_c_amount_epsilon 传参。
    
    保留(阶段 2.5.2 工作包 B):
    - live 只处理最新一行(signal_convert.latest_row_signals);
    - adjust_entry_price / adjust_exit_price 官方扩展点的目标反转取消
      (None = 取消且不替换);do_predict != 1 时维持挂单。
    
    成交时机完全交给 Freqtrade 回测引擎自身的 shift(1)(open[t+1]),
    本层不加额外 shift。
    """
    
    import sys
    from pathlib import Path
    
    from pandas import DataFrame
    
>   from freqtrade.enums import RunMode
E   ModuleNotFoundError: No module named 'freqtrade'

user_data/strategies/RouteCStrategy.py:35: ModuleNotFoundError
_ ERROR at setup of TestReadPreprocessorBundleHash.test_identity_payload_has_no_legacy_key _

tmp_path_factory = TempPathFactory(_given_basetemp=None, _trace=<pluggy._tracing.TagTracerSub object at 0x75507b8e4190>, _basetemp=PosixPath('/tmp/pytest-of-cryptorl/pytest-0'), _retention_count=3, _retention_policy='all')

    @pytest.fixture(scope="module")
    def real_identity(tmp_path_factory):
        """正式 producer 真实生成的 identity payload + 其落盘文件。"""
>       v2 = _tiny_real_v2()
             ^^^^^^^^^^^^^^^

tests/route_c_stage2_6_1/test_curriculum261_r14_roundtrip.py:77: 
_ _ _ _ _ _ _ _ _ _ _ _ _ _ _ _ _ _ _ _ _ _ _ _ _ _ _ _ _ _ _ _ _ _ _ _ _ _ _ _ 
tests/route_c_stage2_6_1/test_curriculum261_r14_roundtrip.py:67: in _tiny_real_v2
    records = generate_fit_bank_r14("preplan_fit_main_r14", pack)
              ^^^^^^^^^^^^^^^^^^^^^^^^^^^^^^^^^^^^^^^^^^^^^^^^^^^
src/rl_curriculum/curriculum261_r14_calibration.py:79: in generate_fit_bank_r14
    return _generate_fit_bank(
src/rl_curriculum/curriculum261_r6_calibration.py:117: in generate_fit_bank_r6
    records.append(generate_pair(
src/rl_curriculum/curriculum261_pairs.py:114: in generate_pair
    episodes, log = generate_pair_with_attempts(
src/rl_curriculum/curriculum261_api.py:1504: in generate_pair_with_attempts
    episodes[side] = generator.generate(
src/rl_curriculum/generator_api.py:186: in generate
    df = self._attach_features(df)
         ^^^^^^^^^^^^^^^^^^^^^^^^^
src/rl_curriculum/curriculum261_api.py:1267: in _attach_features
    return attach_production_features(df)
           ^^^^^^^^^^^^^^^^^^^^^^^^^^^^^^
src/rl_curriculum/curriculum261_production_obs.py:160: in attach_production_features
    cls = load_route_c_strategy_class()
          ^^^^^^^^^^^^^^^^^^^^^^^^^^^^^
src/rl_curriculum/curriculum261_production_obs.py:124: in load_route_c_strategy_class
    spec.loader.exec_module(module)
<frozen importlib._bootstrap_external>:940: in exec_module
    ???
<frozen importlib._bootstrap>:241: in _call_with_frames_removed
    ???
_ _ _ _ _ _ _ _ _ _ _ _ _ _ _ _ _ _ _ _ _ _ _ _ _ _ _ _ _ _ _ _ _ _ _ _ _ _ _ _ 

    """阶段 2.5.2a 路线 C:Freqtrade 策略薄适配层(execution_mode=market_open_causal)。
    
    特征:少量因果特征(收益/滚动波动率/价格相对均值/原始 OHLC 供环境用),
    全部只使用当前及过去数据;目标仓位列 &-target_position 由 RouteCModel
    顺序推理填充。
    
    阶段 2.5.2a 改造(工作包 B):
    - 订单类型改为 market(入场/退出均市场订单):成交价由回测器/交易所决定,
      回测中市场单以执行 bar 的 open 成交(backtesting.py:1039-1057 仅 limit
      分支调用 custom_entry_price;:596 exit_signal 的 close_rate=row[OPEN_IDX];
      :551-567 信号 shift(1)),与环境 market_open_causal 合同在
      simulated_slippage_bps=0 时逐笔对齐;
    - 移除 custom_entry_price / custom_exit_price / _route_c_bars 执行 K 线
      high/low 缓存(阶段 2.5.2 bar 内调价合同依赖执行 K 线最终 high/low,
      属未来信息,已废弃为 legacy_noncausal_not_for_training);
    - simulated_slippage_bps 只属于训练与离线压力环境,不得改变 live 市场订单
      价格;Freqtrade live 使用交易所真实回报价格;
    - amount_epsilon 与 RouteCModel 从同一最终配置 freqai.route_c.amount_epsilon
      读取(工作包 E),所有执行状态读取都通过 route_c_amount_epsilon 传参。
    
    保留(阶段 2.5.2 工作包 B):
    - live 只处理最新一行(signal_convert.latest_row_signals);
    - adjust_entry_price / adjust_exit_price 官方扩展点的目标反转取消
      (None = 取消且不替换);do_predict != 1 时维持挂单。
    
    成交时机完全交给 Freqtrade 回测引擎自身的 shift(1)(open[t+1]),
    本层不加额外 shift。
    """
    
    import sys
    from pathlib import Path
    
    from pandas import DataFrame
    
>   from freqtrade.enums import RunMode
E   ModuleNotFoundError: No module named 'freqtrade'

user_data/strategies/RouteCStrategy.py:35: ModuleNotFoundError
_ ERROR at setup of TestReadPreprocessorBundleHash.test_missing_canonical_field_fail_closed _

tmp_path_factory = TempPathFactory(_given_basetemp=None, _trace=<pluggy._tracing.TagTracerSub object at 0x75507b8e4190>, _basetemp=PosixPath('/tmp/pytest-of-cryptorl/pytest-0'), _retention_count=3, _retention_policy='all')

    @pytest.fixture(scope="module")
    def real_identity(tmp_path_factory):
        """正式 producer 真实生成的 identity payload + 其落盘文件。"""
>       v2 = _tiny_real_v2()
             ^^^^^^^^^^^^^^^

tests/route_c_stage2_6_1/test_curriculum261_r14_roundtrip.py:77: 
_ _ _ _ _ _ _ _ _ _ _ _ _ _ _ _ _ _ _ _ _ _ _ _ _ _ _ _ _ _ _ _ _ _ _ _ _ _ _ _ 
tests/route_c_stage2_6_1/test_curriculum261_r14_roundtrip.py:67: in _tiny_real_v2
    records = generate_fit_bank_r14("preplan_fit_main_r14", pack)
              ^^^^^^^^^^^^^^^^^^^^^^^^^^^^^^^^^^^^^^^^^^^^^^^^^^^
src/rl_curriculum/curriculum261_r14_calibration.py:79: in generate_fit_bank_r14
    return _generate_fit_bank(
src/rl_curriculum/curriculum261_r6_calibration.py:117: in generate_fit_bank_r6
    records.append(generate_pair(
src/rl_curriculum/curriculum261_pairs.py:114: in generate_pair
    episodes, log = generate_pair_with_attempts(
src/rl_curriculum/curriculum261_api.py:1504: in generate_pair_with_attempts
    episodes[side] = generator.generate(
src/rl_curriculum/generator_api.py:186: in generate
    df = self._attach_features(df)
         ^^^^^^^^^^^^^^^^^^^^^^^^^
src/rl_curriculum/curriculum261_api.py:1267: in _attach_features
    return attach_production_features(df)
           ^^^^^^^^^^^^^^^^^^^^^^^^^^^^^^
src/rl_curriculum/curriculum261_production_obs.py:160: in attach_production_features
    cls = load_route_c_strategy_class()
          ^^^^^^^^^^^^^^^^^^^^^^^^^^^^^
src/rl_curriculum/curriculum261_production_obs.py:124: in load_route_c_strategy_class
    spec.loader.exec_module(module)
<frozen importlib._bootstrap_external>:940: in exec_module
    ???
<frozen importlib._bootstrap>:241: in _call_with_frames_removed
    ???
_ _ _ _ _ _ _ _ _ _ _ _ _ _ _ _ _ _ _ _ _ _ _ _ _ _ _ _ _ _ _ _ _ _ _ _ _ _ _ _ 

    """阶段 2.5.2a 路线 C:Freqtrade 策略薄适配层(execution_mode=market_open_causal)。
    
    特征:少量因果特征(收益/滚动波动率/价格相对均值/原始 OHLC 供环境用),
    全部只使用当前及过去数据;目标仓位列 &-target_position 由 RouteCModel
    顺序推理填充。
    
    阶段 2.5.2a 改造(工作包 B):
    - 订单类型改为 market(入场/退出均市场订单):成交价由回测器/交易所决定,
      回测中市场单以执行 bar 的 open 成交(backtesting.py:1039-1057 仅 limit
      分支调用 custom_entry_price;:596 exit_signal 的 close_rate=row[OPEN_IDX];
      :551-567 信号 shift(1)),与环境 market_open_causal 合同在
      simulated_slippage_bps=0 时逐笔对齐;
    - 移除 custom_entry_price / custom_exit_price / _route_c_bars 执行 K 线
      high/low 缓存(阶段 2.5.2 bar 内调价合同依赖执行 K 线最终 high/low,
      属未来信息,已废弃为 legacy_noncausal_not_for_training);
    - simulated_slippage_bps 只属于训练与离线压力环境,不得改变 live 市场订单
      价格;Freqtrade live 使用交易所真实回报价格;
    - amount_epsilon 与 RouteCModel 从同一最终配置 freqai.route_c.amount_epsilon
      读取(工作包 E),所有执行状态读取都通过 route_c_amount_epsilon 传参。
    
    保留(阶段 2.5.2 工作包 B):
    - live 只处理最新一行(signal_convert.latest_row_signals);
    - adjust_entry_price / adjust_exit_price 官方扩展点的目标反转取消
      (None = 取消且不替换);do_predict != 1 时维持挂单。
    
    成交时机完全交给 Freqtrade 回测引擎自身的 shift(1)(open[t+1]),
    本层不加额外 shift。
    """
    
    import sys
    from pathlib import Path
    
    from pandas import DataFrame
    
>   from freqtrade.enums import RunMode
E   ModuleNotFoundError: No module named 'freqtrade'

user_data/strategies/RouteCStrategy.py:35: ModuleNotFoundError
_ ERROR at setup of TestReadPreprocessorBundleHash.test_legacy_bundle_hash_key_cannot_impersonate _

tmp_path_factory = TempPathFactory(_given_basetemp=None, _trace=<pluggy._tracing.TagTracerSub object at 0x75507b8e4190>, _basetemp=PosixPath('/tmp/pytest-of-cryptorl/pytest-0'), _retention_count=3, _retention_policy='all')

    @pytest.fixture(scope="module")
    def real_identity(tmp_path_factory):
        """正式 producer 真实生成的 identity payload + 其落盘文件。"""
>       v2 = _tiny_real_v2()
             ^^^^^^^^^^^^^^^

tests/route_c_stage2_6_1/test_curriculum261_r14_roundtrip.py:77: 
_ _ _ _ _ _ _ _ _ _ _ _ _ _ _ _ _ _ _ _ _ _ _ _ _ _ _ _ _ _ _ _ _ _ _ _ _ _ _ _ 
tests/route_c_stage2_6_1/test_curriculum261_r14_roundtrip.py:67: in _tiny_real_v2
    records = generate_fit_bank_r14("preplan_fit_main_r14", pack)
              ^^^^^^^^^^^^^^^^^^^^^^^^^^^^^^^^^^^^^^^^^^^^^^^^^^^
src/rl_curriculum/curriculum261_r14_calibration.py:79: in generate_fit_bank_r14
    return _generate_fit_bank(
src/rl_curriculum/curriculum261_r6_calibration.py:117: in generate_fit_bank_r6
    records.append(generate_pair(
src/rl_curriculum/curriculum261_pairs.py:114: in generate_pair
    episodes, log = generate_pair_with_attempts(
src/rl_curriculum/curriculum261_api.py:1504: in generate_pair_with_attempts
    episodes[side] = generator.generate(
src/rl_curriculum/generator_api.py:186: in generate
    df = self._attach_features(df)
         ^^^^^^^^^^^^^^^^^^^^^^^^^
src/rl_curriculum/curriculum261_api.py:1267: in _attach_features
    return attach_production_features(df)
           ^^^^^^^^^^^^^^^^^^^^^^^^^^^^^^
src/rl_curriculum/curriculum261_production_obs.py:160: in attach_production_features
    cls = load_route_c_strategy_class()
          ^^^^^^^^^^^^^^^^^^^^^^^^^^^^^
src/rl_curriculum/curriculum261_production_obs.py:124: in load_route_c_strategy_class
    spec.loader.exec_module(module)
<frozen importlib._bootstrap_external>:940: in exec_module
    ???
<frozen importlib._bootstrap>:241: in _call_with_frames_removed
    ???
_ _ _ _ _ _ _ _ _ _ _ _ _ _ _ _ _ _ _ _ _ _ _ _ _ _ _ _ _ _ _ _ _ _ _ _ _ _ _ _ 

    """阶段 2.5.2a 路线 C:Freqtrade 策略薄适配层(execution_mode=market_open_causal)。
    
    特征:少量因果特征(收益/滚动波动率/价格相对均值/原始 OHLC 供环境用),
    全部只使用当前及过去数据;目标仓位列 &-target_position 由 RouteCModel
    顺序推理填充。
    
    阶段 2.5.2a 改造(工作包 B):
    - 订单类型改为 market(入场/退出均市场订单):成交价由回测器/交易所决定,
      回测中市场单以执行 bar 的 open 成交(backtesting.py:1039-1057 仅 limit
      分支调用 custom_entry_price;:596 exit_signal 的 close_rate=row[OPEN_IDX];
      :551-567 信号 shift(1)),与环境 market_open_causal 合同在
      simulated_slippage_bps=0 时逐笔对齐;
    - 移除 custom_entry_price / custom_exit_price / _route_c_bars 执行 K 线
      high/low 缓存(阶段 2.5.2 bar 内调价合同依赖执行 K 线最终 high/low,
      属未来信息,已废弃为 legacy_noncausal_not_for_training);
    - simulated_slippage_bps 只属于训练与离线压力环境,不得改变 live 市场订单
      价格;Freqtrade live 使用交易所真实回报价格;
    - amount_epsilon 与 RouteCModel 从同一最终配置 freqai.route_c.amount_epsilon
      读取(工作包 E),所有执行状态读取都通过 route_c_amount_epsilon 传参。
    
    保留(阶段 2.5.2 工作包 B):
    - live 只处理最新一行(signal_convert.latest_row_signals);
    - adjust_entry_price / adjust_exit_price 官方扩展点的目标反转取消
      (None = 取消且不替换);do_predict != 1 时维持挂单。
    
    成交时机完全交给 Freqtrade 回测引擎自身的 shift(1)(open[t+1]),
    本层不加额外 shift。
    """
    
    import sys
    from pathlib import Path
    
    from pandas import DataFrame
    
>   from freqtrade.enums import RunMode
E   ModuleNotFoundError: No module named 'freqtrade'

user_data/strategies/RouteCStrategy.py:35: ModuleNotFoundError
_ ERROR at setup of TestReadPreprocessorBundleHash.test_bad_value_fail_closed __

tmp_path_factory = TempPathFactory(_given_basetemp=None, _trace=<pluggy._tracing.TagTracerSub object at 0x75507b8e4190>, _basetemp=PosixPath('/tmp/pytest-of-cryptorl/pytest-0'), _retention_count=3, _retention_policy='all')

    @pytest.fixture(scope="module")
    def real_identity(tmp_path_factory):
        """正式 producer 真实生成的 identity payload + 其落盘文件。"""
>       v2 = _tiny_real_v2()
             ^^^^^^^^^^^^^^^

tests/route_c_stage2_6_1/test_curriculum261_r14_roundtrip.py:77: 
_ _ _ _ _ _ _ _ _ _ _ _ _ _ _ _ _ _ _ _ _ _ _ _ _ _ _ _ _ _ _ _ _ _ _ _ _ _ _ _ 
tests/route_c_stage2_6_1/test_curriculum261_r14_roundtrip.py:67: in _tiny_real_v2
    records = generate_fit_bank_r14("preplan_fit_main_r14", pack)
              ^^^^^^^^^^^^^^^^^^^^^^^^^^^^^^^^^^^^^^^^^^^^^^^^^^^
src/rl_curriculum/curriculum261_r14_calibration.py:79: in generate_fit_bank_r14
    return _generate_fit_bank(
src/rl_curriculum/curriculum261_r6_calibration.py:117: in generate_fit_bank_r6
    records.append(generate_pair(
src/rl_curriculum/curriculum261_pairs.py:114: in generate_pair
    episodes, log = generate_pair_with_attempts(
src/rl_curriculum/curriculum261_api.py:1504: in generate_pair_with_attempts
    episodes[side] = generator.generate(
src/rl_curriculum/generator_api.py:186: in generate
    df = self._attach_features(df)
         ^^^^^^^^^^^^^^^^^^^^^^^^^
src/rl_curriculum/curriculum261_api.py:1267: in _attach_features
    return attach_production_features(df)
           ^^^^^^^^^^^^^^^^^^^^^^^^^^^^^^
src/rl_curriculum/curriculum261_production_obs.py:160: in attach_production_features
    cls = load_route_c_strategy_class()
          ^^^^^^^^^^^^^^^^^^^^^^^^^^^^^
src/rl_curriculum/curriculum261_production_obs.py:124: in load_route_c_strategy_class
    spec.loader.exec_module(module)
<frozen importlib._bootstrap_external>:940: in exec_module
    ???
<frozen importlib._bootstrap>:241: in _call_with_frames_removed
    ???
_ _ _ _ _ _ _ _ _ _ _ _ _ _ _ _ _ _ _ _ _ _ _ _ _ _ _ _ _ _ _ _ _ _ _ _ _ _ _ _ 

    """阶段 2.5.2a 路线 C:Freqtrade 策略薄适配层(execution_mode=market_open_causal)。
    
    特征:少量因果特征(收益/滚动波动率/价格相对均值/原始 OHLC 供环境用),
    全部只使用当前及过去数据;目标仓位列 &-target_position 由 RouteCModel
    顺序推理填充。
    
    阶段 2.5.2a 改造(工作包 B):
    - 订单类型改为 market(入场/退出均市场订单):成交价由回测器/交易所决定,
      回测中市场单以执行 bar 的 open 成交(backtesting.py:1039-1057 仅 limit
      分支调用 custom_entry_price;:596 exit_signal 的 close_rate=row[OPEN_IDX];
      :551-567 信号 shift(1)),与环境 market_open_causal 合同在
      simulated_slippage_bps=0 时逐笔对齐;
    - 移除 custom_entry_price / custom_exit_price / _route_c_bars 执行 K 线
      high/low 缓存(阶段 2.5.2 bar 内调价合同依赖执行 K 线最终 high/low,
      属未来信息,已废弃为 legacy_noncausal_not_for_training);
    - simulated_slippage_bps 只属于训练与离线压力环境,不得改变 live 市场订单
      价格;Freqtrade live 使用交易所真实回报价格;
    - amount_epsilon 与 RouteCModel 从同一最终配置 freqai.route_c.amount_epsilon
      读取(工作包 E),所有执行状态读取都通过 route_c_amount_epsilon 传参。
    
    保留(阶段 2.5.2 工作包 B):
    - live 只处理最新一行(signal_convert.latest_row_signals);
    - adjust_entry_price / adjust_exit_price 官方扩展点的目标反转取消
      (None = 取消且不替换);do_predict != 1 时维持挂单。
    
    成交时机完全交给 Freqtrade 回测引擎自身的 shift(1)(open[t+1]),
    本层不加额外 shift。
    """
    
    import sys
    from pathlib import Path
    
    from pandas import DataFrame
    
>   from freqtrade.enums import RunMode
E   ModuleNotFoundError: No module named 'freqtrade'

user_data/strategies/RouteCStrategy.py:35: ModuleNotFoundError
_ ERROR at setup of TestReadPreprocessorBundleHash.test_subprocess_independent_read _

tmp_path_factory = TempPathFactory(_given_basetemp=None, _trace=<pluggy._tracing.TagTracerSub object at 0x75507b8e4190>, _basetemp=PosixPath('/tmp/pytest-of-cryptorl/pytest-0'), _retention_count=3, _retention_policy='all')

    @pytest.fixture(scope="module")
    def real_identity(tmp_path_factory):
        """正式 producer 真实生成的 identity payload + 其落盘文件。"""
>       v2 = _tiny_real_v2()
             ^^^^^^^^^^^^^^^

tests/route_c_stage2_6_1/test_curriculum261_r14_roundtrip.py:77: 
_ _ _ _ _ _ _ _ _ _ _ _ _ _ _ _ _ _ _ _ _ _ _ _ _ _ _ _ _ _ _ _ _ _ _ _ _ _ _ _ 
tests/route_c_stage2_6_1/test_curriculum261_r14_roundtrip.py:67: in _tiny_real_v2
    records = generate_fit_bank_r14("preplan_fit_main_r14", pack)
              ^^^^^^^^^^^^^^^^^^^^^^^^^^^^^^^^^^^^^^^^^^^^^^^^^^^
src/rl_curriculum/curriculum261_r14_calibration.py:79: in generate_fit_bank_r14
    return _generate_fit_bank(
src/rl_curriculum/curriculum261_r6_calibration.py:117: in generate_fit_bank_r6
    records.append(generate_pair(
src/rl_curriculum/curriculum261_pairs.py:114: in generate_pair
    episodes, log = generate_pair_with_attempts(
src/rl_curriculum/curriculum261_api.py:1504: in generate_pair_with_attempts
    episodes[side] = generator.generate(
src/rl_curriculum/generator_api.py:186: in generate
    df = self._attach_features(df)
         ^^^^^^^^^^^^^^^^^^^^^^^^^
src/rl_curriculum/curriculum261_api.py:1267: in _attach_features
    return attach_production_features(df)
           ^^^^^^^^^^^^^^^^^^^^^^^^^^^^^^
src/rl_curriculum/curriculum261_production_obs.py:160: in attach_production_features
    cls = load_route_c_strategy_class()
          ^^^^^^^^^^^^^^^^^^^^^^^^^^^^^
src/rl_curriculum/curriculum261_production_obs.py:124: in load_route_c_strategy_class
    spec.loader.exec_module(module)
<frozen importlib._bootstrap_external>:940: in exec_module
    ???
<frozen importlib._bootstrap>:241: in _call_with_frames_removed
    ???
_ _ _ _ _ _ _ _ _ _ _ _ _ _ _ _ _ _ _ _ _ _ _ _ _ _ _ _ _ _ _ _ _ _ _ _ _ _ _ _ 

    """阶段 2.5.2a 路线 C:Freqtrade 策略薄适配层(execution_mode=market_open_causal)。
    
    特征:少量因果特征(收益/滚动波动率/价格相对均值/原始 OHLC 供环境用),
    全部只使用当前及过去数据;目标仓位列 &-target_position 由 RouteCModel
    顺序推理填充。
    
    阶段 2.5.2a 改造(工作包 B):
    - 订单类型改为 market(入场/退出均市场订单):成交价由回测器/交易所决定,
      回测中市场单以执行 bar 的 open 成交(backtesting.py:1039-1057 仅 limit
      分支调用 custom_entry_price;:596 exit_signal 的 close_rate=row[OPEN_IDX];
      :551-567 信号 shift(1)),与环境 market_open_causal 合同在
      simulated_slippage_bps=0 时逐笔对齐;
    - 移除 custom_entry_price / custom_exit_price / _route_c_bars 执行 K 线
      high/low 缓存(阶段 2.5.2 bar 内调价合同依赖执行 K 线最终 high/low,
      属未来信息,已废弃为 legacy_noncausal_not_for_training);
    - simulated_slippage_bps 只属于训练与离线压力环境,不得改变 live 市场订单
      价格;Freqtrade live 使用交易所真实回报价格;
    - amount_epsilon 与 RouteCModel 从同一最终配置 freqai.route_c.amount_epsilon
      读取(工作包 E),所有执行状态读取都通过 route_c_amount_epsilon 传参。
    
    保留(阶段 2.5.2 工作包 B):
    - live 只处理最新一行(signal_convert.latest_row_signals);
    - adjust_entry_price / adjust_exit_price 官方扩展点的目标反转取消
      (None = 取消且不替换);do_predict != 1 时维持挂单。
    
    成交时机完全交给 Freqtrade 回测引擎自身的 shift(1)(open[t+1]),
    本层不加额外 shift。
    """
    
    import sys
    from pathlib import Path
    
    from pandas import DataFrame
    
>   from freqtrade.enums import RunMode
E   ModuleNotFoundError: No module named 'freqtrade'

user_data/strategies/RouteCStrategy.py:35: ModuleNotFoundError
_ ERROR at setup of TestReadPreprocessorBundleHash.test_canonical_field_read_from_real_producer_output _

tmp_path_factory = TempPathFactory(_given_basetemp=None, _trace=<pluggy._tracing.TagTracerSub object at 0x75507b8e4190>, _basetemp=PosixPath('/tmp/pytest-of-cryptorl/pytest-0'), _retention_count=3, _retention_policy='all')

    @pytest.fixture(scope="module")
    def real_identity(tmp_path_factory):
        """正式 producer 真实生成的 identity payload + 其落盘文件。"""
>       v2 = _tiny_real_v2()
             ^^^^^^^^^^^^^^^

tests/route_c_stage2_6_1/test_curriculum261_r15_roundtrip.py:77: 
_ _ _ _ _ _ _ _ _ _ _ _ _ _ _ _ _ _ _ _ _ _ _ _ _ _ _ _ _ _ _ _ _ _ _ _ _ _ _ _ 
tests/route_c_stage2_6_1/test_curriculum261_r15_roundtrip.py:67: in _tiny_real_v2
    records = generate_fit_bank_r15("preplan_fit_main_r15", pack)
              ^^^^^^^^^^^^^^^^^^^^^^^^^^^^^^^^^^^^^^^^^^^^^^^^^^^
src/rl_curriculum/curriculum261_r15_calibration.py:79: in generate_fit_bank_r15
    return _generate_fit_bank(
src/rl_curriculum/curriculum261_r6_calibration.py:117: in generate_fit_bank_r6
    records.append(generate_pair(
src/rl_curriculum/curriculum261_pairs.py:114: in generate_pair
    episodes, log = generate_pair_with_attempts(
src/rl_curriculum/curriculum261_api.py:1504: in generate_pair_with_attempts
    episodes[side] = generator.generate(
src/rl_curriculum/generator_api.py:186: in generate
    df = self._attach_features(df)
         ^^^^^^^^^^^^^^^^^^^^^^^^^
src/rl_curriculum/curriculum261_api.py:1267: in _attach_features
    return attach_production_features(df)
           ^^^^^^^^^^^^^^^^^^^^^^^^^^^^^^
src/rl_curriculum/curriculum261_production_obs.py:160: in attach_production_features
    cls = load_route_c_strategy_class()
          ^^^^^^^^^^^^^^^^^^^^^^^^^^^^^
src/rl_curriculum/curriculum261_production_obs.py:124: in load_route_c_strategy_class
    spec.loader.exec_module(module)
<frozen importlib._bootstrap_external>:940: in exec_module
    ???
<frozen importlib._bootstrap>:241: in _call_with_frames_removed
    ???
_ _ _ _ _ _ _ _ _ _ _ _ _ _ _ _ _ _ _ _ _ _ _ _ _ _ _ _ _ _ _ _ _ _ _ _ _ _ _ _ 

    """阶段 2.5.2a 路线 C:Freqtrade 策略薄适配层(execution_mode=market_open_causal)。
    
    特征:少量因果特征(收益/滚动波动率/价格相对均值/原始 OHLC 供环境用),
    全部只使用当前及过去数据;目标仓位列 &-target_position 由 RouteCModel
    顺序推理填充。
    
    阶段 2.5.2a 改造(工作包 B):
    - 订单类型改为 market(入场/退出均市场订单):成交价由回测器/交易所决定,
      回测中市场单以执行 bar 的 open 成交(backtesting.py:1039-1057 仅 limit
      分支调用 custom_entry_price;:596 exit_signal 的 close_rate=row[OPEN_IDX];
      :551-567 信号 shift(1)),与环境 market_open_causal 合同在
      simulated_slippage_bps=0 时逐笔对齐;
    - 移除 custom_entry_price / custom_exit_price / _route_c_bars 执行 K 线
      high/low 缓存(阶段 2.5.2 bar 内调价合同依赖执行 K 线最终 high/low,
      属未来信息,已废弃为 legacy_noncausal_not_for_training);
    - simulated_slippage_bps 只属于训练与离线压力环境,不得改变 live 市场订单
      价格;Freqtrade live 使用交易所真实回报价格;
    - amount_epsilon 与 RouteCModel 从同一最终配置 freqai.route_c.amount_epsilon
      读取(工作包 E),所有执行状态读取都通过 route_c_amount_epsilon 传参。
    
    保留(阶段 2.5.2 工作包 B):
    - live 只处理最新一行(signal_convert.latest_row_signals);
    - adjust_entry_price / adjust_exit_price 官方扩展点的目标反转取消
      (None = 取消且不替换);do_predict != 1 时维持挂单。
    
    成交时机完全交给 Freqtrade 回测引擎自身的 shift(1)(open[t+1]),
    本层不加额外 shift。
    """
    
    import sys
    from pathlib import Path
    
    from pandas import DataFrame
    
>   from freqtrade.enums import RunMode
E   ModuleNotFoundError: No module named 'freqtrade'

user_data/strategies/RouteCStrategy.py:35: ModuleNotFoundError
_ ERROR at setup of TestReadPreprocessorBundleHash.test_identity_payload_has_no_legacy_key _

tmp_path_factory = TempPathFactory(_given_basetemp=None, _trace=<pluggy._tracing.TagTracerSub object at 0x75507b8e4190>, _basetemp=PosixPath('/tmp/pytest-of-cryptorl/pytest-0'), _retention_count=3, _retention_policy='all')

    @pytest.fixture(scope="module")
    def real_identity(tmp_path_factory):
        """正式 producer 真实生成的 identity payload + 其落盘文件。"""
>       v2 = _tiny_real_v2()
             ^^^^^^^^^^^^^^^

tests/route_c_stage2_6_1/test_curriculum261_r15_roundtrip.py:77: 
_ _ _ _ _ _ _ _ _ _ _ _ _ _ _ _ _ _ _ _ _ _ _ _ _ _ _ _ _ _ _ _ _ _ _ _ _ _ _ _ 
tests/route_c_stage2_6_1/test_curriculum261_r15_roundtrip.py:67: in _tiny_real_v2
    records = generate_fit_bank_r15("preplan_fit_main_r15", pack)
              ^^^^^^^^^^^^^^^^^^^^^^^^^^^^^^^^^^^^^^^^^^^^^^^^^^^
src/rl_curriculum/curriculum261_r15_calibration.py:79: in generate_fit_bank_r15
    return _generate_fit_bank(
src/rl_curriculum/curriculum261_r6_calibration.py:117: in generate_fit_bank_r6
    records.append(generate_pair(
src/rl_curriculum/curriculum261_pairs.py:114: in generate_pair
    episodes, log = generate_pair_with_attempts(
src/rl_curriculum/curriculum261_api.py:1504: in generate_pair_with_attempts
    episodes[side] = generator.generate(
src/rl_curriculum/generator_api.py:186: in generate
    df = self._attach_features(df)
         ^^^^^^^^^^^^^^^^^^^^^^^^^
src/rl_curriculum/curriculum261_api.py:1267: in _attach_features
    return attach_production_features(df)
           ^^^^^^^^^^^^^^^^^^^^^^^^^^^^^^
src/rl_curriculum/curriculum261_production_obs.py:160: in attach_production_features
    cls = load_route_c_strategy_class()
          ^^^^^^^^^^^^^^^^^^^^^^^^^^^^^
src/rl_curriculum/curriculum261_production_obs.py:124: in load_route_c_strategy_class
    spec.loader.exec_module(module)
<frozen importlib._bootstrap_external>:940: in exec_module
    ???
<frozen importlib._bootstrap>:241: in _call_with_frames_removed
    ???
_ _ _ _ _ _ _ _ _ _ _ _ _ _ _ _ _ _ _ _ _ _ _ _ _ _ _ _ _ _ _ _ _ _ _ _ _ _ _ _ 

    """阶段 2.5.2a 路线 C:Freqtrade 策略薄适配层(execution_mode=market_open_causal)。
    
    特征:少量因果特征(收益/滚动波动率/价格相对均值/原始 OHLC 供环境用),
    全部只使用当前及过去数据;目标仓位列 &-target_position 由 RouteCModel
    顺序推理填充。
    
    阶段 2.5.2a 改造(工作包 B):
    - 订单类型改为 market(入场/退出均市场订单):成交价由回测器/交易所决定,
      回测中市场单以执行 bar 的 open 成交(backtesting.py:1039-1057 仅 limit
      分支调用 custom_entry_price;:596 exit_signal 的 close_rate=row[OPEN_IDX];
      :551-567 信号 shift(1)),与环境 market_open_causal 合同在
      simulated_slippage_bps=0 时逐笔对齐;
    - 移除 custom_entry_price / custom_exit_price / _route_c_bars 执行 K 线
      high/low 缓存(阶段 2.5.2 bar 内调价合同依赖执行 K 线最终 high/low,
      属未来信息,已废弃为 legacy_noncausal_not_for_training);
    - simulated_slippage_bps 只属于训练与离线压力环境,不得改变 live 市场订单
      价格;Freqtrade live 使用交易所真实回报价格;
    - amount_epsilon 与 RouteCModel 从同一最终配置 freqai.route_c.amount_epsilon
      读取(工作包 E),所有执行状态读取都通过 route_c_amount_epsilon 传参。
    
    保留(阶段 2.5.2 工作包 B):
    - live 只处理最新一行(signal_convert.latest_row_signals);
    - adjust_entry_price / adjust_exit_price 官方扩展点的目标反转取消
      (None = 取消且不替换);do_predict != 1 时维持挂单。
    
    成交时机完全交给 Freqtrade 回测引擎自身的 shift(1)(open[t+1]),
    本层不加额外 shift。
    """
    
    import sys
    from pathlib import Path
    
    from pandas import DataFrame
    
>   from freqtrade.enums import RunMode
E   ModuleNotFoundError: No module named 'freqtrade'

user_data/strategies/RouteCStrategy.py:35: ModuleNotFoundError
_ ERROR at setup of TestReadPreprocessorBundleHash.test_missing_canonical_field_fail_closed _

tmp_path_factory = TempPathFactory(_given_basetemp=None, _trace=<pluggy._tracing.TagTracerSub object at 0x75507b8e4190>, _basetemp=PosixPath('/tmp/pytest-of-cryptorl/pytest-0'), _retention_count=3, _retention_policy='all')

    @pytest.fixture(scope="module")
    def real_identity(tmp_path_factory):
        """正式 producer 真实生成的 identity payload + 其落盘文件。"""
>       v2 = _tiny_real_v2()
             ^^^^^^^^^^^^^^^

tests/route_c_stage2_6_1/test_curriculum261_r15_roundtrip.py:77: 
_ _ _ _ _ _ _ _ _ _ _ _ _ _ _ _ _ _ _ _ _ _ _ _ _ _ _ _ _ _ _ _ _ _ _ _ _ _ _ _ 
tests/route_c_stage2_6_1/test_curriculum261_r15_roundtrip.py:67: in _tiny_real_v2
    records = generate_fit_bank_r15("preplan_fit_main_r15", pack)
              ^^^^^^^^^^^^^^^^^^^^^^^^^^^^^^^^^^^^^^^^^^^^^^^^^^^
src/rl_curriculum/curriculum261_r15_calibration.py:79: in generate_fit_bank_r15
    return _generate_fit_bank(
src/rl_curriculum/curriculum261_r6_calibration.py:117: in generate_fit_bank_r6
    records.append(generate_pair(
src/rl_curriculum/curriculum261_pairs.py:114: in generate_pair
    episodes, log = generate_pair_with_attempts(
src/rl_curriculum/curriculum261_api.py:1504: in generate_pair_with_attempts
    episodes[side] = generator.generate(
src/rl_curriculum/generator_api.py:186: in generate
    df = self._attach_features(df)
         ^^^^^^^^^^^^^^^^^^^^^^^^^
src/rl_curriculum/curriculum261_api.py:1267: in _attach_features
    return attach_production_features(df)
           ^^^^^^^^^^^^^^^^^^^^^^^^^^^^^^
src/rl_curriculum/curriculum261_production_obs.py:160: in attach_production_features
    cls = load_route_c_strategy_class()
          ^^^^^^^^^^^^^^^^^^^^^^^^^^^^^
src/rl_curriculum/curriculum261_production_obs.py:124: in load_route_c_strategy_class
    spec.loader.exec_module(module)
<frozen importlib._bootstrap_external>:940: in exec_module
    ???
<frozen importlib._bootstrap>:241: in _call_with_frames_removed
    ???
_ _ _ _ _ _ _ _ _ _ _ _ _ _ _ _ _ _ _ _ _ _ _ _ _ _ _ _ _ _ _ _ _ _ _ _ _ _ _ _ 

    """阶段 2.5.2a 路线 C:Freqtrade 策略薄适配层(execution_mode=market_open_causal)。
    
    特征:少量因果特征(收益/滚动波动率/价格相对均值/原始 OHLC 供环境用),
    全部只使用当前及过去数据;目标仓位列 &-target_position 由 RouteCModel
    顺序推理填充。
    
    阶段 2.5.2a 改造(工作包 B):
    - 订单类型改为 market(入场/退出均市场订单):成交价由回测器/交易所决定,
      回测中市场单以执行 bar 的 open 成交(backtesting.py:1039-1057 仅 limit
      分支调用 custom_entry_price;:596 exit_signal 的 close_rate=row[OPEN_IDX];
      :551-567 信号 shift(1)),与环境 market_open_causal 合同在
      simulated_slippage_bps=0 时逐笔对齐;
    - 移除 custom_entry_price / custom_exit_price / _route_c_bars 执行 K 线
      high/low 缓存(阶段 2.5.2 bar 内调价合同依赖执行 K 线最终 high/low,
      属未来信息,已废弃为 legacy_noncausal_not_for_training);
    - simulated_slippage_bps 只属于训练与离线压力环境,不得改变 live 市场订单
      价格;Freqtrade live 使用交易所真实回报价格;
    - amount_epsilon 与 RouteCModel 从同一最终配置 freqai.route_c.amount_epsilon
      读取(工作包 E),所有执行状态读取都通过 route_c_amount_epsilon 传参。
    
    保留(阶段 2.5.2 工作包 B):
    - live 只处理最新一行(signal_convert.latest_row_signals);
    - adjust_entry_price / adjust_exit_price 官方扩展点的目标反转取消
      (None = 取消且不替换);do_predict != 1 时维持挂单。
    
    成交时机完全交给 Freqtrade 回测引擎自身的 shift(1)(open[t+1]),
    本层不加额外 shift。
    """
    
    import sys
    from pathlib import Path
    
    from pandas import DataFrame
    
>   from freqtrade.enums import RunMode
E   ModuleNotFoundError: No module named 'freqtrade'

user_data/strategies/RouteCStrategy.py:35: ModuleNotFoundError
_ ERROR at setup of TestReadPreprocessorBundleHash.test_legacy_bundle_hash_key_cannot_impersonate _

tmp_path_factory = TempPathFactory(_given_basetemp=None, _trace=<pluggy._tracing.TagTracerSub object at 0x75507b8e4190>, _basetemp=PosixPath('/tmp/pytest-of-cryptorl/pytest-0'), _retention_count=3, _retention_policy='all')

    @pytest.fixture(scope="module")
    def real_identity(tmp_path_factory):
        """正式 producer 真实生成的 identity payload + 其落盘文件。"""
>       v2 = _tiny_real_v2()
             ^^^^^^^^^^^^^^^

tests/route_c_stage2_6_1/test_curriculum261_r15_roundtrip.py:77: 
_ _ _ _ _ _ _ _ _ _ _ _ _ _ _ _ _ _ _ _ _ _ _ _ _ _ _ _ _ _ _ _ _ _ _ _ _ _ _ _ 
tests/route_c_stage2_6_1/test_curriculum261_r15_roundtrip.py:67: in _tiny_real_v2
    records = generate_fit_bank_r15("preplan_fit_main_r15", pack)
              ^^^^^^^^^^^^^^^^^^^^^^^^^^^^^^^^^^^^^^^^^^^^^^^^^^^
src/rl_curriculum/curriculum261_r15_calibration.py:79: in generate_fit_bank_r15
    return _generate_fit_bank(
src/rl_curriculum/curriculum261_r6_calibration.py:117: in generate_fit_bank_r6
    records.append(generate_pair(
src/rl_curriculum/curriculum261_pairs.py:114: in generate_pair
    episodes, log = generate_pair_with_attempts(
src/rl_curriculum/curriculum261_api.py:1504: in generate_pair_with_attempts
    episodes[side] = generator.generate(
src/rl_curriculum/generator_api.py:186: in generate
    df = self._attach_features(df)
         ^^^^^^^^^^^^^^^^^^^^^^^^^
src/rl_curriculum/curriculum261_api.py:1267: in _attach_features
    return attach_production_features(df)
           ^^^^^^^^^^^^^^^^^^^^^^^^^^^^^^
src/rl_curriculum/curriculum261_production_obs.py:160: in attach_production_features
    cls = load_route_c_strategy_class()
          ^^^^^^^^^^^^^^^^^^^^^^^^^^^^^
src/rl_curriculum/curriculum261_production_obs.py:124: in load_route_c_strategy_class
    spec.loader.exec_module(module)
<frozen importlib._bootstrap_external>:940: in exec_module
    ???
<frozen importlib._bootstrap>:241: in _call_with_frames_removed
    ???
_ _ _ _ _ _ _ _ _ _ _ _ _ _ _ _ _ _ _ _ _ _ _ _ _ _ _ _ _ _ _ _ _ _ _ _ _ _ _ _ 

    """阶段 2.5.2a 路线 C:Freqtrade 策略薄适配层(execution_mode=market_open_causal)。
    
    特征:少量因果特征(收益/滚动波动率/价格相对均值/原始 OHLC 供环境用),
    全部只使用当前及过去数据;目标仓位列 &-target_position 由 RouteCModel
    顺序推理填充。
    
    阶段 2.5.2a 改造(工作包 B):
    - 订单类型改为 market(入场/退出均市场订单):成交价由回测器/交易所决定,
      回测中市场单以执行 bar 的 open 成交(backtesting.py:1039-1057 仅 limit
      分支调用 custom_entry_price;:596 exit_signal 的 close_rate=row[OPEN_IDX];
      :551-567 信号 shift(1)),与环境 market_open_causal 合同在
      simulated_slippage_bps=0 时逐笔对齐;
    - 移除 custom_entry_price / custom_exit_price / _route_c_bars 执行 K 线
      high/low 缓存(阶段 2.5.2 bar 内调价合同依赖执行 K 线最终 high/low,
      属未来信息,已废弃为 legacy_noncausal_not_for_training);
    - simulated_slippage_bps 只属于训练与离线压力环境,不得改变 live 市场订单
      价格;Freqtrade live 使用交易所真实回报价格;
    - amount_epsilon 与 RouteCModel 从同一最终配置 freqai.route_c.amount_epsilon
      读取(工作包 E),所有执行状态读取都通过 route_c_amount_epsilon 传参。
    
    保留(阶段 2.5.2 工作包 B):
    - live 只处理最新一行(signal_convert.latest_row_signals);
    - adjust_entry_price / adjust_exit_price 官方扩展点的目标反转取消
      (None = 取消且不替换);do_predict != 1 时维持挂单。
    
    成交时机完全交给 Freqtrade 回测引擎自身的 shift(1)(open[t+1]),
    本层不加额外 shift。
    """
    
    import sys
    from pathlib import Path
    
    from pandas import DataFrame
    
>   from freqtrade.enums import RunMode
E   ModuleNotFoundError: No module named 'freqtrade'

user_data/strategies/RouteCStrategy.py:35: ModuleNotFoundError
_ ERROR at setup of TestReadPreprocessorBundleHash.test_bad_value_fail_closed __

tmp_path_factory = TempPathFactory(_given_basetemp=None, _trace=<pluggy._tracing.TagTracerSub object at 0x75507b8e4190>, _basetemp=PosixPath('/tmp/pytest-of-cryptorl/pytest-0'), _retention_count=3, _retention_policy='all')

    @pytest.fixture(scope="module")
    def real_identity(tmp_path_factory):
        """正式 producer 真实生成的 identity payload + 其落盘文件。"""
>       v2 = _tiny_real_v2()
             ^^^^^^^^^^^^^^^

tests/route_c_stage2_6_1/test_curriculum261_r15_roundtrip.py:77: 
_ _ _ _ _ _ _ _ _ _ _ _ _ _ _ _ _ _ _ _ _ _ _ _ _ _ _ _ _ _ _ _ _ _ _ _ _ _ _ _ 
tests/route_c_stage2_6_1/test_curriculum261_r15_roundtrip.py:67: in _tiny_real_v2
    records = generate_fit_bank_r15("preplan_fit_main_r15", pack)
              ^^^^^^^^^^^^^^^^^^^^^^^^^^^^^^^^^^^^^^^^^^^^^^^^^^^
src/rl_curriculum/curriculum261_r15_calibration.py:79: in generate_fit_bank_r15
    return _generate_fit_bank(
src/rl_curriculum/curriculum261_r6_calibration.py:117: in generate_fit_bank_r6
    records.append(generate_pair(
src/rl_curriculum/curriculum261_pairs.py:114: in generate_pair
    episodes, log = generate_pair_with_attempts(
src/rl_curriculum/curriculum261_api.py:1504: in generate_pair_with_attempts
    episodes[side] = generator.generate(
src/rl_curriculum/generator_api.py:186: in generate
    df = self._attach_features(df)
         ^^^^^^^^^^^^^^^^^^^^^^^^^
src/rl_curriculum/curriculum261_api.py:1267: in _attach_features
    return attach_production_features(df)
           ^^^^^^^^^^^^^^^^^^^^^^^^^^^^^^
src/rl_curriculum/curriculum261_production_obs.py:160: in attach_production_features
    cls = load_route_c_strategy_class()
          ^^^^^^^^^^^^^^^^^^^^^^^^^^^^^
src/rl_curriculum/curriculum261_production_obs.py:124: in load_route_c_strategy_class
    spec.loader.exec_module(module)
<frozen importlib._bootstrap_external>:940: in exec_module
    ???
<frozen importlib._bootstrap>:241: in _call_with_frames_removed
    ???
_ _ _ _ _ _ _ _ _ _ _ _ _ _ _ _ _ _ _ _ _ _ _ _ _ _ _ _ _ _ _ _ _ _ _ _ _ _ _ _ 

    """阶段 2.5.2a 路线 C:Freqtrade 策略薄适配层(execution_mode=market_open_causal)。
    
    特征:少量因果特征(收益/滚动波动率/价格相对均值/原始 OHLC 供环境用),
    全部只使用当前及过去数据;目标仓位列 &-target_position 由 RouteCModel
    顺序推理填充。
    
    阶段 2.5.2a 改造(工作包 B):
    - 订单类型改为 market(入场/退出均市场订单):成交价由回测器/交易所决定,
      回测中市场单以执行 bar 的 open 成交(backtesting.py:1039-1057 仅 limit
      分支调用 custom_entry_price;:596 exit_signal 的 close_rate=row[OPEN_IDX];
      :551-567 信号 shift(1)),与环境 market_open_causal 合同在
      simulated_slippage_bps=0 时逐笔对齐;
    - 移除 custom_entry_price / custom_exit_price / _route_c_bars 执行 K 线
      high/low 缓存(阶段 2.5.2 bar 内调价合同依赖执行 K 线最终 high/low,
      属未来信息,已废弃为 legacy_noncausal_not_for_training);
    - simulated_slippage_bps 只属于训练与离线压力环境,不得改变 live 市场订单
      价格;Freqtrade live 使用交易所真实回报价格;
    - amount_epsilon 与 RouteCModel 从同一最终配置 freqai.route_c.amount_epsilon
      读取(工作包 E),所有执行状态读取都通过 route_c_amount_epsilon 传参。
    
    保留(阶段 2.5.2 工作包 B):
    - live 只处理最新一行(signal_convert.latest_row_signals);
    - adjust_entry_price / adjust_exit_price 官方扩展点的目标反转取消
      (None = 取消且不替换);do_predict != 1 时维持挂单。
    
    成交时机完全交给 Freqtrade 回测引擎自身的 shift(1)(open[t+1]),
    本层不加额外 shift。
    """
    
    import sys
    from pathlib import Path
    
    from pandas import DataFrame
    
>   from freqtrade.enums import RunMode
E   ModuleNotFoundError: No module named 'freqtrade'

user_data/strategies/RouteCStrategy.py:35: ModuleNotFoundError
_ ERROR at setup of TestReadPreprocessorBundleHash.test_subprocess_independent_read _

tmp_path_factory = TempPathFactory(_given_basetemp=None, _trace=<pluggy._tracing.TagTracerSub object at 0x75507b8e4190>, _basetemp=PosixPath('/tmp/pytest-of-cryptorl/pytest-0'), _retention_count=3, _retention_policy='all')

    @pytest.fixture(scope="module")
    def real_identity(tmp_path_factory):
        """正式 producer 真实生成的 identity payload + 其落盘文件。"""
>       v2 = _tiny_real_v2()
             ^^^^^^^^^^^^^^^

tests/route_c_stage2_6_1/test_curriculum261_r15_roundtrip.py:77: 
_ _ _ _ _ _ _ _ _ _ _ _ _ _ _ _ _ _ _ _ _ _ _ _ _ _ _ _ _ _ _ _ _ _ _ _ _ _ _ _ 
tests/route_c_stage2_6_1/test_curriculum261_r15_roundtrip.py:67: in _tiny_real_v2
    records = generate_fit_bank_r15("preplan_fit_main_r15", pack)
              ^^^^^^^^^^^^^^^^^^^^^^^^^^^^^^^^^^^^^^^^^^^^^^^^^^^
src/rl_curriculum/curriculum261_r15_calibration.py:79: in generate_fit_bank_r15
    return _generate_fit_bank(
src/rl_curriculum/curriculum261_r6_calibration.py:117: in generate_fit_bank_r6
    records.append(generate_pair(
src/rl_curriculum/curriculum261_pairs.py:114: in generate_pair
    episodes, log = generate_pair_with_attempts(
src/rl_curriculum/curriculum261_api.py:1504: in generate_pair_with_attempts
    episodes[side] = generator.generate(
src/rl_curriculum/generator_api.py:186: in generate
    df = self._attach_features(df)
         ^^^^^^^^^^^^^^^^^^^^^^^^^
src/rl_curriculum/curriculum261_api.py:1267: in _attach_features
    return attach_production_features(df)
           ^^^^^^^^^^^^^^^^^^^^^^^^^^^^^^
src/rl_curriculum/curriculum261_production_obs.py:160: in attach_production_features
    cls = load_route_c_strategy_class()
          ^^^^^^^^^^^^^^^^^^^^^^^^^^^^^
src/rl_curriculum/curriculum261_production_obs.py:124: in load_route_c_strategy_class
    spec.loader.exec_module(module)
<frozen importlib._bootstrap_external>:940: in exec_module
    ???
<frozen importlib._bootstrap>:241: in _call_with_frames_removed
    ???
_ _ _ _ _ _ _ _ _ _ _ _ _ _ _ _ _ _ _ _ _ _ _ _ _ _ _ _ _ _ _ _ _ _ _ _ _ _ _ _ 

    """阶段 2.5.2a 路线 C:Freqtrade 策略薄适配层(execution_mode=market_open_causal)。
    
    特征:少量因果特征(收益/滚动波动率/价格相对均值/原始 OHLC 供环境用),
    全部只使用当前及过去数据;目标仓位列 &-target_position 由 RouteCModel
    顺序推理填充。
    
    阶段 2.5.2a 改造(工作包 B):
    - 订单类型改为 market(入场/退出均市场订单):成交价由回测器/交易所决定,
      回测中市场单以执行 bar 的 open 成交(backtesting.py:1039-1057 仅 limit
      分支调用 custom_entry_price;:596 exit_signal 的 close_rate=row[OPEN_IDX];
      :551-567 信号 shift(1)),与环境 market_open_causal 合同在
      simulated_slippage_bps=0 时逐笔对齐;
    - 移除 custom_entry_price / custom_exit_price / _route_c_bars 执行 K 线
      high/low 缓存(阶段 2.5.2 bar 内调价合同依赖执行 K 线最终 high/low,
      属未来信息,已废弃为 legacy_noncausal_not_for_training);
    - simulated_slippage_bps 只属于训练与离线压力环境,不得改变 live 市场订单
      价格;Freqtrade live 使用交易所真实回报价格;
    - amount_epsilon 与 RouteCModel 从同一最终配置 freqai.route_c.amount_epsilon
      读取(工作包 E),所有执行状态读取都通过 route_c_amount_epsilon 传参。
    
    保留(阶段 2.5.2 工作包 B):
    - live 只处理最新一行(signal_convert.latest_row_signals);
    - adjust_entry_price / adjust_exit_price 官方扩展点的目标反转取消
      (None = 取消且不替换);do_predict != 1 时维持挂单。
    
    成交时机完全交给 Freqtrade 回测引擎自身的 shift(1)(open[t+1]),
    本层不加额外 shift。
    """
    
    import sys
    from pathlib import Path
    
    from pandas import DataFrame
    
>   from freqtrade.enums import RunMode
E   ModuleNotFoundError: No module named 'freqtrade'

user_data/strategies/RouteCStrategy.py:35: ModuleNotFoundError
___ ERROR at setup of TestC2Diagnostics.test_local_cue_context_independence ____

self = <test_curriculum261_r2_protocol.TestC2Diagnostics object at 0x7550510d3ad0>

    @pytest.fixture()
    def c2_records(self):
>       return [generate_pair("c2_context", r, i,
                              namespace="calibration_r2")
                for r in ("D0", "D3") for i in range(2)]

tests/route_c_stage2_6_1/test_curriculum261_r2_protocol.py:237: 
_ _ _ _ _ _ _ _ _ _ _ _ _ _ _ _ _ _ _ _ _ _ _ _ _ _ _ _ _ _ _ _ _ _ _ _ _ _ _ _ 
tests/route_c_stage2_6_1/test_curriculum261_r2_protocol.py:237: in <listcomp>
    return [generate_pair("c2_context", r, i,
src/rl_curriculum/curriculum261_pairs.py:114: in generate_pair
    episodes, log = generate_pair_with_attempts(
src/rl_curriculum/curriculum261_api.py:1504: in generate_pair_with_attempts
    episodes[side] = generator.generate(
src/rl_curriculum/generator_api.py:186: in generate
    df = self._attach_features(df)
         ^^^^^^^^^^^^^^^^^^^^^^^^^
src/rl_curriculum/curriculum261_api.py:1267: in _attach_features
    return attach_production_features(df)
           ^^^^^^^^^^^^^^^^^^^^^^^^^^^^^^
src/rl_curriculum/curriculum261_production_obs.py:160: in attach_production_features
    cls = load_route_c_strategy_class()
          ^^^^^^^^^^^^^^^^^^^^^^^^^^^^^
src/rl_curriculum/curriculum261_production_obs.py:124: in load_route_c_strategy_class
    spec.loader.exec_module(module)
<frozen importlib._bootstrap_external>:940: in exec_module
    ???
<frozen importlib._bootstrap>:241: in _call_with_frames_removed
    ???
_ _ _ _ _ _ _ _ _ _ _ _ _ _ _ _ _ _ _ _ _ _ _ _ _ _ _ _ _ _ _ _ _ _ _ _ _ _ _ _ 

    """阶段 2.5.2a 路线 C:Freqtrade 策略薄适配层(execution_mode=market_open_causal)。
    
    特征:少量因果特征(收益/滚动波动率/价格相对均值/原始 OHLC 供环境用),
    全部只使用当前及过去数据;目标仓位列 &-target_position 由 RouteCModel
    顺序推理填充。
    
    阶段 2.5.2a 改造(工作包 B):
    - 订单类型改为 market(入场/退出均市场订单):成交价由回测器/交易所决定,
      回测中市场单以执行 bar 的 open 成交(backtesting.py:1039-1057 仅 limit
      分支调用 custom_entry_price;:596 exit_signal 的 close_rate=row[OPEN_IDX];
      :551-567 信号 shift(1)),与环境 market_open_causal 合同在
      simulated_slippage_bps=0 时逐笔对齐;
    - 移除 custom_entry_price / custom_exit_price / _route_c_bars 执行 K 线
      high/low 缓存(阶段 2.5.2 bar 内调价合同依赖执行 K 线最终 high/low,
      属未来信息,已废弃为 legacy_noncausal_not_for_training);
    - simulated_slippage_bps 只属于训练与离线压力环境,不得改变 live 市场订单
      价格;Freqtrade live 使用交易所真实回报价格;
    - amount_epsilon 与 RouteCModel 从同一最终配置 freqai.route_c.amount_epsilon
      读取(工作包 E),所有执行状态读取都通过 route_c_amount_epsilon 传参。
    
    保留(阶段 2.5.2 工作包 B):
    - live 只处理最新一行(signal_convert.latest_row_signals);
    - adjust_entry_price / adjust_exit_price 官方扩展点的目标反转取消
      (None = 取消且不替换);do_predict != 1 时维持挂单。
    
    成交时机完全交给 Freqtrade 回测引擎自身的 shift(1)(open[t+1]),
    本层不加额外 shift。
    """
    
    import sys
    from pathlib import Path
    
    from pandas import DataFrame
    
>   from freqtrade.enums import RunMode
E   ModuleNotFoundError: No module named 'freqtrade'

user_data/strategies/RouteCStrategy.py:35: ModuleNotFoundError
____ ERROR at setup of TestC2Diagnostics.test_context_observability_margin _____

self = <test_curriculum261_r2_protocol.TestC2Diagnostics object at 0x7550510d8210>

    @pytest.fixture()
    def c2_records(self):
>       return [generate_pair("c2_context", r, i,
                              namespace="calibration_r2")
                for r in ("D0", "D3") for i in range(2)]

tests/route_c_stage2_6_1/test_curriculum261_r2_protocol.py:237: 
_ _ _ _ _ _ _ _ _ _ _ _ _ _ _ _ _ _ _ _ _ _ _ _ _ _ _ _ _ _ _ _ _ _ _ _ _ _ _ _ 
tests/route_c_stage2_6_1/test_curriculum261_r2_protocol.py:237: in <listcomp>
    return [generate_pair("c2_context", r, i,
src/rl_curriculum/curriculum261_pairs.py:114: in generate_pair
    episodes, log = generate_pair_with_attempts(
src/rl_curriculum/curriculum261_api.py:1504: in generate_pair_with_attempts
    episodes[side] = generator.generate(
src/rl_curriculum/generator_api.py:186: in generate
    df = self._attach_features(df)
         ^^^^^^^^^^^^^^^^^^^^^^^^^
src/rl_curriculum/curriculum261_api.py:1267: in _attach_features
    return attach_production_features(df)
           ^^^^^^^^^^^^^^^^^^^^^^^^^^^^^^
src/rl_curriculum/curriculum261_production_obs.py:160: in attach_production_features
    cls = load_route_c_strategy_class()
          ^^^^^^^^^^^^^^^^^^^^^^^^^^^^^
src/rl_curriculum/curriculum261_production_obs.py:124: in load_route_c_strategy_class
    spec.loader.exec_module(module)
<frozen importlib._bootstrap_external>:940: in exec_module
    ???
<frozen importlib._bootstrap>:241: in _call_with_frames_removed
    ???
_ _ _ _ _ _ _ _ _ _ _ _ _ _ _ _ _ _ _ _ _ _ _ _ _ _ _ _ _ _ _ _ _ _ _ _ _ _ _ _ 

    """阶段 2.5.2a 路线 C:Freqtrade 策略薄适配层(execution_mode=market_open_causal)。
    
    特征:少量因果特征(收益/滚动波动率/价格相对均值/原始 OHLC 供环境用),
    全部只使用当前及过去数据;目标仓位列 &-target_position 由 RouteCModel
    顺序推理填充。
    
    阶段 2.5.2a 改造(工作包 B):
    - 订单类型改为 market(入场/退出均市场订单):成交价由回测器/交易所决定,
      回测中市场单以执行 bar 的 open 成交(backtesting.py:1039-1057 仅 limit
      分支调用 custom_entry_price;:596 exit_signal 的 close_rate=row[OPEN_IDX];
      :551-567 信号 shift(1)),与环境 market_open_causal 合同在
      simulated_slippage_bps=0 时逐笔对齐;
    - 移除 custom_entry_price / custom_exit_price / _route_c_bars 执行 K 线
      high/low 缓存(阶段 2.5.2 bar 内调价合同依赖执行 K 线最终 high/low,
      属未来信息,已废弃为 legacy_noncausal_not_for_training);
    - simulated_slippage_bps 只属于训练与离线压力环境,不得改变 live 市场订单
      价格;Freqtrade live 使用交易所真实回报价格;
    - amount_epsilon 与 RouteCModel 从同一最终配置 freqai.route_c.amount_epsilon
      读取(工作包 E),所有执行状态读取都通过 route_c_amount_epsilon 传参。
    
    保留(阶段 2.5.2 工作包 B):
    - live 只处理最新一行(signal_convert.latest_row_signals);
    - adjust_entry_price / adjust_exit_price 官方扩展点的目标反转取消
      (None = 取消且不替换);do_predict != 1 时维持挂单。
    
    成交时机完全交给 Freqtrade 回测引擎自身的 shift(1)(open[t+1]),
    本层不加额外 shift。
    """
    
    import sys
    from pathlib import Path
    
    from pandas import DataFrame
    
>   from freqtrade.enums import RunMode
E   ModuleNotFoundError: No module named 'freqtrade'

user_data/strategies/RouteCStrategy.py:35: ModuleNotFoundError
______________ ERROR at setup of test_numerical_equivalence_full _______________

    @pytest.fixture(scope="module")
    def small_bank():
        """1 pair/rung 的小型 fit bank(快速测试用)。"""
>       return generate_fit_bank("preprocess_fit_calibration_r3",
                                 pairs_per_rung=1)

tests/route_c_stage2_6_1/test_curriculum261_r3_preprocessing.py:45: 
_ _ _ _ _ _ _ _ _ _ _ _ _ _ _ _ _ _ _ _ _ _ _ _ _ _ _ _ _ _ _ _ _ _ _ _ _ _ _ _ 
src/rl_curriculum/curriculum261_r3_calibration.py:118: in generate_fit_bank
    records.append(generate_pair(
src/rl_curriculum/curriculum261_pairs.py:114: in generate_pair
    episodes, log = generate_pair_with_attempts(
src/rl_curriculum/curriculum261_api.py:1504: in generate_pair_with_attempts
    episodes[side] = generator.generate(
src/rl_curriculum/generator_api.py:186: in generate
    df = self._attach_features(df)
         ^^^^^^^^^^^^^^^^^^^^^^^^^
src/rl_curriculum/curriculum261_api.py:1267: in _attach_features
    return attach_production_features(df)
           ^^^^^^^^^^^^^^^^^^^^^^^^^^^^^^
src/rl_curriculum/curriculum261_production_obs.py:160: in attach_production_features
    cls = load_route_c_strategy_class()
          ^^^^^^^^^^^^^^^^^^^^^^^^^^^^^
src/rl_curriculum/curriculum261_production_obs.py:124: in load_route_c_strategy_class
    spec.loader.exec_module(module)
<frozen importlib._bootstrap_external>:940: in exec_module
    ???
<frozen importlib._bootstrap>:241: in _call_with_frames_removed
    ???
_ _ _ _ _ _ _ _ _ _ _ _ _ _ _ _ _ _ _ _ _ _ _ _ _ _ _ _ _ _ _ _ _ _ _ _ _ _ _ _ 

    """阶段 2.5.2a 路线 C:Freqtrade 策略薄适配层(execution_mode=market_open_causal)。
    
    特征:少量因果特征(收益/滚动波动率/价格相对均值/原始 OHLC 供环境用),
    全部只使用当前及过去数据;目标仓位列 &-target_position 由 RouteCModel
    顺序推理填充。
    
    阶段 2.5.2a 改造(工作包 B):
    - 订单类型改为 market(入场/退出均市场订单):成交价由回测器/交易所决定,
      回测中市场单以执行 bar 的 open 成交(backtesting.py:1039-1057 仅 limit
      分支调用 custom_entry_price;:596 exit_signal 的 close_rate=row[OPEN_IDX];
      :551-567 信号 shift(1)),与环境 market_open_causal 合同在
      simulated_slippage_bps=0 时逐笔对齐;
    - 移除 custom_entry_price / custom_exit_price / _route_c_bars 执行 K 线
      high/low 缓存(阶段 2.5.2 bar 内调价合同依赖执行 K 线最终 high/low,
      属未来信息,已废弃为 legacy_noncausal_not_for_training);
    - simulated_slippage_bps 只属于训练与离线压力环境,不得改变 live 市场订单
      价格;Freqtrade live 使用交易所真实回报价格;
    - amount_epsilon 与 RouteCModel 从同一最终配置 freqai.route_c.amount_epsilon
      读取(工作包 E),所有执行状态读取都通过 route_c_amount_epsilon 传参。
    
    保留(阶段 2.5.2 工作包 B):
    - live 只处理最新一行(signal_convert.latest_row_signals);
    - adjust_entry_price / adjust_exit_price 官方扩展点的目标反转取消
      (None = 取消且不替换);do_predict != 1 时维持挂单。
    
    成交时机完全交给 Freqtrade 回测引擎自身的 shift(1)(open[t+1]),
    本层不加额外 shift。
    """
    
    import sys
    from pathlib import Path
    
    from pandas import DataFrame
    
>   from freqtrade.enums import RunMode
E   ModuleNotFoundError: No module named 'freqtrade'

user_data/strategies/RouteCStrategy.py:35: ModuleNotFoundError
____________ ERROR at setup of test_out_of_train_range_not_clipped _____________

    @pytest.fixture(scope="module")
    def small_bank():
        """1 pair/rung 的小型 fit bank(快速测试用)。"""
>       return generate_fit_bank("preprocess_fit_calibration_r3",
                                 pairs_per_rung=1)

tests/route_c_stage2_6_1/test_curriculum261_r3_preprocessing.py:45: 
_ _ _ _ _ _ _ _ _ _ _ _ _ _ _ _ _ _ _ _ _ _ _ _ _ _ _ _ _ _ _ _ _ _ _ _ _ _ _ _ 
src/rl_curriculum/curriculum261_r3_calibration.py:118: in generate_fit_bank
    records.append(generate_pair(
src/rl_curriculum/curriculum261_pairs.py:114: in generate_pair
    episodes, log = generate_pair_with_attempts(
src/rl_curriculum/curriculum261_api.py:1504: in generate_pair_with_attempts
    episodes[side] = generator.generate(
src/rl_curriculum/generator_api.py:186: in generate
    df = self._attach_features(df)
         ^^^^^^^^^^^^^^^^^^^^^^^^^
src/rl_curriculum/curriculum261_api.py:1267: in _attach_features
    return attach_production_features(df)
           ^^^^^^^^^^^^^^^^^^^^^^^^^^^^^^
src/rl_curriculum/curriculum261_production_obs.py:160: in attach_production_features
    cls = load_route_c_strategy_class()
          ^^^^^^^^^^^^^^^^^^^^^^^^^^^^^
src/rl_curriculum/curriculum261_production_obs.py:124: in load_route_c_strategy_class
    spec.loader.exec_module(module)
<frozen importlib._bootstrap_external>:940: in exec_module
    ???
<frozen importlib._bootstrap>:241: in _call_with_frames_removed
    ???
_ _ _ _ _ _ _ _ _ _ _ _ _ _ _ _ _ _ _ _ _ _ _ _ _ _ _ _ _ _ _ _ _ _ _ _ _ _ _ _ 

    """阶段 2.5.2a 路线 C:Freqtrade 策略薄适配层(execution_mode=market_open_causal)。
    
    特征:少量因果特征(收益/滚动波动率/价格相对均值/原始 OHLC 供环境用),
    全部只使用当前及过去数据;目标仓位列 &-target_position 由 RouteCModel
    顺序推理填充。
    
    阶段 2.5.2a 改造(工作包 B):
    - 订单类型改为 market(入场/退出均市场订单):成交价由回测器/交易所决定,
      回测中市场单以执行 bar 的 open 成交(backtesting.py:1039-1057 仅 limit
      分支调用 custom_entry_price;:596 exit_signal 的 close_rate=row[OPEN_IDX];
      :551-567 信号 shift(1)),与环境 market_open_causal 合同在
      simulated_slippage_bps=0 时逐笔对齐;
    - 移除 custom_entry_price / custom_exit_price / _route_c_bars 执行 K 线
      high/low 缓存(阶段 2.5.2 bar 内调价合同依赖执行 K 线最终 high/low,
      属未来信息,已废弃为 legacy_noncausal_not_for_training);
    - simulated_slippage_bps 只属于训练与离线压力环境,不得改变 live 市场订单
      价格;Freqtrade live 使用交易所真实回报价格;
    - amount_epsilon 与 RouteCModel 从同一最终配置 freqai.route_c.amount_epsilon
      读取(工作包 E),所有执行状态读取都通过 route_c_amount_epsilon 传参。
    
    保留(阶段 2.5.2 工作包 B):
    - live 只处理最新一行(signal_convert.latest_row_signals);
    - adjust_entry_price / adjust_exit_price 官方扩展点的目标反转取消
      (None = 取消且不替换);do_predict != 1 时维持挂单。
    
    成交时机完全交给 Freqtrade 回测引擎自身的 shift(1)(open[t+1]),
    本层不加额外 shift。
    """
    
    import sys
    from pathlib import Path
    
    from pandas import DataFrame
    
>   from freqtrade.enums import RunMode
E   ModuleNotFoundError: No module named 'freqtrade'

user_data/strategies/RouteCStrategy.py:35: ModuleNotFoundError
__________ ERROR at setup of test_transform_does_not_mutate_fit_state __________

    @pytest.fixture(scope="module")
    def small_bank():
        """1 pair/rung 的小型 fit bank(快速测试用)。"""
>       return generate_fit_bank("preprocess_fit_calibration_r3",
                                 pairs_per_rung=1)

tests/route_c_stage2_6_1/test_curriculum261_r3_preprocessing.py:45: 
_ _ _ _ _ _ _ _ _ _ _ _ _ _ _ _ _ _ _ _ _ _ _ _ _ _ _ _ _ _ _ _ _ _ _ _ _ _ _ _ 
src/rl_curriculum/curriculum261_r3_calibration.py:118: in generate_fit_bank
    records.append(generate_pair(
src/rl_curriculum/curriculum261_pairs.py:114: in generate_pair
    episodes, log = generate_pair_with_attempts(
src/rl_curriculum/curriculum261_api.py:1504: in generate_pair_with_attempts
    episodes[side] = generator.generate(
src/rl_curriculum/generator_api.py:186: in generate
    df = self._attach_features(df)
         ^^^^^^^^^^^^^^^^^^^^^^^^^
src/rl_curriculum/curriculum261_api.py:1267: in _attach_features
    return attach_production_features(df)
           ^^^^^^^^^^^^^^^^^^^^^^^^^^^^^^
src/rl_curriculum/curriculum261_production_obs.py:160: in attach_production_features
    cls = load_route_c_strategy_class()
          ^^^^^^^^^^^^^^^^^^^^^^^^^^^^^
src/rl_curriculum/curriculum261_production_obs.py:124: in load_route_c_strategy_class
    spec.loader.exec_module(module)
<frozen importlib._bootstrap_external>:940: in exec_module
    ???
<frozen importlib._bootstrap>:241: in _call_with_frames_removed
    ???
_ _ _ _ _ _ _ _ _ _ _ _ _ _ _ _ _ _ _ _ _ _ _ _ _ _ _ _ _ _ _ _ _ _ _ _ _ _ _ _ 

    """阶段 2.5.2a 路线 C:Freqtrade 策略薄适配层(execution_mode=market_open_causal)。
    
    特征:少量因果特征(收益/滚动波动率/价格相对均值/原始 OHLC 供环境用),
    全部只使用当前及过去数据;目标仓位列 &-target_position 由 RouteCModel
    顺序推理填充。
    
    阶段 2.5.2a 改造(工作包 B):
    - 订单类型改为 market(入场/退出均市场订单):成交价由回测器/交易所决定,
      回测中市场单以执行 bar 的 open 成交(backtesting.py:1039-1057 仅 limit
      分支调用 custom_entry_price;:596 exit_signal 的 close_rate=row[OPEN_IDX];
      :551-567 信号 shift(1)),与环境 market_open_causal 合同在
      simulated_slippage_bps=0 时逐笔对齐;
    - 移除 custom_entry_price / custom_exit_price / _route_c_bars 执行 K 线
      high/low 缓存(阶段 2.5.2 bar 内调价合同依赖执行 K 线最终 high/low,
      属未来信息,已废弃为 legacy_noncausal_not_for_training);
    - simulated_slippage_bps 只属于训练与离线压力环境,不得改变 live 市场订单
      价格;Freqtrade live 使用交易所真实回报价格;
    - amount_epsilon 与 RouteCModel 从同一最终配置 freqai.route_c.amount_epsilon
      读取(工作包 E),所有执行状态读取都通过 route_c_amount_epsilon 传参。
    
    保留(阶段 2.5.2 工作包 B):
    - live 只处理最新一行(signal_convert.latest_row_signals);
    - adjust_entry_price / adjust_exit_price 官方扩展点的目标反转取消
      (None = 取消且不替换);do_predict != 1 时维持挂单。
    
    成交时机完全交给 Freqtrade 回测引擎自身的 shift(1)(open[t+1]),
    本层不加额外 shift。
    """
    
    import sys
    from pathlib import Path
    
    from pandas import DataFrame
    
>   from freqtrade.enums import RunMode
E   ModuleNotFoundError: No module named 'freqtrade'

user_data/strategies/RouteCStrategy.py:35: ModuleNotFoundError
___________ ERROR at setup of test_position_not_participating_in_fit ___________

    @pytest.fixture(scope="module")
    def small_bank():
        """1 pair/rung 的小型 fit bank(快速测试用)。"""
>       return generate_fit_bank("preprocess_fit_calibration_r3",
                                 pairs_per_rung=1)

tests/route_c_stage2_6_1/test_curriculum261_r3_preprocessing.py:45: 
_ _ _ _ _ _ _ _ _ _ _ _ _ _ _ _ _ _ _ _ _ _ _ _ _ _ _ _ _ _ _ _ _ _ _ _ _ _ _ _ 
src/rl_curriculum/curriculum261_r3_calibration.py:118: in generate_fit_bank
    records.append(generate_pair(
src/rl_curriculum/curriculum261_pairs.py:114: in generate_pair
    episodes, log = generate_pair_with_attempts(
src/rl_curriculum/curriculum261_api.py:1504: in generate_pair_with_attempts
    episodes[side] = generator.generate(
src/rl_curriculum/generator_api.py:186: in generate
    df = self._attach_features(df)
         ^^^^^^^^^^^^^^^^^^^^^^^^^
src/rl_curriculum/curriculum261_api.py:1267: in _attach_features
    return attach_production_features(df)
           ^^^^^^^^^^^^^^^^^^^^^^^^^^^^^^
src/rl_curriculum/curriculum261_production_obs.py:160: in attach_production_features
    cls = load_route_c_strategy_class()
          ^^^^^^^^^^^^^^^^^^^^^^^^^^^^^
src/rl_curriculum/curriculum261_production_obs.py:124: in load_route_c_strategy_class
    spec.loader.exec_module(module)
<frozen importlib._bootstrap_external>:940: in exec_module
    ???
<frozen importlib._bootstrap>:241: in _call_with_frames_removed
    ???
_ _ _ _ _ _ _ _ _ _ _ _ _ _ _ _ _ _ _ _ _ _ _ _ _ _ _ _ _ _ _ _ _ _ _ _ _ _ _ _ 

    """阶段 2.5.2a 路线 C:Freqtrade 策略薄适配层(execution_mode=market_open_causal)。
    
    特征:少量因果特征(收益/滚动波动率/价格相对均值/原始 OHLC 供环境用),
    全部只使用当前及过去数据;目标仓位列 &-target_position 由 RouteCModel
    顺序推理填充。
    
    阶段 2.5.2a 改造(工作包 B):
    - 订单类型改为 market(入场/退出均市场订单):成交价由回测器/交易所决定,
      回测中市场单以执行 bar 的 open 成交(backtesting.py:1039-1057 仅 limit
      分支调用 custom_entry_price;:596 exit_signal 的 close_rate=row[OPEN_IDX];
      :551-567 信号 shift(1)),与环境 market_open_causal 合同在
      simulated_slippage_bps=0 时逐笔对齐;
    - 移除 custom_entry_price / custom_exit_price / _route_c_bars 执行 K 线
      high/low 缓存(阶段 2.5.2 bar 内调价合同依赖执行 K 线最终 high/low,
      属未来信息,已废弃为 legacy_noncausal_not_for_training);
    - simulated_slippage_bps 只属于训练与离线压力环境,不得改变 live 市场订单
      价格;Freqtrade live 使用交易所真实回报价格;
    - amount_epsilon 与 RouteCModel 从同一最终配置 freqai.route_c.amount_epsilon
      读取(工作包 E),所有执行状态读取都通过 route_c_amount_epsilon 传参。
    
    保留(阶段 2.5.2 工作包 B):
    - live 只处理最新一行(signal_convert.latest_row_signals);
    - adjust_entry_price / adjust_exit_price 官方扩展点的目标反转取消
      (None = 取消且不替换);do_predict != 1 时维持挂单。
    
    成交时机完全交给 Freqtrade 回测引擎自身的 shift(1)(open[t+1]),
    本层不加额外 shift。
    """
    
    import sys
    from pathlib import Path
    
    from pandas import DataFrame
    
>   from freqtrade.enums import RunMode
E   ModuleNotFoundError: No module named 'freqtrade'

user_data/strategies/RouteCStrategy.py:35: ModuleNotFoundError
_________________ ERROR at setup of test_row_order_invariance __________________

    @pytest.fixture(scope="module")
    def small_bank():
        """1 pair/rung 的小型 fit bank(快速测试用)。"""
>       return generate_fit_bank("preprocess_fit_calibration_r3",
                                 pairs_per_rung=1)

tests/route_c_stage2_6_1/test_curriculum261_r3_preprocessing.py:45: 
_ _ _ _ _ _ _ _ _ _ _ _ _ _ _ _ _ _ _ _ _ _ _ _ _ _ _ _ _ _ _ _ _ _ _ _ _ _ _ _ 
src/rl_curriculum/curriculum261_r3_calibration.py:118: in generate_fit_bank
    records.append(generate_pair(
src/rl_curriculum/curriculum261_pairs.py:114: in generate_pair
    episodes, log = generate_pair_with_attempts(
src/rl_curriculum/curriculum261_api.py:1504: in generate_pair_with_attempts
    episodes[side] = generator.generate(
src/rl_curriculum/generator_api.py:186: in generate
    df = self._attach_features(df)
         ^^^^^^^^^^^^^^^^^^^^^^^^^
src/rl_curriculum/curriculum261_api.py:1267: in _attach_features
    return attach_production_features(df)
           ^^^^^^^^^^^^^^^^^^^^^^^^^^^^^^
src/rl_curriculum/curriculum261_production_obs.py:160: in attach_production_features
    cls = load_route_c_strategy_class()
          ^^^^^^^^^^^^^^^^^^^^^^^^^^^^^
src/rl_curriculum/curriculum261_production_obs.py:124: in load_route_c_strategy_class
    spec.loader.exec_module(module)
<frozen importlib._bootstrap_external>:940: in exec_module
    ???
<frozen importlib._bootstrap>:241: in _call_with_frames_removed
    ???
_ _ _ _ _ _ _ _ _ _ _ _ _ _ _ _ _ _ _ _ _ _ _ _ _ _ _ _ _ _ _ _ _ _ _ _ _ _ _ _ 

    """阶段 2.5.2a 路线 C:Freqtrade 策略薄适配层(execution_mode=market_open_causal)。
    
    特征:少量因果特征(收益/滚动波动率/价格相对均值/原始 OHLC 供环境用),
    全部只使用当前及过去数据;目标仓位列 &-target_position 由 RouteCModel
    顺序推理填充。
    
    阶段 2.5.2a 改造(工作包 B):
    - 订单类型改为 market(入场/退出均市场订单):成交价由回测器/交易所决定,
      回测中市场单以执行 bar 的 open 成交(backtesting.py:1039-1057 仅 limit
      分支调用 custom_entry_price;:596 exit_signal 的 close_rate=row[OPEN_IDX];
      :551-567 信号 shift(1)),与环境 market_open_causal 合同在
      simulated_slippage_bps=0 时逐笔对齐;
    - 移除 custom_entry_price / custom_exit_price / _route_c_bars 执行 K 线
      high/low 缓存(阶段 2.5.2 bar 内调价合同依赖执行 K 线最终 high/low,
      属未来信息,已废弃为 legacy_noncausal_not_for_training);
    - simulated_slippage_bps 只属于训练与离线压力环境,不得改变 live 市场订单
      价格;Freqtrade live 使用交易所真实回报价格;
    - amount_epsilon 与 RouteCModel 从同一最终配置 freqai.route_c.amount_epsilon
      读取(工作包 E),所有执行状态读取都通过 route_c_amount_epsilon 传参。
    
    保留(阶段 2.5.2 工作包 B):
    - live 只处理最新一行(signal_convert.latest_row_signals);
    - adjust_entry_price / adjust_exit_price 官方扩展点的目标反转取消
      (None = 取消且不替换);do_predict != 1 时维持挂单。
    
    成交时机完全交给 Freqtrade 回测引擎自身的 shift(1)(open[t+1]),
    本层不加额外 shift。
    """
    
    import sys
    from pathlib import Path
    
    from pandas import DataFrame
    
>   from freqtrade.enums import RunMode
E   ModuleNotFoundError: No module named 'freqtrade'

user_data/strategies/RouteCStrategy.py:35: ModuleNotFoundError
________________ ERROR at setup of test_feature_survival_8_of_8 ________________

    @pytest.fixture(scope="module")
    def small_bank():
        """1 pair/rung 的小型 fit bank(快速测试用)。"""
>       return generate_fit_bank("preprocess_fit_calibration_r3",
                                 pairs_per_rung=1)

tests/route_c_stage2_6_1/test_curriculum261_r3_preprocessing.py:45: 
_ _ _ _ _ _ _ _ _ _ _ _ _ _ _ _ _ _ _ _ _ _ _ _ _ _ _ _ _ _ _ _ _ _ _ _ _ _ _ _ 
src/rl_curriculum/curriculum261_r3_calibration.py:118: in generate_fit_bank
    records.append(generate_pair(
src/rl_curriculum/curriculum261_pairs.py:114: in generate_pair
    episodes, log = generate_pair_with_attempts(
src/rl_curriculum/curriculum261_api.py:1504: in generate_pair_with_attempts
    episodes[side] = generator.generate(
src/rl_curriculum/generator_api.py:186: in generate
    df = self._attach_features(df)
         ^^^^^^^^^^^^^^^^^^^^^^^^^
src/rl_curriculum/curriculum261_api.py:1267: in _attach_features
    return attach_production_features(df)
           ^^^^^^^^^^^^^^^^^^^^^^^^^^^^^^
src/rl_curriculum/curriculum261_production_obs.py:160: in attach_production_features
    cls = load_route_c_strategy_class()
          ^^^^^^^^^^^^^^^^^^^^^^^^^^^^^
src/rl_curriculum/curriculum261_production_obs.py:124: in load_route_c_strategy_class
    spec.loader.exec_module(module)
<frozen importlib._bootstrap_external>:940: in exec_module
    ???
<frozen importlib._bootstrap>:241: in _call_with_frames_removed
    ???
_ _ _ _ _ _ _ _ _ _ _ _ _ _ _ _ _ _ _ _ _ _ _ _ _ _ _ _ _ _ _ _ _ _ _ _ _ _ _ _ 

    """阶段 2.5.2a 路线 C:Freqtrade 策略薄适配层(execution_mode=market_open_causal)。
    
    特征:少量因果特征(收益/滚动波动率/价格相对均值/原始 OHLC 供环境用),
    全部只使用当前及过去数据;目标仓位列 &-target_position 由 RouteCModel
    顺序推理填充。
    
    阶段 2.5.2a 改造(工作包 B):
    - 订单类型改为 market(入场/退出均市场订单):成交价由回测器/交易所决定,
      回测中市场单以执行 bar 的 open 成交(backtesting.py:1039-1057 仅 limit
      分支调用 custom_entry_price;:596 exit_signal 的 close_rate=row[OPEN_IDX];
      :551-567 信号 shift(1)),与环境 market_open_causal 合同在
      simulated_slippage_bps=0 时逐笔对齐;
    - 移除 custom_entry_price / custom_exit_price / _route_c_bars 执行 K 线
      high/low 缓存(阶段 2.5.2 bar 内调价合同依赖执行 K 线最终 high/low,
      属未来信息,已废弃为 legacy_noncausal_not_for_training);
    - simulated_slippage_bps 只属于训练与离线压力环境,不得改变 live 市场订单
      价格;Freqtrade live 使用交易所真实回报价格;
    - amount_epsilon 与 RouteCModel 从同一最终配置 freqai.route_c.amount_epsilon
      读取(工作包 E),所有执行状态读取都通过 route_c_amount_epsilon 传参。
    
    保留(阶段 2.5.2 工作包 B):
    - live 只处理最新一行(signal_convert.latest_row_signals);
    - adjust_entry_price / adjust_exit_price 官方扩展点的目标反转取消
      (None = 取消且不替换);do_predict != 1 时维持挂单。
    
    成交时机完全交给 Freqtrade 回测引擎自身的 shift(1)(open[t+1]),
    本层不加额外 shift。
    """
    
    import sys
    from pathlib import Path
    
    from pandas import DataFrame
    
>   from freqtrade.enums import RunMode
E   ModuleNotFoundError: No module named 'freqtrade'

user_data/strategies/RouteCStrategy.py:35: ModuleNotFoundError
_______________ ERROR at setup of test_fit_rejects_extra_columns _______________

    @pytest.fixture(scope="module")
    def small_bank():
        """1 pair/rung 的小型 fit bank(快速测试用)。"""
>       return generate_fit_bank("preprocess_fit_calibration_r3",
                                 pairs_per_rung=1)

tests/route_c_stage2_6_1/test_curriculum261_r3_preprocessing.py:45: 
_ _ _ _ _ _ _ _ _ _ _ _ _ _ _ _ _ _ _ _ _ _ _ _ _ _ _ _ _ _ _ _ _ _ _ _ _ _ _ _ 
src/rl_curriculum/curriculum261_r3_calibration.py:118: in generate_fit_bank
    records.append(generate_pair(
src/rl_curriculum/curriculum261_pairs.py:114: in generate_pair
    episodes, log = generate_pair_with_attempts(
src/rl_curriculum/curriculum261_api.py:1504: in generate_pair_with_attempts
    episodes[side] = generator.generate(
src/rl_curriculum/generator_api.py:186: in generate
    df = self._attach_features(df)
         ^^^^^^^^^^^^^^^^^^^^^^^^^
src/rl_curriculum/curriculum261_api.py:1267: in _attach_features
    return attach_production_features(df)
           ^^^^^^^^^^^^^^^^^^^^^^^^^^^^^^
src/rl_curriculum/curriculum261_production_obs.py:160: in attach_production_features
    cls = load_route_c_strategy_class()
          ^^^^^^^^^^^^^^^^^^^^^^^^^^^^^
src/rl_curriculum/curriculum261_production_obs.py:124: in load_route_c_strategy_class
    spec.loader.exec_module(module)
<frozen importlib._bootstrap_external>:940: in exec_module
    ???
<frozen importlib._bootstrap>:241: in _call_with_frames_removed
    ???
_ _ _ _ _ _ _ _ _ _ _ _ _ _ _ _ _ _ _ _ _ _ _ _ _ _ _ _ _ _ _ _ _ _ _ _ _ _ _ _ 

    """阶段 2.5.2a 路线 C:Freqtrade 策略薄适配层(execution_mode=market_open_causal)。
    
    特征:少量因果特征(收益/滚动波动率/价格相对均值/原始 OHLC 供环境用),
    全部只使用当前及过去数据;目标仓位列 &-target_position 由 RouteCModel
    顺序推理填充。
    
    阶段 2.5.2a 改造(工作包 B):
    - 订单类型改为 market(入场/退出均市场订单):成交价由回测器/交易所决定,
      回测中市场单以执行 bar 的 open 成交(backtesting.py:1039-1057 仅 limit
      分支调用 custom_entry_price;:596 exit_signal 的 close_rate=row[OPEN_IDX];
      :551-567 信号 shift(1)),与环境 market_open_causal 合同在
      simulated_slippage_bps=0 时逐笔对齐;
    - 移除 custom_entry_price / custom_exit_price / _route_c_bars 执行 K 线
      high/low 缓存(阶段 2.5.2 bar 内调价合同依赖执行 K 线最终 high/low,
      属未来信息,已废弃为 legacy_noncausal_not_for_training);
    - simulated_slippage_bps 只属于训练与离线压力环境,不得改变 live 市场订单
      价格;Freqtrade live 使用交易所真实回报价格;
    - amount_epsilon 与 RouteCModel 从同一最终配置 freqai.route_c.amount_epsilon
      读取(工作包 E),所有执行状态读取都通过 route_c_amount_epsilon 传参。
    
    保留(阶段 2.5.2 工作包 B):
    - live 只处理最新一行(signal_convert.latest_row_signals);
    - adjust_entry_price / adjust_exit_price 官方扩展点的目标反转取消
      (None = 取消且不替换);do_predict != 1 时维持挂单。
    
    成交时机完全交给 Freqtrade 回测引擎自身的 shift(1)(open[t+1]),
    本层不加额外 shift。
    """
    
    import sys
    from pathlib import Path
    
    from pandas import DataFrame
    
>   from freqtrade.enums import RunMode
E   ModuleNotFoundError: No module named 'freqtrade'

user_data/strategies/RouteCStrategy.py:35: ModuleNotFoundError
______ ERROR at setup of test_single_preprocessor_shared_across_families _______

    @pytest.fixture(scope="module")
    def small_bank():
        """1 pair/rung 的小型 fit bank(快速测试用)。"""
>       return generate_fit_bank("preprocess_fit_calibration_r3",
                                 pairs_per_rung=1)

tests/route_c_stage2_6_1/test_curriculum261_r3_preprocessing.py:45: 
_ _ _ _ _ _ _ _ _ _ _ _ _ _ _ _ _ _ _ _ _ _ _ _ _ _ _ _ _ _ _ _ _ _ _ _ _ _ _ _ 
src/rl_curriculum/curriculum261_r3_calibration.py:118: in generate_fit_bank
    records.append(generate_pair(
src/rl_curriculum/curriculum261_pairs.py:114: in generate_pair
    episodes, log = generate_pair_with_attempts(
src/rl_curriculum/curriculum261_api.py:1504: in generate_pair_with_attempts
    episodes[side] = generator.generate(
src/rl_curriculum/generator_api.py:186: in generate
    df = self._attach_features(df)
         ^^^^^^^^^^^^^^^^^^^^^^^^^
src/rl_curriculum/curriculum261_api.py:1267: in _attach_features
    return attach_production_features(df)
           ^^^^^^^^^^^^^^^^^^^^^^^^^^^^^^
src/rl_curriculum/curriculum261_production_obs.py:160: in attach_production_features
    cls = load_route_c_strategy_class()
          ^^^^^^^^^^^^^^^^^^^^^^^^^^^^^
src/rl_curriculum/curriculum261_production_obs.py:124: in load_route_c_strategy_class
    spec.loader.exec_module(module)
<frozen importlib._bootstrap_external>:940: in exec_module
    ???
<frozen importlib._bootstrap>:241: in _call_with_frames_removed
    ???
_ _ _ _ _ _ _ _ _ _ _ _ _ _ _ _ _ _ _ _ _ _ _ _ _ _ _ _ _ _ _ _ _ _ _ _ _ _ _ _ 

    """阶段 2.5.2a 路线 C:Freqtrade 策略薄适配层(execution_mode=market_open_causal)。
    
    特征:少量因果特征(收益/滚动波动率/价格相对均值/原始 OHLC 供环境用),
    全部只使用当前及过去数据;目标仓位列 &-target_position 由 RouteCModel
    顺序推理填充。
    
    阶段 2.5.2a 改造(工作包 B):
    - 订单类型改为 market(入场/退出均市场订单):成交价由回测器/交易所决定,
      回测中市场单以执行 bar 的 open 成交(backtesting.py:1039-1057 仅 limit
      分支调用 custom_entry_price;:596 exit_signal 的 close_rate=row[OPEN_IDX];
      :551-567 信号 shift(1)),与环境 market_open_causal 合同在
      simulated_slippage_bps=0 时逐笔对齐;
    - 移除 custom_entry_price / custom_exit_price / _route_c_bars 执行 K 线
      high/low 缓存(阶段 2.5.2 bar 内调价合同依赖执行 K 线最终 high/low,
      属未来信息,已废弃为 legacy_noncausal_not_for_training);
    - simulated_slippage_bps 只属于训练与离线压力环境,不得改变 live 市场订单
      价格;Freqtrade live 使用交易所真实回报价格;
    - amount_epsilon 与 RouteCModel 从同一最终配置 freqai.route_c.amount_epsilon
      读取(工作包 E),所有执行状态读取都通过 route_c_amount_epsilon 传参。
    
    保留(阶段 2.5.2 工作包 B):
    - live 只处理最新一行(signal_convert.latest_row_signals);
    - adjust_entry_price / adjust_exit_price 官方扩展点的目标反转取消
      (None = 取消且不替换);do_predict != 1 时维持挂单。
    
    成交时机完全交给 Freqtrade 回测引擎自身的 shift(1)(open[t+1]),
    本层不加额外 shift。
    """
    
    import sys
    from pathlib import Path
    
    from pandas import DataFrame
    
>   from freqtrade.enums import RunMode
E   ModuleNotFoundError: No module named 'freqtrade'

user_data/strategies/RouteCStrategy.py:35: ModuleNotFoundError
_________ ERROR at setup of test_staged_mixed_same_multiset_same_state _________

    @pytest.fixture(scope="module")
    def small_bank():
        """1 pair/rung 的小型 fit bank(快速测试用)。"""
>       return generate_fit_bank("preprocess_fit_calibration_r3",
                                 pairs_per_rung=1)

tests/route_c_stage2_6_1/test_curriculum261_r3_preprocessing.py:45: 
_ _ _ _ _ _ _ _ _ _ _ _ _ _ _ _ _ _ _ _ _ _ _ _ _ _ _ _ _ _ _ _ _ _ _ _ _ _ _ _ 
src/rl_curriculum/curriculum261_r3_calibration.py:118: in generate_fit_bank
    records.append(generate_pair(
src/rl_curriculum/curriculum261_pairs.py:114: in generate_pair
    episodes, log = generate_pair_with_attempts(
src/rl_curriculum/curriculum261_api.py:1504: in generate_pair_with_attempts
    episodes[side] = generator.generate(
src/rl_curriculum/generator_api.py:186: in generate
    df = self._attach_features(df)
         ^^^^^^^^^^^^^^^^^^^^^^^^^
src/rl_curriculum/curriculum261_api.py:1267: in _attach_features
    return attach_production_features(df)
           ^^^^^^^^^^^^^^^^^^^^^^^^^^^^^^
src/rl_curriculum/curriculum261_production_obs.py:160: in attach_production_features
    cls = load_route_c_strategy_class()
          ^^^^^^^^^^^^^^^^^^^^^^^^^^^^^
src/rl_curriculum/curriculum261_production_obs.py:124: in load_route_c_strategy_class
    spec.loader.exec_module(module)
<frozen importlib._bootstrap_external>:940: in exec_module
    ???
<frozen importlib._bootstrap>:241: in _call_with_frames_removed
    ???
_ _ _ _ _ _ _ _ _ _ _ _ _ _ _ _ _ _ _ _ _ _ _ _ _ _ _ _ _ _ _ _ _ _ _ _ _ _ _ _ 

    """阶段 2.5.2a 路线 C:Freqtrade 策略薄适配层(execution_mode=market_open_causal)。
    
    特征:少量因果特征(收益/滚动波动率/价格相对均值/原始 OHLC 供环境用),
    全部只使用当前及过去数据;目标仓位列 &-target_position 由 RouteCModel
    顺序推理填充。
    
    阶段 2.5.2a 改造(工作包 B):
    - 订单类型改为 market(入场/退出均市场订单):成交价由回测器/交易所决定,
      回测中市场单以执行 bar 的 open 成交(backtesting.py:1039-1057 仅 limit
      分支调用 custom_entry_price;:596 exit_signal 的 close_rate=row[OPEN_IDX];
      :551-567 信号 shift(1)),与环境 market_open_causal 合同在
      simulated_slippage_bps=0 时逐笔对齐;
    - 移除 custom_entry_price / custom_exit_price / _route_c_bars 执行 K 线
      high/low 缓存(阶段 2.5.2 bar 内调价合同依赖执行 K 线最终 high/low,
      属未来信息,已废弃为 legacy_noncausal_not_for_training);
    - simulated_slippage_bps 只属于训练与离线压力环境,不得改变 live 市场订单
      价格;Freqtrade live 使用交易所真实回报价格;
    - amount_epsilon 与 RouteCModel 从同一最终配置 freqai.route_c.amount_epsilon
      读取(工作包 E),所有执行状态读取都通过 route_c_amount_epsilon 传参。
    
    保留(阶段 2.5.2 工作包 B):
    - live 只处理最新一行(signal_convert.latest_row_signals);
    - adjust_entry_price / adjust_exit_price 官方扩展点的目标反转取消
      (None = 取消且不替换);do_predict != 1 时维持挂单。
    
    成交时机完全交给 Freqtrade 回测引擎自身的 shift(1)(open[t+1]),
    本层不加额外 shift。
    """
    
    import sys
    from pathlib import Path
    
    from pandas import DataFrame
    
>   from freqtrade.enums import RunMode
E   ModuleNotFoundError: No module named 'freqtrade'

user_data/strategies/RouteCStrategy.py:35: ModuleNotFoundError
____________ ERROR at setup of test_observation_dim_9_position_last ____________

    @pytest.fixture(scope="module")
    def small_bank():
        """1 pair/rung 的小型 fit bank(快速测试用)。"""
>       return generate_fit_bank("preprocess_fit_calibration_r3",
                                 pairs_per_rung=1)

tests/route_c_stage2_6_1/test_curriculum261_r3_preprocessing.py:45: 
_ _ _ _ _ _ _ _ _ _ _ _ _ _ _ _ _ _ _ _ _ _ _ _ _ _ _ _ _ _ _ _ _ _ _ _ _ _ _ _ 
src/rl_curriculum/curriculum261_r3_calibration.py:118: in generate_fit_bank
    records.append(generate_pair(
src/rl_curriculum/curriculum261_pairs.py:114: in generate_pair
    episodes, log = generate_pair_with_attempts(
src/rl_curriculum/curriculum261_api.py:1504: in generate_pair_with_attempts
    episodes[side] = generator.generate(
src/rl_curriculum/generator_api.py:186: in generate
    df = self._attach_features(df)
         ^^^^^^^^^^^^^^^^^^^^^^^^^
src/rl_curriculum/curriculum261_api.py:1267: in _attach_features
    return attach_production_features(df)
           ^^^^^^^^^^^^^^^^^^^^^^^^^^^^^^
src/rl_curriculum/curriculum261_production_obs.py:160: in attach_production_features
    cls = load_route_c_strategy_class()
          ^^^^^^^^^^^^^^^^^^^^^^^^^^^^^
src/rl_curriculum/curriculum261_production_obs.py:124: in load_route_c_strategy_class
    spec.loader.exec_module(module)
<frozen importlib._bootstrap_external>:940: in exec_module
    ???
<frozen importlib._bootstrap>:241: in _call_with_frames_removed
    ???
_ _ _ _ _ _ _ _ _ _ _ _ _ _ _ _ _ _ _ _ _ _ _ _ _ _ _ _ _ _ _ _ _ _ _ _ _ _ _ _ 

    """阶段 2.5.2a 路线 C:Freqtrade 策略薄适配层(execution_mode=market_open_causal)。
    
    特征:少量因果特征(收益/滚动波动率/价格相对均值/原始 OHLC 供环境用),
    全部只使用当前及过去数据;目标仓位列 &-target_position 由 RouteCModel
    顺序推理填充。
    
    阶段 2.5.2a 改造(工作包 B):
    - 订单类型改为 market(入场/退出均市场订单):成交价由回测器/交易所决定,
      回测中市场单以执行 bar 的 open 成交(backtesting.py:1039-1057 仅 limit
      分支调用 custom_entry_price;:596 exit_signal 的 close_rate=row[OPEN_IDX];
      :551-567 信号 shift(1)),与环境 market_open_causal 合同在
      simulated_slippage_bps=0 时逐笔对齐;
    - 移除 custom_entry_price / custom_exit_price / _route_c_bars 执行 K 线
      high/low 缓存(阶段 2.5.2 bar 内调价合同依赖执行 K 线最终 high/low,
      属未来信息,已废弃为 legacy_noncausal_not_for_training);
    - simulated_slippage_bps 只属于训练与离线压力环境,不得改变 live 市场订单
      价格;Freqtrade live 使用交易所真实回报价格;
    - amount_epsilon 与 RouteCModel 从同一最终配置 freqai.route_c.amount_epsilon
      读取(工作包 E),所有执行状态读取都通过 route_c_amount_epsilon 传参。
    
    保留(阶段 2.5.2 工作包 B):
    - live 只处理最新一行(signal_convert.latest_row_signals);
    - adjust_entry_price / adjust_exit_price 官方扩展点的目标反转取消
      (None = 取消且不替换);do_predict != 1 时维持挂单。
    
    成交时机完全交给 Freqtrade 回测引擎自身的 shift(1)(open[t+1]),
    本层不加额外 shift。
    """
    
    import sys
    from pathlib import Path
    
    from pandas import DataFrame
    
>   from freqtrade.enums import RunMode
E   ModuleNotFoundError: No module named 'freqtrade'

user_data/strategies/RouteCStrategy.py:35: ModuleNotFoundError
______________ ERROR at setup of test_position_identity_unscaled _______________

    @pytest.fixture(scope="module")
    def small_bank():
        """1 pair/rung 的小型 fit bank(快速测试用)。"""
>       return generate_fit_bank("preprocess_fit_calibration_r3",
                                 pairs_per_rung=1)

tests/route_c_stage2_6_1/test_curriculum261_r3_preprocessing.py:45: 
_ _ _ _ _ _ _ _ _ _ _ _ _ _ _ _ _ _ _ _ _ _ _ _ _ _ _ _ _ _ _ _ _ _ _ _ _ _ _ _ 
src/rl_curriculum/curriculum261_r3_calibration.py:118: in generate_fit_bank
    records.append(generate_pair(
src/rl_curriculum/curriculum261_pairs.py:114: in generate_pair
    episodes, log = generate_pair_with_attempts(
src/rl_curriculum/curriculum261_api.py:1504: in generate_pair_with_attempts
    episodes[side] = generator.generate(
src/rl_curriculum/generator_api.py:186: in generate
    df = self._attach_features(df)
         ^^^^^^^^^^^^^^^^^^^^^^^^^
src/rl_curriculum/curriculum261_api.py:1267: in _attach_features
    return attach_production_features(df)
           ^^^^^^^^^^^^^^^^^^^^^^^^^^^^^^
src/rl_curriculum/curriculum261_production_obs.py:160: in attach_production_features
    cls = load_route_c_strategy_class()
          ^^^^^^^^^^^^^^^^^^^^^^^^^^^^^
src/rl_curriculum/curriculum261_production_obs.py:124: in load_route_c_strategy_class
    spec.loader.exec_module(module)
<frozen importlib._bootstrap_external>:940: in exec_module
    ???
<frozen importlib._bootstrap>:241: in _call_with_frames_removed
    ???
_ _ _ _ _ _ _ _ _ _ _ _ _ _ _ _ _ _ _ _ _ _ _ _ _ _ _ _ _ _ _ _ _ _ _ _ _ _ _ _ 

    """阶段 2.5.2a 路线 C:Freqtrade 策略薄适配层(execution_mode=market_open_causal)。
    
    特征:少量因果特征(收益/滚动波动率/价格相对均值/原始 OHLC 供环境用),
    全部只使用当前及过去数据;目标仓位列 &-target_position 由 RouteCModel
    顺序推理填充。
    
    阶段 2.5.2a 改造(工作包 B):
    - 订单类型改为 market(入场/退出均市场订单):成交价由回测器/交易所决定,
      回测中市场单以执行 bar 的 open 成交(backtesting.py:1039-1057 仅 limit
      分支调用 custom_entry_price;:596 exit_signal 的 close_rate=row[OPEN_IDX];
      :551-567 信号 shift(1)),与环境 market_open_causal 合同在
      simulated_slippage_bps=0 时逐笔对齐;
    - 移除 custom_entry_price / custom_exit_price / _route_c_bars 执行 K 线
      high/low 缓存(阶段 2.5.2 bar 内调价合同依赖执行 K 线最终 high/low,
      属未来信息,已废弃为 legacy_noncausal_not_for_training);
    - simulated_slippage_bps 只属于训练与离线压力环境,不得改变 live 市场订单
      价格;Freqtrade live 使用交易所真实回报价格;
    - amount_epsilon 与 RouteCModel 从同一最终配置 freqai.route_c.amount_epsilon
      读取(工作包 E),所有执行状态读取都通过 route_c_amount_epsilon 传参。
    
    保留(阶段 2.5.2 工作包 B):
    - live 只处理最新一行(signal_convert.latest_row_signals);
    - adjust_entry_price / adjust_exit_price 官方扩展点的目标反转取消
      (None = 取消且不替换);do_predict != 1 时维持挂单。
    
    成交时机完全交给 Freqtrade 回测引擎自身的 shift(1)(open[t+1]),
    本层不加额外 shift。
    """
    
    import sys
    from pathlib import Path
    
    from pandas import DataFrame
    
>   from freqtrade.enums import RunMode
E   ModuleNotFoundError: No module named 'freqtrade'

user_data/strategies/RouteCStrategy.py:35: ModuleNotFoundError
__________ ERROR at setup of test_observation_containment_and_no_nan ___________

    @pytest.fixture(scope="module")
    def small_bank():
        """1 pair/rung 的小型 fit bank(快速测试用)。"""
>       return generate_fit_bank("preprocess_fit_calibration_r3",
                                 pairs_per_rung=1)

tests/route_c_stage2_6_1/test_curriculum261_r3_preprocessing.py:45: 
_ _ _ _ _ _ _ _ _ _ _ _ _ _ _ _ _ _ _ _ _ _ _ _ _ _ _ _ _ _ _ _ _ _ _ _ _ _ _ _ 
src/rl_curriculum/curriculum261_r3_calibration.py:118: in generate_fit_bank
    records.append(generate_pair(
src/rl_curriculum/curriculum261_pairs.py:114: in generate_pair
    episodes, log = generate_pair_with_attempts(
src/rl_curriculum/curriculum261_api.py:1504: in generate_pair_with_attempts
    episodes[side] = generator.generate(
src/rl_curriculum/generator_api.py:186: in generate
    df = self._attach_features(df)
         ^^^^^^^^^^^^^^^^^^^^^^^^^
src/rl_curriculum/curriculum261_api.py:1267: in _attach_features
    return attach_production_features(df)
           ^^^^^^^^^^^^^^^^^^^^^^^^^^^^^^
src/rl_curriculum/curriculum261_production_obs.py:160: in attach_production_features
    cls = load_route_c_strategy_class()
          ^^^^^^^^^^^^^^^^^^^^^^^^^^^^^
src/rl_curriculum/curriculum261_production_obs.py:124: in load_route_c_strategy_class
    spec.loader.exec_module(module)
<frozen importlib._bootstrap_external>:940: in exec_module
    ???
<frozen importlib._bootstrap>:241: in _call_with_frames_removed
    ???
_ _ _ _ _ _ _ _ _ _ _ _ _ _ _ _ _ _ _ _ _ _ _ _ _ _ _ _ _ _ _ _ _ _ _ _ _ _ _ _ 

    """阶段 2.5.2a 路线 C:Freqtrade 策略薄适配层(execution_mode=market_open_causal)。
    
    特征:少量因果特征(收益/滚动波动率/价格相对均值/原始 OHLC 供环境用),
    全部只使用当前及过去数据;目标仓位列 &-target_position 由 RouteCModel
    顺序推理填充。
    
    阶段 2.5.2a 改造(工作包 B):
    - 订单类型改为 market(入场/退出均市场订单):成交价由回测器/交易所决定,
      回测中市场单以执行 bar 的 open 成交(backtesting.py:1039-1057 仅 limit
      分支调用 custom_entry_price;:596 exit_signal 的 close_rate=row[OPEN_IDX];
      :551-567 信号 shift(1)),与环境 market_open_causal 合同在
      simulated_slippage_bps=0 时逐笔对齐;
    - 移除 custom_entry_price / custom_exit_price / _route_c_bars 执行 K 线
      high/low 缓存(阶段 2.5.2 bar 内调价合同依赖执行 K 线最终 high/low,
      属未来信息,已废弃为 legacy_noncausal_not_for_training);
    - simulated_slippage_bps 只属于训练与离线压力环境,不得改变 live 市场订单
      价格;Freqtrade live 使用交易所真实回报价格;
    - amount_epsilon 与 RouteCModel 从同一最终配置 freqai.route_c.amount_epsilon
      读取(工作包 E),所有执行状态读取都通过 route_c_amount_epsilon 传参。
    
    保留(阶段 2.5.2 工作包 B):
    - live 只处理最新一行(signal_convert.latest_row_signals);
    - adjust_entry_price / adjust_exit_price 官方扩展点的目标反转取消
      (None = 取消且不替换);do_predict != 1 时维持挂单。
    
    成交时机完全交给 Freqtrade 回测引擎自身的 shift(1)(open[t+1]),
    本层不加额外 shift。
    """
    
    import sys
    from pathlib import Path
    
    from pandas import DataFrame
    
>   from freqtrade.enums import RunMode
E   ModuleNotFoundError: No module named 'freqtrade'

user_data/strategies/RouteCStrategy.py:35: ModuleNotFoundError
_______ ERROR at setup of test_serialize_reload_new_process_equivalence ________

    @pytest.fixture(scope="module")
    def small_bank():
        """1 pair/rung 的小型 fit bank(快速测试用)。"""
>       return generate_fit_bank("preprocess_fit_calibration_r3",
                                 pairs_per_rung=1)

tests/route_c_stage2_6_1/test_curriculum261_r3_preprocessing.py:45: 
_ _ _ _ _ _ _ _ _ _ _ _ _ _ _ _ _ _ _ _ _ _ _ _ _ _ _ _ _ _ _ _ _ _ _ _ _ _ _ _ 
src/rl_curriculum/curriculum261_r3_calibration.py:118: in generate_fit_bank
    records.append(generate_pair(
src/rl_curriculum/curriculum261_pairs.py:114: in generate_pair
    episodes, log = generate_pair_with_attempts(
src/rl_curriculum/curriculum261_api.py:1504: in generate_pair_with_attempts
    episodes[side] = generator.generate(
src/rl_curriculum/generator_api.py:186: in generate
    df = self._attach_features(df)
         ^^^^^^^^^^^^^^^^^^^^^^^^^
src/rl_curriculum/curriculum261_api.py:1267: in _attach_features
    return attach_production_features(df)
           ^^^^^^^^^^^^^^^^^^^^^^^^^^^^^^
src/rl_curriculum/curriculum261_production_obs.py:160: in attach_production_features
    cls = load_route_c_strategy_class()
          ^^^^^^^^^^^^^^^^^^^^^^^^^^^^^
src/rl_curriculum/curriculum261_production_obs.py:124: in load_route_c_strategy_class
    spec.loader.exec_module(module)
<frozen importlib._bootstrap_external>:940: in exec_module
    ???
<frozen importlib._bootstrap>:241: in _call_with_frames_removed
    ???
_ _ _ _ _ _ _ _ _ _ _ _ _ _ _ _ _ _ _ _ _ _ _ _ _ _ _ _ _ _ _ _ _ _ _ _ _ _ _ _ 

    """阶段 2.5.2a 路线 C:Freqtrade 策略薄适配层(execution_mode=market_open_causal)。
    
    特征:少量因果特征(收益/滚动波动率/价格相对均值/原始 OHLC 供环境用),
    全部只使用当前及过去数据;目标仓位列 &-target_position 由 RouteCModel
    顺序推理填充。
    
    阶段 2.5.2a 改造(工作包 B):
    - 订单类型改为 market(入场/退出均市场订单):成交价由回测器/交易所决定,
      回测中市场单以执行 bar 的 open 成交(backtesting.py:1039-1057 仅 limit
      分支调用 custom_entry_price;:596 exit_signal 的 close_rate=row[OPEN_IDX];
      :551-567 信号 shift(1)),与环境 market_open_causal 合同在
      simulated_slippage_bps=0 时逐笔对齐;
    - 移除 custom_entry_price / custom_exit_price / _route_c_bars 执行 K 线
      high/low 缓存(阶段 2.5.2 bar 内调价合同依赖执行 K 线最终 high/low,
      属未来信息,已废弃为 legacy_noncausal_not_for_training);
    - simulated_slippage_bps 只属于训练与离线压力环境,不得改变 live 市场订单
      价格;Freqtrade live 使用交易所真实回报价格;
    - amount_epsilon 与 RouteCModel 从同一最终配置 freqai.route_c.amount_epsilon
      读取(工作包 E),所有执行状态读取都通过 route_c_amount_epsilon 传参。
    
    保留(阶段 2.5.2 工作包 B):
    - live 只处理最新一行(signal_convert.latest_row_signals);
    - adjust_entry_price / adjust_exit_price 官方扩展点的目标反转取消
      (None = 取消且不替换);do_predict != 1 时维持挂单。
    
    成交时机完全交给 Freqtrade 回测引擎自身的 shift(1)(open[t+1]),
    本层不加额外 shift。
    """
    
    import sys
    from pathlib import Path
    
    from pandas import DataFrame
    
>   from freqtrade.enums import RunMode
E   ModuleNotFoundError: No module named 'freqtrade'

user_data/strategies/RouteCStrategy.py:35: ModuleNotFoundError
_______________ ERROR at setup of test_inverse_transform_precise _______________

    @pytest.fixture(scope="module")
    def small_bank():
        """1 pair/rung 的小型 fit bank(快速测试用)。"""
>       return generate_fit_bank("preprocess_fit_calibration_r3",
                                 pairs_per_rung=1)

tests/route_c_stage2_6_1/test_curriculum261_r3_preprocessing.py:45: 
_ _ _ _ _ _ _ _ _ _ _ _ _ _ _ _ _ _ _ _ _ _ _ _ _ _ _ _ _ _ _ _ _ _ _ _ _ _ _ _ 
src/rl_curriculum/curriculum261_r3_calibration.py:118: in generate_fit_bank
    records.append(generate_pair(
src/rl_curriculum/curriculum261_pairs.py:114: in generate_pair
    episodes, log = generate_pair_with_attempts(
src/rl_curriculum/curriculum261_api.py:1504: in generate_pair_with_attempts
    episodes[side] = generator.generate(
src/rl_curriculum/generator_api.py:186: in generate
    df = self._attach_features(df)
         ^^^^^^^^^^^^^^^^^^^^^^^^^
src/rl_curriculum/curriculum261_api.py:1267: in _attach_features
    return attach_production_features(df)
           ^^^^^^^^^^^^^^^^^^^^^^^^^^^^^^
src/rl_curriculum/curriculum261_production_obs.py:160: in attach_production_features
    cls = load_route_c_strategy_class()
          ^^^^^^^^^^^^^^^^^^^^^^^^^^^^^
src/rl_curriculum/curriculum261_production_obs.py:124: in load_route_c_strategy_class
    spec.loader.exec_module(module)
<frozen importlib._bootstrap_external>:940: in exec_module
    ???
<frozen importlib._bootstrap>:241: in _call_with_frames_removed
    ???
_ _ _ _ _ _ _ _ _ _ _ _ _ _ _ _ _ _ _ _ _ _ _ _ _ _ _ _ _ _ _ _ _ _ _ _ _ _ _ _ 

    """阶段 2.5.2a 路线 C:Freqtrade 策略薄适配层(execution_mode=market_open_causal)。
    
    特征:少量因果特征(收益/滚动波动率/价格相对均值/原始 OHLC 供环境用),
    全部只使用当前及过去数据;目标仓位列 &-target_position 由 RouteCModel
    顺序推理填充。
    
    阶段 2.5.2a 改造(工作包 B):
    - 订单类型改为 market(入场/退出均市场订单):成交价由回测器/交易所决定,
      回测中市场单以执行 bar 的 open 成交(backtesting.py:1039-1057 仅 limit
      分支调用 custom_entry_price;:596 exit_signal 的 close_rate=row[OPEN_IDX];
      :551-567 信号 shift(1)),与环境 market_open_causal 合同在
      simulated_slippage_bps=0 时逐笔对齐;
    - 移除 custom_entry_price / custom_exit_price / _route_c_bars 执行 K 线
      high/low 缓存(阶段 2.5.2 bar 内调价合同依赖执行 K 线最终 high/low,
      属未来信息,已废弃为 legacy_noncausal_not_for_training);
    - simulated_slippage_bps 只属于训练与离线压力环境,不得改变 live 市场订单
      价格;Freqtrade live 使用交易所真实回报价格;
    - amount_epsilon 与 RouteCModel 从同一最终配置 freqai.route_c.amount_epsilon
      读取(工作包 E),所有执行状态读取都通过 route_c_amount_epsilon 传参。
    
    保留(阶段 2.5.2 工作包 B):
    - live 只处理最新一行(signal_convert.latest_row_signals);
    - adjust_entry_price / adjust_exit_price 官方扩展点的目标反转取消
      (None = 取消且不替换);do_predict != 1 时维持挂单。
    
    成交时机完全交给 Freqtrade 回测引擎自身的 shift(1)(open[t+1]),
    本层不加额外 shift。
    """
    
    import sys
    from pathlib import Path
    
    from pandas import DataFrame
    
>   from freqtrade.enums import RunMode
E   ModuleNotFoundError: No module named 'freqtrade'

user_data/strategies/RouteCStrategy.py:35: ModuleNotFoundError
___________________ ERROR at setup of test_identity_binding ____________________

    @pytest.fixture(scope="module")
    def small_bank():
        """1 pair/rung 的小型 fit bank(快速测试用)。"""
>       return generate_fit_bank("preprocess_fit_calibration_r3",
                                 pairs_per_rung=1)

tests/route_c_stage2_6_1/test_curriculum261_r3_preprocessing.py:45: 
_ _ _ _ _ _ _ _ _ _ _ _ _ _ _ _ _ _ _ _ _ _ _ _ _ _ _ _ _ _ _ _ _ _ _ _ _ _ _ _ 
src/rl_curriculum/curriculum261_r3_calibration.py:118: in generate_fit_bank
    records.append(generate_pair(
src/rl_curriculum/curriculum261_pairs.py:114: in generate_pair
    episodes, log = generate_pair_with_attempts(
src/rl_curriculum/curriculum261_api.py:1504: in generate_pair_with_attempts
    episodes[side] = generator.generate(
src/rl_curriculum/generator_api.py:186: in generate
    df = self._attach_features(df)
         ^^^^^^^^^^^^^^^^^^^^^^^^^
src/rl_curriculum/curriculum261_api.py:1267: in _attach_features
    return attach_production_features(df)
           ^^^^^^^^^^^^^^^^^^^^^^^^^^^^^^
src/rl_curriculum/curriculum261_production_obs.py:160: in attach_production_features
    cls = load_route_c_strategy_class()
          ^^^^^^^^^^^^^^^^^^^^^^^^^^^^^
src/rl_curriculum/curriculum261_production_obs.py:124: in load_route_c_strategy_class
    spec.loader.exec_module(module)
<frozen importlib._bootstrap_external>:940: in exec_module
    ???
<frozen importlib._bootstrap>:241: in _call_with_frames_removed
    ???
_ _ _ _ _ _ _ _ _ _ _ _ _ _ _ _ _ _ _ _ _ _ _ _ _ _ _ _ _ _ _ _ _ _ _ _ _ _ _ _ 

    """阶段 2.5.2a 路线 C:Freqtrade 策略薄适配层(execution_mode=market_open_causal)。
    
    特征:少量因果特征(收益/滚动波动率/价格相对均值/原始 OHLC 供环境用),
    全部只使用当前及过去数据;目标仓位列 &-target_position 由 RouteCModel
    顺序推理填充。
    
    阶段 2.5.2a 改造(工作包 B):
    - 订单类型改为 market(入场/退出均市场订单):成交价由回测器/交易所决定,
      回测中市场单以执行 bar 的 open 成交(backtesting.py:1039-1057 仅 limit
      分支调用 custom_entry_price;:596 exit_signal 的 close_rate=row[OPEN_IDX];
      :551-567 信号 shift(1)),与环境 market_open_causal 合同在
      simulated_slippage_bps=0 时逐笔对齐;
    - 移除 custom_entry_price / custom_exit_price / _route_c_bars 执行 K 线
      high/low 缓存(阶段 2.5.2 bar 内调价合同依赖执行 K 线最终 high/low,
      属未来信息,已废弃为 legacy_noncausal_not_for_training);
    - simulated_slippage_bps 只属于训练与离线压力环境,不得改变 live 市场订单
      价格;Freqtrade live 使用交易所真实回报价格;
    - amount_epsilon 与 RouteCModel 从同一最终配置 freqai.route_c.amount_epsilon
      读取(工作包 E),所有执行状态读取都通过 route_c_amount_epsilon 传参。
    
    保留(阶段 2.5.2 工作包 B):
    - live 只处理最新一行(signal_convert.latest_row_signals);
    - adjust_entry_price / adjust_exit_price 官方扩展点的目标反转取消
      (None = 取消且不替换);do_predict != 1 时维持挂单。
    
    成交时机完全交给 Freqtrade 回测引擎自身的 shift(1)(open[t+1]),
    本层不加额外 shift。
    """
    
    import sys
    from pathlib import Path
    
    from pandas import DataFrame
    
>   from freqtrade.enums import RunMode
E   ModuleNotFoundError: No module named 'freqtrade'

user_data/strategies/RouteCStrategy.py:35: ModuleNotFoundError
_ ERROR at setup of test_reference_action_equivalence_per_bar[c1_opportunity] __

    @pytest.fixture(scope="module")
    def fitted():
>       bank = generate_fit_bank("preprocess_fit_calibration_r3",
                                 pairs_per_rung=1)

tests/route_c_stage2_6_1/test_curriculum261_r3_reference.py:32: 
_ _ _ _ _ _ _ _ _ _ _ _ _ _ _ _ _ _ _ _ _ _ _ _ _ _ _ _ _ _ _ _ _ _ _ _ _ _ _ _ 
src/rl_curriculum/curriculum261_r3_calibration.py:118: in generate_fit_bank
    records.append(generate_pair(
src/rl_curriculum/curriculum261_pairs.py:114: in generate_pair
    episodes, log = generate_pair_with_attempts(
src/rl_curriculum/curriculum261_api.py:1504: in generate_pair_with_attempts
    episodes[side] = generator.generate(
src/rl_curriculum/generator_api.py:186: in generate
    df = self._attach_features(df)
         ^^^^^^^^^^^^^^^^^^^^^^^^^
src/rl_curriculum/curriculum261_api.py:1267: in _attach_features
    return attach_production_features(df)
           ^^^^^^^^^^^^^^^^^^^^^^^^^^^^^^
src/rl_curriculum/curriculum261_production_obs.py:160: in attach_production_features
    cls = load_route_c_strategy_class()
          ^^^^^^^^^^^^^^^^^^^^^^^^^^^^^
src/rl_curriculum/curriculum261_production_obs.py:124: in load_route_c_strategy_class
    spec.loader.exec_module(module)
<frozen importlib._bootstrap_external>:940: in exec_module
    ???
<frozen importlib._bootstrap>:241: in _call_with_frames_removed
    ???
_ _ _ _ _ _ _ _ _ _ _ _ _ _ _ _ _ _ _ _ _ _ _ _ _ _ _ _ _ _ _ _ _ _ _ _ _ _ _ _ 

    """阶段 2.5.2a 路线 C:Freqtrade 策略薄适配层(execution_mode=market_open_causal)。
    
    特征:少量因果特征(收益/滚动波动率/价格相对均值/原始 OHLC 供环境用),
    全部只使用当前及过去数据;目标仓位列 &-target_position 由 RouteCModel
    顺序推理填充。
    
    阶段 2.5.2a 改造(工作包 B):
    - 订单类型改为 market(入场/退出均市场订单):成交价由回测器/交易所决定,
      回测中市场单以执行 bar 的 open 成交(backtesting.py:1039-1057 仅 limit
      分支调用 custom_entry_price;:596 exit_signal 的 close_rate=row[OPEN_IDX];
      :551-567 信号 shift(1)),与环境 market_open_causal 合同在
      simulated_slippage_bps=0 时逐笔对齐;
    - 移除 custom_entry_price / custom_exit_price / _route_c_bars 执行 K 线
      high/low 缓存(阶段 2.5.2 bar 内调价合同依赖执行 K 线最终 high/low,
      属未来信息,已废弃为 legacy_noncausal_not_for_training);
    - simulated_slippage_bps 只属于训练与离线压力环境,不得改变 live 市场订单
      价格;Freqtrade live 使用交易所真实回报价格;
    - amount_epsilon 与 RouteCModel 从同一最终配置 freqai.route_c.amount_epsilon
      读取(工作包 E),所有执行状态读取都通过 route_c_amount_epsilon 传参。
    
    保留(阶段 2.5.2 工作包 B):
    - live 只处理最新一行(signal_convert.latest_row_signals);
    - adjust_entry_price / adjust_exit_price 官方扩展点的目标反转取消
      (None = 取消且不替换);do_predict != 1 时维持挂单。
    
    成交时机完全交给 Freqtrade 回测引擎自身的 shift(1)(open[t+1]),
    本层不加额外 shift。
    """
    
    import sys
    from pathlib import Path
    
    from pandas import DataFrame
    
>   from freqtrade.enums import RunMode
E   ModuleNotFoundError: No module named 'freqtrade'

user_data/strategies/RouteCStrategy.py:35: ModuleNotFoundError
___ ERROR at setup of test_reference_action_equivalence_per_bar[c2_context] ____

    @pytest.fixture(scope="module")
    def fitted():
>       bank = generate_fit_bank("preprocess_fit_calibration_r3",
                                 pairs_per_rung=1)

tests/route_c_stage2_6_1/test_curriculum261_r3_reference.py:32: 
_ _ _ _ _ _ _ _ _ _ _ _ _ _ _ _ _ _ _ _ _ _ _ _ _ _ _ _ _ _ _ _ _ _ _ _ _ _ _ _ 
src/rl_curriculum/curriculum261_r3_calibration.py:118: in generate_fit_bank
    records.append(generate_pair(
src/rl_curriculum/curriculum261_pairs.py:114: in generate_pair
    episodes, log = generate_pair_with_attempts(
src/rl_curriculum/curriculum261_api.py:1504: in generate_pair_with_attempts
    episodes[side] = generator.generate(
src/rl_curriculum/generator_api.py:186: in generate
    df = self._attach_features(df)
         ^^^^^^^^^^^^^^^^^^^^^^^^^
src/rl_curriculum/curriculum261_api.py:1267: in _attach_features
    return attach_production_features(df)
           ^^^^^^^^^^^^^^^^^^^^^^^^^^^^^^
src/rl_curriculum/curriculum261_production_obs.py:160: in attach_production_features
    cls = load_route_c_strategy_class()
          ^^^^^^^^^^^^^^^^^^^^^^^^^^^^^
src/rl_curriculum/curriculum261_production_obs.py:124: in load_route_c_strategy_class
    spec.loader.exec_module(module)
<frozen importlib._bootstrap_external>:940: in exec_module
    ???
<frozen importlib._bootstrap>:241: in _call_with_frames_removed
    ???
_ _ _ _ _ _ _ _ _ _ _ _ _ _ _ _ _ _ _ _ _ _ _ _ _ _ _ _ _ _ _ _ _ _ _ _ _ _ _ _ 

    """阶段 2.5.2a 路线 C:Freqtrade 策略薄适配层(execution_mode=market_open_causal)。
    
    特征:少量因果特征(收益/滚动波动率/价格相对均值/原始 OHLC 供环境用),
    全部只使用当前及过去数据;目标仓位列 &-target_position 由 RouteCModel
    顺序推理填充。
    
    阶段 2.5.2a 改造(工作包 B):
    - 订单类型改为 market(入场/退出均市场订单):成交价由回测器/交易所决定,
      回测中市场单以执行 bar 的 open 成交(backtesting.py:1039-1057 仅 limit
      分支调用 custom_entry_price;:596 exit_signal 的 close_rate=row[OPEN_IDX];
      :551-567 信号 shift(1)),与环境 market_open_causal 合同在
      simulated_slippage_bps=0 时逐笔对齐;
    - 移除 custom_entry_price / custom_exit_price / _route_c_bars 执行 K 线
      high/low 缓存(阶段 2.5.2 bar 内调价合同依赖执行 K 线最终 high/low,
      属未来信息,已废弃为 legacy_noncausal_not_for_training);
    - simulated_slippage_bps 只属于训练与离线压力环境,不得改变 live 市场订单
      价格;Freqtrade live 使用交易所真实回报价格;
    - amount_epsilon 与 RouteCModel 从同一最终配置 freqai.route_c.amount_epsilon
      读取(工作包 E),所有执行状态读取都通过 route_c_amount_epsilon 传参。
    
    保留(阶段 2.5.2 工作包 B):
    - live 只处理最新一行(signal_convert.latest_row_signals);
    - adjust_entry_price / adjust_exit_price 官方扩展点的目标反转取消
      (None = 取消且不替换);do_predict != 1 时维持挂单。
    
    成交时机完全交给 Freqtrade 回测引擎自身的 shift(1)(open[t+1]),
    本层不加额外 shift。
    """
    
    import sys
    from pathlib import Path
    
    from pandas import DataFrame
    
>   from freqtrade.enums import RunMode
E   ModuleNotFoundError: No module named 'freqtrade'

user_data/strategies/RouteCStrategy.py:35: ModuleNotFoundError
_____ ERROR at setup of test_reference_action_equivalence_per_bar[c3_cost] _____

    @pytest.fixture(scope="module")
    def fitted():
>       bank = generate_fit_bank("preprocess_fit_calibration_r3",
                                 pairs_per_rung=1)

tests/route_c_stage2_6_1/test_curriculum261_r3_reference.py:32: 
_ _ _ _ _ _ _ _ _ _ _ _ _ _ _ _ _ _ _ _ _ _ _ _ _ _ _ _ _ _ _ _ _ _ _ _ _ _ _ _ 
src/rl_curriculum/curriculum261_r3_calibration.py:118: in generate_fit_bank
    records.append(generate_pair(
src/rl_curriculum/curriculum261_pairs.py:114: in generate_pair
    episodes, log = generate_pair_with_attempts(
src/rl_curriculum/curriculum261_api.py:1504: in generate_pair_with_attempts
    episodes[side] = generator.generate(
src/rl_curriculum/generator_api.py:186: in generate
    df = self._attach_features(df)
         ^^^^^^^^^^^^^^^^^^^^^^^^^
src/rl_curriculum/curriculum261_api.py:1267: in _attach_features
    return attach_production_features(df)
           ^^^^^^^^^^^^^^^^^^^^^^^^^^^^^^
src/rl_curriculum/curriculum261_production_obs.py:160: in attach_production_features
    cls = load_route_c_strategy_class()
          ^^^^^^^^^^^^^^^^^^^^^^^^^^^^^
src/rl_curriculum/curriculum261_production_obs.py:124: in load_route_c_strategy_class
    spec.loader.exec_module(module)
<frozen importlib._bootstrap_external>:940: in exec_module
    ???
<frozen importlib._bootstrap>:241: in _call_with_frames_removed
    ???
_ _ _ _ _ _ _ _ _ _ _ _ _ _ _ _ _ _ _ _ _ _ _ _ _ _ _ _ _ _ _ _ _ _ _ _ _ _ _ _ 

    """阶段 2.5.2a 路线 C:Freqtrade 策略薄适配层(execution_mode=market_open_causal)。
    
    特征:少量因果特征(收益/滚动波动率/价格相对均值/原始 OHLC 供环境用),
    全部只使用当前及过去数据;目标仓位列 &-target_position 由 RouteCModel
    顺序推理填充。
    
    阶段 2.5.2a 改造(工作包 B):
    - 订单类型改为 market(入场/退出均市场订单):成交价由回测器/交易所决定,
      回测中市场单以执行 bar 的 open 成交(backtesting.py:1039-1057 仅 limit
      分支调用 custom_entry_price;:596 exit_signal 的 close_rate=row[OPEN_IDX];
      :551-567 信号 shift(1)),与环境 market_open_causal 合同在
      simulated_slippage_bps=0 时逐笔对齐;
    - 移除 custom_entry_price / custom_exit_price / _route_c_bars 执行 K 线
      high/low 缓存(阶段 2.5.2 bar 内调价合同依赖执行 K 线最终 high/low,
      属未来信息,已废弃为 legacy_noncausal_not_for_training);
    - simulated_slippage_bps 只属于训练与离线压力环境,不得改变 live 市场订单
      价格;Freqtrade live 使用交易所真实回报价格;
    - amount_epsilon 与 RouteCModel 从同一最终配置 freqai.route_c.amount_epsilon
      读取(工作包 E),所有执行状态读取都通过 route_c_amount_epsilon 传参。
    
    保留(阶段 2.5.2 工作包 B):
    - live 只处理最新一行(signal_convert.latest_row_signals);
    - adjust_entry_price / adjust_exit_price 官方扩展点的目标反转取消
      (None = 取消且不替换);do_predict != 1 时维持挂单。
    
    成交时机完全交给 Freqtrade 回测引擎自身的 shift(1)(open[t+1]),
    本层不加额外 shift。
    """
    
    import sys
    from pathlib import Path
    
    from pandas import DataFrame
    
>   from freqtrade.enums import RunMode
E   ModuleNotFoundError: No module named 'freqtrade'

user_data/strategies/RouteCStrategy.py:35: ModuleNotFoundError
_____ ERROR at setup of test_reference_equivalence_side_b[c1_opportunity] ______

    @pytest.fixture(scope="module")
    def fitted():
>       bank = generate_fit_bank("preprocess_fit_calibration_r3",
                                 pairs_per_rung=1)

tests/route_c_stage2_6_1/test_curriculum261_r3_reference.py:32: 
_ _ _ _ _ _ _ _ _ _ _ _ _ _ _ _ _ _ _ _ _ _ _ _ _ _ _ _ _ _ _ _ _ _ _ _ _ _ _ _ 
src/rl_curriculum/curriculum261_r3_calibration.py:118: in generate_fit_bank
    records.append(generate_pair(
src/rl_curriculum/curriculum261_pairs.py:114: in generate_pair
    episodes, log = generate_pair_with_attempts(
src/rl_curriculum/curriculum261_api.py:1504: in generate_pair_with_attempts
    episodes[side] = generator.generate(
src/rl_curriculum/generator_api.py:186: in generate
    df = self._attach_features(df)
         ^^^^^^^^^^^^^^^^^^^^^^^^^
src/rl_curriculum/curriculum261_api.py:1267: in _attach_features
    return attach_production_features(df)
           ^^^^^^^^^^^^^^^^^^^^^^^^^^^^^^
src/rl_curriculum/curriculum261_production_obs.py:160: in attach_production_features
    cls = load_route_c_strategy_class()
          ^^^^^^^^^^^^^^^^^^^^^^^^^^^^^
src/rl_curriculum/curriculum261_production_obs.py:124: in load_route_c_strategy_class
    spec.loader.exec_module(module)
<frozen importlib._bootstrap_external>:940: in exec_module
    ???
<frozen importlib._bootstrap>:241: in _call_with_frames_removed
    ???
_ _ _ _ _ _ _ _ _ _ _ _ _ _ _ _ _ _ _ _ _ _ _ _ _ _ _ _ _ _ _ _ _ _ _ _ _ _ _ _ 

    """阶段 2.5.2a 路线 C:Freqtrade 策略薄适配层(execution_mode=market_open_causal)。
    
    特征:少量因果特征(收益/滚动波动率/价格相对均值/原始 OHLC 供环境用),
    全部只使用当前及过去数据;目标仓位列 &-target_position 由 RouteCModel
    顺序推理填充。
    
    阶段 2.5.2a 改造(工作包 B):
    - 订单类型改为 market(入场/退出均市场订单):成交价由回测器/交易所决定,
      回测中市场单以执行 bar 的 open 成交(backtesting.py:1039-1057 仅 limit
      分支调用 custom_entry_price;:596 exit_signal 的 close_rate=row[OPEN_IDX];
      :551-567 信号 shift(1)),与环境 market_open_causal 合同在
      simulated_slippage_bps=0 时逐笔对齐;
    - 移除 custom_entry_price / custom_exit_price / _route_c_bars 执行 K 线
      high/low 缓存(阶段 2.5.2 bar 内调价合同依赖执行 K 线最终 high/low,
      属未来信息,已废弃为 legacy_noncausal_not_for_training);
    - simulated_slippage_bps 只属于训练与离线压力环境,不得改变 live 市场订单
      价格;Freqtrade live 使用交易所真实回报价格;
    - amount_epsilon 与 RouteCModel 从同一最终配置 freqai.route_c.amount_epsilon
      读取(工作包 E),所有执行状态读取都通过 route_c_amount_epsilon 传参。
    
    保留(阶段 2.5.2 工作包 B):
    - live 只处理最新一行(signal_convert.latest_row_signals);
    - adjust_entry_price / adjust_exit_price 官方扩展点的目标反转取消
      (None = 取消且不替换);do_predict != 1 时维持挂单。
    
    成交时机完全交给 Freqtrade 回测引擎自身的 shift(1)(open[t+1]),
    本层不加额外 shift。
    """
    
    import sys
    from pathlib import Path
    
    from pandas import DataFrame
    
>   from freqtrade.enums import RunMode
E   ModuleNotFoundError: No module named 'freqtrade'

user_data/strategies/RouteCStrategy.py:35: ModuleNotFoundError
_______ ERROR at setup of test_reference_equivalence_side_b[c2_context] ________

    @pytest.fixture(scope="module")
    def fitted():
>       bank = generate_fit_bank("preprocess_fit_calibration_r3",
                                 pairs_per_rung=1)

tests/route_c_stage2_6_1/test_curriculum261_r3_reference.py:32: 
_ _ _ _ _ _ _ _ _ _ _ _ _ _ _ _ _ _ _ _ _ _ _ _ _ _ _ _ _ _ _ _ _ _ _ _ _ _ _ _ 
src/rl_curriculum/curriculum261_r3_calibration.py:118: in generate_fit_bank
    records.append(generate_pair(
src/rl_curriculum/curriculum261_pairs.py:114: in generate_pair
    episodes, log = generate_pair_with_attempts(
src/rl_curriculum/curriculum261_api.py:1504: in generate_pair_with_attempts
    episodes[side] = generator.generate(
src/rl_curriculum/generator_api.py:186: in generate
    df = self._attach_features(df)
         ^^^^^^^^^^^^^^^^^^^^^^^^^
src/rl_curriculum/curriculum261_api.py:1267: in _attach_features
    return attach_production_features(df)
           ^^^^^^^^^^^^^^^^^^^^^^^^^^^^^^
src/rl_curriculum/curriculum261_production_obs.py:160: in attach_production_features
    cls = load_route_c_strategy_class()
          ^^^^^^^^^^^^^^^^^^^^^^^^^^^^^
src/rl_curriculum/curriculum261_production_obs.py:124: in load_route_c_strategy_class
    spec.loader.exec_module(module)
<frozen importlib._bootstrap_external>:940: in exec_module
    ???
<frozen importlib._bootstrap>:241: in _call_with_frames_removed
    ???
_ _ _ _ _ _ _ _ _ _ _ _ _ _ _ _ _ _ _ _ _ _ _ _ _ _ _ _ _ _ _ _ _ _ _ _ _ _ _ _ 

    """阶段 2.5.2a 路线 C:Freqtrade 策略薄适配层(execution_mode=market_open_causal)。
    
    特征:少量因果特征(收益/滚动波动率/价格相对均值/原始 OHLC 供环境用),
    全部只使用当前及过去数据;目标仓位列 &-target_position 由 RouteCModel
    顺序推理填充。
    
    阶段 2.5.2a 改造(工作包 B):
    - 订单类型改为 market(入场/退出均市场订单):成交价由回测器/交易所决定,
      回测中市场单以执行 bar 的 open 成交(backtesting.py:1039-1057 仅 limit
      分支调用 custom_entry_price;:596 exit_signal 的 close_rate=row[OPEN_IDX];
      :551-567 信号 shift(1)),与环境 market_open_causal 合同在
      simulated_slippage_bps=0 时逐笔对齐;
    - 移除 custom_entry_price / custom_exit_price / _route_c_bars 执行 K 线
      high/low 缓存(阶段 2.5.2 bar 内调价合同依赖执行 K 线最终 high/low,
      属未来信息,已废弃为 legacy_noncausal_not_for_training);
    - simulated_slippage_bps 只属于训练与离线压力环境,不得改变 live 市场订单
      价格;Freqtrade live 使用交易所真实回报价格;
    - amount_epsilon 与 RouteCModel 从同一最终配置 freqai.route_c.amount_epsilon
      读取(工作包 E),所有执行状态读取都通过 route_c_amount_epsilon 传参。
    
    保留(阶段 2.5.2 工作包 B):
    - live 只处理最新一行(signal_convert.latest_row_signals);
    - adjust_entry_price / adjust_exit_price 官方扩展点的目标反转取消
      (None = 取消且不替换);do_predict != 1 时维持挂单。
    
    成交时机完全交给 Freqtrade 回测引擎自身的 shift(1)(open[t+1]),
    本层不加额外 shift。
    """
    
    import sys
    from pathlib import Path
    
    from pandas import DataFrame
    
>   from freqtrade.enums import RunMode
E   ModuleNotFoundError: No module named 'freqtrade'

user_data/strategies/RouteCStrategy.py:35: ModuleNotFoundError
_________ ERROR at setup of test_reference_equivalence_side_b[c3_cost] _________

    @pytest.fixture(scope="module")
    def fitted():
>       bank = generate_fit_bank("preprocess_fit_calibration_r3",
                                 pairs_per_rung=1)

tests/route_c_stage2_6_1/test_curriculum261_r3_reference.py:32: 
_ _ _ _ _ _ _ _ _ _ _ _ _ _ _ _ _ _ _ _ _ _ _ _ _ _ _ _ _ _ _ _ _ _ _ _ _ _ _ _ 
src/rl_curriculum/curriculum261_r3_calibration.py:118: in generate_fit_bank
    records.append(generate_pair(
src/rl_curriculum/curriculum261_pairs.py:114: in generate_pair
    episodes, log = generate_pair_with_attempts(
src/rl_curriculum/curriculum261_api.py:1504: in generate_pair_with_attempts
    episodes[side] = generator.generate(
src/rl_curriculum/generator_api.py:186: in generate
    df = self._attach_features(df)
         ^^^^^^^^^^^^^^^^^^^^^^^^^
src/rl_curriculum/curriculum261_api.py:1267: in _attach_features
    return attach_production_features(df)
           ^^^^^^^^^^^^^^^^^^^^^^^^^^^^^^
src/rl_curriculum/curriculum261_production_obs.py:160: in attach_production_features
    cls = load_route_c_strategy_class()
          ^^^^^^^^^^^^^^^^^^^^^^^^^^^^^
src/rl_curriculum/curriculum261_production_obs.py:124: in load_route_c_strategy_class
    spec.loader.exec_module(module)
<frozen importlib._bootstrap_external>:940: in exec_module
    ???
<frozen importlib._bootstrap>:241: in _call_with_frames_removed
    ???
_ _ _ _ _ _ _ _ _ _ _ _ _ _ _ _ _ _ _ _ _ _ _ _ _ _ _ _ _ _ _ _ _ _ _ _ _ _ _ _ 

    """阶段 2.5.2a 路线 C:Freqtrade 策略薄适配层(execution_mode=market_open_causal)。
    
    特征:少量因果特征(收益/滚动波动率/价格相对均值/原始 OHLC 供环境用),
    全部只使用当前及过去数据;目标仓位列 &-target_position 由 RouteCModel
    顺序推理填充。
    
    阶段 2.5.2a 改造(工作包 B):
    - 订单类型改为 market(入场/退出均市场订单):成交价由回测器/交易所决定,
      回测中市场单以执行 bar 的 open 成交(backtesting.py:1039-1057 仅 limit
      分支调用 custom_entry_price;:596 exit_signal 的 close_rate=row[OPEN_IDX];
      :551-567 信号 shift(1)),与环境 market_open_causal 合同在
      simulated_slippage_bps=0 时逐笔对齐;
    - 移除 custom_entry_price / custom_exit_price / _route_c_bars 执行 K 线
      high/low 缓存(阶段 2.5.2 bar 内调价合同依赖执行 K 线最终 high/low,
      属未来信息,已废弃为 legacy_noncausal_not_for_training);
    - simulated_slippage_bps 只属于训练与离线压力环境,不得改变 live 市场订单
      价格;Freqtrade live 使用交易所真实回报价格;
    - amount_epsilon 与 RouteCModel 从同一最终配置 freqai.route_c.amount_epsilon
      读取(工作包 E),所有执行状态读取都通过 route_c_amount_epsilon 传参。
    
    保留(阶段 2.5.2 工作包 B):
    - live 只处理最新一行(signal_convert.latest_row_signals);
    - adjust_entry_price / adjust_exit_price 官方扩展点的目标反转取消
      (None = 取消且不替换);do_predict != 1 时维持挂单。
    
    成交时机完全交给 Freqtrade 回测引擎自身的 shift(1)(open[t+1]),
    本层不加额外 shift。
    """
    
    import sys
    from pathlib import Path
    
    from pandas import DataFrame
    
>   from freqtrade.enums import RunMode
E   ModuleNotFoundError: No module named 'freqtrade'

user_data/strategies/RouteCStrategy.py:35: ModuleNotFoundError
__________ ERROR at setup of test_inverse_wrapper_no_raw_side_channel __________

    @pytest.fixture(scope="module")
    def fitted():
>       bank = generate_fit_bank("preprocess_fit_calibration_r3",
                                 pairs_per_rung=1)

tests/route_c_stage2_6_1/test_curriculum261_r3_reference.py:32: 
_ _ _ _ _ _ _ _ _ _ _ _ _ _ _ _ _ _ _ _ _ _ _ _ _ _ _ _ _ _ _ _ _ _ _ _ _ _ _ _ 
src/rl_curriculum/curriculum261_r3_calibration.py:118: in generate_fit_bank
    records.append(generate_pair(
src/rl_curriculum/curriculum261_pairs.py:114: in generate_pair
    episodes, log = generate_pair_with_attempts(
src/rl_curriculum/curriculum261_api.py:1504: in generate_pair_with_attempts
    episodes[side] = generator.generate(
src/rl_curriculum/generator_api.py:186: in generate
    df = self._attach_features(df)
         ^^^^^^^^^^^^^^^^^^^^^^^^^
src/rl_curriculum/curriculum261_api.py:1267: in _attach_features
    return attach_production_features(df)
           ^^^^^^^^^^^^^^^^^^^^^^^^^^^^^^
src/rl_curriculum/curriculum261_production_obs.py:160: in attach_production_features
    cls = load_route_c_strategy_class()
          ^^^^^^^^^^^^^^^^^^^^^^^^^^^^^
src/rl_curriculum/curriculum261_production_obs.py:124: in load_route_c_strategy_class
    spec.loader.exec_module(module)
<frozen importlib._bootstrap_external>:940: in exec_module
    ???
<frozen importlib._bootstrap>:241: in _call_with_frames_removed
    ???
_ _ _ _ _ _ _ _ _ _ _ _ _ _ _ _ _ _ _ _ _ _ _ _ _ _ _ _ _ _ _ _ _ _ _ _ _ _ _ _ 

    """阶段 2.5.2a 路线 C:Freqtrade 策略薄适配层(execution_mode=market_open_causal)。
    
    特征:少量因果特征(收益/滚动波动率/价格相对均值/原始 OHLC 供环境用),
    全部只使用当前及过去数据;目标仓位列 &-target_position 由 RouteCModel
    顺序推理填充。
    
    阶段 2.5.2a 改造(工作包 B):
    - 订单类型改为 market(入场/退出均市场订单):成交价由回测器/交易所决定,
      回测中市场单以执行 bar 的 open 成交(backtesting.py:1039-1057 仅 limit
      分支调用 custom_entry_price;:596 exit_signal 的 close_rate=row[OPEN_IDX];
      :551-567 信号 shift(1)),与环境 market_open_causal 合同在
      simulated_slippage_bps=0 时逐笔对齐;
    - 移除 custom_entry_price / custom_exit_price / _route_c_bars 执行 K 线
      high/low 缓存(阶段 2.5.2 bar 内调价合同依赖执行 K 线最终 high/low,
      属未来信息,已废弃为 legacy_noncausal_not_for_training);
    - simulated_slippage_bps 只属于训练与离线压力环境,不得改变 live 市场订单
      价格;Freqtrade live 使用交易所真实回报价格;
    - amount_epsilon 与 RouteCModel 从同一最终配置 freqai.route_c.amount_epsilon
      读取(工作包 E),所有执行状态读取都通过 route_c_amount_epsilon 传参。
    
    保留(阶段 2.5.2 工作包 B):
    - live 只处理最新一行(signal_convert.latest_row_signals);
    - adjust_entry_price / adjust_exit_price 官方扩展点的目标反转取消
      (None = 取消且不替换);do_predict != 1 时维持挂单。
    
    成交时机完全交给 Freqtrade 回测引擎自身的 shift(1)(open[t+1]),
    本层不加额外 shift。
    """
    
    import sys
    from pathlib import Path
    
    from pandas import DataFrame
    
>   from freqtrade.enums import RunMode
E   ModuleNotFoundError: No module named 'freqtrade'

user_data/strategies/RouteCStrategy.py:35: ModuleNotFoundError
____________ ERROR at setup of test_wrapped_read_inverse_consistent ____________

    @pytest.fixture(scope="module")
    def fitted():
>       bank = generate_fit_bank("preprocess_fit_calibration_r3",
                                 pairs_per_rung=1)

tests/route_c_stage2_6_1/test_curriculum261_r3_reference.py:32: 
_ _ _ _ _ _ _ _ _ _ _ _ _ _ _ _ _ _ _ _ _ _ _ _ _ _ _ _ _ _ _ _ _ _ _ _ _ _ _ _ 
src/rl_curriculum/curriculum261_r3_calibration.py:118: in generate_fit_bank
    records.append(generate_pair(
src/rl_curriculum/curriculum261_pairs.py:114: in generate_pair
    episodes, log = generate_pair_with_attempts(
src/rl_curriculum/curriculum261_api.py:1504: in generate_pair_with_attempts
    episodes[side] = generator.generate(
src/rl_curriculum/generator_api.py:186: in generate
    df = self._attach_features(df)
         ^^^^^^^^^^^^^^^^^^^^^^^^^
src/rl_curriculum/curriculum261_api.py:1267: in _attach_features
    return attach_production_features(df)
           ^^^^^^^^^^^^^^^^^^^^^^^^^^^^^^
src/rl_curriculum/curriculum261_production_obs.py:160: in attach_production_features
    cls = load_route_c_strategy_class()
          ^^^^^^^^^^^^^^^^^^^^^^^^^^^^^
src/rl_curriculum/curriculum261_production_obs.py:124: in load_route_c_strategy_class
    spec.loader.exec_module(module)
<frozen importlib._bootstrap_external>:940: in exec_module
    ???
<frozen importlib._bootstrap>:241: in _call_with_frames_removed
    ???
_ _ _ _ _ _ _ _ _ _ _ _ _ _ _ _ _ _ _ _ _ _ _ _ _ _ _ _ _ _ _ _ _ _ _ _ _ _ _ _ 

    """阶段 2.5.2a 路线 C:Freqtrade 策略薄适配层(execution_mode=market_open_causal)。
    
    特征:少量因果特征(收益/滚动波动率/价格相对均值/原始 OHLC 供环境用),
    全部只使用当前及过去数据;目标仓位列 &-target_position 由 RouteCModel
    顺序推理填充。
    
    阶段 2.5.2a 改造(工作包 B):
    - 订单类型改为 market(入场/退出均市场订单):成交价由回测器/交易所决定,
      回测中市场单以执行 bar 的 open 成交(backtesting.py:1039-1057 仅 limit
      分支调用 custom_entry_price;:596 exit_signal 的 close_rate=row[OPEN_IDX];
      :551-567 信号 shift(1)),与环境 market_open_causal 合同在
      simulated_slippage_bps=0 时逐笔对齐;
    - 移除 custom_entry_price / custom_exit_price / _route_c_bars 执行 K 线
      high/low 缓存(阶段 2.5.2 bar 内调价合同依赖执行 K 线最终 high/low,
      属未来信息,已废弃为 legacy_noncausal_not_for_training);
    - simulated_slippage_bps 只属于训练与离线压力环境,不得改变 live 市场订单
      价格;Freqtrade live 使用交易所真实回报价格;
    - amount_epsilon 与 RouteCModel 从同一最终配置 freqai.route_c.amount_epsilon
      读取(工作包 E),所有执行状态读取都通过 route_c_amount_epsilon 传参。
    
    保留(阶段 2.5.2 工作包 B):
    - live 只处理最新一行(signal_convert.latest_row_signals);
    - adjust_entry_price / adjust_exit_price 官方扩展点的目标反转取消
      (None = 取消且不替换);do_predict != 1 时维持挂单。
    
    成交时机完全交给 Freqtrade 回测引擎自身的 shift(1)(open[t+1]),
    本层不加额外 shift。
    """
    
    import sys
    from pathlib import Path
    
    from pandas import DataFrame
    
>   from freqtrade.enums import RunMode
E   ModuleNotFoundError: No module named 'freqtrade'

user_data/strategies/RouteCStrategy.py:35: ModuleNotFoundError
_______ ERROR at setup of test_wrap_policy_set_keeps_unscaled_baselines ________

    @pytest.fixture(scope="module")
    def fitted():
>       bank = generate_fit_bank("preprocess_fit_calibration_r3",
                                 pairs_per_rung=1)

tests/route_c_stage2_6_1/test_curriculum261_r3_reference.py:32: 
_ _ _ _ _ _ _ _ _ _ _ _ _ _ _ _ _ _ _ _ _ _ _ _ _ _ _ _ _ _ _ _ _ _ _ _ _ _ _ _ 
src/rl_curriculum/curriculum261_r3_calibration.py:118: in generate_fit_bank
    records.append(generate_pair(
src/rl_curriculum/curriculum261_pairs.py:114: in generate_pair
    episodes, log = generate_pair_with_attempts(
src/rl_curriculum/curriculum261_api.py:1504: in generate_pair_with_attempts
    episodes[side] = generator.generate(
src/rl_curriculum/generator_api.py:186: in generate
    df = self._attach_features(df)
         ^^^^^^^^^^^^^^^^^^^^^^^^^
src/rl_curriculum/curriculum261_api.py:1267: in _attach_features
    return attach_production_features(df)
           ^^^^^^^^^^^^^^^^^^^^^^^^^^^^^^
src/rl_curriculum/curriculum261_production_obs.py:160: in attach_production_features
    cls = load_route_c_strategy_class()
          ^^^^^^^^^^^^^^^^^^^^^^^^^^^^^
src/rl_curriculum/curriculum261_production_obs.py:124: in load_route_c_strategy_class
    spec.loader.exec_module(module)
<frozen importlib._bootstrap_external>:940: in exec_module
    ???
<frozen importlib._bootstrap>:241: in _call_with_frames_removed
    ???
_ _ _ _ _ _ _ _ _ _ _ _ _ _ _ _ _ _ _ _ _ _ _ _ _ _ _ _ _ _ _ _ _ _ _ _ _ _ _ _ 

    """阶段 2.5.2a 路线 C:Freqtrade 策略薄适配层(execution_mode=market_open_causal)。
    
    特征:少量因果特征(收益/滚动波动率/价格相对均值/原始 OHLC 供环境用),
    全部只使用当前及过去数据;目标仓位列 &-target_position 由 RouteCModel
    顺序推理填充。
    
    阶段 2.5.2a 改造(工作包 B):
    - 订单类型改为 market(入场/退出均市场订单):成交价由回测器/交易所决定,
      回测中市场单以执行 bar 的 open 成交(backtesting.py:1039-1057 仅 limit
      分支调用 custom_entry_price;:596 exit_signal 的 close_rate=row[OPEN_IDX];
      :551-567 信号 shift(1)),与环境 market_open_causal 合同在
      simulated_slippage_bps=0 时逐笔对齐;
    - 移除 custom_entry_price / custom_exit_price / _route_c_bars 执行 K 线
      high/low 缓存(阶段 2.5.2 bar 内调价合同依赖执行 K 线最终 high/low,
      属未来信息,已废弃为 legacy_noncausal_not_for_training);
    - simulated_slippage_bps 只属于训练与离线压力环境,不得改变 live 市场订单
      价格;Freqtrade live 使用交易所真实回报价格;
    - amount_epsilon 与 RouteCModel 从同一最终配置 freqai.route_c.amount_epsilon
      读取(工作包 E),所有执行状态读取都通过 route_c_amount_epsilon 传参。
    
    保留(阶段 2.5.2 工作包 B):
    - live 只处理最新一行(signal_convert.latest_row_signals);
    - adjust_entry_price / adjust_exit_price 官方扩展点的目标反转取消
      (None = 取消且不替换);do_predict != 1 时维持挂单。
    
    成交时机完全交给 Freqtrade 回测引擎自身的 shift(1)(open[t+1]),
    本层不加额外 shift。
    """
    
    import sys
    from pathlib import Path
    
    from pandas import DataFrame
    
>   from freqtrade.enums import RunMode
E   ModuleNotFoundError: No module named 'freqtrade'

user_data/strategies/RouteCStrategy.py:35: ModuleNotFoundError
___________ ERROR at setup of test_evaluate_pair_corpus_r3_structure ___________

    @pytest.fixture(scope="module")
    def fitted():
>       bank = generate_fit_bank("preprocess_fit_calibration_r3",
                                 pairs_per_rung=1)

tests/route_c_stage2_6_1/test_curriculum261_r3_reference.py:32: 
_ _ _ _ _ _ _ _ _ _ _ _ _ _ _ _ _ _ _ _ _ _ _ _ _ _ _ _ _ _ _ _ _ _ _ _ _ _ _ _ 
src/rl_curriculum/curriculum261_r3_calibration.py:118: in generate_fit_bank
    records.append(generate_pair(
src/rl_curriculum/curriculum261_pairs.py:114: in generate_pair
    episodes, log = generate_pair_with_attempts(
src/rl_curriculum/curriculum261_api.py:1504: in generate_pair_with_attempts
    episodes[side] = generator.generate(
src/rl_curriculum/generator_api.py:186: in generate
    df = self._attach_features(df)
         ^^^^^^^^^^^^^^^^^^^^^^^^^
src/rl_curriculum/curriculum261_api.py:1267: in _attach_features
    return attach_production_features(df)
           ^^^^^^^^^^^^^^^^^^^^^^^^^^^^^^
src/rl_curriculum/curriculum261_production_obs.py:160: in attach_production_features
    cls = load_route_c_strategy_class()
          ^^^^^^^^^^^^^^^^^^^^^^^^^^^^^
src/rl_curriculum/curriculum261_production_obs.py:124: in load_route_c_strategy_class
    spec.loader.exec_module(module)
<frozen importlib._bootstrap_external>:940: in exec_module
    ???
<frozen importlib._bootstrap>:241: in _call_with_frames_removed
    ???
_ _ _ _ _ _ _ _ _ _ _ _ _ _ _ _ _ _ _ _ _ _ _ _ _ _ _ _ _ _ _ _ _ _ _ _ _ _ _ _ 

    """阶段 2.5.2a 路线 C:Freqtrade 策略薄适配层(execution_mode=market_open_causal)。
    
    特征:少量因果特征(收益/滚动波动率/价格相对均值/原始 OHLC 供环境用),
    全部只使用当前及过去数据;目标仓位列 &-target_position 由 RouteCModel
    顺序推理填充。
    
    阶段 2.5.2a 改造(工作包 B):
    - 订单类型改为 market(入场/退出均市场订单):成交价由回测器/交易所决定,
      回测中市场单以执行 bar 的 open 成交(backtesting.py:1039-1057 仅 limit
      分支调用 custom_entry_price;:596 exit_signal 的 close_rate=row[OPEN_IDX];
      :551-567 信号 shift(1)),与环境 market_open_causal 合同在
      simulated_slippage_bps=0 时逐笔对齐;
    - 移除 custom_entry_price / custom_exit_price / _route_c_bars 执行 K 线
      high/low 缓存(阶段 2.5.2 bar 内调价合同依赖执行 K 线最终 high/low,
      属未来信息,已废弃为 legacy_noncausal_not_for_training);
    - simulated_slippage_bps 只属于训练与离线压力环境,不得改变 live 市场订单
      价格;Freqtrade live 使用交易所真实回报价格;
    - amount_epsilon 与 RouteCModel 从同一最终配置 freqai.route_c.amount_epsilon
      读取(工作包 E),所有执行状态读取都通过 route_c_amount_epsilon 传参。
    
    保留(阶段 2.5.2 工作包 B):
    - live 只处理最新一行(signal_convert.latest_row_signals);
    - adjust_entry_price / adjust_exit_price 官方扩展点的目标反转取消
      (None = 取消且不替换);do_predict != 1 时维持挂单。
    
    成交时机完全交给 Freqtrade 回测引擎自身的 shift(1)(open[t+1]),
    本层不加额外 shift。
    """
    
    import sys
    from pathlib import Path
    
    from pandas import DataFrame
    
>   from freqtrade.enums import RunMode
E   ModuleNotFoundError: No module named 'freqtrade'

user_data/strategies/RouteCStrategy.py:35: ModuleNotFoundError
___ ERROR at setup of test_observation_space_unbounded_features_position_01 ____

tmp_path_factory = TempPathFactory(_given_basetemp=None, _trace=<pluggy._tracing.TagTracerSub object at 0x75507b8e4190>, _basetemp=PosixPath('/tmp/pytest-of-cryptorl/pytest-0'), _retention_count=3, _retention_policy='all')

    @pytest.fixture(scope="module")
    def fitted_v2(tmp_path_factory):
>       records = [
            generate_pair(f, r, 0, namespace="preprocess_fit_design_r4",
                          rung_params_override=_OVERRIDE)
            for f in CURRICULUM261_FAMILIES for r in CURRICULUM261_RUNGS]

tests/route_c_stage2_6_1/test_curriculum261_r4_preprocessing.py:55: 
_ _ _ _ _ _ _ _ _ _ _ _ _ _ _ _ _ _ _ _ _ _ _ _ _ _ _ _ _ _ _ _ _ _ _ _ _ _ _ _ 
tests/route_c_stage2_6_1/test_curriculum261_r4_preprocessing.py:56: in <listcomp>
    generate_pair(f, r, 0, namespace="preprocess_fit_design_r4",
src/rl_curriculum/curriculum261_pairs.py:114: in generate_pair
    episodes, log = generate_pair_with_attempts(
src/rl_curriculum/curriculum261_api.py:1504: in generate_pair_with_attempts
    episodes[side] = generator.generate(
src/rl_curriculum/generator_api.py:186: in generate
    df = self._attach_features(df)
         ^^^^^^^^^^^^^^^^^^^^^^^^^
src/rl_curriculum/curriculum261_api.py:1267: in _attach_features
    return attach_production_features(df)
           ^^^^^^^^^^^^^^^^^^^^^^^^^^^^^^
src/rl_curriculum/curriculum261_production_obs.py:160: in attach_production_features
    cls = load_route_c_strategy_class()
          ^^^^^^^^^^^^^^^^^^^^^^^^^^^^^
src/rl_curriculum/curriculum261_production_obs.py:124: in load_route_c_strategy_class
    spec.loader.exec_module(module)
<frozen importlib._bootstrap_external>:940: in exec_module
    ???
<frozen importlib._bootstrap>:241: in _call_with_frames_removed
    ???
_ _ _ _ _ _ _ _ _ _ _ _ _ _ _ _ _ _ _ _ _ _ _ _ _ _ _ _ _ _ _ _ _ _ _ _ _ _ _ _ 

    """阶段 2.5.2a 路线 C:Freqtrade 策略薄适配层(execution_mode=market_open_causal)。
    
    特征:少量因果特征(收益/滚动波动率/价格相对均值/原始 OHLC 供环境用),
    全部只使用当前及过去数据;目标仓位列 &-target_position 由 RouteCModel
    顺序推理填充。
    
    阶段 2.5.2a 改造(工作包 B):
    - 订单类型改为 market(入场/退出均市场订单):成交价由回测器/交易所决定,
      回测中市场单以执行 bar 的 open 成交(backtesting.py:1039-1057 仅 limit
      分支调用 custom_entry_price;:596 exit_signal 的 close_rate=row[OPEN_IDX];
      :551-567 信号 shift(1)),与环境 market_open_causal 合同在
      simulated_slippage_bps=0 时逐笔对齐;
    - 移除 custom_entry_price / custom_exit_price / _route_c_bars 执行 K 线
      high/low 缓存(阶段 2.5.2 bar 内调价合同依赖执行 K 线最终 high/low,
      属未来信息,已废弃为 legacy_noncausal_not_for_training);
    - simulated_slippage_bps 只属于训练与离线压力环境,不得改变 live 市场订单
      价格;Freqtrade live 使用交易所真实回报价格;
    - amount_epsilon 与 RouteCModel 从同一最终配置 freqai.route_c.amount_epsilon
      读取(工作包 E),所有执行状态读取都通过 route_c_amount_epsilon 传参。
    
    保留(阶段 2.5.2 工作包 B):
    - live 只处理最新一行(signal_convert.latest_row_signals);
    - adjust_entry_price / adjust_exit_price 官方扩展点的目标反转取消
      (None = 取消且不替换);do_predict != 1 时维持挂单。
    
    成交时机完全交给 Freqtrade 回测引擎自身的 shift(1)(open[t+1]),
    本层不加额外 shift。
    """
    
    import sys
    from pathlib import Path
    
    from pandas import DataFrame
    
>   from freqtrade.enums import RunMode
E   ModuleNotFoundError: No module named 'freqtrade'

user_data/strategies/RouteCStrategy.py:35: ModuleNotFoundError
__________ ERROR at setup of test_extreme_values_accepted_not_clipped __________

tmp_path_factory = TempPathFactory(_given_basetemp=None, _trace=<pluggy._tracing.TagTracerSub object at 0x75507b8e4190>, _basetemp=PosixPath('/tmp/pytest-of-cryptorl/pytest-0'), _retention_count=3, _retention_policy='all')

    @pytest.fixture(scope="module")
    def fitted_v2(tmp_path_factory):
>       records = [
            generate_pair(f, r, 0, namespace="preprocess_fit_design_r4",
                          rung_params_override=_OVERRIDE)
            for f in CURRICULUM261_FAMILIES for r in CURRICULUM261_RUNGS]

tests/route_c_stage2_6_1/test_curriculum261_r4_preprocessing.py:55: 
_ _ _ _ _ _ _ _ _ _ _ _ _ _ _ _ _ _ _ _ _ _ _ _ _ _ _ _ _ _ _ _ _ _ _ _ _ _ _ _ 
tests/route_c_stage2_6_1/test_curriculum261_r4_preprocessing.py:56: in <listcomp>
    generate_pair(f, r, 0, namespace="preprocess_fit_design_r4",
src/rl_curriculum/curriculum261_pairs.py:114: in generate_pair
    episodes, log = generate_pair_with_attempts(
src/rl_curriculum/curriculum261_api.py:1504: in generate_pair_with_attempts
    episodes[side] = generator.generate(
src/rl_curriculum/generator_api.py:186: in generate
    df = self._attach_features(df)
         ^^^^^^^^^^^^^^^^^^^^^^^^^
src/rl_curriculum/curriculum261_api.py:1267: in _attach_features
    return attach_production_features(df)
           ^^^^^^^^^^^^^^^^^^^^^^^^^^^^^^
src/rl_curriculum/curriculum261_production_obs.py:160: in attach_production_features
    cls = load_route_c_strategy_class()
          ^^^^^^^^^^^^^^^^^^^^^^^^^^^^^
src/rl_curriculum/curriculum261_production_obs.py:124: in load_route_c_strategy_class
    spec.loader.exec_module(module)
<frozen importlib._bootstrap_external>:940: in exec_module
    ???
<frozen importlib._bootstrap>:241: in _call_with_frames_removed
    ???
_ _ _ _ _ _ _ _ _ _ _ _ _ _ _ _ _ _ _ _ _ _ _ _ _ _ _ _ _ _ _ _ _ _ _ _ _ _ _ _ 

    """阶段 2.5.2a 路线 C:Freqtrade 策略薄适配层(execution_mode=market_open_causal)。
    
    特征:少量因果特征(收益/滚动波动率/价格相对均值/原始 OHLC 供环境用),
    全部只使用当前及过去数据;目标仓位列 &-target_position 由 RouteCModel
    顺序推理填充。
    
    阶段 2.5.2a 改造(工作包 B):
    - 订单类型改为 market(入场/退出均市场订单):成交价由回测器/交易所决定,
      回测中市场单以执行 bar 的 open 成交(backtesting.py:1039-1057 仅 limit
      分支调用 custom_entry_price;:596 exit_signal 的 close_rate=row[OPEN_IDX];
      :551-567 信号 shift(1)),与环境 market_open_causal 合同在
      simulated_slippage_bps=0 时逐笔对齐;
    - 移除 custom_entry_price / custom_exit_price / _route_c_bars 执行 K 线
      high/low 缓存(阶段 2.5.2 bar 内调价合同依赖执行 K 线最终 high/low,
      属未来信息,已废弃为 legacy_noncausal_not_for_training);
    - simulated_slippage_bps 只属于训练与离线压力环境,不得改变 live 市场订单
      价格;Freqtrade live 使用交易所真实回报价格;
    - amount_epsilon 与 RouteCModel 从同一最终配置 freqai.route_c.amount_epsilon
      读取(工作包 E),所有执行状态读取都通过 route_c_amount_epsilon 传参。
    
    保留(阶段 2.5.2 工作包 B):
    - live 只处理最新一行(signal_convert.latest_row_signals);
    - adjust_entry_price / adjust_exit_price 官方扩展点的目标反转取消
      (None = 取消且不替换);do_predict != 1 时维持挂单。
    
    成交时机完全交给 Freqtrade 回测引擎自身的 shift(1)(open[t+1]),
    本层不加额外 shift。
    """
    
    import sys
    from pathlib import Path
    
    from pandas import DataFrame
    
>   from freqtrade.enums import RunMode
E   ModuleNotFoundError: No module named 'freqtrade'

user_data/strategies/RouteCStrategy.py:35: ModuleNotFoundError
______ ERROR at setup of test_real_episodes_finite_and_position_identity _______

tmp_path_factory = TempPathFactory(_given_basetemp=None, _trace=<pluggy._tracing.TagTracerSub object at 0x75507b8e4190>, _basetemp=PosixPath('/tmp/pytest-of-cryptorl/pytest-0'), _retention_count=3, _retention_policy='all')

    @pytest.fixture(scope="module")
    def fitted_v2(tmp_path_factory):
>       records = [
            generate_pair(f, r, 0, namespace="preprocess_fit_design_r4",
                          rung_params_override=_OVERRIDE)
            for f in CURRICULUM261_FAMILIES for r in CURRICULUM261_RUNGS]

tests/route_c_stage2_6_1/test_curriculum261_r4_preprocessing.py:55: 
_ _ _ _ _ _ _ _ _ _ _ _ _ _ _ _ _ _ _ _ _ _ _ _ _ _ _ _ _ _ _ _ _ _ _ _ _ _ _ _ 
tests/route_c_stage2_6_1/test_curriculum261_r4_preprocessing.py:56: in <listcomp>
    generate_pair(f, r, 0, namespace="preprocess_fit_design_r4",
src/rl_curriculum/curriculum261_pairs.py:114: in generate_pair
    episodes, log = generate_pair_with_attempts(
src/rl_curriculum/curriculum261_api.py:1504: in generate_pair_with_attempts
    episodes[side] = generator.generate(
src/rl_curriculum/generator_api.py:186: in generate
    df = self._attach_features(df)
         ^^^^^^^^^^^^^^^^^^^^^^^^^
src/rl_curriculum/curriculum261_api.py:1267: in _attach_features
    return attach_production_features(df)
           ^^^^^^^^^^^^^^^^^^^^^^^^^^^^^^
src/rl_curriculum/curriculum261_production_obs.py:160: in attach_production_features
    cls = load_route_c_strategy_class()
          ^^^^^^^^^^^^^^^^^^^^^^^^^^^^^
src/rl_curriculum/curriculum261_production_obs.py:124: in load_route_c_strategy_class
    spec.loader.exec_module(module)
<frozen importlib._bootstrap_external>:940: in exec_module
    ???
<frozen importlib._bootstrap>:241: in _call_with_frames_removed
    ???
_ _ _ _ _ _ _ _ _ _ _ _ _ _ _ _ _ _ _ _ _ _ _ _ _ _ _ _ _ _ _ _ _ _ _ _ _ _ _ _ 

    """阶段 2.5.2a 路线 C:Freqtrade 策略薄适配层(execution_mode=market_open_causal)。
    
    特征:少量因果特征(收益/滚动波动率/价格相对均值/原始 OHLC 供环境用),
    全部只使用当前及过去数据;目标仓位列 &-target_position 由 RouteCModel
    顺序推理填充。
    
    阶段 2.5.2a 改造(工作包 B):
    - 订单类型改为 market(入场/退出均市场订单):成交价由回测器/交易所决定,
      回测中市场单以执行 bar 的 open 成交(backtesting.py:1039-1057 仅 limit
      分支调用 custom_entry_price;:596 exit_signal 的 close_rate=row[OPEN_IDX];
      :551-567 信号 shift(1)),与环境 market_open_causal 合同在
      simulated_slippage_bps=0 时逐笔对齐;
    - 移除 custom_entry_price / custom_exit_price / _route_c_bars 执行 K 线
      high/low 缓存(阶段 2.5.2 bar 内调价合同依赖执行 K 线最终 high/low,
      属未来信息,已废弃为 legacy_noncausal_not_for_training);
    - simulated_slippage_bps 只属于训练与离线压力环境,不得改变 live 市场订单
      价格;Freqtrade live 使用交易所真实回报价格;
    - amount_epsilon 与 RouteCModel 从同一最终配置 freqai.route_c.amount_epsilon
      读取(工作包 E),所有执行状态读取都通过 route_c_amount_epsilon 传参。
    
    保留(阶段 2.5.2 工作包 B):
    - live 只处理最新一行(signal_convert.latest_row_signals);
    - adjust_entry_price / adjust_exit_price 官方扩展点的目标反转取消
      (None = 取消且不替换);do_predict != 1 时维持挂单。
    
    成交时机完全交给 Freqtrade 回测引擎自身的 shift(1)(open[t+1]),
    本层不加额外 shift。
    """
    
    import sys
    from pathlib import Path
    
    from pandas import DataFrame
    
>   from freqtrade.enums import RunMode
E   ModuleNotFoundError: No module named 'freqtrade'

user_data/strategies/RouteCStrategy.py:35: ModuleNotFoundError
_________________ ERROR at setup of test_sb3_sees_outer_space __________________

tmp_path_factory = TempPathFactory(_given_basetemp=None, _trace=<pluggy._tracing.TagTracerSub object at 0x75507b8e4190>, _basetemp=PosixPath('/tmp/pytest-of-cryptorl/pytest-0'), _retention_count=3, _retention_policy='all')

    @pytest.fixture(scope="module")
    def fitted_v2(tmp_path_factory):
>       records = [
            generate_pair(f, r, 0, namespace="preprocess_fit_design_r4",
                          rung_params_override=_OVERRIDE)
            for f in CURRICULUM261_FAMILIES for r in CURRICULUM261_RUNGS]

tests/route_c_stage2_6_1/test_curriculum261_r4_preprocessing.py:55: 
_ _ _ _ _ _ _ _ _ _ _ _ _ _ _ _ _ _ _ _ _ _ _ _ _ _ _ _ _ _ _ _ _ _ _ _ _ _ _ _ 
tests/route_c_stage2_6_1/test_curriculum261_r4_preprocessing.py:56: in <listcomp>
    generate_pair(f, r, 0, namespace="preprocess_fit_design_r4",
src/rl_curriculum/curriculum261_pairs.py:114: in generate_pair
    episodes, log = generate_pair_with_attempts(
src/rl_curriculum/curriculum261_api.py:1504: in generate_pair_with_attempts
    episodes[side] = generator.generate(
src/rl_curriculum/generator_api.py:186: in generate
    df = self._attach_features(df)
         ^^^^^^^^^^^^^^^^^^^^^^^^^
src/rl_curriculum/curriculum261_api.py:1267: in _attach_features
    return attach_production_features(df)
           ^^^^^^^^^^^^^^^^^^^^^^^^^^^^^^
src/rl_curriculum/curriculum261_production_obs.py:160: in attach_production_features
    cls = load_route_c_strategy_class()
          ^^^^^^^^^^^^^^^^^^^^^^^^^^^^^
src/rl_curriculum/curriculum261_production_obs.py:124: in load_route_c_strategy_class
    spec.loader.exec_module(module)
<frozen importlib._bootstrap_external>:940: in exec_module
    ???
<frozen importlib._bootstrap>:241: in _call_with_frames_removed
    ???
_ _ _ _ _ _ _ _ _ _ _ _ _ _ _ _ _ _ _ _ _ _ _ _ _ _ _ _ _ _ _ _ _ _ _ _ _ _ _ _ 

    """阶段 2.5.2a 路线 C:Freqtrade 策略薄适配层(execution_mode=market_open_causal)。
    
    特征:少量因果特征(收益/滚动波动率/价格相对均值/原始 OHLC 供环境用),
    全部只使用当前及过去数据;目标仓位列 &-target_position 由 RouteCModel
    顺序推理填充。
    
    阶段 2.5.2a 改造(工作包 B):
    - 订单类型改为 market(入场/退出均市场订单):成交价由回测器/交易所决定,
      回测中市场单以执行 bar 的 open 成交(backtesting.py:1039-1057 仅 limit
      分支调用 custom_entry_price;:596 exit_signal 的 close_rate=row[OPEN_IDX];
      :551-567 信号 shift(1)),与环境 market_open_causal 合同在
      simulated_slippage_bps=0 时逐笔对齐;
    - 移除 custom_entry_price / custom_exit_price / _route_c_bars 执行 K 线
      high/low 缓存(阶段 2.5.2 bar 内调价合同依赖执行 K 线最终 high/low,
      属未来信息,已废弃为 legacy_noncausal_not_for_training);
    - simulated_slippage_bps 只属于训练与离线压力环境,不得改变 live 市场订单
      价格;Freqtrade live 使用交易所真实回报价格;
    - amount_epsilon 与 RouteCModel 从同一最终配置 freqai.route_c.amount_epsilon
      读取(工作包 E),所有执行状态读取都通过 route_c_amount_epsilon 传参。
    
    保留(阶段 2.5.2 工作包 B):
    - live 只处理最新一行(signal_convert.latest_row_signals);
    - adjust_entry_price / adjust_exit_price 官方扩展点的目标反转取消
      (None = 取消且不替换);do_predict != 1 时维持挂单。
    
    成交时机完全交给 Freqtrade 回测引擎自身的 shift(1)(open[t+1]),
    本层不加额外 shift。
    """
    
    import sys
    from pathlib import Path
    
    from pandas import DataFrame
    
>   from freqtrade.enums import RunMode
E   ModuleNotFoundError: No module named 'freqtrade'

user_data/strategies/RouteCStrategy.py:35: ModuleNotFoundError
________ ERROR at setup of test_manifest_order_invariant_multiset_hash _________

tmp_path_factory = TempPathFactory(_given_basetemp=None, _trace=<pluggy._tracing.TagTracerSub object at 0x75507b8e4190>, _basetemp=PosixPath('/tmp/pytest-of-cryptorl/pytest-0'), _retention_count=3, _retention_policy='all')

    @pytest.fixture(scope="module")
    def fitted_v2(tmp_path_factory):
>       records = [
            generate_pair(f, r, 0, namespace="preprocess_fit_design_r4",
                          rung_params_override=_OVERRIDE)
            for f in CURRICULUM261_FAMILIES for r in CURRICULUM261_RUNGS]

tests/route_c_stage2_6_1/test_curriculum261_r4_preprocessing.py:55: 
_ _ _ _ _ _ _ _ _ _ _ _ _ _ _ _ _ _ _ _ _ _ _ _ _ _ _ _ _ _ _ _ _ _ _ _ _ _ _ _ 
tests/route_c_stage2_6_1/test_curriculum261_r4_preprocessing.py:56: in <listcomp>
    generate_pair(f, r, 0, namespace="preprocess_fit_design_r4",
src/rl_curriculum/curriculum261_pairs.py:114: in generate_pair
    episodes, log = generate_pair_with_attempts(
src/rl_curriculum/curriculum261_api.py:1504: in generate_pair_with_attempts
    episodes[side] = generator.generate(
src/rl_curriculum/generator_api.py:186: in generate
    df = self._attach_features(df)
         ^^^^^^^^^^^^^^^^^^^^^^^^^
src/rl_curriculum/curriculum261_api.py:1267: in _attach_features
    return attach_production_features(df)
           ^^^^^^^^^^^^^^^^^^^^^^^^^^^^^^
src/rl_curriculum/curriculum261_production_obs.py:160: in attach_production_features
    cls = load_route_c_strategy_class()
          ^^^^^^^^^^^^^^^^^^^^^^^^^^^^^
src/rl_curriculum/curriculum261_production_obs.py:124: in load_route_c_strategy_class
    spec.loader.exec_module(module)
<frozen importlib._bootstrap_external>:940: in exec_module
    ???
<frozen importlib._bootstrap>:241: in _call_with_frames_removed
    ???
_ _ _ _ _ _ _ _ _ _ _ _ _ _ _ _ _ _ _ _ _ _ _ _ _ _ _ _ _ _ _ _ _ _ _ _ _ _ _ _ 

    """阶段 2.5.2a 路线 C:Freqtrade 策略薄适配层(execution_mode=market_open_causal)。
    
    特征:少量因果特征(收益/滚动波动率/价格相对均值/原始 OHLC 供环境用),
    全部只使用当前及过去数据;目标仓位列 &-target_position 由 RouteCModel
    顺序推理填充。
    
    阶段 2.5.2a 改造(工作包 B):
    - 订单类型改为 market(入场/退出均市场订单):成交价由回测器/交易所决定,
      回测中市场单以执行 bar 的 open 成交(backtesting.py:1039-1057 仅 limit
      分支调用 custom_entry_price;:596 exit_signal 的 close_rate=row[OPEN_IDX];
      :551-567 信号 shift(1)),与环境 market_open_causal 合同在
      simulated_slippage_bps=0 时逐笔对齐;
    - 移除 custom_entry_price / custom_exit_price / _route_c_bars 执行 K 线
      high/low 缓存(阶段 2.5.2 bar 内调价合同依赖执行 K 线最终 high/low,
      属未来信息,已废弃为 legacy_noncausal_not_for_training);
    - simulated_slippage_bps 只属于训练与离线压力环境,不得改变 live 市场订单
      价格;Freqtrade live 使用交易所真实回报价格;
    - amount_epsilon 与 RouteCModel 从同一最终配置 freqai.route_c.amount_epsilon
      读取(工作包 E),所有执行状态读取都通过 route_c_amount_epsilon 传参。
    
    保留(阶段 2.5.2 工作包 B):
    - live 只处理最新一行(signal_convert.latest_row_signals);
    - adjust_entry_price / adjust_exit_price 官方扩展点的目标反转取消
      (None = 取消且不替换);do_predict != 1 时维持挂单。
    
    成交时机完全交给 Freqtrade 回测引擎自身的 shift(1)(open[t+1]),
    本层不加额外 shift。
    """
    
    import sys
    from pathlib import Path
    
    from pandas import DataFrame
    
>   from freqtrade.enums import RunMode
E   ModuleNotFoundError: No module named 'freqtrade'

user_data/strategies/RouteCStrategy.py:35: ModuleNotFoundError
___________ ERROR at setup of test_different_multiset_different_hash ___________

tmp_path_factory = TempPathFactory(_given_basetemp=None, _trace=<pluggy._tracing.TagTracerSub object at 0x75507b8e4190>, _basetemp=PosixPath('/tmp/pytest-of-cryptorl/pytest-0'), _retention_count=3, _retention_policy='all')

    @pytest.fixture(scope="module")
    def fitted_v2(tmp_path_factory):
>       records = [
            generate_pair(f, r, 0, namespace="preprocess_fit_design_r4",
                          rung_params_override=_OVERRIDE)
            for f in CURRICULUM261_FAMILIES for r in CURRICULUM261_RUNGS]

tests/route_c_stage2_6_1/test_curriculum261_r4_preprocessing.py:55: 
_ _ _ _ _ _ _ _ _ _ _ _ _ _ _ _ _ _ _ _ _ _ _ _ _ _ _ _ _ _ _ _ _ _ _ _ _ _ _ _ 
tests/route_c_stage2_6_1/test_curriculum261_r4_preprocessing.py:56: in <listcomp>
    generate_pair(f, r, 0, namespace="preprocess_fit_design_r4",
src/rl_curriculum/curriculum261_pairs.py:114: in generate_pair
    episodes, log = generate_pair_with_attempts(
src/rl_curriculum/curriculum261_api.py:1504: in generate_pair_with_attempts
    episodes[side] = generator.generate(
src/rl_curriculum/generator_api.py:186: in generate
    df = self._attach_features(df)
         ^^^^^^^^^^^^^^^^^^^^^^^^^
src/rl_curriculum/curriculum261_api.py:1267: in _attach_features
    return attach_production_features(df)
           ^^^^^^^^^^^^^^^^^^^^^^^^^^^^^^
src/rl_curriculum/curriculum261_production_obs.py:160: in attach_production_features
    cls = load_route_c_strategy_class()
          ^^^^^^^^^^^^^^^^^^^^^^^^^^^^^
src/rl_curriculum/curriculum261_production_obs.py:124: in load_route_c_strategy_class
    spec.loader.exec_module(module)
<frozen importlib._bootstrap_external>:940: in exec_module
    ???
<frozen importlib._bootstrap>:241: in _call_with_frames_removed
    ???
_ _ _ _ _ _ _ _ _ _ _ _ _ _ _ _ _ _ _ _ _ _ _ _ _ _ _ _ _ _ _ _ _ _ _ _ _ _ _ _ 

    """阶段 2.5.2a 路线 C:Freqtrade 策略薄适配层(execution_mode=market_open_causal)。
    
    特征:少量因果特征(收益/滚动波动率/价格相对均值/原始 OHLC 供环境用),
    全部只使用当前及过去数据;目标仓位列 &-target_position 由 RouteCModel
    顺序推理填充。
    
    阶段 2.5.2a 改造(工作包 B):
    - 订单类型改为 market(入场/退出均市场订单):成交价由回测器/交易所决定,
      回测中市场单以执行 bar 的 open 成交(backtesting.py:1039-1057 仅 limit
      分支调用 custom_entry_price;:596 exit_signal 的 close_rate=row[OPEN_IDX];
      :551-567 信号 shift(1)),与环境 market_open_causal 合同在
      simulated_slippage_bps=0 时逐笔对齐;
    - 移除 custom_entry_price / custom_exit_price / _route_c_bars 执行 K 线
      high/low 缓存(阶段 2.5.2 bar 内调价合同依赖执行 K 线最终 high/low,
      属未来信息,已废弃为 legacy_noncausal_not_for_training);
    - simulated_slippage_bps 只属于训练与离线压力环境,不得改变 live 市场订单
      价格;Freqtrade live 使用交易所真实回报价格;
    - amount_epsilon 与 RouteCModel 从同一最终配置 freqai.route_c.amount_epsilon
      读取(工作包 E),所有执行状态读取都通过 route_c_amount_epsilon 传参。
    
    保留(阶段 2.5.2 工作包 B):
    - live 只处理最新一行(signal_convert.latest_row_signals);
    - adjust_entry_price / adjust_exit_price 官方扩展点的目标反转取消
      (None = 取消且不替换);do_predict != 1 时维持挂单。
    
    成交时机完全交给 Freqtrade 回测引擎自身的 shift(1)(open[t+1]),
    本层不加额外 shift。
    """
    
    import sys
    from pathlib import Path
    
    from pandas import DataFrame
    
>   from freqtrade.enums import RunMode
E   ModuleNotFoundError: No module named 'freqtrade'

user_data/strategies/RouteCStrategy.py:35: ModuleNotFoundError
____ ERROR at setup of test_same_params_different_manifest_different_bundle ____

tmp_path_factory = TempPathFactory(_given_basetemp=None, _trace=<pluggy._tracing.TagTracerSub object at 0x75507b8e4190>, _basetemp=PosixPath('/tmp/pytest-of-cryptorl/pytest-0'), _retention_count=3, _retention_policy='all')

    @pytest.fixture(scope="module")
    def fitted_v2(tmp_path_factory):
>       records = [
            generate_pair(f, r, 0, namespace="preprocess_fit_design_r4",
                          rung_params_override=_OVERRIDE)
            for f in CURRICULUM261_FAMILIES for r in CURRICULUM261_RUNGS]

tests/route_c_stage2_6_1/test_curriculum261_r4_preprocessing.py:55: 
_ _ _ _ _ _ _ _ _ _ _ _ _ _ _ _ _ _ _ _ _ _ _ _ _ _ _ _ _ _ _ _ _ _ _ _ _ _ _ _ 
tests/route_c_stage2_6_1/test_curriculum261_r4_preprocessing.py:56: in <listcomp>
    generate_pair(f, r, 0, namespace="preprocess_fit_design_r4",
src/rl_curriculum/curriculum261_pairs.py:114: in generate_pair
    episodes, log = generate_pair_with_attempts(
src/rl_curriculum/curriculum261_api.py:1504: in generate_pair_with_attempts
    episodes[side] = generator.generate(
src/rl_curriculum/generator_api.py:186: in generate
    df = self._attach_features(df)
         ^^^^^^^^^^^^^^^^^^^^^^^^^
src/rl_curriculum/curriculum261_api.py:1267: in _attach_features
    return attach_production_features(df)
           ^^^^^^^^^^^^^^^^^^^^^^^^^^^^^^
src/rl_curriculum/curriculum261_production_obs.py:160: in attach_production_features
    cls = load_route_c_strategy_class()
          ^^^^^^^^^^^^^^^^^^^^^^^^^^^^^
src/rl_curriculum/curriculum261_production_obs.py:124: in load_route_c_strategy_class
    spec.loader.exec_module(module)
<frozen importlib._bootstrap_external>:940: in exec_module
    ???
<frozen importlib._bootstrap>:241: in _call_with_frames_removed
    ???
_ _ _ _ _ _ _ _ _ _ _ _ _ _ _ _ _ _ _ _ _ _ _ _ _ _ _ _ _ _ _ _ _ _ _ _ _ _ _ _ 

    """阶段 2.5.2a 路线 C:Freqtrade 策略薄适配层(execution_mode=market_open_causal)。
    
    特征:少量因果特征(收益/滚动波动率/价格相对均值/原始 OHLC 供环境用),
    全部只使用当前及过去数据;目标仓位列 &-target_position 由 RouteCModel
    顺序推理填充。
    
    阶段 2.5.2a 改造(工作包 B):
    - 订单类型改为 market(入场/退出均市场订单):成交价由回测器/交易所决定,
      回测中市场单以执行 bar 的 open 成交(backtesting.py:1039-1057 仅 limit
      分支调用 custom_entry_price;:596 exit_signal 的 close_rate=row[OPEN_IDX];
      :551-567 信号 shift(1)),与环境 market_open_causal 合同在
      simulated_slippage_bps=0 时逐笔对齐;
    - 移除 custom_entry_price / custom_exit_price / _route_c_bars 执行 K 线
      high/low 缓存(阶段 2.5.2 bar 内调价合同依赖执行 K 线最终 high/low,
      属未来信息,已废弃为 legacy_noncausal_not_for_training);
    - simulated_slippage_bps 只属于训练与离线压力环境,不得改变 live 市场订单
      价格;Freqtrade live 使用交易所真实回报价格;
    - amount_epsilon 与 RouteCModel 从同一最终配置 freqai.route_c.amount_epsilon
      读取(工作包 E),所有执行状态读取都通过 route_c_amount_epsilon 传参。
    
    保留(阶段 2.5.2 工作包 B):
    - live 只处理最新一行(signal_convert.latest_row_signals);
    - adjust_entry_price / adjust_exit_price 官方扩展点的目标反转取消
      (None = 取消且不替换);do_predict != 1 时维持挂单。
    
    成交时机完全交给 Freqtrade 回测引擎自身的 shift(1)(open[t+1]),
    本层不加额外 shift。
    """
    
    import sys
    from pathlib import Path
    
    from pandas import DataFrame
    
>   from freqtrade.enums import RunMode
E   ModuleNotFoundError: No module named 'freqtrade'

user_data/strategies/RouteCStrategy.py:35: ModuleNotFoundError
_______________ ERROR at setup of test_manifest_tamper_rejected ________________

tmp_path_factory = TempPathFactory(_given_basetemp=None, _trace=<pluggy._tracing.TagTracerSub object at 0x75507b8e4190>, _basetemp=PosixPath('/tmp/pytest-of-cryptorl/pytest-0'), _retention_count=3, _retention_policy='all')

    @pytest.fixture(scope="module")
    def fitted_v2(tmp_path_factory):
>       records = [
            generate_pair(f, r, 0, namespace="preprocess_fit_design_r4",
                          rung_params_override=_OVERRIDE)
            for f in CURRICULUM261_FAMILIES for r in CURRICULUM261_RUNGS]

tests/route_c_stage2_6_1/test_curriculum261_r4_preprocessing.py:55: 
_ _ _ _ _ _ _ _ _ _ _ _ _ _ _ _ _ _ _ _ _ _ _ _ _ _ _ _ _ _ _ _ _ _ _ _ _ _ _ _ 
tests/route_c_stage2_6_1/test_curriculum261_r4_preprocessing.py:56: in <listcomp>
    generate_pair(f, r, 0, namespace="preprocess_fit_design_r4",
src/rl_curriculum/curriculum261_pairs.py:114: in generate_pair
    episodes, log = generate_pair_with_attempts(
src/rl_curriculum/curriculum261_api.py:1504: in generate_pair_with_attempts
    episodes[side] = generator.generate(
src/rl_curriculum/generator_api.py:186: in generate
    df = self._attach_features(df)
         ^^^^^^^^^^^^^^^^^^^^^^^^^
src/rl_curriculum/curriculum261_api.py:1267: in _attach_features
    return attach_production_features(df)
           ^^^^^^^^^^^^^^^^^^^^^^^^^^^^^^
src/rl_curriculum/curriculum261_production_obs.py:160: in attach_production_features
    cls = load_route_c_strategy_class()
          ^^^^^^^^^^^^^^^^^^^^^^^^^^^^^
src/rl_curriculum/curriculum261_production_obs.py:124: in load_route_c_strategy_class
    spec.loader.exec_module(module)
<frozen importlib._bootstrap_external>:940: in exec_module
    ???
<frozen importlib._bootstrap>:241: in _call_with_frames_removed
    ???
_ _ _ _ _ _ _ _ _ _ _ _ _ _ _ _ _ _ _ _ _ _ _ _ _ _ _ _ _ _ _ _ _ _ _ _ _ _ _ _ 

    """阶段 2.5.2a 路线 C:Freqtrade 策略薄适配层(execution_mode=market_open_causal)。
    
    特征:少量因果特征(收益/滚动波动率/价格相对均值/原始 OHLC 供环境用),
    全部只使用当前及过去数据;目标仓位列 &-target_position 由 RouteCModel
    顺序推理填充。
    
    阶段 2.5.2a 改造(工作包 B):
    - 订单类型改为 market(入场/退出均市场订单):成交价由回测器/交易所决定,
      回测中市场单以执行 bar 的 open 成交(backtesting.py:1039-1057 仅 limit
      分支调用 custom_entry_price;:596 exit_signal 的 close_rate=row[OPEN_IDX];
      :551-567 信号 shift(1)),与环境 market_open_causal 合同在
      simulated_slippage_bps=0 时逐笔对齐;
    - 移除 custom_entry_price / custom_exit_price / _route_c_bars 执行 K 线
      high/low 缓存(阶段 2.5.2 bar 内调价合同依赖执行 K 线最终 high/low,
      属未来信息,已废弃为 legacy_noncausal_not_for_training);
    - simulated_slippage_bps 只属于训练与离线压力环境,不得改变 live 市场订单
      价格;Freqtrade live 使用交易所真实回报价格;
    - amount_epsilon 与 RouteCModel 从同一最终配置 freqai.route_c.amount_epsilon
      读取(工作包 E),所有执行状态读取都通过 route_c_amount_epsilon 传参。
    
    保留(阶段 2.5.2 工作包 B):
    - live 只处理最新一行(signal_convert.latest_row_signals);
    - adjust_entry_price / adjust_exit_price 官方扩展点的目标反转取消
      (None = 取消且不替换);do_predict != 1 时维持挂单。
    
    成交时机完全交给 Freqtrade 回测引擎自身的 shift(1)(open[t+1]),
    本层不加额外 shift。
    """
    
    import sys
    from pathlib import Path
    
    from pandas import DataFrame
    
>   from freqtrade.enums import RunMode
E   ModuleNotFoundError: No module named 'freqtrade'

user_data/strategies/RouteCStrategy.py:35: ModuleNotFoundError
____________ ERROR at setup of test_parameter_state_tamper_rejected ____________

tmp_path_factory = TempPathFactory(_given_basetemp=None, _trace=<pluggy._tracing.TagTracerSub object at 0x75507b8e4190>, _basetemp=PosixPath('/tmp/pytest-of-cryptorl/pytest-0'), _retention_count=3, _retention_policy='all')

    @pytest.fixture(scope="module")
    def fitted_v2(tmp_path_factory):
>       records = [
            generate_pair(f, r, 0, namespace="preprocess_fit_design_r4",
                          rung_params_override=_OVERRIDE)
            for f in CURRICULUM261_FAMILIES for r in CURRICULUM261_RUNGS]

tests/route_c_stage2_6_1/test_curriculum261_r4_preprocessing.py:55: 
_ _ _ _ _ _ _ _ _ _ _ _ _ _ _ _ _ _ _ _ _ _ _ _ _ _ _ _ _ _ _ _ _ _ _ _ _ _ _ _ 
tests/route_c_stage2_6_1/test_curriculum261_r4_preprocessing.py:56: in <listcomp>
    generate_pair(f, r, 0, namespace="preprocess_fit_design_r4",
src/rl_curriculum/curriculum261_pairs.py:114: in generate_pair
    episodes, log = generate_pair_with_attempts(
src/rl_curriculum/curriculum261_api.py:1504: in generate_pair_with_attempts
    episodes[side] = generator.generate(
src/rl_curriculum/generator_api.py:186: in generate
    df = self._attach_features(df)
         ^^^^^^^^^^^^^^^^^^^^^^^^^
src/rl_curriculum/curriculum261_api.py:1267: in _attach_features
    return attach_production_features(df)
           ^^^^^^^^^^^^^^^^^^^^^^^^^^^^^^
src/rl_curriculum/curriculum261_production_obs.py:160: in attach_production_features
    cls = load_route_c_strategy_class()
          ^^^^^^^^^^^^^^^^^^^^^^^^^^^^^
src/rl_curriculum/curriculum261_production_obs.py:124: in load_route_c_strategy_class
    spec.loader.exec_module(module)
<frozen importlib._bootstrap_external>:940: in exec_module
    ???
<frozen importlib._bootstrap>:241: in _call_with_frames_removed
    ???
_ _ _ _ _ _ _ _ _ _ _ _ _ _ _ _ _ _ _ _ _ _ _ _ _ _ _ _ _ _ _ _ _ _ _ _ _ _ _ _ 

    """阶段 2.5.2a 路线 C:Freqtrade 策略薄适配层(execution_mode=market_open_causal)。
    
    特征:少量因果特征(收益/滚动波动率/价格相对均值/原始 OHLC 供环境用),
    全部只使用当前及过去数据;目标仓位列 &-target_position 由 RouteCModel
    顺序推理填充。
    
    阶段 2.5.2a 改造(工作包 B):
    - 订单类型改为 market(入场/退出均市场订单):成交价由回测器/交易所决定,
      回测中市场单以执行 bar 的 open 成交(backtesting.py:1039-1057 仅 limit
      分支调用 custom_entry_price;:596 exit_signal 的 close_rate=row[OPEN_IDX];
      :551-567 信号 shift(1)),与环境 market_open_causal 合同在
      simulated_slippage_bps=0 时逐笔对齐;
    - 移除 custom_entry_price / custom_exit_price / _route_c_bars 执行 K 线
      high/low 缓存(阶段 2.5.2 bar 内调价合同依赖执行 K 线最终 high/low,
      属未来信息,已废弃为 legacy_noncausal_not_for_training);
    - simulated_slippage_bps 只属于训练与离线压力环境,不得改变 live 市场订单
      价格;Freqtrade live 使用交易所真实回报价格;
    - amount_epsilon 与 RouteCModel 从同一最终配置 freqai.route_c.amount_epsilon
      读取(工作包 E),所有执行状态读取都通过 route_c_amount_epsilon 传参。
    
    保留(阶段 2.5.2 工作包 B):
    - live 只处理最新一行(signal_convert.latest_row_signals);
    - adjust_entry_price / adjust_exit_price 官方扩展点的目标反转取消
      (None = 取消且不替换);do_predict != 1 时维持挂单。
    
    成交时机完全交给 Freqtrade 回测引擎自身的 shift(1)(open[t+1]),
    本层不加额外 shift。
    """
    
    import sys
    from pathlib import Path
    
    from pandas import DataFrame
    
>   from freqtrade.enums import RunMode
E   ModuleNotFoundError: No module named 'freqtrade'

user_data/strategies/RouteCStrategy.py:35: ModuleNotFoundError
_______________ ERROR at setup of test_reload_identity_unchanged _______________

tmp_path_factory = TempPathFactory(_given_basetemp=None, _trace=<pluggy._tracing.TagTracerSub object at 0x75507b8e4190>, _basetemp=PosixPath('/tmp/pytest-of-cryptorl/pytest-0'), _retention_count=3, _retention_policy='all')

    @pytest.fixture(scope="module")
    def fitted_v2(tmp_path_factory):
>       records = [
            generate_pair(f, r, 0, namespace="preprocess_fit_design_r4",
                          rung_params_override=_OVERRIDE)
            for f in CURRICULUM261_FAMILIES for r in CURRICULUM261_RUNGS]

tests/route_c_stage2_6_1/test_curriculum261_r4_preprocessing.py:55: 
_ _ _ _ _ _ _ _ _ _ _ _ _ _ _ _ _ _ _ _ _ _ _ _ _ _ _ _ _ _ _ _ _ _ _ _ _ _ _ _ 
tests/route_c_stage2_6_1/test_curriculum261_r4_preprocessing.py:56: in <listcomp>
    generate_pair(f, r, 0, namespace="preprocess_fit_design_r4",
src/rl_curriculum/curriculum261_pairs.py:114: in generate_pair
    episodes, log = generate_pair_with_attempts(
src/rl_curriculum/curriculum261_api.py:1504: in generate_pair_with_attempts
    episodes[side] = generator.generate(
src/rl_curriculum/generator_api.py:186: in generate
    df = self._attach_features(df)
         ^^^^^^^^^^^^^^^^^^^^^^^^^
src/rl_curriculum/curriculum261_api.py:1267: in _attach_features
    return attach_production_features(df)
           ^^^^^^^^^^^^^^^^^^^^^^^^^^^^^^
src/rl_curriculum/curriculum261_production_obs.py:160: in attach_production_features
    cls = load_route_c_strategy_class()
          ^^^^^^^^^^^^^^^^^^^^^^^^^^^^^
src/rl_curriculum/curriculum261_production_obs.py:124: in load_route_c_strategy_class
    spec.loader.exec_module(module)
<frozen importlib._bootstrap_external>:940: in exec_module
    ???
<frozen importlib._bootstrap>:241: in _call_with_frames_removed
    ???
_ _ _ _ _ _ _ _ _ _ _ _ _ _ _ _ _ _ _ _ _ _ _ _ _ _ _ _ _ _ _ _ _ _ _ _ _ _ _ _ 

    """阶段 2.5.2a 路线 C:Freqtrade 策略薄适配层(execution_mode=market_open_causal)。
    
    特征:少量因果特征(收益/滚动波动率/价格相对均值/原始 OHLC 供环境用),
    全部只使用当前及过去数据;目标仓位列 &-target_position 由 RouteCModel
    顺序推理填充。
    
    阶段 2.5.2a 改造(工作包 B):
    - 订单类型改为 market(入场/退出均市场订单):成交价由回测器/交易所决定,
      回测中市场单以执行 bar 的 open 成交(backtesting.py:1039-1057 仅 limit
      分支调用 custom_entry_price;:596 exit_signal 的 close_rate=row[OPEN_IDX];
      :551-567 信号 shift(1)),与环境 market_open_causal 合同在
      simulated_slippage_bps=0 时逐笔对齐;
    - 移除 custom_entry_price / custom_exit_price / _route_c_bars 执行 K 线
      high/low 缓存(阶段 2.5.2 bar 内调价合同依赖执行 K 线最终 high/low,
      属未来信息,已废弃为 legacy_noncausal_not_for_training);
    - simulated_slippage_bps 只属于训练与离线压力环境,不得改变 live 市场订单
      价格;Freqtrade live 使用交易所真实回报价格;
    - amount_epsilon 与 RouteCModel 从同一最终配置 freqai.route_c.amount_epsilon
      读取(工作包 E),所有执行状态读取都通过 route_c_amount_epsilon 传参。
    
    保留(阶段 2.5.2 工作包 B):
    - live 只处理最新一行(signal_convert.latest_row_signals);
    - adjust_entry_price / adjust_exit_price 官方扩展点的目标反转取消
      (None = 取消且不替换);do_predict != 1 时维持挂单。
    
    成交时机完全交给 Freqtrade 回测引擎自身的 shift(1)(open[t+1]),
    本层不加额外 shift。
    """
    
    import sys
    from pathlib import Path
    
    from pandas import DataFrame
    
>   from freqtrade.enums import RunMode
E   ModuleNotFoundError: No module named 'freqtrade'

user_data/strategies/RouteCStrategy.py:35: ModuleNotFoundError
_______________ ERROR at setup of test_staged_mixed_same_bundle ________________

tmp_path_factory = TempPathFactory(_given_basetemp=None, _trace=<pluggy._tracing.TagTracerSub object at 0x75507b8e4190>, _basetemp=PosixPath('/tmp/pytest-of-cryptorl/pytest-0'), _retention_count=3, _retention_policy='all')

    @pytest.fixture(scope="module")
    def fitted_v2(tmp_path_factory):
>       records = [
            generate_pair(f, r, 0, namespace="preprocess_fit_design_r4",
                          rung_params_override=_OVERRIDE)
            for f in CURRICULUM261_FAMILIES for r in CURRICULUM261_RUNGS]

tests/route_c_stage2_6_1/test_curriculum261_r4_preprocessing.py:55: 
_ _ _ _ _ _ _ _ _ _ _ _ _ _ _ _ _ _ _ _ _ _ _ _ _ _ _ _ _ _ _ _ _ _ _ _ _ _ _ _ 
tests/route_c_stage2_6_1/test_curriculum261_r4_preprocessing.py:56: in <listcomp>
    generate_pair(f, r, 0, namespace="preprocess_fit_design_r4",
src/rl_curriculum/curriculum261_pairs.py:114: in generate_pair
    episodes, log = generate_pair_with_attempts(
src/rl_curriculum/curriculum261_api.py:1504: in generate_pair_with_attempts
    episodes[side] = generator.generate(
src/rl_curriculum/generator_api.py:186: in generate
    df = self._attach_features(df)
         ^^^^^^^^^^^^^^^^^^^^^^^^^
src/rl_curriculum/curriculum261_api.py:1267: in _attach_features
    return attach_production_features(df)
           ^^^^^^^^^^^^^^^^^^^^^^^^^^^^^^
src/rl_curriculum/curriculum261_production_obs.py:160: in attach_production_features
    cls = load_route_c_strategy_class()
          ^^^^^^^^^^^^^^^^^^^^^^^^^^^^^
src/rl_curriculum/curriculum261_production_obs.py:124: in load_route_c_strategy_class
    spec.loader.exec_module(module)
<frozen importlib._bootstrap_external>:940: in exec_module
    ???
<frozen importlib._bootstrap>:241: in _call_with_frames_removed
    ???
_ _ _ _ _ _ _ _ _ _ _ _ _ _ _ _ _ _ _ _ _ _ _ _ _ _ _ _ _ _ _ _ _ _ _ _ _ _ _ _ 

    """阶段 2.5.2a 路线 C:Freqtrade 策略薄适配层(execution_mode=market_open_causal)。
    
    特征:少量因果特征(收益/滚动波动率/价格相对均值/原始 OHLC 供环境用),
    全部只使用当前及过去数据;目标仓位列 &-target_position 由 RouteCModel
    顺序推理填充。
    
    阶段 2.5.2a 改造(工作包 B):
    - 订单类型改为 market(入场/退出均市场订单):成交价由回测器/交易所决定,
      回测中市场单以执行 bar 的 open 成交(backtesting.py:1039-1057 仅 limit
      分支调用 custom_entry_price;:596 exit_signal 的 close_rate=row[OPEN_IDX];
      :551-567 信号 shift(1)),与环境 market_open_causal 合同在
      simulated_slippage_bps=0 时逐笔对齐;
    - 移除 custom_entry_price / custom_exit_price / _route_c_bars 执行 K 线
      high/low 缓存(阶段 2.5.2 bar 内调价合同依赖执行 K 线最终 high/low,
      属未来信息,已废弃为 legacy_noncausal_not_for_training);
    - simulated_slippage_bps 只属于训练与离线压力环境,不得改变 live 市场订单
      价格;Freqtrade live 使用交易所真实回报价格;
    - amount_epsilon 与 RouteCModel 从同一最终配置 freqai.route_c.amount_epsilon
      读取(工作包 E),所有执行状态读取都通过 route_c_amount_epsilon 传参。
    
    保留(阶段 2.5.2 工作包 B):
    - live 只处理最新一行(signal_convert.latest_row_signals);
    - adjust_entry_price / adjust_exit_price 官方扩展点的目标反转取消
      (None = 取消且不替换);do_predict != 1 时维持挂单。
    
    成交时机完全交给 Freqtrade 回测引擎自身的 shift(1)(open[t+1]),
    本层不加额外 shift。
    """
    
    import sys
    from pathlib import Path
    
    from pandas import DataFrame
    
>   from freqtrade.enums import RunMode
E   ModuleNotFoundError: No module named 'freqtrade'

user_data/strategies/RouteCStrategy.py:35: ModuleNotFoundError
________ ERROR at setup of test_parameter_state_hash_excludes_n_samples ________

tmp_path_factory = TempPathFactory(_given_basetemp=None, _trace=<pluggy._tracing.TagTracerSub object at 0x75507b8e4190>, _basetemp=PosixPath('/tmp/pytest-of-cryptorl/pytest-0'), _retention_count=3, _retention_policy='all')

    @pytest.fixture(scope="module")
    def fitted_v2(tmp_path_factory):
>       records = [
            generate_pair(f, r, 0, namespace="preprocess_fit_design_r4",
                          rung_params_override=_OVERRIDE)
            for f in CURRICULUM261_FAMILIES for r in CURRICULUM261_RUNGS]

tests/route_c_stage2_6_1/test_curriculum261_r4_preprocessing.py:55: 
_ _ _ _ _ _ _ _ _ _ _ _ _ _ _ _ _ _ _ _ _ _ _ _ _ _ _ _ _ _ _ _ _ _ _ _ _ _ _ _ 
tests/route_c_stage2_6_1/test_curriculum261_r4_preprocessing.py:56: in <listcomp>
    generate_pair(f, r, 0, namespace="preprocess_fit_design_r4",
src/rl_curriculum/curriculum261_pairs.py:114: in generate_pair
    episodes, log = generate_pair_with_attempts(
src/rl_curriculum/curriculum261_api.py:1504: in generate_pair_with_attempts
    episodes[side] = generator.generate(
src/rl_curriculum/generator_api.py:186: in generate
    df = self._attach_features(df)
         ^^^^^^^^^^^^^^^^^^^^^^^^^
src/rl_curriculum/curriculum261_api.py:1267: in _attach_features
    return attach_production_features(df)
           ^^^^^^^^^^^^^^^^^^^^^^^^^^^^^^
src/rl_curriculum/curriculum261_production_obs.py:160: in attach_production_features
    cls = load_route_c_strategy_class()
          ^^^^^^^^^^^^^^^^^^^^^^^^^^^^^
src/rl_curriculum/curriculum261_production_obs.py:124: in load_route_c_strategy_class
    spec.loader.exec_module(module)
<frozen importlib._bootstrap_external>:940: in exec_module
    ???
<frozen importlib._bootstrap>:241: in _call_with_frames_removed
    ???
_ _ _ _ _ _ _ _ _ _ _ _ _ _ _ _ _ _ _ _ _ _ _ _ _ _ _ _ _ _ _ _ _ _ _ _ _ _ _ _ 

    """阶段 2.5.2a 路线 C:Freqtrade 策略薄适配层(execution_mode=market_open_causal)。
    
    特征:少量因果特征(收益/滚动波动率/价格相对均值/原始 OHLC 供环境用),
    全部只使用当前及过去数据;目标仓位列 &-target_position 由 RouteCModel
    顺序推理填充。
    
    阶段 2.5.2a 改造(工作包 B):
    - 订单类型改为 market(入场/退出均市场订单):成交价由回测器/交易所决定,
      回测中市场单以执行 bar 的 open 成交(backtesting.py:1039-1057 仅 limit
      分支调用 custom_entry_price;:596 exit_signal 的 close_rate=row[OPEN_IDX];
      :551-567 信号 shift(1)),与环境 market_open_causal 合同在
      simulated_slippage_bps=0 时逐笔对齐;
    - 移除 custom_entry_price / custom_exit_price / _route_c_bars 执行 K 线
      high/low 缓存(阶段 2.5.2 bar 内调价合同依赖执行 K 线最终 high/low,
      属未来信息,已废弃为 legacy_noncausal_not_for_training);
    - simulated_slippage_bps 只属于训练与离线压力环境,不得改变 live 市场订单
      价格;Freqtrade live 使用交易所真实回报价格;
    - amount_epsilon 与 RouteCModel 从同一最终配置 freqai.route_c.amount_epsilon
      读取(工作包 E),所有执行状态读取都通过 route_c_amount_epsilon 传参。
    
    保留(阶段 2.5.2 工作包 B):
    - live 只处理最新一行(signal_convert.latest_row_signals);
    - adjust_entry_price / adjust_exit_price 官方扩展点的目标反转取消
      (None = 取消且不替换);do_predict != 1 时维持挂单。
    
    成交时机完全交给 Freqtrade 回测引擎自身的 shift(1)(open[t+1]),
    本层不加额外 shift。
    """
    
    import sys
    from pathlib import Path
    
    from pandas import DataFrame
    
>   from freqtrade.enums import RunMode
E   ModuleNotFoundError: No module named 'freqtrade'

user_data/strategies/RouteCStrategy.py:35: ModuleNotFoundError
__________________ ERROR at setup of test_semantics_declared ___________________

tmp_path_factory = TempPathFactory(_given_basetemp=None, _trace=<pluggy._tracing.TagTracerSub object at 0x75507b8e4190>, _basetemp=PosixPath('/tmp/pytest-of-cryptorl/pytest-0'), _retention_count=3, _retention_policy='all')

    @pytest.fixture(scope="module")
    def fitted_v2(tmp_path_factory):
>       records = [
            generate_pair(f, r, 0, namespace="preprocess_fit_design_r4",
                          rung_params_override=_OVERRIDE)
            for f in CURRICULUM261_FAMILIES for r in CURRICULUM261_RUNGS]

tests/route_c_stage2_6_1/test_curriculum261_r4_preprocessing.py:55: 
_ _ _ _ _ _ _ _ _ _ _ _ _ _ _ _ _ _ _ _ _ _ _ _ _ _ _ _ _ _ _ _ _ _ _ _ _ _ _ _ 
tests/route_c_stage2_6_1/test_curriculum261_r4_preprocessing.py:56: in <listcomp>
    generate_pair(f, r, 0, namespace="preprocess_fit_design_r4",
src/rl_curriculum/curriculum261_pairs.py:114: in generate_pair
    episodes, log = generate_pair_with_attempts(
src/rl_curriculum/curriculum261_api.py:1504: in generate_pair_with_attempts
    episodes[side] = generator.generate(
src/rl_curriculum/generator_api.py:186: in generate
    df = self._attach_features(df)
         ^^^^^^^^^^^^^^^^^^^^^^^^^
src/rl_curriculum/curriculum261_api.py:1267: in _attach_features
    return attach_production_features(df)
           ^^^^^^^^^^^^^^^^^^^^^^^^^^^^^^
src/rl_curriculum/curriculum261_production_obs.py:160: in attach_production_features
    cls = load_route_c_strategy_class()
          ^^^^^^^^^^^^^^^^^^^^^^^^^^^^^
src/rl_curriculum/curriculum261_production_obs.py:124: in load_route_c_strategy_class
    spec.loader.exec_module(module)
<frozen importlib._bootstrap_external>:940: in exec_module
    ???
<frozen importlib._bootstrap>:241: in _call_with_frames_removed
    ???
_ _ _ _ _ _ _ _ _ _ _ _ _ _ _ _ _ _ _ _ _ _ _ _ _ _ _ _ _ _ _ _ _ _ _ _ _ _ _ _ 

    """阶段 2.5.2a 路线 C:Freqtrade 策略薄适配层(execution_mode=market_open_causal)。
    
    特征:少量因果特征(收益/滚动波动率/价格相对均值/原始 OHLC 供环境用),
    全部只使用当前及过去数据;目标仓位列 &-target_position 由 RouteCModel
    顺序推理填充。
    
    阶段 2.5.2a 改造(工作包 B):
    - 订单类型改为 market(入场/退出均市场订单):成交价由回测器/交易所决定,
      回测中市场单以执行 bar 的 open 成交(backtesting.py:1039-1057 仅 limit
      分支调用 custom_entry_price;:596 exit_signal 的 close_rate=row[OPEN_IDX];
      :551-567 信号 shift(1)),与环境 market_open_causal 合同在
      simulated_slippage_bps=0 时逐笔对齐;
    - 移除 custom_entry_price / custom_exit_price / _route_c_bars 执行 K 线
      high/low 缓存(阶段 2.5.2 bar 内调价合同依赖执行 K 线最终 high/low,
      属未来信息,已废弃为 legacy_noncausal_not_for_training);
    - simulated_slippage_bps 只属于训练与离线压力环境,不得改变 live 市场订单
      价格;Freqtrade live 使用交易所真实回报价格;
    - amount_epsilon 与 RouteCModel 从同一最终配置 freqai.route_c.amount_epsilon
      读取(工作包 E),所有执行状态读取都通过 route_c_amount_epsilon 传参。
    
    保留(阶段 2.5.2 工作包 B):
    - live 只处理最新一行(signal_convert.latest_row_signals);
    - adjust_entry_price / adjust_exit_price 官方扩展点的目标反转取消
      (None = 取消且不替换);do_predict != 1 时维持挂单。
    
    成交时机完全交给 Freqtrade 回测引擎自身的 shift(1)(open[t+1]),
    本层不加额外 shift。
    """
    
    import sys
    from pathlib import Path
    
    from pandas import DataFrame
    
>   from freqtrade.enums import RunMode
E   ModuleNotFoundError: No module named 'freqtrade'

user_data/strategies/RouteCStrategy.py:35: ModuleNotFoundError
_________________ ERROR at setup of test_v2_three_layer_hashes _________________

tmp_path_factory = TempPathFactory(_given_basetemp=None, _trace=<pluggy._tracing.TagTracerSub object at 0x75507b8e4190>, _basetemp=PosixPath('/tmp/pytest-of-cryptorl/pytest-0'), _retention_count=3, _retention_policy='all')

    @pytest.fixture(scope="module")
    def v2_fit(tmp_path_factory):
        """小 fit bank(ppo_smoke_r5,非 final namespace)-> V2。"""
        pack = ladder_pack_payload(
            tier="A", selected_c2_candidate="c2_a_alpha26_vol16",
            c2_d3_params=dict(
                C2_TIER_A_CANDIDATES["c2_a_alpha26_vol16"]),
            design_plan_digest="r5dp-test")
        records = [
>           rec for rec in generate_fit_bank_r5("ppo_smoke_r5", pack,
                                                pairs_per_rung=1)
        ]

tests/route_c_stage2_6_1/test_curriculum261_r5_preprocessing.py:43: 
_ _ _ _ _ _ _ _ _ _ _ _ _ _ _ _ _ _ _ _ _ _ _ _ _ _ _ _ _ _ _ _ _ _ _ _ _ _ _ _ 
src/rl_curriculum/curriculum261_r5_calibration.py:97: in generate_fit_bank_r5
    records.append(generate_pair(
src/rl_curriculum/curriculum261_pairs.py:114: in generate_pair
    episodes, log = generate_pair_with_attempts(
src/rl_curriculum/curriculum261_api.py:1504: in generate_pair_with_attempts
    episodes[side] = generator.generate(
src/rl_curriculum/generator_api.py:186: in generate
    df = self._attach_features(df)
         ^^^^^^^^^^^^^^^^^^^^^^^^^
src/rl_curriculum/curriculum261_api.py:1267: in _attach_features
    return attach_production_features(df)
           ^^^^^^^^^^^^^^^^^^^^^^^^^^^^^^
src/rl_curriculum/curriculum261_production_obs.py:160: in attach_production_features
    cls = load_route_c_strategy_class()
          ^^^^^^^^^^^^^^^^^^^^^^^^^^^^^
src/rl_curriculum/curriculum261_production_obs.py:124: in load_route_c_strategy_class
    spec.loader.exec_module(module)
<frozen importlib._bootstrap_external>:940: in exec_module
    ???
<frozen importlib._bootstrap>:241: in _call_with_frames_removed
    ???
_ _ _ _ _ _ _ _ _ _ _ _ _ _ _ _ _ _ _ _ _ _ _ _ _ _ _ _ _ _ _ _ _ _ _ _ _ _ _ _ 

    """阶段 2.5.2a 路线 C:Freqtrade 策略薄适配层(execution_mode=market_open_causal)。
    
    特征:少量因果特征(收益/滚动波动率/价格相对均值/原始 OHLC 供环境用),
    全部只使用当前及过去数据;目标仓位列 &-target_position 由 RouteCModel
    顺序推理填充。
    
    阶段 2.5.2a 改造(工作包 B):
    - 订单类型改为 market(入场/退出均市场订单):成交价由回测器/交易所决定,
      回测中市场单以执行 bar 的 open 成交(backtesting.py:1039-1057 仅 limit
      分支调用 custom_entry_price;:596 exit_signal 的 close_rate=row[OPEN_IDX];
      :551-567 信号 shift(1)),与环境 market_open_causal 合同在
      simulated_slippage_bps=0 时逐笔对齐;
    - 移除 custom_entry_price / custom_exit_price / _route_c_bars 执行 K 线
      high/low 缓存(阶段 2.5.2 bar 内调价合同依赖执行 K 线最终 high/low,
      属未来信息,已废弃为 legacy_noncausal_not_for_training);
    - simulated_slippage_bps 只属于训练与离线压力环境,不得改变 live 市场订单
      价格;Freqtrade live 使用交易所真实回报价格;
    - amount_epsilon 与 RouteCModel 从同一最终配置 freqai.route_c.amount_epsilon
      读取(工作包 E),所有执行状态读取都通过 route_c_amount_epsilon 传参。
    
    保留(阶段 2.5.2 工作包 B):
    - live 只处理最新一行(signal_convert.latest_row_signals);
    - adjust_entry_price / adjust_exit_price 官方扩展点的目标反转取消
      (None = 取消且不替换);do_predict != 1 时维持挂单。
    
    成交时机完全交给 Freqtrade 回测引擎自身的 shift(1)(open[t+1]),
    本层不加额外 shift。
    """
    
    import sys
    from pathlib import Path
    
    from pandas import DataFrame
    
>   from freqtrade.enums import RunMode
E   ModuleNotFoundError: No module named 'freqtrade'

user_data/strategies/RouteCStrategy.py:35: ModuleNotFoundError
_____________ ERROR at setup of test_v2_envelope_reload_and_tamper _____________

tmp_path_factory = TempPathFactory(_given_basetemp=None, _trace=<pluggy._tracing.TagTracerSub object at 0x75507b8e4190>, _basetemp=PosixPath('/tmp/pytest-of-cryptorl/pytest-0'), _retention_count=3, _retention_policy='all')

    @pytest.fixture(scope="module")
    def v2_fit(tmp_path_factory):
        """小 fit bank(ppo_smoke_r5,非 final namespace)-> V2。"""
        pack = ladder_pack_payload(
            tier="A", selected_c2_candidate="c2_a_alpha26_vol16",
            c2_d3_params=dict(
                C2_TIER_A_CANDIDATES["c2_a_alpha26_vol16"]),
            design_plan_digest="r5dp-test")
        records = [
>           rec for rec in generate_fit_bank_r5("ppo_smoke_r5", pack,
                                                pairs_per_rung=1)
        ]

tests/route_c_stage2_6_1/test_curriculum261_r5_preprocessing.py:43: 
_ _ _ _ _ _ _ _ _ _ _ _ _ _ _ _ _ _ _ _ _ _ _ _ _ _ _ _ _ _ _ _ _ _ _ _ _ _ _ _ 
src/rl_curriculum/curriculum261_r5_calibration.py:97: in generate_fit_bank_r5
    records.append(generate_pair(
src/rl_curriculum/curriculum261_pairs.py:114: in generate_pair
    episodes, log = generate_pair_with_attempts(
src/rl_curriculum/curriculum261_api.py:1504: in generate_pair_with_attempts
    episodes[side] = generator.generate(
src/rl_curriculum/generator_api.py:186: in generate
    df = self._attach_features(df)
         ^^^^^^^^^^^^^^^^^^^^^^^^^
src/rl_curriculum/curriculum261_api.py:1267: in _attach_features
    return attach_production_features(df)
           ^^^^^^^^^^^^^^^^^^^^^^^^^^^^^^
src/rl_curriculum/curriculum261_production_obs.py:160: in attach_production_features
    cls = load_route_c_strategy_class()
          ^^^^^^^^^^^^^^^^^^^^^^^^^^^^^
src/rl_curriculum/curriculum261_production_obs.py:124: in load_route_c_strategy_class
    spec.loader.exec_module(module)
<frozen importlib._bootstrap_external>:940: in exec_module
    ???
<frozen importlib._bootstrap>:241: in _call_with_frames_removed
    ???
_ _ _ _ _ _ _ _ _ _ _ _ _ _ _ _ _ _ _ _ _ _ _ _ _ _ _ _ _ _ _ _ _ _ _ _ _ _ _ _ 

    """阶段 2.5.2a 路线 C:Freqtrade 策略薄适配层(execution_mode=market_open_causal)。
    
    特征:少量因果特征(收益/滚动波动率/价格相对均值/原始 OHLC 供环境用),
    全部只使用当前及过去数据;目标仓位列 &-target_position 由 RouteCModel
    顺序推理填充。
    
    阶段 2.5.2a 改造(工作包 B):
    - 订单类型改为 market(入场/退出均市场订单):成交价由回测器/交易所决定,
      回测中市场单以执行 bar 的 open 成交(backtesting.py:1039-1057 仅 limit
      分支调用 custom_entry_price;:596 exit_signal 的 close_rate=row[OPEN_IDX];
      :551-567 信号 shift(1)),与环境 market_open_causal 合同在
      simulated_slippage_bps=0 时逐笔对齐;
    - 移除 custom_entry_price / custom_exit_price / _route_c_bars 执行 K 线
      high/low 缓存(阶段 2.5.2 bar 内调价合同依赖执行 K 线最终 high/low,
      属未来信息,已废弃为 legacy_noncausal_not_for_training);
    - simulated_slippage_bps 只属于训练与离线压力环境,不得改变 live 市场订单
      价格;Freqtrade live 使用交易所真实回报价格;
    - amount_epsilon 与 RouteCModel 从同一最终配置 freqai.route_c.amount_epsilon
      读取(工作包 E),所有执行状态读取都通过 route_c_amount_epsilon 传参。
    
    保留(阶段 2.5.2 工作包 B):
    - live 只处理最新一行(signal_convert.latest_row_signals);
    - adjust_entry_price / adjust_exit_price 官方扩展点的目标反转取消
      (None = 取消且不替换);do_predict != 1 时维持挂单。
    
    成交时机完全交给 Freqtrade 回测引擎自身的 shift(1)(open[t+1]),
    本层不加额外 shift。
    """
    
    import sys
    from pathlib import Path
    
    from pandas import DataFrame
    
>   from freqtrade.enums import RunMode
E   ModuleNotFoundError: No module named 'freqtrade'

user_data/strategies/RouteCStrategy.py:35: ModuleNotFoundError
______________ ERROR at setup of test_outer_env_unbounded_no_clip ______________

tmp_path_factory = TempPathFactory(_given_basetemp=None, _trace=<pluggy._tracing.TagTracerSub object at 0x75507b8e4190>, _basetemp=PosixPath('/tmp/pytest-of-cryptorl/pytest-0'), _retention_count=3, _retention_policy='all')

    @pytest.fixture(scope="module")
    def v2_fit(tmp_path_factory):
        """小 fit bank(ppo_smoke_r5,非 final namespace)-> V2。"""
        pack = ladder_pack_payload(
            tier="A", selected_c2_candidate="c2_a_alpha26_vol16",
            c2_d3_params=dict(
                C2_TIER_A_CANDIDATES["c2_a_alpha26_vol16"]),
            design_plan_digest="r5dp-test")
        records = [
>           rec for rec in generate_fit_bank_r5("ppo_smoke_r5", pack,
                                                pairs_per_rung=1)
        ]

tests/route_c_stage2_6_1/test_curriculum261_r5_preprocessing.py:43: 
_ _ _ _ _ _ _ _ _ _ _ _ _ _ _ _ _ _ _ _ _ _ _ _ _ _ _ _ _ _ _ _ _ _ _ _ _ _ _ _ 
src/rl_curriculum/curriculum261_r5_calibration.py:97: in generate_fit_bank_r5
    records.append(generate_pair(
src/rl_curriculum/curriculum261_pairs.py:114: in generate_pair
    episodes, log = generate_pair_with_attempts(
src/rl_curriculum/curriculum261_api.py:1504: in generate_pair_with_attempts
    episodes[side] = generator.generate(
src/rl_curriculum/generator_api.py:186: in generate
    df = self._attach_features(df)
         ^^^^^^^^^^^^^^^^^^^^^^^^^
src/rl_curriculum/curriculum261_api.py:1267: in _attach_features
    return attach_production_features(df)
           ^^^^^^^^^^^^^^^^^^^^^^^^^^^^^^
src/rl_curriculum/curriculum261_production_obs.py:160: in attach_production_features
    cls = load_route_c_strategy_class()
          ^^^^^^^^^^^^^^^^^^^^^^^^^^^^^
src/rl_curriculum/curriculum261_production_obs.py:124: in load_route_c_strategy_class
    spec.loader.exec_module(module)
<frozen importlib._bootstrap_external>:940: in exec_module
    ???
<frozen importlib._bootstrap>:241: in _call_with_frames_removed
    ???
_ _ _ _ _ _ _ _ _ _ _ _ _ _ _ _ _ _ _ _ _ _ _ _ _ _ _ _ _ _ _ _ _ _ _ _ _ _ _ _ 

    """阶段 2.5.2a 路线 C:Freqtrade 策略薄适配层(execution_mode=market_open_causal)。
    
    特征:少量因果特征(收益/滚动波动率/价格相对均值/原始 OHLC 供环境用),
    全部只使用当前及过去数据;目标仓位列 &-target_position 由 RouteCModel
    顺序推理填充。
    
    阶段 2.5.2a 改造(工作包 B):
    - 订单类型改为 market(入场/退出均市场订单):成交价由回测器/交易所决定,
      回测中市场单以执行 bar 的 open 成交(backtesting.py:1039-1057 仅 limit
      分支调用 custom_entry_price;:596 exit_signal 的 close_rate=row[OPEN_IDX];
      :551-567 信号 shift(1)),与环境 market_open_causal 合同在
      simulated_slippage_bps=0 时逐笔对齐;
    - 移除 custom_entry_price / custom_exit_price / _route_c_bars 执行 K 线
      high/low 缓存(阶段 2.5.2 bar 内调价合同依赖执行 K 线最终 high/low,
      属未来信息,已废弃为 legacy_noncausal_not_for_training);
    - simulated_slippage_bps 只属于训练与离线压力环境,不得改变 live 市场订单
      价格;Freqtrade live 使用交易所真实回报价格;
    - amount_epsilon 与 RouteCModel 从同一最终配置 freqai.route_c.amount_epsilon
      读取(工作包 E),所有执行状态读取都通过 route_c_amount_epsilon 传参。
    
    保留(阶段 2.5.2 工作包 B):
    - live 只处理最新一行(signal_convert.latest_row_signals);
    - adjust_entry_price / adjust_exit_price 官方扩展点的目标反转取消
      (None = 取消且不替换);do_predict != 1 时维持挂单。
    
    成交时机完全交给 Freqtrade 回测引擎自身的 shift(1)(open[t+1]),
    本层不加额外 shift。
    """
    
    import sys
    from pathlib import Path
    
    from pandas import DataFrame
    
>   from freqtrade.enums import RunMode
E   ModuleNotFoundError: No module named 'freqtrade'

user_data/strategies/RouteCStrategy.py:35: ModuleNotFoundError
___________ ERROR at setup of test_adversarial_out_of_range_no_clip ____________

tmp_path_factory = TempPathFactory(_given_basetemp=None, _trace=<pluggy._tracing.TagTracerSub object at 0x75507b8e4190>, _basetemp=PosixPath('/tmp/pytest-of-cryptorl/pytest-0'), _retention_count=3, _retention_policy='all')

    @pytest.fixture(scope="module")
    def v2_fit(tmp_path_factory):
        """小 fit bank(ppo_smoke_r5,非 final namespace)-> V2。"""
        pack = ladder_pack_payload(
            tier="A", selected_c2_candidate="c2_a_alpha26_vol16",
            c2_d3_params=dict(
                C2_TIER_A_CANDIDATES["c2_a_alpha26_vol16"]),
            design_plan_digest="r5dp-test")
        records = [
>           rec for rec in generate_fit_bank_r5("ppo_smoke_r5", pack,
                                                pairs_per_rung=1)
        ]

tests/route_c_stage2_6_1/test_curriculum261_r5_preprocessing.py:43: 
_ _ _ _ _ _ _ _ _ _ _ _ _ _ _ _ _ _ _ _ _ _ _ _ _ _ _ _ _ _ _ _ _ _ _ _ _ _ _ _ 
src/rl_curriculum/curriculum261_r5_calibration.py:97: in generate_fit_bank_r5
    records.append(generate_pair(
src/rl_curriculum/curriculum261_pairs.py:114: in generate_pair
    episodes, log = generate_pair_with_attempts(
src/rl_curriculum/curriculum261_api.py:1504: in generate_pair_with_attempts
    episodes[side] = generator.generate(
src/rl_curriculum/generator_api.py:186: in generate
    df = self._attach_features(df)
         ^^^^^^^^^^^^^^^^^^^^^^^^^
src/rl_curriculum/curriculum261_api.py:1267: in _attach_features
    return attach_production_features(df)
           ^^^^^^^^^^^^^^^^^^^^^^^^^^^^^^
src/rl_curriculum/curriculum261_production_obs.py:160: in attach_production_features
    cls = load_route_c_strategy_class()
          ^^^^^^^^^^^^^^^^^^^^^^^^^^^^^
src/rl_curriculum/curriculum261_production_obs.py:124: in load_route_c_strategy_class
    spec.loader.exec_module(module)
<frozen importlib._bootstrap_external>:940: in exec_module
    ???
<frozen importlib._bootstrap>:241: in _call_with_frames_removed
    ???
_ _ _ _ _ _ _ _ _ _ _ _ _ _ _ _ _ _ _ _ _ _ _ _ _ _ _ _ _ _ _ _ _ _ _ _ _ _ _ _ 

    """阶段 2.5.2a 路线 C:Freqtrade 策略薄适配层(execution_mode=market_open_causal)。
    
    特征:少量因果特征(收益/滚动波动率/价格相对均值/原始 OHLC 供环境用),
    全部只使用当前及过去数据;目标仓位列 &-target_position 由 RouteCModel
    顺序推理填充。
    
    阶段 2.5.2a 改造(工作包 B):
    - 订单类型改为 market(入场/退出均市场订单):成交价由回测器/交易所决定,
      回测中市场单以执行 bar 的 open 成交(backtesting.py:1039-1057 仅 limit
      分支调用 custom_entry_price;:596 exit_signal 的 close_rate=row[OPEN_IDX];
      :551-567 信号 shift(1)),与环境 market_open_causal 合同在
      simulated_slippage_bps=0 时逐笔对齐;
    - 移除 custom_entry_price / custom_exit_price / _route_c_bars 执行 K 线
      high/low 缓存(阶段 2.5.2 bar 内调价合同依赖执行 K 线最终 high/low,
      属未来信息,已废弃为 legacy_noncausal_not_for_training);
    - simulated_slippage_bps 只属于训练与离线压力环境,不得改变 live 市场订单
      价格;Freqtrade live 使用交易所真实回报价格;
    - amount_epsilon 与 RouteCModel 从同一最终配置 freqai.route_c.amount_epsilon
      读取(工作包 E),所有执行状态读取都通过 route_c_amount_epsilon 传参。
    
    保留(阶段 2.5.2 工作包 B):
    - live 只处理最新一行(signal_convert.latest_row_signals);
    - adjust_entry_price / adjust_exit_price 官方扩展点的目标反转取消
      (None = 取消且不替换);do_predict != 1 时维持挂单。
    
    成交时机完全交给 Freqtrade 回测引擎自身的 shift(1)(open[t+1]),
    本层不加额外 shift。
    """
    
    import sys
    from pathlib import Path
    
    from pandas import DataFrame
    
>   from freqtrade.enums import RunMode
E   ModuleNotFoundError: No module named 'freqtrade'

user_data/strategies/RouteCStrategy.py:35: ModuleNotFoundError
_______ ERROR at setup of test_matched_instance_isolated_from_singleton ________

    @pytest.fixture(scope="module")
    def block():
>       return generate_matched_block_with_attempts(
            LADDER, namespace=TEST_NS, block_index=0)

tests/route_c_stage2_6_1/test_curriculum261_r6_tape.py:41: 
_ _ _ _ _ _ _ _ _ _ _ _ _ _ _ _ _ _ _ _ _ _ _ _ _ _ _ _ _ _ _ _ _ _ _ _ _ _ _ _ 
src/rl_curriculum/curriculum261_r6_tape.py:393: in generate_matched_block_with_attempts
    episodes = generate_matched_block_once(
src/rl_curriculum/curriculum261_r6_tape.py:246: in generate_matched_block_once
    sides[side] = gen.generate(
src/rl_curriculum/generator_api.py:186: in generate
    df = self._attach_features(df)
         ^^^^^^^^^^^^^^^^^^^^^^^^^
src/rl_curriculum/curriculum261_api.py:1267: in _attach_features
    return attach_production_features(df)
           ^^^^^^^^^^^^^^^^^^^^^^^^^^^^^^
src/rl_curriculum/curriculum261_production_obs.py:160: in attach_production_features
    cls = load_route_c_strategy_class()
          ^^^^^^^^^^^^^^^^^^^^^^^^^^^^^
src/rl_curriculum/curriculum261_production_obs.py:124: in load_route_c_strategy_class
    spec.loader.exec_module(module)
<frozen importlib._bootstrap_external>:940: in exec_module
    ???
<frozen importlib._bootstrap>:241: in _call_with_frames_removed
    ???
_ _ _ _ _ _ _ _ _ _ _ _ _ _ _ _ _ _ _ _ _ _ _ _ _ _ _ _ _ _ _ _ _ _ _ _ _ _ _ _ 

    """阶段 2.5.2a 路线 C:Freqtrade 策略薄适配层(execution_mode=market_open_causal)。
    
    特征:少量因果特征(收益/滚动波动率/价格相对均值/原始 OHLC 供环境用),
    全部只使用当前及过去数据;目标仓位列 &-target_position 由 RouteCModel
    顺序推理填充。
    
    阶段 2.5.2a 改造(工作包 B):
    - 订单类型改为 market(入场/退出均市场订单):成交价由回测器/交易所决定,
      回测中市场单以执行 bar 的 open 成交(backtesting.py:1039-1057 仅 limit
      分支调用 custom_entry_price;:596 exit_signal 的 close_rate=row[OPEN_IDX];
      :551-567 信号 shift(1)),与环境 market_open_causal 合同在
      simulated_slippage_bps=0 时逐笔对齐;
    - 移除 custom_entry_price / custom_exit_price / _route_c_bars 执行 K 线
      high/low 缓存(阶段 2.5.2 bar 内调价合同依赖执行 K 线最终 high/low,
      属未来信息,已废弃为 legacy_noncausal_not_for_training);
    - simulated_slippage_bps 只属于训练与离线压力环境,不得改变 live 市场订单
      价格;Freqtrade live 使用交易所真实回报价格;
    - amount_epsilon 与 RouteCModel 从同一最终配置 freqai.route_c.amount_epsilon
      读取(工作包 E),所有执行状态读取都通过 route_c_amount_epsilon 传参。
    
    保留(阶段 2.5.2 工作包 B):
    - live 只处理最新一行(signal_convert.latest_row_signals);
    - adjust_entry_price / adjust_exit_price 官方扩展点的目标反转取消
      (None = 取消且不替换);do_predict != 1 时维持挂单。
    
    成交时机完全交给 Freqtrade 回测引擎自身的 shift(1)(open[t+1]),
    本层不加额外 shift。
    """
    
    import sys
    from pathlib import Path
    
    from pandas import DataFrame
    
>   from freqtrade.enums import RunMode
E   ModuleNotFoundError: No module named 'freqtrade'

user_data/strategies/RouteCStrategy.py:35: ModuleNotFoundError
______________ ERROR at setup of test_four_rungs_share_structure _______________

    @pytest.fixture(scope="module")
    def block():
>       return generate_matched_block_with_attempts(
            LADDER, namespace=TEST_NS, block_index=0)

tests/route_c_stage2_6_1/test_curriculum261_r6_tape.py:41: 
_ _ _ _ _ _ _ _ _ _ _ _ _ _ _ _ _ _ _ _ _ _ _ _ _ _ _ _ _ _ _ _ _ _ _ _ _ _ _ _ 
src/rl_curriculum/curriculum261_r6_tape.py:393: in generate_matched_block_with_attempts
    episodes = generate_matched_block_once(
src/rl_curriculum/curriculum261_r6_tape.py:246: in generate_matched_block_once
    sides[side] = gen.generate(
src/rl_curriculum/generator_api.py:186: in generate
    df = self._attach_features(df)
         ^^^^^^^^^^^^^^^^^^^^^^^^^
src/rl_curriculum/curriculum261_api.py:1267: in _attach_features
    return attach_production_features(df)
           ^^^^^^^^^^^^^^^^^^^^^^^^^^^^^^
src/rl_curriculum/curriculum261_production_obs.py:160: in attach_production_features
    cls = load_route_c_strategy_class()
          ^^^^^^^^^^^^^^^^^^^^^^^^^^^^^
src/rl_curriculum/curriculum261_production_obs.py:124: in load_route_c_strategy_class
    spec.loader.exec_module(module)
<frozen importlib._bootstrap_external>:940: in exec_module
    ???
<frozen importlib._bootstrap>:241: in _call_with_frames_removed
    ???
_ _ _ _ _ _ _ _ _ _ _ _ _ _ _ _ _ _ _ _ _ _ _ _ _ _ _ _ _ _ _ _ _ _ _ _ _ _ _ _ 

    """阶段 2.5.2a 路线 C:Freqtrade 策略薄适配层(execution_mode=market_open_causal)。
    
    特征:少量因果特征(收益/滚动波动率/价格相对均值/原始 OHLC 供环境用),
    全部只使用当前及过去数据;目标仓位列 &-target_position 由 RouteCModel
    顺序推理填充。
    
    阶段 2.5.2a 改造(工作包 B):
    - 订单类型改为 market(入场/退出均市场订单):成交价由回测器/交易所决定,
      回测中市场单以执行 bar 的 open 成交(backtesting.py:1039-1057 仅 limit
      分支调用 custom_entry_price;:596 exit_signal 的 close_rate=row[OPEN_IDX];
      :551-567 信号 shift(1)),与环境 market_open_causal 合同在
      simulated_slippage_bps=0 时逐笔对齐;
    - 移除 custom_entry_price / custom_exit_price / _route_c_bars 执行 K 线
      high/low 缓存(阶段 2.5.2 bar 内调价合同依赖执行 K 线最终 high/low,
      属未来信息,已废弃为 legacy_noncausal_not_for_training);
    - simulated_slippage_bps 只属于训练与离线压力环境,不得改变 live 市场订单
      价格;Freqtrade live 使用交易所真实回报价格;
    - amount_epsilon 与 RouteCModel 从同一最终配置 freqai.route_c.amount_epsilon
      读取(工作包 E),所有执行状态读取都通过 route_c_amount_epsilon 传参。
    
    保留(阶段 2.5.2 工作包 B):
    - live 只处理最新一行(signal_convert.latest_row_signals);
    - adjust_entry_price / adjust_exit_price 官方扩展点的目标反转取消
      (None = 取消且不替换);do_predict != 1 时维持挂单。
    
    成交时机完全交给 Freqtrade 回测引擎自身的 shift(1)(open[t+1]),
    本层不加额外 shift。
    """
    
    import sys
    from pathlib import Path
    
    from pandas import DataFrame
    
>   from freqtrade.enums import RunMode
E   ModuleNotFoundError: No module named 'freqtrade'

user_data/strategies/RouteCStrategy.py:35: ModuleNotFoundError
______________ ERROR at setup of test_cross_rung_matching_passes _______________

    @pytest.fixture(scope="module")
    def block():
>       return generate_matched_block_with_attempts(
            LADDER, namespace=TEST_NS, block_index=0)

tests/route_c_stage2_6_1/test_curriculum261_r6_tape.py:41: 
_ _ _ _ _ _ _ _ _ _ _ _ _ _ _ _ _ _ _ _ _ _ _ _ _ _ _ _ _ _ _ _ _ _ _ _ _ _ _ _ 
src/rl_curriculum/curriculum261_r6_tape.py:393: in generate_matched_block_with_attempts
    episodes = generate_matched_block_once(
src/rl_curriculum/curriculum261_r6_tape.py:246: in generate_matched_block_once
    sides[side] = gen.generate(
src/rl_curriculum/generator_api.py:186: in generate
    df = self._attach_features(df)
         ^^^^^^^^^^^^^^^^^^^^^^^^^
src/rl_curriculum/curriculum261_api.py:1267: in _attach_features
    return attach_production_features(df)
           ^^^^^^^^^^^^^^^^^^^^^^^^^^^^^^
src/rl_curriculum/curriculum261_production_obs.py:160: in attach_production_features
    cls = load_route_c_strategy_class()
          ^^^^^^^^^^^^^^^^^^^^^^^^^^^^^
src/rl_curriculum/curriculum261_production_obs.py:124: in load_route_c_strategy_class
    spec.loader.exec_module(module)
<frozen importlib._bootstrap_external>:940: in exec_module
    ???
<frozen importlib._bootstrap>:241: in _call_with_frames_removed
    ???
_ _ _ _ _ _ _ _ _ _ _ _ _ _ _ _ _ _ _ _ _ _ _ _ _ _ _ _ _ _ _ _ _ _ _ _ _ _ _ _ 

    """阶段 2.5.2a 路线 C:Freqtrade 策略薄适配层(execution_mode=market_open_causal)。
    
    特征:少量因果特征(收益/滚动波动率/价格相对均值/原始 OHLC 供环境用),
    全部只使用当前及过去数据;目标仓位列 &-target_position 由 RouteCModel
    顺序推理填充。
    
    阶段 2.5.2a 改造(工作包 B):
    - 订单类型改为 market(入场/退出均市场订单):成交价由回测器/交易所决定,
      回测中市场单以执行 bar 的 open 成交(backtesting.py:1039-1057 仅 limit
      分支调用 custom_entry_price;:596 exit_signal 的 close_rate=row[OPEN_IDX];
      :551-567 信号 shift(1)),与环境 market_open_causal 合同在
      simulated_slippage_bps=0 时逐笔对齐;
    - 移除 custom_entry_price / custom_exit_price / _route_c_bars 执行 K 线
      high/low 缓存(阶段 2.5.2 bar 内调价合同依赖执行 K 线最终 high/low,
      属未来信息,已废弃为 legacy_noncausal_not_for_training);
    - simulated_slippage_bps 只属于训练与离线压力环境,不得改变 live 市场订单
      价格;Freqtrade live 使用交易所真实回报价格;
    - amount_epsilon 与 RouteCModel 从同一最终配置 freqai.route_c.amount_epsilon
      读取(工作包 E),所有执行状态读取都通过 route_c_amount_epsilon 传参。
    
    保留(阶段 2.5.2 工作包 B):
    - live 只处理最新一行(signal_convert.latest_row_signals);
    - adjust_entry_price / adjust_exit_price 官方扩展点的目标反转取消
      (None = 取消且不替换);do_predict != 1 时维持挂单。
    
    成交时机完全交给 Freqtrade 回测引擎自身的 shift(1)(open[t+1]),
    本层不加额外 shift。
    """
    
    import sys
    from pathlib import Path
    
    from pandas import DataFrame
    
>   from freqtrade.enums import RunMode
E   ModuleNotFoundError: No module named 'freqtrade'

user_data/strategies/RouteCStrategy.py:35: ModuleNotFoundError
______________ ERROR at setup of test_block_id_not_in_observation ______________

    @pytest.fixture(scope="module")
    def block():
>       return generate_matched_block_with_attempts(
            LADDER, namespace=TEST_NS, block_index=0)

tests/route_c_stage2_6_1/test_curriculum261_r6_tape.py:41: 
_ _ _ _ _ _ _ _ _ _ _ _ _ _ _ _ _ _ _ _ _ _ _ _ _ _ _ _ _ _ _ _ _ _ _ _ _ _ _ _ 
src/rl_curriculum/curriculum261_r6_tape.py:393: in generate_matched_block_with_attempts
    episodes = generate_matched_block_once(
src/rl_curriculum/curriculum261_r6_tape.py:246: in generate_matched_block_once
    sides[side] = gen.generate(
src/rl_curriculum/generator_api.py:186: in generate
    df = self._attach_features(df)
         ^^^^^^^^^^^^^^^^^^^^^^^^^
src/rl_curriculum/curriculum261_api.py:1267: in _attach_features
    return attach_production_features(df)
           ^^^^^^^^^^^^^^^^^^^^^^^^^^^^^^
src/rl_curriculum/curriculum261_production_obs.py:160: in attach_production_features
    cls = load_route_c_strategy_class()
          ^^^^^^^^^^^^^^^^^^^^^^^^^^^^^
src/rl_curriculum/curriculum261_production_obs.py:124: in load_route_c_strategy_class
    spec.loader.exec_module(module)
<frozen importlib._bootstrap_external>:940: in exec_module
    ???
<frozen importlib._bootstrap>:241: in _call_with_frames_removed
    ???
_ _ _ _ _ _ _ _ _ _ _ _ _ _ _ _ _ _ _ _ _ _ _ _ _ _ _ _ _ _ _ _ _ _ _ _ _ _ _ _ 

    """阶段 2.5.2a 路线 C:Freqtrade 策略薄适配层(execution_mode=market_open_causal)。
    
    特征:少量因果特征(收益/滚动波动率/价格相对均值/原始 OHLC 供环境用),
    全部只使用当前及过去数据;目标仓位列 &-target_position 由 RouteCModel
    顺序推理填充。
    
    阶段 2.5.2a 改造(工作包 B):
    - 订单类型改为 market(入场/退出均市场订单):成交价由回测器/交易所决定,
      回测中市场单以执行 bar 的 open 成交(backtesting.py:1039-1057 仅 limit
      分支调用 custom_entry_price;:596 exit_signal 的 close_rate=row[OPEN_IDX];
      :551-567 信号 shift(1)),与环境 market_open_causal 合同在
      simulated_slippage_bps=0 时逐笔对齐;
    - 移除 custom_entry_price / custom_exit_price / _route_c_bars 执行 K 线
      high/low 缓存(阶段 2.5.2 bar 内调价合同依赖执行 K 线最终 high/low,
      属未来信息,已废弃为 legacy_noncausal_not_for_training);
    - simulated_slippage_bps 只属于训练与离线压力环境,不得改变 live 市场订单
      价格;Freqtrade live 使用交易所真实回报价格;
    - amount_epsilon 与 RouteCModel 从同一最终配置 freqai.route_c.amount_epsilon
      读取(工作包 E),所有执行状态读取都通过 route_c_amount_epsilon 传参。
    
    保留(阶段 2.5.2 工作包 B):
    - live 只处理最新一行(signal_convert.latest_row_signals);
    - adjust_entry_price / adjust_exit_price 官方扩展点的目标反转取消
      (None = 取消且不替换);do_predict != 1 时维持挂单。
    
    成交时机完全交给 Freqtrade 回测引擎自身的 shift(1)(open[t+1]),
    本层不加额外 shift。
    """
    
    import sys
    from pathlib import Path
    
    from pandas import DataFrame
    
>   from freqtrade.enums import RunMode
E   ModuleNotFoundError: No module named 'freqtrade'

user_data/strategies/RouteCStrategy.py:35: ModuleNotFoundError
_________ ERROR at setup of test_accepted_block_implies_all_integrity __________

    @pytest.fixture(scope="module")
    def block():
>       return generate_matched_block_with_attempts(
            LADDER, namespace=TEST_NS, block_index=0)

tests/route_c_stage2_6_1/test_curriculum261_r6_tape.py:41: 
_ _ _ _ _ _ _ _ _ _ _ _ _ _ _ _ _ _ _ _ _ _ _ _ _ _ _ _ _ _ _ _ _ _ _ _ _ _ _ _ 
src/rl_curriculum/curriculum261_r6_tape.py:393: in generate_matched_block_with_attempts
    episodes = generate_matched_block_once(
src/rl_curriculum/curriculum261_r6_tape.py:246: in generate_matched_block_once
    sides[side] = gen.generate(
src/rl_curriculum/generator_api.py:186: in generate
    df = self._attach_features(df)
         ^^^^^^^^^^^^^^^^^^^^^^^^^
src/rl_curriculum/curriculum261_api.py:1267: in _attach_features
    return attach_production_features(df)
           ^^^^^^^^^^^^^^^^^^^^^^^^^^^^^^
src/rl_curriculum/curriculum261_production_obs.py:160: in attach_production_features
    cls = load_route_c_strategy_class()
          ^^^^^^^^^^^^^^^^^^^^^^^^^^^^^
src/rl_curriculum/curriculum261_production_obs.py:124: in load_route_c_strategy_class
    spec.loader.exec_module(module)
<frozen importlib._bootstrap_external>:940: in exec_module
    ???
<frozen importlib._bootstrap>:241: in _call_with_frames_removed
    ???
_ _ _ _ _ _ _ _ _ _ _ _ _ _ _ _ _ _ _ _ _ _ _ _ _ _ _ _ _ _ _ _ _ _ _ _ _ _ _ _ 

    """阶段 2.5.2a 路线 C:Freqtrade 策略薄适配层(execution_mode=market_open_causal)。
    
    特征:少量因果特征(收益/滚动波动率/价格相对均值/原始 OHLC 供环境用),
    全部只使用当前及过去数据;目标仓位列 &-target_position 由 RouteCModel
    顺序推理填充。
    
    阶段 2.5.2a 改造(工作包 B):
    - 订单类型改为 market(入场/退出均市场订单):成交价由回测器/交易所决定,
      回测中市场单以执行 bar 的 open 成交(backtesting.py:1039-1057 仅 limit
      分支调用 custom_entry_price;:596 exit_signal 的 close_rate=row[OPEN_IDX];
      :551-567 信号 shift(1)),与环境 market_open_causal 合同在
      simulated_slippage_bps=0 时逐笔对齐;
    - 移除 custom_entry_price / custom_exit_price / _route_c_bars 执行 K 线
      high/low 缓存(阶段 2.5.2 bar 内调价合同依赖执行 K 线最终 high/low,
      属未来信息,已废弃为 legacy_noncausal_not_for_training);
    - simulated_slippage_bps 只属于训练与离线压力环境,不得改变 live 市场订单
      价格;Freqtrade live 使用交易所真实回报价格;
    - amount_epsilon 与 RouteCModel 从同一最终配置 freqai.route_c.amount_epsilon
      读取(工作包 E),所有执行状态读取都通过 route_c_amount_epsilon 传参。
    
    保留(阶段 2.5.2 工作包 B):
    - live 只处理最新一行(signal_convert.latest_row_signals);
    - adjust_entry_price / adjust_exit_price 官方扩展点的目标反转取消
      (None = 取消且不替换);do_predict != 1 时维持挂单。
    
    成交时机完全交给 Freqtrade 回测引擎自身的 shift(1)(open[t+1]),
    本层不加额外 shift。
    """
    
    import sys
    from pathlib import Path
    
    from pandas import DataFrame
    
>   from freqtrade.enums import RunMode
E   ModuleNotFoundError: No module named 'freqtrade'

user_data/strategies/RouteCStrategy.py:35: ModuleNotFoundError
________________ ERROR at setup of test_ab_contract_in_matched _________________

    @pytest.fixture(scope="module")
    def block():
>       return generate_matched_block_with_attempts(
            LADDER, namespace=TEST_NS, block_index=0)

tests/route_c_stage2_6_1/test_curriculum261_r6_tape.py:41: 
_ _ _ _ _ _ _ _ _ _ _ _ _ _ _ _ _ _ _ _ _ _ _ _ _ _ _ _ _ _ _ _ _ _ _ _ _ _ _ _ 
src/rl_curriculum/curriculum261_r6_tape.py:393: in generate_matched_block_with_attempts
    episodes = generate_matched_block_once(
src/rl_curriculum/curriculum261_r6_tape.py:246: in generate_matched_block_once
    sides[side] = gen.generate(
src/rl_curriculum/generator_api.py:186: in generate
    df = self._attach_features(df)
         ^^^^^^^^^^^^^^^^^^^^^^^^^
src/rl_curriculum/curriculum261_api.py:1267: in _attach_features
    return attach_production_features(df)
           ^^^^^^^^^^^^^^^^^^^^^^^^^^^^^^
src/rl_curriculum/curriculum261_production_obs.py:160: in attach_production_features
    cls = load_route_c_strategy_class()
          ^^^^^^^^^^^^^^^^^^^^^^^^^^^^^
src/rl_curriculum/curriculum261_production_obs.py:124: in load_route_c_strategy_class
    spec.loader.exec_module(module)
<frozen importlib._bootstrap_external>:940: in exec_module
    ???
<frozen importlib._bootstrap>:241: in _call_with_frames_removed
    ???
_ _ _ _ _ _ _ _ _ _ _ _ _ _ _ _ _ _ _ _ _ _ _ _ _ _ _ _ _ _ _ _ _ _ _ _ _ _ _ _ 

    """阶段 2.5.2a 路线 C:Freqtrade 策略薄适配层(execution_mode=market_open_causal)。
    
    特征:少量因果特征(收益/滚动波动率/价格相对均值/原始 OHLC 供环境用),
    全部只使用当前及过去数据;目标仓位列 &-target_position 由 RouteCModel
    顺序推理填充。
    
    阶段 2.5.2a 改造(工作包 B):
    - 订单类型改为 market(入场/退出均市场订单):成交价由回测器/交易所决定,
      回测中市场单以执行 bar 的 open 成交(backtesting.py:1039-1057 仅 limit
      分支调用 custom_entry_price;:596 exit_signal 的 close_rate=row[OPEN_IDX];
      :551-567 信号 shift(1)),与环境 market_open_causal 合同在
      simulated_slippage_bps=0 时逐笔对齐;
    - 移除 custom_entry_price / custom_exit_price / _route_c_bars 执行 K 线
      high/low 缓存(阶段 2.5.2 bar 内调价合同依赖执行 K 线最终 high/low,
      属未来信息,已废弃为 legacy_noncausal_not_for_training);
    - simulated_slippage_bps 只属于训练与离线压力环境,不得改变 live 市场订单
      价格;Freqtrade live 使用交易所真实回报价格;
    - amount_epsilon 与 RouteCModel 从同一最终配置 freqai.route_c.amount_epsilon
      读取(工作包 E),所有执行状态读取都通过 route_c_amount_epsilon 传参。
    
    保留(阶段 2.5.2 工作包 B):
    - live 只处理最新一行(signal_convert.latest_row_signals);
    - adjust_entry_price / adjust_exit_price 官方扩展点的目标反转取消
      (None = 取消且不替换);do_predict != 1 时维持挂单。
    
    成交时机完全交给 Freqtrade 回测引擎自身的 shift(1)(open[t+1]),
    本层不加额外 shift。
    """
    
    import sys
    from pathlib import Path
    
    from pandas import DataFrame
    
>   from freqtrade.enums import RunMode
E   ModuleNotFoundError: No module named 'freqtrade'

user_data/strategies/RouteCStrategy.py:35: ModuleNotFoundError
________________ ERROR at setup of test_block_attempt_log_valid ________________

    @pytest.fixture(scope="module")
    def block():
>       return generate_matched_block_with_attempts(
            LADDER, namespace=TEST_NS, block_index=0)

tests/route_c_stage2_6_1/test_curriculum261_r6_tape.py:41: 
_ _ _ _ _ _ _ _ _ _ _ _ _ _ _ _ _ _ _ _ _ _ _ _ _ _ _ _ _ _ _ _ _ _ _ _ _ _ _ _ 
src/rl_curriculum/curriculum261_r6_tape.py:393: in generate_matched_block_with_attempts
    episodes = generate_matched_block_once(
src/rl_curriculum/curriculum261_r6_tape.py:246: in generate_matched_block_once
    sides[side] = gen.generate(
src/rl_curriculum/generator_api.py:186: in generate
    df = self._attach_features(df)
         ^^^^^^^^^^^^^^^^^^^^^^^^^
src/rl_curriculum/curriculum261_api.py:1267: in _attach_features
    return attach_production_features(df)
           ^^^^^^^^^^^^^^^^^^^^^^^^^^^^^^
src/rl_curriculum/curriculum261_production_obs.py:160: in attach_production_features
    cls = load_route_c_strategy_class()
          ^^^^^^^^^^^^^^^^^^^^^^^^^^^^^
src/rl_curriculum/curriculum261_production_obs.py:124: in load_route_c_strategy_class
    spec.loader.exec_module(module)
<frozen importlib._bootstrap_external>:940: in exec_module
    ???
<frozen importlib._bootstrap>:241: in _call_with_frames_removed
    ???
_ _ _ _ _ _ _ _ _ _ _ _ _ _ _ _ _ _ _ _ _ _ _ _ _ _ _ _ _ _ _ _ _ _ _ _ _ _ _ _ 

    """阶段 2.5.2a 路线 C:Freqtrade 策略薄适配层(execution_mode=market_open_causal)。
    
    特征:少量因果特征(收益/滚动波动率/价格相对均值/原始 OHLC 供环境用),
    全部只使用当前及过去数据;目标仓位列 &-target_position 由 RouteCModel
    顺序推理填充。
    
    阶段 2.5.2a 改造(工作包 B):
    - 订单类型改为 market(入场/退出均市场订单):成交价由回测器/交易所决定,
      回测中市场单以执行 bar 的 open 成交(backtesting.py:1039-1057 仅 limit
      分支调用 custom_entry_price;:596 exit_signal 的 close_rate=row[OPEN_IDX];
      :551-567 信号 shift(1)),与环境 market_open_causal 合同在
      simulated_slippage_bps=0 时逐笔对齐;
    - 移除 custom_entry_price / custom_exit_price / _route_c_bars 执行 K 线
      high/low 缓存(阶段 2.5.2 bar 内调价合同依赖执行 K 线最终 high/low,
      属未来信息,已废弃为 legacy_noncausal_not_for_training);
    - simulated_slippage_bps 只属于训练与离线压力环境,不得改变 live 市场订单
      价格;Freqtrade live 使用交易所真实回报价格;
    - amount_epsilon 与 RouteCModel 从同一最终配置 freqai.route_c.amount_epsilon
      读取(工作包 E),所有执行状态读取都通过 route_c_amount_epsilon 传参。
    
    保留(阶段 2.5.2 工作包 B):
    - live 只处理最新一行(signal_convert.latest_row_signals);
    - adjust_entry_price / adjust_exit_price 官方扩展点的目标反转取消
      (None = 取消且不替换);do_predict != 1 时维持挂单。
    
    成交时机完全交给 Freqtrade 回测引擎自身的 shift(1)(open[t+1]),
    本层不加额外 shift。
    """
    
    import sys
    from pathlib import Path
    
    from pandas import DataFrame
    
>   from freqtrade.enums import RunMode
E   ModuleNotFoundError: No module named 'freqtrade'

user_data/strategies/RouteCStrategy.py:35: ModuleNotFoundError
_________________ ERROR at setup of test_no_pnl_rejection_path _________________

    @pytest.fixture(scope="module")
    def block():
>       return generate_matched_block_with_attempts(
            LADDER, namespace=TEST_NS, block_index=0)

tests/route_c_stage2_6_1/test_curriculum261_r6_tape.py:41: 
_ _ _ _ _ _ _ _ _ _ _ _ _ _ _ _ _ _ _ _ _ _ _ _ _ _ _ _ _ _ _ _ _ _ _ _ _ _ _ _ 
src/rl_curriculum/curriculum261_r6_tape.py:393: in generate_matched_block_with_attempts
    episodes = generate_matched_block_once(
src/rl_curriculum/curriculum261_r6_tape.py:246: in generate_matched_block_once
    sides[side] = gen.generate(
src/rl_curriculum/generator_api.py:186: in generate
    df = self._attach_features(df)
         ^^^^^^^^^^^^^^^^^^^^^^^^^
src/rl_curriculum/curriculum261_api.py:1267: in _attach_features
    return attach_production_features(df)
           ^^^^^^^^^^^^^^^^^^^^^^^^^^^^^^
src/rl_curriculum/curriculum261_production_obs.py:160: in attach_production_features
    cls = load_route_c_strategy_class()
          ^^^^^^^^^^^^^^^^^^^^^^^^^^^^^
src/rl_curriculum/curriculum261_production_obs.py:124: in load_route_c_strategy_class
    spec.loader.exec_module(module)
<frozen importlib._bootstrap_external>:940: in exec_module
    ???
<frozen importlib._bootstrap>:241: in _call_with_frames_removed
    ???
_ _ _ _ _ _ _ _ _ _ _ _ _ _ _ _ _ _ _ _ _ _ _ _ _ _ _ _ _ _ _ _ _ _ _ _ _ _ _ _ 

    """阶段 2.5.2a 路线 C:Freqtrade 策略薄适配层(execution_mode=market_open_causal)。
    
    特征:少量因果特征(收益/滚动波动率/价格相对均值/原始 OHLC 供环境用),
    全部只使用当前及过去数据;目标仓位列 &-target_position 由 RouteCModel
    顺序推理填充。
    
    阶段 2.5.2a 改造(工作包 B):
    - 订单类型改为 market(入场/退出均市场订单):成交价由回测器/交易所决定,
      回测中市场单以执行 bar 的 open 成交(backtesting.py:1039-1057 仅 limit
      分支调用 custom_entry_price;:596 exit_signal 的 close_rate=row[OPEN_IDX];
      :551-567 信号 shift(1)),与环境 market_open_causal 合同在
      simulated_slippage_bps=0 时逐笔对齐;
    - 移除 custom_entry_price / custom_exit_price / _route_c_bars 执行 K 线
      high/low 缓存(阶段 2.5.2 bar 内调价合同依赖执行 K 线最终 high/low,
      属未来信息,已废弃为 legacy_noncausal_not_for_training);
    - simulated_slippage_bps 只属于训练与离线压力环境,不得改变 live 市场订单
      价格;Freqtrade live 使用交易所真实回报价格;
    - amount_epsilon 与 RouteCModel 从同一最终配置 freqai.route_c.amount_epsilon
      读取(工作包 E),所有执行状态读取都通过 route_c_amount_epsilon 传参。
    
    保留(阶段 2.5.2 工作包 B):
    - live 只处理最新一行(signal_convert.latest_row_signals);
    - adjust_entry_price / adjust_exit_price 官方扩展点的目标反转取消
      (None = 取消且不替换);do_predict != 1 时维持挂单。
    
    成交时机完全交给 Freqtrade 回测引擎自身的 shift(1)(open[t+1]),
    本层不加额外 shift。
    """
    
    import sys
    from pathlib import Path
    
    from pandas import DataFrame
    
>   from freqtrade.enums import RunMode
E   ModuleNotFoundError: No module named 'freqtrade'

user_data/strategies/RouteCStrategy.py:35: ModuleNotFoundError
=================================== FAILURES ===================================
_____ TestAttemptPolicy.test_real_generation_attempts_are_structural_only ______

self = <test_curriculum261_attempts_plan.TestAttemptPolicy object at 0x7550519c6990>

    def test_real_generation_attempts_are_structural_only(self):
>       stats = attempt_statistics([
            generate_pair("c3_cost", r, i, namespace="calibration")
            for r in ("D0", "D3") for i in range(3)])

tests/route_c_stage2_6_1/test_curriculum261_attempts_plan.py:59: 
_ _ _ _ _ _ _ _ _ _ _ _ _ _ _ _ _ _ _ _ _ _ _ _ _ _ _ _ _ _ _ _ _ _ _ _ _ _ _ _ 
tests/route_c_stage2_6_1/test_curriculum261_attempts_plan.py:60: in <listcomp>
    generate_pair("c3_cost", r, i, namespace="calibration")
src/rl_curriculum/curriculum261_pairs.py:114: in generate_pair
    episodes, log = generate_pair_with_attempts(
src/rl_curriculum/curriculum261_api.py:1504: in generate_pair_with_attempts
    episodes[side] = generator.generate(
src/rl_curriculum/generator_api.py:186: in generate
    df = self._attach_features(df)
         ^^^^^^^^^^^^^^^^^^^^^^^^^
src/rl_curriculum/curriculum261_api.py:1267: in _attach_features
    return attach_production_features(df)
           ^^^^^^^^^^^^^^^^^^^^^^^^^^^^^^
src/rl_curriculum/curriculum261_production_obs.py:160: in attach_production_features
    cls = load_route_c_strategy_class()
          ^^^^^^^^^^^^^^^^^^^^^^^^^^^^^
src/rl_curriculum/curriculum261_production_obs.py:124: in load_route_c_strategy_class
    spec.loader.exec_module(module)
<frozen importlib._bootstrap_external>:940: in exec_module
    ???
<frozen importlib._bootstrap>:241: in _call_with_frames_removed
    ???
_ _ _ _ _ _ _ _ _ _ _ _ _ _ _ _ _ _ _ _ _ _ _ _ _ _ _ _ _ _ _ _ _ _ _ _ _ _ _ _ 

    """阶段 2.5.2a 路线 C:Freqtrade 策略薄适配层(execution_mode=market_open_causal)。
    
    特征:少量因果特征(收益/滚动波动率/价格相对均值/原始 OHLC 供环境用),
    全部只使用当前及过去数据;目标仓位列 &-target_position 由 RouteCModel
    顺序推理填充。
    
    阶段 2.5.2a 改造(工作包 B):
    - 订单类型改为 market(入场/退出均市场订单):成交价由回测器/交易所决定,
      回测中市场单以执行 bar 的 open 成交(backtesting.py:1039-1057 仅 limit
      分支调用 custom_entry_price;:596 exit_signal 的 close_rate=row[OPEN_IDX];
      :551-567 信号 shift(1)),与环境 market_open_causal 合同在
      simulated_slippage_bps=0 时逐笔对齐;
    - 移除 custom_entry_price / custom_exit_price / _route_c_bars 执行 K 线
      high/low 缓存(阶段 2.5.2 bar 内调价合同依赖执行 K 线最终 high/low,
      属未来信息,已废弃为 legacy_noncausal_not_for_training);
    - simulated_slippage_bps 只属于训练与离线压力环境,不得改变 live 市场订单
      价格;Freqtrade live 使用交易所真实回报价格;
    - amount_epsilon 与 RouteCModel 从同一最终配置 freqai.route_c.amount_epsilon
      读取(工作包 E),所有执行状态读取都通过 route_c_amount_epsilon 传参。
    
    保留(阶段 2.5.2 工作包 B):
    - live 只处理最新一行(signal_convert.latest_row_signals);
    - adjust_entry_price / adjust_exit_price 官方扩展点的目标反转取消
      (None = 取消且不替换);do_predict != 1 时维持挂单。
    
    成交时机完全交给 Freqtrade 回测引擎自身的 shift(1)(open[t+1]),
    本层不加额外 shift。
    """
    
    import sys
    from pathlib import Path
    
    from pandas import DataFrame
    
>   from freqtrade.enums import RunMode
E   ModuleNotFoundError: No module named 'freqtrade'

user_data/strategies/RouteCStrategy.py:35: ModuleNotFoundError
_______ TestAttemptPolicy.test_all_attempts_fail_raises_no_silent_retry ________

self = <test_curriculum261_attempts_plan.TestAttemptPolicy object at 0x7550519c7050>

    def test_all_attempts_fail_raises_no_silent_retry(self):
        from rl_curriculum.curriculum261_api import (
            PairGenerationError, generate_pair_with_attempts)
    
        def always_reject(_episode):
            return ["too_few_cues"]
    
        spec = family_specs()["c3_cost"]
        with pytest.raises(PairGenerationError):
>           generate_pair_with_attempts(
                spec.generator, spec.rung_params["D1"],
                namespace="calibration", family="c3_cost", rung="D1",
                pair_index=0, structural_validator=always_reject)

tests/route_c_stage2_6_1/test_curriculum261_attempts_plan.py:78: 
_ _ _ _ _ _ _ _ _ _ _ _ _ _ _ _ _ _ _ _ _ _ _ _ _ _ _ _ _ _ _ _ _ _ _ _ _ _ _ _ 
src/rl_curriculum/curriculum261_api.py:1504: in generate_pair_with_attempts
    episodes[side] = generator.generate(
src/rl_curriculum/generator_api.py:186: in generate
    df = self._attach_features(df)
         ^^^^^^^^^^^^^^^^^^^^^^^^^
src/rl_curriculum/curriculum261_api.py:1267: in _attach_features
    return attach_production_features(df)
           ^^^^^^^^^^^^^^^^^^^^^^^^^^^^^^
src/rl_curriculum/curriculum261_production_obs.py:160: in attach_production_features
    cls = load_route_c_strategy_class()
          ^^^^^^^^^^^^^^^^^^^^^^^^^^^^^
src/rl_curriculum/curriculum261_production_obs.py:124: in load_route_c_strategy_class
    spec.loader.exec_module(module)
<frozen importlib._bootstrap_external>:940: in exec_module
    ???
<frozen importlib._bootstrap>:241: in _call_with_frames_removed
    ???
_ _ _ _ _ _ _ _ _ _ _ _ _ _ _ _ _ _ _ _ _ _ _ _ _ _ _ _ _ _ _ _ _ _ _ _ _ _ _ _ 

    """阶段 2.5.2a 路线 C:Freqtrade 策略薄适配层(execution_mode=market_open_causal)。
    
    特征:少量因果特征(收益/滚动波动率/价格相对均值/原始 OHLC 供环境用),
    全部只使用当前及过去数据;目标仓位列 &-target_position 由 RouteCModel
    顺序推理填充。
    
    阶段 2.5.2a 改造(工作包 B):
    - 订单类型改为 market(入场/退出均市场订单):成交价由回测器/交易所决定,
      回测中市场单以执行 bar 的 open 成交(backtesting.py:1039-1057 仅 limit
      分支调用 custom_entry_price;:596 exit_signal 的 close_rate=row[OPEN_IDX];
      :551-567 信号 shift(1)),与环境 market_open_causal 合同在
      simulated_slippage_bps=0 时逐笔对齐;
    - 移除 custom_entry_price / custom_exit_price / _route_c_bars 执行 K 线
      high/low 缓存(阶段 2.5.2 bar 内调价合同依赖执行 K 线最终 high/low,
      属未来信息,已废弃为 legacy_noncausal_not_for_training);
    - simulated_slippage_bps 只属于训练与离线压力环境,不得改变 live 市场订单
      价格;Freqtrade live 使用交易所真实回报价格;
    - amount_epsilon 与 RouteCModel 从同一最终配置 freqai.route_c.amount_epsilon
      读取(工作包 E),所有执行状态读取都通过 route_c_amount_epsilon 传参。
    
    保留(阶段 2.5.2 工作包 B):
    - live 只处理最新一行(signal_convert.latest_row_signals);
    - adjust_entry_price / adjust_exit_price 官方扩展点的目标反转取消
      (None = 取消且不替换);do_predict != 1 时维持挂单。
    
    成交时机完全交给 Freqtrade 回测引擎自身的 shift(1)(open[t+1]),
    本层不加额外 shift。
    """
    
    import sys
    from pathlib import Path
    
    from pandas import DataFrame
    
>   from freqtrade.enums import RunMode
E   ModuleNotFoundError: No module named 'freqtrade'

user_data/strategies/RouteCStrategy.py:35: ModuleNotFoundError
_______________ TestDifficultyMetric.test_metric_math_on_report ________________

self = <test_curriculum261_attempts_plan.TestDifficultyMetric object at 0x7550519c76d0>

    def test_metric_math_on_report(self):
>       records = [generate_pair("c1_opportunity", r, i,
                                 namespace="calibration")
                   for r in ("D0", "D3") for i in range(2)]

tests/route_c_stage2_6_1/test_curriculum261_attempts_plan.py:86: 
_ _ _ _ _ _ _ _ _ _ _ _ _ _ _ _ _ _ _ _ _ _ _ _ _ _ _ _ _ _ _ _ _ _ _ _ _ _ _ _ 
tests/route_c_stage2_6_1/test_curriculum261_attempts_plan.py:86: in <listcomp>
    records = [generate_pair("c1_opportunity", r, i,
src/rl_curriculum/curriculum261_pairs.py:114: in generate_pair
    episodes, log = generate_pair_with_attempts(
src/rl_curriculum/curriculum261_api.py:1504: in generate_pair_with_attempts
    episodes[side] = generator.generate(
src/rl_curriculum/generator_api.py:186: in generate
    df = self._attach_features(df)
         ^^^^^^^^^^^^^^^^^^^^^^^^^
src/rl_curriculum/curriculum261_api.py:1267: in _attach_features
    return attach_production_features(df)
           ^^^^^^^^^^^^^^^^^^^^^^^^^^^^^^
src/rl_curriculum/curriculum261_production_obs.py:160: in attach_production_features
    cls = load_route_c_strategy_class()
          ^^^^^^^^^^^^^^^^^^^^^^^^^^^^^
src/rl_curriculum/curriculum261_production_obs.py:124: in load_route_c_strategy_class
    spec.loader.exec_module(module)
<frozen importlib._bootstrap_external>:940: in exec_module
    ???
<frozen importlib._bootstrap>:241: in _call_with_frames_removed
    ???
_ _ _ _ _ _ _ _ _ _ _ _ _ _ _ _ _ _ _ _ _ _ _ _ _ _ _ _ _ _ _ _ _ _ _ _ _ _ _ _ 

    """阶段 2.5.2a 路线 C:Freqtrade 策略薄适配层(execution_mode=market_open_causal)。
    
    特征:少量因果特征(收益/滚动波动率/价格相对均值/原始 OHLC 供环境用),
    全部只使用当前及过去数据;目标仓位列 &-target_position 由 RouteCModel
    顺序推理填充。
    
    阶段 2.5.2a 改造(工作包 B):
    - 订单类型改为 market(入场/退出均市场订单):成交价由回测器/交易所决定,
      回测中市场单以执行 bar 的 open 成交(backtesting.py:1039-1057 仅 limit
      分支调用 custom_entry_price;:596 exit_signal 的 close_rate=row[OPEN_IDX];
      :551-567 信号 shift(1)),与环境 market_open_causal 合同在
      simulated_slippage_bps=0 时逐笔对齐;
    - 移除 custom_entry_price / custom_exit_price / _route_c_bars 执行 K 线
      high/low 缓存(阶段 2.5.2 bar 内调价合同依赖执行 K 线最终 high/low,
      属未来信息,已废弃为 legacy_noncausal_not_for_training);
    - simulated_slippage_bps 只属于训练与离线压力环境,不得改变 live 市场订单
      价格;Freqtrade live 使用交易所真实回报价格;
    - amount_epsilon 与 RouteCModel 从同一最终配置 freqai.route_c.amount_epsilon
      读取(工作包 E),所有执行状态读取都通过 route_c_amount_epsilon 传参。
    
    保留(阶段 2.5.2 工作包 B):
    - live 只处理最新一行(signal_convert.latest_row_signals);
    - adjust_entry_price / adjust_exit_price 官方扩展点的目标反转取消
      (None = 取消且不替换);do_predict != 1 时维持挂单。
    
    成交时机完全交给 Freqtrade 回测引擎自身的 shift(1)(open[t+1]),
    本层不加额外 shift。
    """
    
    import sys
    from pathlib import Path
    
    from pandas import DataFrame
    
>   from freqtrade.enums import RunMode
E   ModuleNotFoundError: No module named 'freqtrade'

user_data/strategies/RouteCStrategy.py:35: ModuleNotFoundError
_________________ TestPlanLock.test_build_lock_load_roundtrip __________________

self = <test_curriculum261_attempts_plan.TestPlanLock object at 0x7550519c7d50>
tmp_path = PosixPath('/tmp/pytest-of-cryptorl/pytest-0/test_build_lock_load_roundtrip0')

    def test_build_lock_load_roundtrip(self, tmp_path):
        from rl_curriculum.curriculum261_plan import (
            build_plan, lock_plan, load_locked_plan, plan_digest)
    
>       plan = build_plan(baseline_commit="cd585f4" + "0" * 32,
                          vendor_pin="52bc96f" + "0" * 34,
                          frozen_contracts={"env_core":
                                            "RouteCEnvCore-v1.0.0"},
                          robustness_gate=_gate_pass())

tests/route_c_stage2_6_1/test_curriculum261_attempts_plan.py:116: 
_ _ _ _ _ _ _ _ _ _ _ _ _ _ _ _ _ _ _ _ _ _ _ _ _ _ _ _ _ _ _ _ _ _ _ _ _ _ _ _ 
src/rl_curriculum/curriculum261_plan.py:118: in build_plan
    "production_observation_identity": production_observation_identity(),
                                       ^^^^^^^^^^^^^^^^^^^^^^^^^^^^^^^^^
src/rl_curriculum/curriculum261_production_obs.py:200: in production_observation_identity
    identity: dict[str, Any] = dict(route_c_strategy_identity())
                                    ^^^^^^^^^^^^^^^^^^^^^^^^^^^
src/rl_curriculum/curriculum261_production_obs.py:141: in route_c_strategy_identity
    cls = load_route_c_strategy_class()
          ^^^^^^^^^^^^^^^^^^^^^^^^^^^^^
src/rl_curriculum/curriculum261_production_obs.py:124: in load_route_c_strategy_class
    spec.loader.exec_module(module)
<frozen importlib._bootstrap_external>:940: in exec_module
    ???
<frozen importlib._bootstrap>:241: in _call_with_frames_removed
    ???
_ _ _ _ _ _ _ _ _ _ _ _ _ _ _ _ _ _ _ _ _ _ _ _ _ _ _ _ _ _ _ _ _ _ _ _ _ _ _ _ 

    """阶段 2.5.2a 路线 C:Freqtrade 策略薄适配层(execution_mode=market_open_causal)。
    
    特征:少量因果特征(收益/滚动波动率/价格相对均值/原始 OHLC 供环境用),
    全部只使用当前及过去数据;目标仓位列 &-target_position 由 RouteCModel
    顺序推理填充。
    
    阶段 2.5.2a 改造(工作包 B):
    - 订单类型改为 market(入场/退出均市场订单):成交价由回测器/交易所决定,
      回测中市场单以执行 bar 的 open 成交(backtesting.py:1039-1057 仅 limit
      分支调用 custom_entry_price;:596 exit_signal 的 close_rate=row[OPEN_IDX];
      :551-567 信号 shift(1)),与环境 market_open_causal 合同在
      simulated_slippage_bps=0 时逐笔对齐;
    - 移除 custom_entry_price / custom_exit_price / _route_c_bars 执行 K 线
      high/low 缓存(阶段 2.5.2 bar 内调价合同依赖执行 K 线最终 high/low,
      属未来信息,已废弃为 legacy_noncausal_not_for_training);
    - simulated_slippage_bps 只属于训练与离线压力环境,不得改变 live 市场订单
      价格;Freqtrade live 使用交易所真实回报价格;
    - amount_epsilon 与 RouteCModel 从同一最终配置 freqai.route_c.amount_epsilon
      读取(工作包 E),所有执行状态读取都通过 route_c_amount_epsilon 传参。
    
    保留(阶段 2.5.2 工作包 B):
    - live 只处理最新一行(signal_convert.latest_row_signals);
    - adjust_entry_price / adjust_exit_price 官方扩展点的目标反转取消
      (None = 取消且不替换);do_predict != 1 时维持挂单。
    
    成交时机完全交给 Freqtrade 回测引擎自身的 shift(1)(open[t+1]),
    本层不加额外 shift。
    """
    
    import sys
    from pathlib import Path
    
    from pandas import DataFrame
    
>   from freqtrade.enums import RunMode
E   ModuleNotFoundError: No module named 'freqtrade'

user_data/strategies/RouteCStrategy.py:35: ModuleNotFoundError
___________________ TestPlanLock.test_tampered_plan_detected ___________________

self = <test_curriculum261_attempts_plan.TestPlanLock object at 0x7550519d44d0>
tmp_path = PosixPath('/tmp/pytest-of-cryptorl/pytest-0/test_tampered_plan_detected0')

    def test_tampered_plan_detected(self, tmp_path):
        from rl_curriculum.curriculum261_plan import (
            build_plan, lock_plan, load_locked_plan)
    
>       plan = build_plan(baseline_commit="a" * 40, vendor_pin="b" * 40,
                          frozen_contracts={},
                          robustness_gate=_gate_pass())

tests/route_c_stage2_6_1/test_curriculum261_attempts_plan.py:131: 
_ _ _ _ _ _ _ _ _ _ _ _ _ _ _ _ _ _ _ _ _ _ _ _ _ _ _ _ _ _ _ _ _ _ _ _ _ _ _ _ 
src/rl_curriculum/curriculum261_plan.py:118: in build_plan
    "production_observation_identity": production_observation_identity(),
                                       ^^^^^^^^^^^^^^^^^^^^^^^^^^^^^^^^^
src/rl_curriculum/curriculum261_production_obs.py:200: in production_observation_identity
    identity: dict[str, Any] = dict(route_c_strategy_identity())
                                    ^^^^^^^^^^^^^^^^^^^^^^^^^^^
src/rl_curriculum/curriculum261_production_obs.py:141: in route_c_strategy_identity
    cls = load_route_c_strategy_class()
          ^^^^^^^^^^^^^^^^^^^^^^^^^^^^^
src/rl_curriculum/curriculum261_production_obs.py:124: in load_route_c_strategy_class
    spec.loader.exec_module(module)
<frozen importlib._bootstrap_external>:940: in exec_module
    ???
<frozen importlib._bootstrap>:241: in _call_with_frames_removed
    ???
_ _ _ _ _ _ _ _ _ _ _ _ _ _ _ _ _ _ _ _ _ _ _ _ _ _ _ _ _ _ _ _ _ _ _ _ _ _ _ _ 

    """阶段 2.5.2a 路线 C:Freqtrade 策略薄适配层(execution_mode=market_open_causal)。
    
    特征:少量因果特征(收益/滚动波动率/价格相对均值/原始 OHLC 供环境用),
    全部只使用当前及过去数据;目标仓位列 &-target_position 由 RouteCModel
    顺序推理填充。
    
    阶段 2.5.2a 改造(工作包 B):
    - 订单类型改为 market(入场/退出均市场订单):成交价由回测器/交易所决定,
      回测中市场单以执行 bar 的 open 成交(backtesting.py:1039-1057 仅 limit
      分支调用 custom_entry_price;:596 exit_signal 的 close_rate=row[OPEN_IDX];
      :551-567 信号 shift(1)),与环境 market_open_causal 合同在
      simulated_slippage_bps=0 时逐笔对齐;
    - 移除 custom_entry_price / custom_exit_price / _route_c_bars 执行 K 线
      high/low 缓存(阶段 2.5.2 bar 内调价合同依赖执行 K 线最终 high/low,
      属未来信息,已废弃为 legacy_noncausal_not_for_training);
    - simulated_slippage_bps 只属于训练与离线压力环境,不得改变 live 市场订单
      价格;Freqtrade live 使用交易所真实回报价格;
    - amount_epsilon 与 RouteCModel 从同一最终配置 freqai.route_c.amount_epsilon
      读取(工作包 E),所有执行状态读取都通过 route_c_amount_epsilon 传参。
    
    保留(阶段 2.5.2 工作包 B):
    - live 只处理最新一行(signal_convert.latest_row_signals);
    - adjust_entry_price / adjust_exit_price 官方扩展点的目标反转取消
      (None = 取消且不替换);do_predict != 1 时维持挂单。
    
    成交时机完全交给 Freqtrade 回测引擎自身的 shift(1)(open[t+1]),
    本层不加额外 shift。
    """
    
    import sys
    from pathlib import Path
    
    from pandas import DataFrame
    
>   from freqtrade.enums import RunMode
E   ModuleNotFoundError: No module named 'freqtrade'

user_data/strategies/RouteCStrategy.py:35: ModuleNotFoundError
________________ TestPlanLock.test_code_identity_binds_modules _________________

self = <test_curriculum261_attempts_plan.TestPlanLock object at 0x7550519d4b90>

    def test_code_identity_binds_modules(self):
        from rl_curriculum.curriculum261_plan import build_plan
    
>       plan = build_plan(baseline_commit="a" * 40, vendor_pin="b" * 40,
                          frozen_contracts={},
                          robustness_gate=_gate_pass())

tests/route_c_stage2_6_1/test_curriculum261_attempts_plan.py:145: 
_ _ _ _ _ _ _ _ _ _ _ _ _ _ _ _ _ _ _ _ _ _ _ _ _ _ _ _ _ _ _ _ _ _ _ _ _ _ _ _ 
src/rl_curriculum/curriculum261_plan.py:118: in build_plan
    "production_observation_identity": production_observation_identity(),
                                       ^^^^^^^^^^^^^^^^^^^^^^^^^^^^^^^^^
src/rl_curriculum/curriculum261_production_obs.py:200: in production_observation_identity
    identity: dict[str, Any] = dict(route_c_strategy_identity())
                                    ^^^^^^^^^^^^^^^^^^^^^^^^^^^
src/rl_curriculum/curriculum261_production_obs.py:141: in route_c_strategy_identity
    cls = load_route_c_strategy_class()
          ^^^^^^^^^^^^^^^^^^^^^^^^^^^^^
src/rl_curriculum/curriculum261_production_obs.py:124: in load_route_c_strategy_class
    spec.loader.exec_module(module)
<frozen importlib._bootstrap_external>:940: in exec_module
    ???
<frozen importlib._bootstrap>:241: in _call_with_frames_removed
    ???
_ _ _ _ _ _ _ _ _ _ _ _ _ _ _ _ _ _ _ _ _ _ _ _ _ _ _ _ _ _ _ _ _ _ _ _ _ _ _ _ 

    """阶段 2.5.2a 路线 C:Freqtrade 策略薄适配层(execution_mode=market_open_causal)。
    
    特征:少量因果特征(收益/滚动波动率/价格相对均值/原始 OHLC 供环境用),
    全部只使用当前及过去数据;目标仓位列 &-target_position 由 RouteCModel
    顺序推理填充。
    
    阶段 2.5.2a 改造(工作包 B):
    - 订单类型改为 market(入场/退出均市场订单):成交价由回测器/交易所决定,
      回测中市场单以执行 bar 的 open 成交(backtesting.py:1039-1057 仅 limit
      分支调用 custom_entry_price;:596 exit_signal 的 close_rate=row[OPEN_IDX];
      :551-567 信号 shift(1)),与环境 market_open_causal 合同在
      simulated_slippage_bps=0 时逐笔对齐;
    - 移除 custom_entry_price / custom_exit_price / _route_c_bars 执行 K 线
      high/low 缓存(阶段 2.5.2 bar 内调价合同依赖执行 K 线最终 high/low,
      属未来信息,已废弃为 legacy_noncausal_not_for_training);
    - simulated_slippage_bps 只属于训练与离线压力环境,不得改变 live 市场订单
      价格;Freqtrade live 使用交易所真实回报价格;
    - amount_epsilon 与 RouteCModel 从同一最终配置 freqai.route_c.amount_epsilon
      读取(工作包 E),所有执行状态读取都通过 route_c_amount_epsilon 传参。
    
    保留(阶段 2.5.2 工作包 B):
    - live 只处理最新一行(signal_convert.latest_row_signals);
    - adjust_entry_price / adjust_exit_price 官方扩展点的目标反转取消
      (None = 取消且不替换);do_predict != 1 时维持挂单。
    
    成交时机完全交给 Freqtrade 回测引擎自身的 shift(1)(open[t+1]),
    本层不加额外 shift。
    """
    
    import sys
    from pathlib import Path
    
    from pandas import DataFrame
    
>   from freqtrade.enums import RunMode
E   ModuleNotFoundError: No module named 'freqtrade'

user_data/strategies/RouteCStrategy.py:35: ModuleNotFoundError
___________________ TestPpoSmoke.test_256_step_smoke_passes ____________________

self = <test_curriculum261_attempts_plan.TestPpoSmoke object at 0x7550519d5350>
tmp_path = PosixPath('/tmp/pytest-of-cryptorl/pytest-0/test_256_step_smoke_passes0')

    def test_256_step_smoke_passes(self, tmp_path):
        from rl_curriculum.curriculum261_smoke import run_ppo_smoke
    
>       result = run_ppo_smoke(out_dir=tmp_path)
                 ^^^^^^^^^^^^^^^^^^^^^^^^^^^^^^^

tests/route_c_stage2_6_1/test_curriculum261_attempts_plan.py:157: 
_ _ _ _ _ _ _ _ _ _ _ _ _ _ _ _ _ _ _ _ _ _ _ _ _ _ _ _ _ _ _ _ _ _ _ _ _ _ _ _ 
src/rl_curriculum/curriculum261_smoke.py:46: in run_ppo_smoke
    episode = spec.generator.generate(
src/rl_curriculum/generator_api.py:186: in generate
    df = self._attach_features(df)
         ^^^^^^^^^^^^^^^^^^^^^^^^^
src/rl_curriculum/curriculum261_api.py:1267: in _attach_features
    return attach_production_features(df)
           ^^^^^^^^^^^^^^^^^^^^^^^^^^^^^^
src/rl_curriculum/curriculum261_production_obs.py:160: in attach_production_features
    cls = load_route_c_strategy_class()
          ^^^^^^^^^^^^^^^^^^^^^^^^^^^^^
src/rl_curriculum/curriculum261_production_obs.py:124: in load_route_c_strategy_class
    spec.loader.exec_module(module)
<frozen importlib._bootstrap_external>:940: in exec_module
    ???
<frozen importlib._bootstrap>:241: in _call_with_frames_removed
    ???
_ _ _ _ _ _ _ _ _ _ _ _ _ _ _ _ _ _ _ _ _ _ _ _ _ _ _ _ _ _ _ _ _ _ _ _ _ _ _ _ 

    """阶段 2.5.2a 路线 C:Freqtrade 策略薄适配层(execution_mode=market_open_causal)。
    
    特征:少量因果特征(收益/滚动波动率/价格相对均值/原始 OHLC 供环境用),
    全部只使用当前及过去数据;目标仓位列 &-target_position 由 RouteCModel
    顺序推理填充。
    
    阶段 2.5.2a 改造(工作包 B):
    - 订单类型改为 market(入场/退出均市场订单):成交价由回测器/交易所决定,
      回测中市场单以执行 bar 的 open 成交(backtesting.py:1039-1057 仅 limit
      分支调用 custom_entry_price;:596 exit_signal 的 close_rate=row[OPEN_IDX];
      :551-567 信号 shift(1)),与环境 market_open_causal 合同在
      simulated_slippage_bps=0 时逐笔对齐;
    - 移除 custom_entry_price / custom_exit_price / _route_c_bars 执行 K 线
      high/low 缓存(阶段 2.5.2 bar 内调价合同依赖执行 K 线最终 high/low,
      属未来信息,已废弃为 legacy_noncausal_not_for_training);
    - simulated_slippage_bps 只属于训练与离线压力环境,不得改变 live 市场订单
      价格;Freqtrade live 使用交易所真实回报价格;
    - amount_epsilon 与 RouteCModel 从同一最终配置 freqai.route_c.amount_epsilon
      读取(工作包 E),所有执行状态读取都通过 route_c_amount_epsilon 传参。
    
    保留(阶段 2.5.2 工作包 B):
    - live 只处理最新一行(signal_convert.latest_row_signals);
    - adjust_entry_price / adjust_exit_price 官方扩展点的目标反转取消
      (None = 取消且不替换);do_predict != 1 时维持挂单。
    
    成交时机完全交给 Freqtrade 回测引擎自身的 shift(1)(open[t+1]),
    本层不加额外 shift。
    """
    
    import sys
    from pathlib import Path
    
    from pandas import DataFrame
    
>   from freqtrade.enums import RunMode
E   ModuleNotFoundError: No module named 'freqtrade'

user_data/strategies/RouteCStrategy.py:35: ModuleNotFoundError
_ TestObservationCausality.test_future_noise_mutation_keeps_prefix_observation[c1_opportunity] _

self = <test_curriculum261_causality.TestObservationCausality object at 0x7550519dc4d0>
family = 'c1_opportunity'

    @pytest.mark.parametrize("family", FAMILIES)
    def test_future_noise_mutation_keeps_prefix_observation(
            self, family):
>       result = check_observation_causality(
            family, "D2", 0, namespace="calibration_r2")

tests/route_c_stage2_6_1/test_curriculum261_causality.py:29: 
_ _ _ _ _ _ _ _ _ _ _ _ _ _ _ _ _ _ _ _ _ _ _ _ _ _ _ _ _ _ _ _ _ _ _ _ _ _ _ _ 
src/rl_curriculum/curriculum261_qualification.py:220: in check_observation_causality
    ep_base = gen.generate(base_params, derive261_seed(
src/rl_curriculum/generator_api.py:186: in generate
    df = self._attach_features(df)
         ^^^^^^^^^^^^^^^^^^^^^^^^^
src/rl_curriculum/curriculum261_api.py:1267: in _attach_features
    return attach_production_features(df)
           ^^^^^^^^^^^^^^^^^^^^^^^^^^^^^^
src/rl_curriculum/curriculum261_production_obs.py:160: in attach_production_features
    cls = load_route_c_strategy_class()
          ^^^^^^^^^^^^^^^^^^^^^^^^^^^^^
src/rl_curriculum/curriculum261_production_obs.py:124: in load_route_c_strategy_class
    spec.loader.exec_module(module)
<frozen importlib._bootstrap_external>:940: in exec_module
    ???
<frozen importlib._bootstrap>:241: in _call_with_frames_removed
    ???
_ _ _ _ _ _ _ _ _ _ _ _ _ _ _ _ _ _ _ _ _ _ _ _ _ _ _ _ _ _ _ _ _ _ _ _ _ _ _ _ 

    """阶段 2.5.2a 路线 C:Freqtrade 策略薄适配层(execution_mode=market_open_causal)。
    
    特征:少量因果特征(收益/滚动波动率/价格相对均值/原始 OHLC 供环境用),
    全部只使用当前及过去数据;目标仓位列 &-target_position 由 RouteCModel
    顺序推理填充。
    
    阶段 2.5.2a 改造(工作包 B):
    - 订单类型改为 market(入场/退出均市场订单):成交价由回测器/交易所决定,
      回测中市场单以执行 bar 的 open 成交(backtesting.py:1039-1057 仅 limit
      分支调用 custom_entry_price;:596 exit_signal 的 close_rate=row[OPEN_IDX];
      :551-567 信号 shift(1)),与环境 market_open_causal 合同在
      simulated_slippage_bps=0 时逐笔对齐;
    - 移除 custom_entry_price / custom_exit_price / _route_c_bars 执行 K 线
      high/low 缓存(阶段 2.5.2 bar 内调价合同依赖执行 K 线最终 high/low,
      属未来信息,已废弃为 legacy_noncausal_not_for_training);
    - simulated_slippage_bps 只属于训练与离线压力环境,不得改变 live 市场订单
      价格;Freqtrade live 使用交易所真实回报价格;
    - amount_epsilon 与 RouteCModel 从同一最终配置 freqai.route_c.amount_epsilon
      读取(工作包 E),所有执行状态读取都通过 route_c_amount_epsilon 传参。
    
    保留(阶段 2.5.2 工作包 B):
    - live 只处理最新一行(signal_convert.latest_row_signals);
    - adjust_entry_price / adjust_exit_price 官方扩展点的目标反转取消
      (None = 取消且不替换);do_predict != 1 时维持挂单。
    
    成交时机完全交给 Freqtrade 回测引擎自身的 shift(1)(open[t+1]),
    本层不加额外 shift。
    """
    
    import sys
    from pathlib import Path
    
    from pandas import DataFrame
    
>   from freqtrade.enums import RunMode
E   ModuleNotFoundError: No module named 'freqtrade'

user_data/strategies/RouteCStrategy.py:35: ModuleNotFoundError
_ TestObservationCausality.test_future_noise_mutation_keeps_prefix_observation[c2_context] _

self = <test_curriculum261_causality.TestObservationCausality object at 0x7550519dc710>
family = 'c2_context'

    @pytest.mark.parametrize("family", FAMILIES)
    def test_future_noise_mutation_keeps_prefix_observation(
            self, family):
>       result = check_observation_causality(
            family, "D2", 0, namespace="calibration_r2")

tests/route_c_stage2_6_1/test_curriculum261_causality.py:29: 
_ _ _ _ _ _ _ _ _ _ _ _ _ _ _ _ _ _ _ _ _ _ _ _ _ _ _ _ _ _ _ _ _ _ _ _ _ _ _ _ 
src/rl_curriculum/curriculum261_qualification.py:220: in check_observation_causality
    ep_base = gen.generate(base_params, derive261_seed(
src/rl_curriculum/generator_api.py:186: in generate
    df = self._attach_features(df)
         ^^^^^^^^^^^^^^^^^^^^^^^^^
src/rl_curriculum/curriculum261_api.py:1267: in _attach_features
    return attach_production_features(df)
           ^^^^^^^^^^^^^^^^^^^^^^^^^^^^^^
src/rl_curriculum/curriculum261_production_obs.py:160: in attach_production_features
    cls = load_route_c_strategy_class()
          ^^^^^^^^^^^^^^^^^^^^^^^^^^^^^
src/rl_curriculum/curriculum261_production_obs.py:124: in load_route_c_strategy_class
    spec.loader.exec_module(module)
<frozen importlib._bootstrap_external>:940: in exec_module
    ???
<frozen importlib._bootstrap>:241: in _call_with_frames_removed
    ???
_ _ _ _ _ _ _ _ _ _ _ _ _ _ _ _ _ _ _ _ _ _ _ _ _ _ _ _ _ _ _ _ _ _ _ _ _ _ _ _ 

    """阶段 2.5.2a 路线 C:Freqtrade 策略薄适配层(execution_mode=market_open_causal)。
    
    特征:少量因果特征(收益/滚动波动率/价格相对均值/原始 OHLC 供环境用),
    全部只使用当前及过去数据;目标仓位列 &-target_position 由 RouteCModel
    顺序推理填充。
    
    阶段 2.5.2a 改造(工作包 B):
    - 订单类型改为 market(入场/退出均市场订单):成交价由回测器/交易所决定,
      回测中市场单以执行 bar 的 open 成交(backtesting.py:1039-1057 仅 limit
      分支调用 custom_entry_price;:596 exit_signal 的 close_rate=row[OPEN_IDX];
      :551-567 信号 shift(1)),与环境 market_open_causal 合同在
      simulated_slippage_bps=0 时逐笔对齐;
    - 移除 custom_entry_price / custom_exit_price / _route_c_bars 执行 K 线
      high/low 缓存(阶段 2.5.2 bar 内调价合同依赖执行 K 线最终 high/low,
      属未来信息,已废弃为 legacy_noncausal_not_for_training);
    - simulated_slippage_bps 只属于训练与离线压力环境,不得改变 live 市场订单
      价格;Freqtrade live 使用交易所真实回报价格;
    - amount_epsilon 与 RouteCModel 从同一最终配置 freqai.route_c.amount_epsilon
      读取(工作包 E),所有执行状态读取都通过 route_c_amount_epsilon 传参。
    
    保留(阶段 2.5.2 工作包 B):
    - live 只处理最新一行(signal_convert.latest_row_signals);
    - adjust_entry_price / adjust_exit_price 官方扩展点的目标反转取消
      (None = 取消且不替换);do_predict != 1 时维持挂单。
    
    成交时机完全交给 Freqtrade 回测引擎自身的 shift(1)(open[t+1]),
    本层不加额外 shift。
    """
    
    import sys
    from pathlib import Path
    
    from pandas import DataFrame
    
>   from freqtrade.enums import RunMode
E   ModuleNotFoundError: No module named 'freqtrade'

user_data/strategies/RouteCStrategy.py:35: ModuleNotFoundError
_ TestObservationCausality.test_future_noise_mutation_keeps_prefix_observation[c3_cost] _

self = <test_curriculum261_causality.TestObservationCausality object at 0x7550519dc950>
family = 'c3_cost'

    @pytest.mark.parametrize("family", FAMILIES)
    def test_future_noise_mutation_keeps_prefix_observation(
            self, family):
>       result = check_observation_causality(
            family, "D2", 0, namespace="calibration_r2")

tests/route_c_stage2_6_1/test_curriculum261_causality.py:29: 
_ _ _ _ _ _ _ _ _ _ _ _ _ _ _ _ _ _ _ _ _ _ _ _ _ _ _ _ _ _ _ _ _ _ _ _ _ _ _ _ 
src/rl_curriculum/curriculum261_qualification.py:220: in check_observation_causality
    ep_base = gen.generate(base_params, derive261_seed(
src/rl_curriculum/generator_api.py:186: in generate
    df = self._attach_features(df)
         ^^^^^^^^^^^^^^^^^^^^^^^^^
src/rl_curriculum/curriculum261_api.py:1267: in _attach_features
    return attach_production_features(df)
           ^^^^^^^^^^^^^^^^^^^^^^^^^^^^^^
src/rl_curriculum/curriculum261_production_obs.py:160: in attach_production_features
    cls = load_route_c_strategy_class()
          ^^^^^^^^^^^^^^^^^^^^^^^^^^^^^
src/rl_curriculum/curriculum261_production_obs.py:124: in load_route_c_strategy_class
    spec.loader.exec_module(module)
<frozen importlib._bootstrap_external>:940: in exec_module
    ???
<frozen importlib._bootstrap>:241: in _call_with_frames_removed
    ???
_ _ _ _ _ _ _ _ _ _ _ _ _ _ _ _ _ _ _ _ _ _ _ _ _ _ _ _ _ _ _ _ _ _ _ _ _ _ _ _ 

    """阶段 2.5.2a 路线 C:Freqtrade 策略薄适配层(execution_mode=market_open_causal)。
    
    特征:少量因果特征(收益/滚动波动率/价格相对均值/原始 OHLC 供环境用),
    全部只使用当前及过去数据;目标仓位列 &-target_position 由 RouteCModel
    顺序推理填充。
    
    阶段 2.5.2a 改造(工作包 B):
    - 订单类型改为 market(入场/退出均市场订单):成交价由回测器/交易所决定,
      回测中市场单以执行 bar 的 open 成交(backtesting.py:1039-1057 仅 limit
      分支调用 custom_entry_price;:596 exit_signal 的 close_rate=row[OPEN_IDX];
      :551-567 信号 shift(1)),与环境 market_open_causal 合同在
      simulated_slippage_bps=0 时逐笔对齐;
    - 移除 custom_entry_price / custom_exit_price / _route_c_bars 执行 K 线
      high/low 缓存(阶段 2.5.2 bar 内调价合同依赖执行 K 线最终 high/low,
      属未来信息,已废弃为 legacy_noncausal_not_for_training);
    - simulated_slippage_bps 只属于训练与离线压力环境,不得改变 live 市场订单
      价格;Freqtrade live 使用交易所真实回报价格;
    - amount_epsilon 与 RouteCModel 从同一最终配置 freqai.route_c.amount_epsilon
      读取(工作包 E),所有执行状态读取都通过 route_c_amount_epsilon 传参。
    
    保留(阶段 2.5.2 工作包 B):
    - live 只处理最新一行(signal_convert.latest_row_signals);
    - adjust_entry_price / adjust_exit_price 官方扩展点的目标反转取消
      (None = 取消且不替换);do_predict != 1 时维持挂单。
    
    成交时机完全交给 Freqtrade 回测引擎自身的 shift(1)(open[t+1]),
    本层不加额外 shift。
    """
    
    import sys
    from pathlib import Path
    
    from pandas import DataFrame
    
>   from freqtrade.enums import RunMode
E   ModuleNotFoundError: No module named 'freqtrade'

user_data/strategies/RouteCStrategy.py:35: ModuleNotFoundError
_ TestProductionFeatureEquivalence.test_features_equal_real_strategy_rebuild[c1_opportunity] _

self = <test_curriculum261_causality.TestProductionFeatureEquivalence object at 0x7550519dd050>
family = 'c1_opportunity'

    @pytest.mark.parametrize("family", FAMILIES)
    def test_features_equal_real_strategy_rebuild(self, family):
        # repair R1:episode 特征必须与真实 RouteCStrategy 路径的独立
        # 重算逐位一致(替代旧 htf resample 检查)
>       result = check_production_feature_equivalence(
            family, "D2", 0, namespace="calibration_r2")

tests/route_c_stage2_6_1/test_curriculum261_causality.py:39: 
_ _ _ _ _ _ _ _ _ _ _ _ _ _ _ _ _ _ _ _ _ _ _ _ _ _ _ _ _ _ _ _ _ _ _ _ _ _ _ _ 
src/rl_curriculum/curriculum261_qualification.py:264: in check_production_feature_equivalence
    ep = spec.generator.generate(
src/rl_curriculum/generator_api.py:186: in generate
    df = self._attach_features(df)
         ^^^^^^^^^^^^^^^^^^^^^^^^^
src/rl_curriculum/curriculum261_api.py:1267: in _attach_features
    return attach_production_features(df)
           ^^^^^^^^^^^^^^^^^^^^^^^^^^^^^^
src/rl_curriculum/curriculum261_production_obs.py:160: in attach_production_features
    cls = load_route_c_strategy_class()
          ^^^^^^^^^^^^^^^^^^^^^^^^^^^^^
src/rl_curriculum/curriculum261_production_obs.py:124: in load_route_c_strategy_class
    spec.loader.exec_module(module)
<frozen importlib._bootstrap_external>:940: in exec_module
    ???
<frozen importlib._bootstrap>:241: in _call_with_frames_removed
    ???
_ _ _ _ _ _ _ _ _ _ _ _ _ _ _ _ _ _ _ _ _ _ _ _ _ _ _ _ _ _ _ _ _ _ _ _ _ _ _ _ 

    """阶段 2.5.2a 路线 C:Freqtrade 策略薄适配层(execution_mode=market_open_causal)。
    
    特征:少量因果特征(收益/滚动波动率/价格相对均值/原始 OHLC 供环境用),
    全部只使用当前及过去数据;目标仓位列 &-target_position 由 RouteCModel
    顺序推理填充。
    
    阶段 2.5.2a 改造(工作包 B):
    - 订单类型改为 market(入场/退出均市场订单):成交价由回测器/交易所决定,
      回测中市场单以执行 bar 的 open 成交(backtesting.py:1039-1057 仅 limit
      分支调用 custom_entry_price;:596 exit_signal 的 close_rate=row[OPEN_IDX];
      :551-567 信号 shift(1)),与环境 market_open_causal 合同在
      simulated_slippage_bps=0 时逐笔对齐;
    - 移除 custom_entry_price / custom_exit_price / _route_c_bars 执行 K 线
      high/low 缓存(阶段 2.5.2 bar 内调价合同依赖执行 K 线最终 high/low,
      属未来信息,已废弃为 legacy_noncausal_not_for_training);
    - simulated_slippage_bps 只属于训练与离线压力环境,不得改变 live 市场订单
      价格;Freqtrade live 使用交易所真实回报价格;
    - amount_epsilon 与 RouteCModel 从同一最终配置 freqai.route_c.amount_epsilon
      读取(工作包 E),所有执行状态读取都通过 route_c_amount_epsilon 传参。
    
    保留(阶段 2.5.2 工作包 B):
    - live 只处理最新一行(signal_convert.latest_row_signals);
    - adjust_entry_price / adjust_exit_price 官方扩展点的目标反转取消
      (None = 取消且不替换);do_predict != 1 时维持挂单。
    
    成交时机完全交给 Freqtrade 回测引擎自身的 shift(1)(open[t+1]),
    本层不加额外 shift。
    """
    
    import sys
    from pathlib import Path
    
    from pandas import DataFrame
    
>   from freqtrade.enums import RunMode
E   ModuleNotFoundError: No module named 'freqtrade'

user_data/strategies/RouteCStrategy.py:35: ModuleNotFoundError
_ TestProductionFeatureEquivalence.test_features_equal_real_strategy_rebuild[c2_context] _

self = <test_curriculum261_causality.TestProductionFeatureEquivalence object at 0x7550519dd190>
family = 'c2_context'

    @pytest.mark.parametrize("family", FAMILIES)
    def test_features_equal_real_strategy_rebuild(self, family):
        # repair R1:episode 特征必须与真实 RouteCStrategy 路径的独立
        # 重算逐位一致(替代旧 htf resample 检查)
>       result = check_production_feature_equivalence(
            family, "D2", 0, namespace="calibration_r2")

tests/route_c_stage2_6_1/test_curriculum261_causality.py:39: 
_ _ _ _ _ _ _ _ _ _ _ _ _ _ _ _ _ _ _ _ _ _ _ _ _ _ _ _ _ _ _ _ _ _ _ _ _ _ _ _ 
src/rl_curriculum/curriculum261_qualification.py:264: in check_production_feature_equivalence
    ep = spec.generator.generate(
src/rl_curriculum/generator_api.py:186: in generate
    df = self._attach_features(df)
         ^^^^^^^^^^^^^^^^^^^^^^^^^
src/rl_curriculum/curriculum261_api.py:1267: in _attach_features
    return attach_production_features(df)
           ^^^^^^^^^^^^^^^^^^^^^^^^^^^^^^
src/rl_curriculum/curriculum261_production_obs.py:160: in attach_production_features
    cls = load_route_c_strategy_class()
          ^^^^^^^^^^^^^^^^^^^^^^^^^^^^^
src/rl_curriculum/curriculum261_production_obs.py:124: in load_route_c_strategy_class
    spec.loader.exec_module(module)
<frozen importlib._bootstrap_external>:940: in exec_module
    ???
<frozen importlib._bootstrap>:241: in _call_with_frames_removed
    ???
_ _ _ _ _ _ _ _ _ _ _ _ _ _ _ _ _ _ _ _ _ _ _ _ _ _ _ _ _ _ _ _ _ _ _ _ _ _ _ _ 

    """阶段 2.5.2a 路线 C:Freqtrade 策略薄适配层(execution_mode=market_open_causal)。
    
    特征:少量因果特征(收益/滚动波动率/价格相对均值/原始 OHLC 供环境用),
    全部只使用当前及过去数据;目标仓位列 &-target_position 由 RouteCModel
    顺序推理填充。
    
    阶段 2.5.2a 改造(工作包 B):
    - 订单类型改为 market(入场/退出均市场订单):成交价由回测器/交易所决定,
      回测中市场单以执行 bar 的 open 成交(backtesting.py:1039-1057 仅 limit
      分支调用 custom_entry_price;:596 exit_signal 的 close_rate=row[OPEN_IDX];
      :551-567 信号 shift(1)),与环境 market_open_causal 合同在
      simulated_slippage_bps=0 时逐笔对齐;
    - 移除 custom_entry_price / custom_exit_price / _route_c_bars 执行 K 线
      high/low 缓存(阶段 2.5.2 bar 内调价合同依赖执行 K 线最终 high/low,
      属未来信息,已废弃为 legacy_noncausal_not_for_training);
    - simulated_slippage_bps 只属于训练与离线压力环境,不得改变 live 市场订单
      价格;Freqtrade live 使用交易所真实回报价格;
    - amount_epsilon 与 RouteCModel 从同一最终配置 freqai.route_c.amount_epsilon
      读取(工作包 E),所有执行状态读取都通过 route_c_amount_epsilon 传参。
    
    保留(阶段 2.5.2 工作包 B):
    - live 只处理最新一行(signal_convert.latest_row_signals);
    - adjust_entry_price / adjust_exit_price 官方扩展点的目标反转取消
      (None = 取消且不替换);do_predict != 1 时维持挂单。
    
    成交时机完全交给 Freqtrade 回测引擎自身的 shift(1)(open[t+1]),
    本层不加额外 shift。
    """
    
    import sys
    from pathlib import Path
    
    from pandas import DataFrame
    
>   from freqtrade.enums import RunMode
E   ModuleNotFoundError: No module named 'freqtrade'

user_data/strategies/RouteCStrategy.py:35: ModuleNotFoundError
_ TestProductionFeatureEquivalence.test_features_equal_real_strategy_rebuild[c3_cost] _

self = <test_curriculum261_causality.TestProductionFeatureEquivalence object at 0x7550519dd2d0>
family = 'c3_cost'

    @pytest.mark.parametrize("family", FAMILIES)
    def test_features_equal_real_strategy_rebuild(self, family):
        # repair R1:episode 特征必须与真实 RouteCStrategy 路径的独立
        # 重算逐位一致(替代旧 htf resample 检查)
>       result = check_production_feature_equivalence(
            family, "D2", 0, namespace="calibration_r2")

tests/route_c_stage2_6_1/test_curriculum261_causality.py:39: 
_ _ _ _ _ _ _ _ _ _ _ _ _ _ _ _ _ _ _ _ _ _ _ _ _ _ _ _ _ _ _ _ _ _ _ _ _ _ _ _ 
src/rl_curriculum/curriculum261_qualification.py:264: in check_production_feature_equivalence
    ep = spec.generator.generate(
src/rl_curriculum/generator_api.py:186: in generate
    df = self._attach_features(df)
         ^^^^^^^^^^^^^^^^^^^^^^^^^
src/rl_curriculum/curriculum261_api.py:1267: in _attach_features
    return attach_production_features(df)
           ^^^^^^^^^^^^^^^^^^^^^^^^^^^^^^
src/rl_curriculum/curriculum261_production_obs.py:160: in attach_production_features
    cls = load_route_c_strategy_class()
          ^^^^^^^^^^^^^^^^^^^^^^^^^^^^^
src/rl_curriculum/curriculum261_production_obs.py:124: in load_route_c_strategy_class
    spec.loader.exec_module(module)
<frozen importlib._bootstrap_external>:940: in exec_module
    ???
<frozen importlib._bootstrap>:241: in _call_with_frames_removed
    ???
_ _ _ _ _ _ _ _ _ _ _ _ _ _ _ _ _ _ _ _ _ _ _ _ _ _ _ _ _ _ _ _ _ _ _ _ _ _ _ _ 

    """阶段 2.5.2a 路线 C:Freqtrade 策略薄适配层(execution_mode=market_open_causal)。
    
    特征:少量因果特征(收益/滚动波动率/价格相对均值/原始 OHLC 供环境用),
    全部只使用当前及过去数据;目标仓位列 &-target_position 由 RouteCModel
    顺序推理填充。
    
    阶段 2.5.2a 改造(工作包 B):
    - 订单类型改为 market(入场/退出均市场订单):成交价由回测器/交易所决定,
      回测中市场单以执行 bar 的 open 成交(backtesting.py:1039-1057 仅 limit
      分支调用 custom_entry_price;:596 exit_signal 的 close_rate=row[OPEN_IDX];
      :551-567 信号 shift(1)),与环境 market_open_causal 合同在
      simulated_slippage_bps=0 时逐笔对齐;
    - 移除 custom_entry_price / custom_exit_price / _route_c_bars 执行 K 线
      high/low 缓存(阶段 2.5.2 bar 内调价合同依赖执行 K 线最终 high/low,
      属未来信息,已废弃为 legacy_noncausal_not_for_training);
    - simulated_slippage_bps 只属于训练与离线压力环境,不得改变 live 市场订单
      价格;Freqtrade live 使用交易所真实回报价格;
    - amount_epsilon 与 RouteCModel 从同一最终配置 freqai.route_c.amount_epsilon
      读取(工作包 E),所有执行状态读取都通过 route_c_amount_epsilon 传参。
    
    保留(阶段 2.5.2 工作包 B):
    - live 只处理最新一行(signal_convert.latest_row_signals);
    - adjust_entry_price / adjust_exit_price 官方扩展点的目标反转取消
      (None = 取消且不替换);do_predict != 1 时维持挂单。
    
    成交时机完全交给 Freqtrade 回测引擎自身的 shift(1)(open[t+1]),
    本层不加额外 shift。
    """
    
    import sys
    from pathlib import Path
    
    from pandas import DataFrame
    
>   from freqtrade.enums import RunMode
E   ModuleNotFoundError: No module named 'freqtrade'

user_data/strategies/RouteCStrategy.py:35: ModuleNotFoundError
____ TestProductionFeatureEquivalence.test_features_are_prefix_recomputable ____

self = <test_curriculum261_causality.TestProductionFeatureEquivalence object at 0x7550519dd550>

    def test_features_are_prefix_recomputable(self):
        # generator_api 的前缀重算校验在 generate() 内自动执行;
        # 此处显式再验证一次(截断重算特征逐位一致)
        for family in FAMILIES:
            spec = family_specs()[family]
            rp = dict(spec.rung_params["D1"])
            rp["cur261_rung"] = "D1"
>           ep = spec.generator.generate(
                spec.generator.base_params(rp, "A"), 20260830,
                split="curriculum261_causality", timeframe="15m")

tests/route_c_stage2_6_1/test_curriculum261_causality.py:50: 
_ _ _ _ _ _ _ _ _ _ _ _ _ _ _ _ _ _ _ _ _ _ _ _ _ _ _ _ _ _ _ _ _ _ _ _ _ _ _ _ 
src/rl_curriculum/generator_api.py:186: in generate
    df = self._attach_features(df)
         ^^^^^^^^^^^^^^^^^^^^^^^^^
src/rl_curriculum/curriculum261_api.py:1267: in _attach_features
    return attach_production_features(df)
           ^^^^^^^^^^^^^^^^^^^^^^^^^^^^^^
src/rl_curriculum/curriculum261_production_obs.py:160: in attach_production_features
    cls = load_route_c_strategy_class()
          ^^^^^^^^^^^^^^^^^^^^^^^^^^^^^
src/rl_curriculum/curriculum261_production_obs.py:124: in load_route_c_strategy_class
    spec.loader.exec_module(module)
<frozen importlib._bootstrap_external>:940: in exec_module
    ???
<frozen importlib._bootstrap>:241: in _call_with_frames_removed
    ???
_ _ _ _ _ _ _ _ _ _ _ _ _ _ _ _ _ _ _ _ _ _ _ _ _ _ _ _ _ _ _ _ _ _ _ _ _ _ _ _ 

    """阶段 2.5.2a 路线 C:Freqtrade 策略薄适配层(execution_mode=market_open_causal)。
    
    特征:少量因果特征(收益/滚动波动率/价格相对均值/原始 OHLC 供环境用),
    全部只使用当前及过去数据;目标仓位列 &-target_position 由 RouteCModel
    顺序推理填充。
    
    阶段 2.5.2a 改造(工作包 B):
    - 订单类型改为 market(入场/退出均市场订单):成交价由回测器/交易所决定,
      回测中市场单以执行 bar 的 open 成交(backtesting.py:1039-1057 仅 limit
      分支调用 custom_entry_price;:596 exit_signal 的 close_rate=row[OPEN_IDX];
      :551-567 信号 shift(1)),与环境 market_open_causal 合同在
      simulated_slippage_bps=0 时逐笔对齐;
    - 移除 custom_entry_price / custom_exit_price / _route_c_bars 执行 K 线
      high/low 缓存(阶段 2.5.2 bar 内调价合同依赖执行 K 线最终 high/low,
      属未来信息,已废弃为 legacy_noncausal_not_for_training);
    - simulated_slippage_bps 只属于训练与离线压力环境,不得改变 live 市场订单
      价格;Freqtrade live 使用交易所真实回报价格;
    - amount_epsilon 与 RouteCModel 从同一最终配置 freqai.route_c.amount_epsilon
      读取(工作包 E),所有执行状态读取都通过 route_c_amount_epsilon 传参。
    
    保留(阶段 2.5.2 工作包 B):
    - live 只处理最新一行(signal_convert.latest_row_signals);
    - adjust_entry_price / adjust_exit_price 官方扩展点的目标反转取消
      (None = 取消且不替换);do_predict != 1 时维持挂单。
    
    成交时机完全交给 Freqtrade 回测引擎自身的 shift(1)(open[t+1]),
    本层不加额外 shift。
    """
    
    import sys
    from pathlib import Path
    
    from pandas import DataFrame
    
>   from freqtrade.enums import RunMode
E   ModuleNotFoundError: No module named 'freqtrade'

user_data/strategies/RouteCStrategy.py:35: ModuleNotFoundError
__________ TestLatentIsolation.test_sidecar_never_enters_observation ___________

self = <test_curriculum261_causality.TestLatentIsolation object at 0x7550519de750>

    def test_sidecar_never_enters_observation(self):
>       records = [generate_pair(f, "D1", 0, namespace="calibration_r2")
                   for f in FAMILIES]

tests/route_c_stage2_6_1/test_curriculum261_causality.py:76: 
_ _ _ _ _ _ _ _ _ _ _ _ _ _ _ _ _ _ _ _ _ _ _ _ _ _ _ _ _ _ _ _ _ _ _ _ _ _ _ _ 
tests/route_c_stage2_6_1/test_curriculum261_causality.py:76: in <listcomp>
    records = [generate_pair(f, "D1", 0, namespace="calibration_r2")
               ^^^^^^^^^^^^^^^^^^^^^^^^^^^^^^^^^^^^^^^^^^^^^^^^^^^^^
src/rl_curriculum/curriculum261_pairs.py:114: in generate_pair
    episodes, log = generate_pair_with_attempts(
src/rl_curriculum/curriculum261_api.py:1504: in generate_pair_with_attempts
    episodes[side] = generator.generate(
src/rl_curriculum/generator_api.py:186: in generate
    df = self._attach_features(df)
         ^^^^^^^^^^^^^^^^^^^^^^^^^
src/rl_curriculum/curriculum261_api.py:1267: in _attach_features
    return attach_production_features(df)
           ^^^^^^^^^^^^^^^^^^^^^^^^^^^^^^
src/rl_curriculum/curriculum261_production_obs.py:160: in attach_production_features
    cls = load_route_c_strategy_class()
          ^^^^^^^^^^^^^^^^^^^^^^^^^^^^^
src/rl_curriculum/curriculum261_production_obs.py:124: in load_route_c_strategy_class
    spec.loader.exec_module(module)
<frozen importlib._bootstrap_external>:940: in exec_module
    ???
<frozen importlib._bootstrap>:241: in _call_with_frames_removed
    ???
_ _ _ _ _ _ _ _ _ _ _ _ _ _ _ _ _ _ _ _ _ _ _ _ _ _ _ _ _ _ _ _ _ _ _ _ _ _ _ _ 

    """阶段 2.5.2a 路线 C:Freqtrade 策略薄适配层(execution_mode=market_open_causal)。
    
    特征:少量因果特征(收益/滚动波动率/价格相对均值/原始 OHLC 供环境用),
    全部只使用当前及过去数据;目标仓位列 &-target_position 由 RouteCModel
    顺序推理填充。
    
    阶段 2.5.2a 改造(工作包 B):
    - 订单类型改为 market(入场/退出均市场订单):成交价由回测器/交易所决定,
      回测中市场单以执行 bar 的 open 成交(backtesting.py:1039-1057 仅 limit
      分支调用 custom_entry_price;:596 exit_signal 的 close_rate=row[OPEN_IDX];
      :551-567 信号 shift(1)),与环境 market_open_causal 合同在
      simulated_slippage_bps=0 时逐笔对齐;
    - 移除 custom_entry_price / custom_exit_price / _route_c_bars 执行 K 线
      high/low 缓存(阶段 2.5.2 bar 内调价合同依赖执行 K 线最终 high/low,
      属未来信息,已废弃为 legacy_noncausal_not_for_training);
    - simulated_slippage_bps 只属于训练与离线压力环境,不得改变 live 市场订单
      价格;Freqtrade live 使用交易所真实回报价格;
    - amount_epsilon 与 RouteCModel 从同一最终配置 freqai.route_c.amount_epsilon
      读取(工作包 E),所有执行状态读取都通过 route_c_amount_epsilon 传参。
    
    保留(阶段 2.5.2 工作包 B):
    - live 只处理最新一行(signal_convert.latest_row_signals);
    - adjust_entry_price / adjust_exit_price 官方扩展点的目标反转取消
      (None = 取消且不替换);do_predict != 1 时维持挂单。
    
    成交时机完全交给 Freqtrade 回测引擎自身的 shift(1)(open[t+1]),
    本层不加额外 shift。
    """
    
    import sys
    from pathlib import Path
    
    from pandas import DataFrame
    
>   from freqtrade.enums import RunMode
E   ModuleNotFoundError: No module named 'freqtrade'

user_data/strategies/RouteCStrategy.py:35: ModuleNotFoundError
_________ TestPairIntegrity.test_pairs_pass_integrity[c1_opportunity] __________

self = <test_curriculum261_causality.TestPairIntegrity object at 0x7550519df690>
family = 'c1_opportunity'

    @pytest.mark.parametrize("family", FAMILIES)
    def test_pairs_pass_integrity(self, family):
        for rung in ("D0", "D3"):
>           rec = generate_pair(family, rung, 0, namespace="calibration_r2")
                  ^^^^^^^^^^^^^^^^^^^^^^^^^^^^^^^^^^^^^^^^^^^^^^^^^^^^^^^^^^

tests/route_c_stage2_6_1/test_curriculum261_causality.py:88: 
_ _ _ _ _ _ _ _ _ _ _ _ _ _ _ _ _ _ _ _ _ _ _ _ _ _ _ _ _ _ _ _ _ _ _ _ _ _ _ _ 
src/rl_curriculum/curriculum261_pairs.py:114: in generate_pair
    episodes, log = generate_pair_with_attempts(
src/rl_curriculum/curriculum261_api.py:1504: in generate_pair_with_attempts
    episodes[side] = generator.generate(
src/rl_curriculum/generator_api.py:186: in generate
    df = self._attach_features(df)
         ^^^^^^^^^^^^^^^^^^^^^^^^^
src/rl_curriculum/curriculum261_api.py:1267: in _attach_features
    return attach_production_features(df)
           ^^^^^^^^^^^^^^^^^^^^^^^^^^^^^^
src/rl_curriculum/curriculum261_production_obs.py:160: in attach_production_features
    cls = load_route_c_strategy_class()
          ^^^^^^^^^^^^^^^^^^^^^^^^^^^^^
src/rl_curriculum/curriculum261_production_obs.py:124: in load_route_c_strategy_class
    spec.loader.exec_module(module)
<frozen importlib._bootstrap_external>:940: in exec_module
    ???
<frozen importlib._bootstrap>:241: in _call_with_frames_removed
    ???
_ _ _ _ _ _ _ _ _ _ _ _ _ _ _ _ _ _ _ _ _ _ _ _ _ _ _ _ _ _ _ _ _ _ _ _ _ _ _ _ 

    """阶段 2.5.2a 路线 C:Freqtrade 策略薄适配层(execution_mode=market_open_causal)。
    
    特征:少量因果特征(收益/滚动波动率/价格相对均值/原始 OHLC 供环境用),
    全部只使用当前及过去数据;目标仓位列 &-target_position 由 RouteCModel
    顺序推理填充。
    
    阶段 2.5.2a 改造(工作包 B):
    - 订单类型改为 market(入场/退出均市场订单):成交价由回测器/交易所决定,
      回测中市场单以执行 bar 的 open 成交(backtesting.py:1039-1057 仅 limit
      分支调用 custom_entry_price;:596 exit_signal 的 close_rate=row[OPEN_IDX];
      :551-567 信号 shift(1)),与环境 market_open_causal 合同在
      simulated_slippage_bps=0 时逐笔对齐;
    - 移除 custom_entry_price / custom_exit_price / _route_c_bars 执行 K 线
      high/low 缓存(阶段 2.5.2 bar 内调价合同依赖执行 K 线最终 high/low,
      属未来信息,已废弃为 legacy_noncausal_not_for_training);
    - simulated_slippage_bps 只属于训练与离线压力环境,不得改变 live 市场订单
      价格;Freqtrade live 使用交易所真实回报价格;
    - amount_epsilon 与 RouteCModel 从同一最终配置 freqai.route_c.amount_epsilon
      读取(工作包 E),所有执行状态读取都通过 route_c_amount_epsilon 传参。
    
    保留(阶段 2.5.2 工作包 B):
    - live 只处理最新一行(signal_convert.latest_row_signals);
    - adjust_entry_price / adjust_exit_price 官方扩展点的目标反转取消
      (None = 取消且不替换);do_predict != 1 时维持挂单。
    
    成交时机完全交给 Freqtrade 回测引擎自身的 shift(1)(open[t+1]),
    本层不加额外 shift。
    """
    
    import sys
    from pathlib import Path
    
    from pandas import DataFrame
    
>   from freqtrade.enums import RunMode
E   ModuleNotFoundError: No module named 'freqtrade'

user_data/strategies/RouteCStrategy.py:35: ModuleNotFoundError
___________ TestPairIntegrity.test_pairs_pass_integrity[c2_context] ____________

self = <test_curriculum261_causality.TestPairIntegrity object at 0x7550519df8d0>
family = 'c2_context'

    @pytest.mark.parametrize("family", FAMILIES)
    def test_pairs_pass_integrity(self, family):
        for rung in ("D0", "D3"):
>           rec = generate_pair(family, rung, 0, namespace="calibration_r2")
                  ^^^^^^^^^^^^^^^^^^^^^^^^^^^^^^^^^^^^^^^^^^^^^^^^^^^^^^^^^^

tests/route_c_stage2_6_1/test_curriculum261_causality.py:88: 
_ _ _ _ _ _ _ _ _ _ _ _ _ _ _ _ _ _ _ _ _ _ _ _ _ _ _ _ _ _ _ _ _ _ _ _ _ _ _ _ 
src/rl_curriculum/curriculum261_pairs.py:114: in generate_pair
    episodes, log = generate_pair_with_attempts(
src/rl_curriculum/curriculum261_api.py:1504: in generate_pair_with_attempts
    episodes[side] = generator.generate(
src/rl_curriculum/generator_api.py:186: in generate
    df = self._attach_features(df)
         ^^^^^^^^^^^^^^^^^^^^^^^^^
src/rl_curriculum/curriculum261_api.py:1267: in _attach_features
    return attach_production_features(df)
           ^^^^^^^^^^^^^^^^^^^^^^^^^^^^^^
src/rl_curriculum/curriculum261_production_obs.py:160: in attach_production_features
    cls = load_route_c_strategy_class()
          ^^^^^^^^^^^^^^^^^^^^^^^^^^^^^
src/rl_curriculum/curriculum261_production_obs.py:124: in load_route_c_strategy_class
    spec.loader.exec_module(module)
<frozen importlib._bootstrap_external>:940: in exec_module
    ???
<frozen importlib._bootstrap>:241: in _call_with_frames_removed
    ???
_ _ _ _ _ _ _ _ _ _ _ _ _ _ _ _ _ _ _ _ _ _ _ _ _ _ _ _ _ _ _ _ _ _ _ _ _ _ _ _ 

    """阶段 2.5.2a 路线 C:Freqtrade 策略薄适配层(execution_mode=market_open_causal)。
    
    特征:少量因果特征(收益/滚动波动率/价格相对均值/原始 OHLC 供环境用),
    全部只使用当前及过去数据;目标仓位列 &-target_position 由 RouteCModel
    顺序推理填充。
    
    阶段 2.5.2a 改造(工作包 B):
    - 订单类型改为 market(入场/退出均市场订单):成交价由回测器/交易所决定,
      回测中市场单以执行 bar 的 open 成交(backtesting.py:1039-1057 仅 limit
      分支调用 custom_entry_price;:596 exit_signal 的 close_rate=row[OPEN_IDX];
      :551-567 信号 shift(1)),与环境 market_open_causal 合同在
      simulated_slippage_bps=0 时逐笔对齐;
    - 移除 custom_entry_price / custom_exit_price / _route_c_bars 执行 K 线
      high/low 缓存(阶段 2.5.2 bar 内调价合同依赖执行 K 线最终 high/low,
      属未来信息,已废弃为 legacy_noncausal_not_for_training);
    - simulated_slippage_bps 只属于训练与离线压力环境,不得改变 live 市场订单
      价格;Freqtrade live 使用交易所真实回报价格;
    - amount_epsilon 与 RouteCModel 从同一最终配置 freqai.route_c.amount_epsilon
      读取(工作包 E),所有执行状态读取都通过 route_c_amount_epsilon 传参。
    
    保留(阶段 2.5.2 工作包 B):
    - live 只处理最新一行(signal_convert.latest_row_signals);
    - adjust_entry_price / adjust_exit_price 官方扩展点的目标反转取消
      (None = 取消且不替换);do_predict != 1 时维持挂单。
    
    成交时机完全交给 Freqtrade 回测引擎自身的 shift(1)(open[t+1]),
    本层不加额外 shift。
    """
    
    import sys
    from pathlib import Path
    
    from pandas import DataFrame
    
>   from freqtrade.enums import RunMode
E   ModuleNotFoundError: No module named 'freqtrade'

user_data/strategies/RouteCStrategy.py:35: ModuleNotFoundError
_____________ TestPairIntegrity.test_pairs_pass_integrity[c3_cost] _____________

self = <test_curriculum261_causality.TestPairIntegrity object at 0x7550519dfb10>
family = 'c3_cost'

    @pytest.mark.parametrize("family", FAMILIES)
    def test_pairs_pass_integrity(self, family):
        for rung in ("D0", "D3"):
>           rec = generate_pair(family, rung, 0, namespace="calibration_r2")
                  ^^^^^^^^^^^^^^^^^^^^^^^^^^^^^^^^^^^^^^^^^^^^^^^^^^^^^^^^^^

tests/route_c_stage2_6_1/test_curriculum261_causality.py:88: 
_ _ _ _ _ _ _ _ _ _ _ _ _ _ _ _ _ _ _ _ _ _ _ _ _ _ _ _ _ _ _ _ _ _ _ _ _ _ _ _ 
src/rl_curriculum/curriculum261_pairs.py:114: in generate_pair
    episodes, log = generate_pair_with_attempts(
src/rl_curriculum/curriculum261_api.py:1504: in generate_pair_with_attempts
    episodes[side] = generator.generate(
src/rl_curriculum/generator_api.py:186: in generate
    df = self._attach_features(df)
         ^^^^^^^^^^^^^^^^^^^^^^^^^
src/rl_curriculum/curriculum261_api.py:1267: in _attach_features
    return attach_production_features(df)
           ^^^^^^^^^^^^^^^^^^^^^^^^^^^^^^
src/rl_curriculum/curriculum261_production_obs.py:160: in attach_production_features
    cls = load_route_c_strategy_class()
          ^^^^^^^^^^^^^^^^^^^^^^^^^^^^^
src/rl_curriculum/curriculum261_production_obs.py:124: in load_route_c_strategy_class
    spec.loader.exec_module(module)
<frozen importlib._bootstrap_external>:940: in exec_module
    ???
<frozen importlib._bootstrap>:241: in _call_with_frames_removed
    ???
_ _ _ _ _ _ _ _ _ _ _ _ _ _ _ _ _ _ _ _ _ _ _ _ _ _ _ _ _ _ _ _ _ _ _ _ _ _ _ _ 

    """阶段 2.5.2a 路线 C:Freqtrade 策略薄适配层(execution_mode=market_open_causal)。
    
    特征:少量因果特征(收益/滚动波动率/价格相对均值/原始 OHLC 供环境用),
    全部只使用当前及过去数据;目标仓位列 &-target_position 由 RouteCModel
    顺序推理填充。
    
    阶段 2.5.2a 改造(工作包 B):
    - 订单类型改为 market(入场/退出均市场订单):成交价由回测器/交易所决定,
      回测中市场单以执行 bar 的 open 成交(backtesting.py:1039-1057 仅 limit
      分支调用 custom_entry_price;:596 exit_signal 的 close_rate=row[OPEN_IDX];
      :551-567 信号 shift(1)),与环境 market_open_causal 合同在
      simulated_slippage_bps=0 时逐笔对齐;
    - 移除 custom_entry_price / custom_exit_price / _route_c_bars 执行 K 线
      high/low 缓存(阶段 2.5.2 bar 内调价合同依赖执行 K 线最终 high/low,
      属未来信息,已废弃为 legacy_noncausal_not_for_training);
    - simulated_slippage_bps 只属于训练与离线压力环境,不得改变 live 市场订单
      价格;Freqtrade live 使用交易所真实回报价格;
    - amount_epsilon 与 RouteCModel 从同一最终配置 freqai.route_c.amount_epsilon
      读取(工作包 E),所有执行状态读取都通过 route_c_amount_epsilon 传参。
    
    保留(阶段 2.5.2 工作包 B):
    - live 只处理最新一行(signal_convert.latest_row_signals);
    - adjust_entry_price / adjust_exit_price 官方扩展点的目标反转取消
      (None = 取消且不替换);do_predict != 1 时维持挂单。
    
    成交时机完全交给 Freqtrade 回测引擎自身的 shift(1)(open[t+1]),
    本层不加额外 shift。
    """
    
    import sys
    from pathlib import Path
    
    from pandas import DataFrame
    
>   from freqtrade.enums import RunMode
E   ModuleNotFoundError: No module named 'freqtrade'

user_data/strategies/RouteCStrategy.py:35: ModuleNotFoundError
______ TestPairIntegrity.test_pair_shares_nuisance_tables[c1_opportunity] ______

self = <test_curriculum261_causality.TestPairIntegrity object at 0x7550519ec990>
family = 'c1_opportunity'

    @pytest.mark.parametrize("family", FAMILIES)
    def test_pair_shares_nuisance_tables(self, family):
>       rec = generate_pair(family, "D2", 1, namespace="calibration_r2")
              ^^^^^^^^^^^^^^^^^^^^^^^^^^^^^^^^^^^^^^^^^^^^^^^^^^^^^^^^^^

tests/route_c_stage2_6_1/test_curriculum261_causality.py:94: 
_ _ _ _ _ _ _ _ _ _ _ _ _ _ _ _ _ _ _ _ _ _ _ _ _ _ _ _ _ _ _ _ _ _ _ _ _ _ _ _ 
src/rl_curriculum/curriculum261_pairs.py:114: in generate_pair
    episodes, log = generate_pair_with_attempts(
src/rl_curriculum/curriculum261_api.py:1504: in generate_pair_with_attempts
    episodes[side] = generator.generate(
src/rl_curriculum/generator_api.py:186: in generate
    df = self._attach_features(df)
         ^^^^^^^^^^^^^^^^^^^^^^^^^
src/rl_curriculum/curriculum261_api.py:1267: in _attach_features
    return attach_production_features(df)
           ^^^^^^^^^^^^^^^^^^^^^^^^^^^^^^
src/rl_curriculum/curriculum261_production_obs.py:160: in attach_production_features
    cls = load_route_c_strategy_class()
          ^^^^^^^^^^^^^^^^^^^^^^^^^^^^^
src/rl_curriculum/curriculum261_production_obs.py:124: in load_route_c_strategy_class
    spec.loader.exec_module(module)
<frozen importlib._bootstrap_external>:940: in exec_module
    ???
<frozen importlib._bootstrap>:241: in _call_with_frames_removed
    ???
_ _ _ _ _ _ _ _ _ _ _ _ _ _ _ _ _ _ _ _ _ _ _ _ _ _ _ _ _ _ _ _ _ _ _ _ _ _ _ _ 

    """阶段 2.5.2a 路线 C:Freqtrade 策略薄适配层(execution_mode=market_open_causal)。
    
    特征:少量因果特征(收益/滚动波动率/价格相对均值/原始 OHLC 供环境用),
    全部只使用当前及过去数据;目标仓位列 &-target_position 由 RouteCModel
    顺序推理填充。
    
    阶段 2.5.2a 改造(工作包 B):
    - 订单类型改为 market(入场/退出均市场订单):成交价由回测器/交易所决定,
      回测中市场单以执行 bar 的 open 成交(backtesting.py:1039-1057 仅 limit
      分支调用 custom_entry_price;:596 exit_signal 的 close_rate=row[OPEN_IDX];
      :551-567 信号 shift(1)),与环境 market_open_causal 合同在
      simulated_slippage_bps=0 时逐笔对齐;
    - 移除 custom_entry_price / custom_exit_price / _route_c_bars 执行 K 线
      high/low 缓存(阶段 2.5.2 bar 内调价合同依赖执行 K 线最终 high/low,
      属未来信息,已废弃为 legacy_noncausal_not_for_training);
    - simulated_slippage_bps 只属于训练与离线压力环境,不得改变 live 市场订单
      价格;Freqtrade live 使用交易所真实回报价格;
    - amount_epsilon 与 RouteCModel 从同一最终配置 freqai.route_c.amount_epsilon
      读取(工作包 E),所有执行状态读取都通过 route_c_amount_epsilon 传参。
    
    保留(阶段 2.5.2 工作包 B):
    - live 只处理最新一行(signal_convert.latest_row_signals);
    - adjust_entry_price / adjust_exit_price 官方扩展点的目标反转取消
      (None = 取消且不替换);do_predict != 1 时维持挂单。
    
    成交时机完全交给 Freqtrade 回测引擎自身的 shift(1)(open[t+1]),
    本层不加额外 shift。
    """
    
    import sys
    from pathlib import Path
    
    from pandas import DataFrame
    
>   from freqtrade.enums import RunMode
E   ModuleNotFoundError: No module named 'freqtrade'

user_data/strategies/RouteCStrategy.py:35: ModuleNotFoundError
________ TestPairIntegrity.test_pair_shares_nuisance_tables[c2_context] ________

self = <test_curriculum261_causality.TestPairIntegrity object at 0x7550519ecbd0>
family = 'c2_context'

    @pytest.mark.parametrize("family", FAMILIES)
    def test_pair_shares_nuisance_tables(self, family):
>       rec = generate_pair(family, "D2", 1, namespace="calibration_r2")
              ^^^^^^^^^^^^^^^^^^^^^^^^^^^^^^^^^^^^^^^^^^^^^^^^^^^^^^^^^^

tests/route_c_stage2_6_1/test_curriculum261_causality.py:94: 
_ _ _ _ _ _ _ _ _ _ _ _ _ _ _ _ _ _ _ _ _ _ _ _ _ _ _ _ _ _ _ _ _ _ _ _ _ _ _ _ 
src/rl_curriculum/curriculum261_pairs.py:114: in generate_pair
    episodes, log = generate_pair_with_attempts(
src/rl_curriculum/curriculum261_api.py:1504: in generate_pair_with_attempts
    episodes[side] = generator.generate(
src/rl_curriculum/generator_api.py:186: in generate
    df = self._attach_features(df)
         ^^^^^^^^^^^^^^^^^^^^^^^^^
src/rl_curriculum/curriculum261_api.py:1267: in _attach_features
    return attach_production_features(df)
           ^^^^^^^^^^^^^^^^^^^^^^^^^^^^^^
src/rl_curriculum/curriculum261_production_obs.py:160: in attach_production_features
    cls = load_route_c_strategy_class()
          ^^^^^^^^^^^^^^^^^^^^^^^^^^^^^
src/rl_curriculum/curriculum261_production_obs.py:124: in load_route_c_strategy_class
    spec.loader.exec_module(module)
<frozen importlib._bootstrap_external>:940: in exec_module
    ???
<frozen importlib._bootstrap>:241: in _call_with_frames_removed
    ???
_ _ _ _ _ _ _ _ _ _ _ _ _ _ _ _ _ _ _ _ _ _ _ _ _ _ _ _ _ _ _ _ _ _ _ _ _ _ _ _ 

    """阶段 2.5.2a 路线 C:Freqtrade 策略薄适配层(execution_mode=market_open_causal)。
    
    特征:少量因果特征(收益/滚动波动率/价格相对均值/原始 OHLC 供环境用),
    全部只使用当前及过去数据;目标仓位列 &-target_position 由 RouteCModel
    顺序推理填充。
    
    阶段 2.5.2a 改造(工作包 B):
    - 订单类型改为 market(入场/退出均市场订单):成交价由回测器/交易所决定,
      回测中市场单以执行 bar 的 open 成交(backtesting.py:1039-1057 仅 limit
      分支调用 custom_entry_price;:596 exit_signal 的 close_rate=row[OPEN_IDX];
      :551-567 信号 shift(1)),与环境 market_open_causal 合同在
      simulated_slippage_bps=0 时逐笔对齐;
    - 移除 custom_entry_price / custom_exit_price / _route_c_bars 执行 K 线
      high/low 缓存(阶段 2.5.2 bar 内调价合同依赖执行 K 线最终 high/low,
      属未来信息,已废弃为 legacy_noncausal_not_for_training);
    - simulated_slippage_bps 只属于训练与离线压力环境,不得改变 live 市场订单
      价格;Freqtrade live 使用交易所真实回报价格;
    - amount_epsilon 与 RouteCModel 从同一最终配置 freqai.route_c.amount_epsilon
      读取(工作包 E),所有执行状态读取都通过 route_c_amount_epsilon 传参。
    
    保留(阶段 2.5.2 工作包 B):
    - live 只处理最新一行(signal_convert.latest_row_signals);
    - adjust_entry_price / adjust_exit_price 官方扩展点的目标反转取消
      (None = 取消且不替换);do_predict != 1 时维持挂单。
    
    成交时机完全交给 Freqtrade 回测引擎自身的 shift(1)(open[t+1]),
    本层不加额外 shift。
    """
    
    import sys
    from pathlib import Path
    
    from pandas import DataFrame
    
>   from freqtrade.enums import RunMode
E   ModuleNotFoundError: No module named 'freqtrade'

user_data/strategies/RouteCStrategy.py:35: ModuleNotFoundError
_________ TestPairIntegrity.test_pair_shares_nuisance_tables[c3_cost] __________

self = <test_curriculum261_causality.TestPairIntegrity object at 0x7550519ece10>
family = 'c3_cost'

    @pytest.mark.parametrize("family", FAMILIES)
    def test_pair_shares_nuisance_tables(self, family):
>       rec = generate_pair(family, "D2", 1, namespace="calibration_r2")
              ^^^^^^^^^^^^^^^^^^^^^^^^^^^^^^^^^^^^^^^^^^^^^^^^^^^^^^^^^^

tests/route_c_stage2_6_1/test_curriculum261_causality.py:94: 
_ _ _ _ _ _ _ _ _ _ _ _ _ _ _ _ _ _ _ _ _ _ _ _ _ _ _ _ _ _ _ _ _ _ _ _ _ _ _ _ 
src/rl_curriculum/curriculum261_pairs.py:114: in generate_pair
    episodes, log = generate_pair_with_attempts(
src/rl_curriculum/curriculum261_api.py:1504: in generate_pair_with_attempts
    episodes[side] = generator.generate(
src/rl_curriculum/generator_api.py:186: in generate
    df = self._attach_features(df)
         ^^^^^^^^^^^^^^^^^^^^^^^^^
src/rl_curriculum/curriculum261_api.py:1267: in _attach_features
    return attach_production_features(df)
           ^^^^^^^^^^^^^^^^^^^^^^^^^^^^^^
src/rl_curriculum/curriculum261_production_obs.py:160: in attach_production_features
    cls = load_route_c_strategy_class()
          ^^^^^^^^^^^^^^^^^^^^^^^^^^^^^
src/rl_curriculum/curriculum261_production_obs.py:124: in load_route_c_strategy_class
    spec.loader.exec_module(module)
<frozen importlib._bootstrap_external>:940: in exec_module
    ???
<frozen importlib._bootstrap>:241: in _call_with_frames_removed
    ???
_ _ _ _ _ _ _ _ _ _ _ _ _ _ _ _ _ _ _ _ _ _ _ _ _ _ _ _ _ _ _ _ _ _ _ _ _ _ _ _ 

    """阶段 2.5.2a 路线 C:Freqtrade 策略薄适配层(execution_mode=market_open_causal)。
    
    特征:少量因果特征(收益/滚动波动率/价格相对均值/原始 OHLC 供环境用),
    全部只使用当前及过去数据;目标仓位列 &-target_position 由 RouteCModel
    顺序推理填充。
    
    阶段 2.5.2a 改造(工作包 B):
    - 订单类型改为 market(入场/退出均市场订单):成交价由回测器/交易所决定,
      回测中市场单以执行 bar 的 open 成交(backtesting.py:1039-1057 仅 limit
      分支调用 custom_entry_price;:596 exit_signal 的 close_rate=row[OPEN_IDX];
      :551-567 信号 shift(1)),与环境 market_open_causal 合同在
      simulated_slippage_bps=0 时逐笔对齐;
    - 移除 custom_entry_price / custom_exit_price / _route_c_bars 执行 K 线
      high/low 缓存(阶段 2.5.2 bar 内调价合同依赖执行 K 线最终 high/low,
      属未来信息,已废弃为 legacy_noncausal_not_for_training);
    - simulated_slippage_bps 只属于训练与离线压力环境,不得改变 live 市场订单
      价格;Freqtrade live 使用交易所真实回报价格;
    - amount_epsilon 与 RouteCModel 从同一最终配置 freqai.route_c.amount_epsilon
      读取(工作包 E),所有执行状态读取都通过 route_c_amount_epsilon 传参。
    
    保留(阶段 2.5.2 工作包 B):
    - live 只处理最新一行(signal_convert.latest_row_signals);
    - adjust_entry_price / adjust_exit_price 官方扩展点的目标反转取消
      (None = 取消且不替换);do_predict != 1 时维持挂单。
    
    成交时机完全交给 Freqtrade 回测引擎自身的 shift(1)(open[t+1]),
    本层不加额外 shift。
    """
    
    import sys
    from pathlib import Path
    
    from pandas import DataFrame
    
>   from freqtrade.enums import RunMode
E   ModuleNotFoundError: No module named 'freqtrade'

user_data/strategies/RouteCStrategy.py:35: ModuleNotFoundError
____ TestPairIntegrity.test_pair_is_not_two_random_episodes[c1_opportunity] ____

self = <test_curriculum261_causality.TestPairIntegrity object at 0x7550519edc50>
family = 'c1_opportunity'

    @pytest.mark.parametrize("family", FAMILIES)
    def test_pair_is_not_two_random_episodes(self, family):
>       rec = generate_pair(family, "D1", 0, namespace="calibration_r2")
              ^^^^^^^^^^^^^^^^^^^^^^^^^^^^^^^^^^^^^^^^^^^^^^^^^^^^^^^^^^

tests/route_c_stage2_6_1/test_curriculum261_causality.py:103: 
_ _ _ _ _ _ _ _ _ _ _ _ _ _ _ _ _ _ _ _ _ _ _ _ _ _ _ _ _ _ _ _ _ _ _ _ _ _ _ _ 
src/rl_curriculum/curriculum261_pairs.py:114: in generate_pair
    episodes, log = generate_pair_with_attempts(
src/rl_curriculum/curriculum261_api.py:1504: in generate_pair_with_attempts
    episodes[side] = generator.generate(
src/rl_curriculum/generator_api.py:186: in generate
    df = self._attach_features(df)
         ^^^^^^^^^^^^^^^^^^^^^^^^^
src/rl_curriculum/curriculum261_api.py:1267: in _attach_features
    return attach_production_features(df)
           ^^^^^^^^^^^^^^^^^^^^^^^^^^^^^^
src/rl_curriculum/curriculum261_production_obs.py:160: in attach_production_features
    cls = load_route_c_strategy_class()
          ^^^^^^^^^^^^^^^^^^^^^^^^^^^^^
src/rl_curriculum/curriculum261_production_obs.py:124: in load_route_c_strategy_class
    spec.loader.exec_module(module)
<frozen importlib._bootstrap_external>:940: in exec_module
    ???
<frozen importlib._bootstrap>:241: in _call_with_frames_removed
    ???
_ _ _ _ _ _ _ _ _ _ _ _ _ _ _ _ _ _ _ _ _ _ _ _ _ _ _ _ _ _ _ _ _ _ _ _ _ _ _ _ 

    """阶段 2.5.2a 路线 C:Freqtrade 策略薄适配层(execution_mode=market_open_causal)。
    
    特征:少量因果特征(收益/滚动波动率/价格相对均值/原始 OHLC 供环境用),
    全部只使用当前及过去数据;目标仓位列 &-target_position 由 RouteCModel
    顺序推理填充。
    
    阶段 2.5.2a 改造(工作包 B):
    - 订单类型改为 market(入场/退出均市场订单):成交价由回测器/交易所决定,
      回测中市场单以执行 bar 的 open 成交(backtesting.py:1039-1057 仅 limit
      分支调用 custom_entry_price;:596 exit_signal 的 close_rate=row[OPEN_IDX];
      :551-567 信号 shift(1)),与环境 market_open_causal 合同在
      simulated_slippage_bps=0 时逐笔对齐;
    - 移除 custom_entry_price / custom_exit_price / _route_c_bars 执行 K 线
      high/low 缓存(阶段 2.5.2 bar 内调价合同依赖执行 K 线最终 high/low,
      属未来信息,已废弃为 legacy_noncausal_not_for_training);
    - simulated_slippage_bps 只属于训练与离线压力环境,不得改变 live 市场订单
      价格;Freqtrade live 使用交易所真实回报价格;
    - amount_epsilon 与 RouteCModel 从同一最终配置 freqai.route_c.amount_epsilon
      读取(工作包 E),所有执行状态读取都通过 route_c_amount_epsilon 传参。
    
    保留(阶段 2.5.2 工作包 B):
    - live 只处理最新一行(signal_convert.latest_row_signals);
    - adjust_entry_price / adjust_exit_price 官方扩展点的目标反转取消
      (None = 取消且不替换);do_predict != 1 时维持挂单。
    
    成交时机完全交给 Freqtrade 回测引擎自身的 shift(1)(open[t+1]),
    本层不加额外 shift。
    """
    
    import sys
    from pathlib import Path
    
    from pandas import DataFrame
    
>   from freqtrade.enums import RunMode
E   ModuleNotFoundError: No module named 'freqtrade'

user_data/strategies/RouteCStrategy.py:35: ModuleNotFoundError
______ TestPairIntegrity.test_pair_is_not_two_random_episodes[c2_context] ______

self = <test_curriculum261_causality.TestPairIntegrity object at 0x7550519ede90>
family = 'c2_context'

    @pytest.mark.parametrize("family", FAMILIES)
    def test_pair_is_not_two_random_episodes(self, family):
>       rec = generate_pair(family, "D1", 0, namespace="calibration_r2")
              ^^^^^^^^^^^^^^^^^^^^^^^^^^^^^^^^^^^^^^^^^^^^^^^^^^^^^^^^^^

tests/route_c_stage2_6_1/test_curriculum261_causality.py:103: 
_ _ _ _ _ _ _ _ _ _ _ _ _ _ _ _ _ _ _ _ _ _ _ _ _ _ _ _ _ _ _ _ _ _ _ _ _ _ _ _ 
src/rl_curriculum/curriculum261_pairs.py:114: in generate_pair
    episodes, log = generate_pair_with_attempts(
src/rl_curriculum/curriculum261_api.py:1504: in generate_pair_with_attempts
    episodes[side] = generator.generate(
src/rl_curriculum/generator_api.py:186: in generate
    df = self._attach_features(df)
         ^^^^^^^^^^^^^^^^^^^^^^^^^
src/rl_curriculum/curriculum261_api.py:1267: in _attach_features
    return attach_production_features(df)
           ^^^^^^^^^^^^^^^^^^^^^^^^^^^^^^
src/rl_curriculum/curriculum261_production_obs.py:160: in attach_production_features
    cls = load_route_c_strategy_class()
          ^^^^^^^^^^^^^^^^^^^^^^^^^^^^^
src/rl_curriculum/curriculum261_production_obs.py:124: in load_route_c_strategy_class
    spec.loader.exec_module(module)
<frozen importlib._bootstrap_external>:940: in exec_module
    ???
<frozen importlib._bootstrap>:241: in _call_with_frames_removed
    ???
_ _ _ _ _ _ _ _ _ _ _ _ _ _ _ _ _ _ _ _ _ _ _ _ _ _ _ _ _ _ _ _ _ _ _ _ _ _ _ _ 

    """阶段 2.5.2a 路线 C:Freqtrade 策略薄适配层(execution_mode=market_open_causal)。
    
    特征:少量因果特征(收益/滚动波动率/价格相对均值/原始 OHLC 供环境用),
    全部只使用当前及过去数据;目标仓位列 &-target_position 由 RouteCModel
    顺序推理填充。
    
    阶段 2.5.2a 改造(工作包 B):
    - 订单类型改为 market(入场/退出均市场订单):成交价由回测器/交易所决定,
      回测中市场单以执行 bar 的 open 成交(backtesting.py:1039-1057 仅 limit
      分支调用 custom_entry_price;:596 exit_signal 的 close_rate=row[OPEN_IDX];
      :551-567 信号 shift(1)),与环境 market_open_causal 合同在
      simulated_slippage_bps=0 时逐笔对齐;
    - 移除 custom_entry_price / custom_exit_price / _route_c_bars 执行 K 线
      high/low 缓存(阶段 2.5.2 bar 内调价合同依赖执行 K 线最终 high/low,
      属未来信息,已废弃为 legacy_noncausal_not_for_training);
    - simulated_slippage_bps 只属于训练与离线压力环境,不得改变 live 市场订单
      价格;Freqtrade live 使用交易所真实回报价格;
    - amount_epsilon 与 RouteCModel 从同一最终配置 freqai.route_c.amount_epsilon
      读取(工作包 E),所有执行状态读取都通过 route_c_amount_epsilon 传参。
    
    保留(阶段 2.5.2 工作包 B):
    - live 只处理最新一行(signal_convert.latest_row_signals);
    - adjust_entry_price / adjust_exit_price 官方扩展点的目标反转取消
      (None = 取消且不替换);do_predict != 1 时维持挂单。
    
    成交时机完全交给 Freqtrade 回测引擎自身的 shift(1)(open[t+1]),
    本层不加额外 shift。
    """
    
    import sys
    from pathlib import Path
    
    from pandas import DataFrame
    
>   from freqtrade.enums import RunMode
E   ModuleNotFoundError: No module named 'freqtrade'

user_data/strategies/RouteCStrategy.py:35: ModuleNotFoundError
_______ TestPairIntegrity.test_pair_is_not_two_random_episodes[c3_cost] ________

self = <test_curriculum261_causality.TestPairIntegrity object at 0x7550519ee0d0>
family = 'c3_cost'

    @pytest.mark.parametrize("family", FAMILIES)
    def test_pair_is_not_two_random_episodes(self, family):
>       rec = generate_pair(family, "D1", 0, namespace="calibration_r2")
              ^^^^^^^^^^^^^^^^^^^^^^^^^^^^^^^^^^^^^^^^^^^^^^^^^^^^^^^^^^

tests/route_c_stage2_6_1/test_curriculum261_causality.py:103: 
_ _ _ _ _ _ _ _ _ _ _ _ _ _ _ _ _ _ _ _ _ _ _ _ _ _ _ _ _ _ _ _ _ _ _ _ _ _ _ _ 
src/rl_curriculum/curriculum261_pairs.py:114: in generate_pair
    episodes, log = generate_pair_with_attempts(
src/rl_curriculum/curriculum261_api.py:1504: in generate_pair_with_attempts
    episodes[side] = generator.generate(
src/rl_curriculum/generator_api.py:186: in generate
    df = self._attach_features(df)
         ^^^^^^^^^^^^^^^^^^^^^^^^^
src/rl_curriculum/curriculum261_api.py:1267: in _attach_features
    return attach_production_features(df)
           ^^^^^^^^^^^^^^^^^^^^^^^^^^^^^^
src/rl_curriculum/curriculum261_production_obs.py:160: in attach_production_features
    cls = load_route_c_strategy_class()
          ^^^^^^^^^^^^^^^^^^^^^^^^^^^^^
src/rl_curriculum/curriculum261_production_obs.py:124: in load_route_c_strategy_class
    spec.loader.exec_module(module)
<frozen importlib._bootstrap_external>:940: in exec_module
    ???
<frozen importlib._bootstrap>:241: in _call_with_frames_removed
    ???
_ _ _ _ _ _ _ _ _ _ _ _ _ _ _ _ _ _ _ _ _ _ _ _ _ _ _ _ _ _ _ _ _ _ _ _ _ _ _ _ 

    """阶段 2.5.2a 路线 C:Freqtrade 策略薄适配层(execution_mode=market_open_causal)。
    
    特征:少量因果特征(收益/滚动波动率/价格相对均值/原始 OHLC 供环境用),
    全部只使用当前及过去数据;目标仓位列 &-target_position 由 RouteCModel
    顺序推理填充。
    
    阶段 2.5.2a 改造(工作包 B):
    - 订单类型改为 market(入场/退出均市场订单):成交价由回测器/交易所决定,
      回测中市场单以执行 bar 的 open 成交(backtesting.py:1039-1057 仅 limit
      分支调用 custom_entry_price;:596 exit_signal 的 close_rate=row[OPEN_IDX];
      :551-567 信号 shift(1)),与环境 market_open_causal 合同在
      simulated_slippage_bps=0 时逐笔对齐;
    - 移除 custom_entry_price / custom_exit_price / _route_c_bars 执行 K 线
      high/low 缓存(阶段 2.5.2 bar 内调价合同依赖执行 K 线最终 high/low,
      属未来信息,已废弃为 legacy_noncausal_not_for_training);
    - simulated_slippage_bps 只属于训练与离线压力环境,不得改变 live 市场订单
      价格;Freqtrade live 使用交易所真实回报价格;
    - amount_epsilon 与 RouteCModel 从同一最终配置 freqai.route_c.amount_epsilon
      读取(工作包 E),所有执行状态读取都通过 route_c_amount_epsilon 传参。
    
    保留(阶段 2.5.2 工作包 B):
    - live 只处理最新一行(signal_convert.latest_row_signals);
    - adjust_entry_price / adjust_exit_price 官方扩展点的目标反转取消
      (None = 取消且不替换);do_predict != 1 时维持挂单。
    
    成交时机完全交给 Freqtrade 回测引擎自身的 shift(1)(open[t+1]),
    本层不加额外 shift。
    """
    
    import sys
    from pathlib import Path
    
    from pandas import DataFrame
    
>   from freqtrade.enums import RunMode
E   ModuleNotFoundError: No module named 'freqtrade'

user_data/strategies/RouteCStrategy.py:35: ModuleNotFoundError
_____________ TestC1.test_both_opportunity_and_flat_regions_exist ______________

self = <test_curriculum261_families.TestC1 object at 0x7550519de310>

    def test_both_opportunity_and_flat_regions_exist(self):
        for rung in ("D0", "D3"):
>           rec = generate_pair("c1_opportunity", rung, 0,
                                namespace="calibration_r2")

tests/route_c_stage2_6_1/test_curriculum261_families.py:31: 
_ _ _ _ _ _ _ _ _ _ _ _ _ _ _ _ _ _ _ _ _ _ _ _ _ _ _ _ _ _ _ _ _ _ _ _ _ _ _ _ 
src/rl_curriculum/curriculum261_pairs.py:114: in generate_pair
    episodes, log = generate_pair_with_attempts(
src/rl_curriculum/curriculum261_api.py:1504: in generate_pair_with_attempts
    episodes[side] = generator.generate(
src/rl_curriculum/generator_api.py:186: in generate
    df = self._attach_features(df)
         ^^^^^^^^^^^^^^^^^^^^^^^^^
src/rl_curriculum/curriculum261_api.py:1267: in _attach_features
    return attach_production_features(df)
           ^^^^^^^^^^^^^^^^^^^^^^^^^^^^^^
src/rl_curriculum/curriculum261_production_obs.py:160: in attach_production_features
    cls = load_route_c_strategy_class()
          ^^^^^^^^^^^^^^^^^^^^^^^^^^^^^
src/rl_curriculum/curriculum261_production_obs.py:124: in load_route_c_strategy_class
    spec.loader.exec_module(module)
<frozen importlib._bootstrap_external>:940: in exec_module
    ???
<frozen importlib._bootstrap>:241: in _call_with_frames_removed
    ???
_ _ _ _ _ _ _ _ _ _ _ _ _ _ _ _ _ _ _ _ _ _ _ _ _ _ _ _ _ _ _ _ _ _ _ _ _ _ _ _ 

    """阶段 2.5.2a 路线 C:Freqtrade 策略薄适配层(execution_mode=market_open_causal)。
    
    特征:少量因果特征(收益/滚动波动率/价格相对均值/原始 OHLC 供环境用),
    全部只使用当前及过去数据;目标仓位列 &-target_position 由 RouteCModel
    顺序推理填充。
    
    阶段 2.5.2a 改造(工作包 B):
    - 订单类型改为 market(入场/退出均市场订单):成交价由回测器/交易所决定,
      回测中市场单以执行 bar 的 open 成交(backtesting.py:1039-1057 仅 limit
      分支调用 custom_entry_price;:596 exit_signal 的 close_rate=row[OPEN_IDX];
      :551-567 信号 shift(1)),与环境 market_open_causal 合同在
      simulated_slippage_bps=0 时逐笔对齐;
    - 移除 custom_entry_price / custom_exit_price / _route_c_bars 执行 K 线
      high/low 缓存(阶段 2.5.2 bar 内调价合同依赖执行 K 线最终 high/low,
      属未来信息,已废弃为 legacy_noncausal_not_for_training);
    - simulated_slippage_bps 只属于训练与离线压力环境,不得改变 live 市场订单
      价格;Freqtrade live 使用交易所真实回报价格;
    - amount_epsilon 与 RouteCModel 从同一最终配置 freqai.route_c.amount_epsilon
      读取(工作包 E),所有执行状态读取都通过 route_c_amount_epsilon 传参。
    
    保留(阶段 2.5.2 工作包 B):
    - live 只处理最新一行(signal_convert.latest_row_signals);
    - adjust_entry_price / adjust_exit_price 官方扩展点的目标反转取消
      (None = 取消且不替换);do_predict != 1 时维持挂单。
    
    成交时机完全交给 Freqtrade 回测引擎自身的 shift(1)(open[t+1]),
    本层不加额外 shift。
    """
    
    import sys
    from pathlib import Path
    
    from pandas import DataFrame
    
>   from freqtrade.enums import RunMode
E   ModuleNotFoundError: No module named 'freqtrade'

user_data/strategies/RouteCStrategy.py:35: ModuleNotFoundError
_______________ TestC1.test_always_long_not_universal_on_a_side ________________

self = <test_curriculum261_families.TestC1 object at 0x7550519f0390>

    def test_always_long_not_universal_on_a_side(self):
        # A 侧净漂移为 0 -> always_long 只输摩擦;variant B 无漂移同理
        for rung in ("D0", "D3"):
>           rec = generate_pair("c1_opportunity", rung, 0,
                                namespace="calibration_r2")

tests/route_c_stage2_6_1/test_curriculum261_families.py:43: 
_ _ _ _ _ _ _ _ _ _ _ _ _ _ _ _ _ _ _ _ _ _ _ _ _ _ _ _ _ _ _ _ _ _ _ _ _ _ _ _ 
src/rl_curriculum/curriculum261_pairs.py:114: in generate_pair
    episodes, log = generate_pair_with_attempts(
src/rl_curriculum/curriculum261_api.py:1504: in generate_pair_with_attempts
    episodes[side] = generator.generate(
src/rl_curriculum/generator_api.py:186: in generate
    df = self._attach_features(df)
         ^^^^^^^^^^^^^^^^^^^^^^^^^
src/rl_curriculum/curriculum261_api.py:1267: in _attach_features
    return attach_production_features(df)
           ^^^^^^^^^^^^^^^^^^^^^^^^^^^^^^
src/rl_curriculum/curriculum261_production_obs.py:160: in attach_production_features
    cls = load_route_c_strategy_class()
          ^^^^^^^^^^^^^^^^^^^^^^^^^^^^^
src/rl_curriculum/curriculum261_production_obs.py:124: in load_route_c_strategy_class
    spec.loader.exec_module(module)
<frozen importlib._bootstrap_external>:940: in exec_module
    ???
<frozen importlib._bootstrap>:241: in _call_with_frames_removed
    ???
_ _ _ _ _ _ _ _ _ _ _ _ _ _ _ _ _ _ _ _ _ _ _ _ _ _ _ _ _ _ _ _ _ _ _ _ _ _ _ _ 

    """阶段 2.5.2a 路线 C:Freqtrade 策略薄适配层(execution_mode=market_open_causal)。
    
    特征:少量因果特征(收益/滚动波动率/价格相对均值/原始 OHLC 供环境用),
    全部只使用当前及过去数据;目标仓位列 &-target_position 由 RouteCModel
    顺序推理填充。
    
    阶段 2.5.2a 改造(工作包 B):
    - 订单类型改为 market(入场/退出均市场订单):成交价由回测器/交易所决定,
      回测中市场单以执行 bar 的 open 成交(backtesting.py:1039-1057 仅 limit
      分支调用 custom_entry_price;:596 exit_signal 的 close_rate=row[OPEN_IDX];
      :551-567 信号 shift(1)),与环境 market_open_causal 合同在
      simulated_slippage_bps=0 时逐笔对齐;
    - 移除 custom_entry_price / custom_exit_price / _route_c_bars 执行 K 线
      high/low 缓存(阶段 2.5.2 bar 内调价合同依赖执行 K 线最终 high/low,
      属未来信息,已废弃为 legacy_noncausal_not_for_training);
    - simulated_slippage_bps 只属于训练与离线压力环境,不得改变 live 市场订单
      价格;Freqtrade live 使用交易所真实回报价格;
    - amount_epsilon 与 RouteCModel 从同一最终配置 freqai.route_c.amount_epsilon
      读取(工作包 E),所有执行状态读取都通过 route_c_amount_epsilon 传参。
    
    保留(阶段 2.5.2 工作包 B):
    - live 只处理最新一行(signal_convert.latest_row_signals);
    - adjust_entry_price / adjust_exit_price 官方扩展点的目标反转取消
      (None = 取消且不替换);do_predict != 1 时维持挂单。
    
    成交时机完全交给 Freqtrade 回测引擎自身的 shift(1)(open[t+1]),
    本层不加额外 shift。
    """
    
    import sys
    from pathlib import Path
    
    from pandas import DataFrame
    
>   from freqtrade.enums import RunMode
E   ModuleNotFoundError: No module named 'freqtrade'

user_data/strategies/RouteCStrategy.py:35: ModuleNotFoundError
_____________ TestC1.test_reference_beats_constants_on_mini_corpus _____________

self = <test_curriculum261_families.TestC1 object at 0x7550519f0690>

    def test_reference_beats_constants_on_mini_corpus(self):
>       records = _mini_corpus("c1_opportunity")
                  ^^^^^^^^^^^^^^^^^^^^^^^^^^^^^^

tests/route_c_stage2_6_1/test_curriculum261_families.py:52: 
_ _ _ _ _ _ _ _ _ _ _ _ _ _ _ _ _ _ _ _ _ _ _ _ _ _ _ _ _ _ _ _ _ _ _ _ _ _ _ _ 
tests/route_c_stage2_6_1/test_curriculum261_families.py:24: in _mini_corpus
    return [generate_pair(family, r, i, namespace="calibration_r2")
tests/route_c_stage2_6_1/test_curriculum261_families.py:24: in <listcomp>
    return [generate_pair(family, r, i, namespace="calibration_r2")
            ^^^^^^^^^^^^^^^^^^^^^^^^^^^^^^^^^^^^^^^^^^^^^^^^^^^^^^^
src/rl_curriculum/curriculum261_pairs.py:114: in generate_pair
    episodes, log = generate_pair_with_attempts(
src/rl_curriculum/curriculum261_api.py:1504: in generate_pair_with_attempts
    episodes[side] = generator.generate(
src/rl_curriculum/generator_api.py:186: in generate
    df = self._attach_features(df)
         ^^^^^^^^^^^^^^^^^^^^^^^^^
src/rl_curriculum/curriculum261_api.py:1267: in _attach_features
    return attach_production_features(df)
           ^^^^^^^^^^^^^^^^^^^^^^^^^^^^^^
src/rl_curriculum/curriculum261_production_obs.py:160: in attach_production_features
    cls = load_route_c_strategy_class()
          ^^^^^^^^^^^^^^^^^^^^^^^^^^^^^
src/rl_curriculum/curriculum261_production_obs.py:124: in load_route_c_strategy_class
    spec.loader.exec_module(module)
<frozen importlib._bootstrap_external>:940: in exec_module
    ???
<frozen importlib._bootstrap>:241: in _call_with_frames_removed
    ???
_ _ _ _ _ _ _ _ _ _ _ _ _ _ _ _ _ _ _ _ _ _ _ _ _ _ _ _ _ _ _ _ _ _ _ _ _ _ _ _ 

    """阶段 2.5.2a 路线 C:Freqtrade 策略薄适配层(execution_mode=market_open_causal)。
    
    特征:少量因果特征(收益/滚动波动率/价格相对均值/原始 OHLC 供环境用),
    全部只使用当前及过去数据;目标仓位列 &-target_position 由 RouteCModel
    顺序推理填充。
    
    阶段 2.5.2a 改造(工作包 B):
    - 订单类型改为 market(入场/退出均市场订单):成交价由回测器/交易所决定,
      回测中市场单以执行 bar 的 open 成交(backtesting.py:1039-1057 仅 limit
      分支调用 custom_entry_price;:596 exit_signal 的 close_rate=row[OPEN_IDX];
      :551-567 信号 shift(1)),与环境 market_open_causal 合同在
      simulated_slippage_bps=0 时逐笔对齐;
    - 移除 custom_entry_price / custom_exit_price / _route_c_bars 执行 K 线
      high/low 缓存(阶段 2.5.2 bar 内调价合同依赖执行 K 线最终 high/low,
      属未来信息,已废弃为 legacy_noncausal_not_for_training);
    - simulated_slippage_bps 只属于训练与离线压力环境,不得改变 live 市场订单
      价格;Freqtrade live 使用交易所真实回报价格;
    - amount_epsilon 与 RouteCModel 从同一最终配置 freqai.route_c.amount_epsilon
      读取(工作包 E),所有执行状态读取都通过 route_c_amount_epsilon 传参。
    
    保留(阶段 2.5.2 工作包 B):
    - live 只处理最新一行(signal_convert.latest_row_signals);
    - adjust_entry_price / adjust_exit_price 官方扩展点的目标反转取消
      (None = 取消且不替换);do_predict != 1 时维持挂单。
    
    成交时机完全交给 Freqtrade 回测引擎自身的 shift(1)(open[t+1]),
    本层不加额外 shift。
    """
    
    import sys
    from pathlib import Path
    
    from pandas import DataFrame
    
>   from freqtrade.enums import RunMode
E   ModuleNotFoundError: No module named 'freqtrade'

user_data/strategies/RouteCStrategy.py:35: ModuleNotFoundError
________________ TestC2.test_local_cue_gating_structure_exists _________________

self = <test_curriculum261_families.TestC2 object at 0x7550519f0b10>

    def test_local_cue_gating_structure_exists(self):
>       rec = generate_pair("c2_context", "D2", 0, namespace="calibration_r2")
              ^^^^^^^^^^^^^^^^^^^^^^^^^^^^^^^^^^^^^^^^^^^^^^^^^^^^^^^^^^^^^^^^

tests/route_c_stage2_6_1/test_curriculum261_families.py:64: 
_ _ _ _ _ _ _ _ _ _ _ _ _ _ _ _ _ _ _ _ _ _ _ _ _ _ _ _ _ _ _ _ _ _ _ _ _ _ _ _ 
src/rl_curriculum/curriculum261_pairs.py:114: in generate_pair
    episodes, log = generate_pair_with_attempts(
src/rl_curriculum/curriculum261_api.py:1504: in generate_pair_with_attempts
    episodes[side] = generator.generate(
src/rl_curriculum/generator_api.py:186: in generate
    df = self._attach_features(df)
         ^^^^^^^^^^^^^^^^^^^^^^^^^
src/rl_curriculum/curriculum261_api.py:1267: in _attach_features
    return attach_production_features(df)
           ^^^^^^^^^^^^^^^^^^^^^^^^^^^^^^
src/rl_curriculum/curriculum261_production_obs.py:160: in attach_production_features
    cls = load_route_c_strategy_class()
          ^^^^^^^^^^^^^^^^^^^^^^^^^^^^^
src/rl_curriculum/curriculum261_production_obs.py:124: in load_route_c_strategy_class
    spec.loader.exec_module(module)
<frozen importlib._bootstrap_external>:940: in exec_module
    ???
<frozen importlib._bootstrap>:241: in _call_with_frames_removed
    ???
_ _ _ _ _ _ _ _ _ _ _ _ _ _ _ _ _ _ _ _ _ _ _ _ _ _ _ _ _ _ _ _ _ _ _ _ _ _ _ _ 

    """阶段 2.5.2a 路线 C:Freqtrade 策略薄适配层(execution_mode=market_open_causal)。
    
    特征:少量因果特征(收益/滚动波动率/价格相对均值/原始 OHLC 供环境用),
    全部只使用当前及过去数据;目标仓位列 &-target_position 由 RouteCModel
    顺序推理填充。
    
    阶段 2.5.2a 改造(工作包 B):
    - 订单类型改为 market(入场/退出均市场订单):成交价由回测器/交易所决定,
      回测中市场单以执行 bar 的 open 成交(backtesting.py:1039-1057 仅 limit
      分支调用 custom_entry_price;:596 exit_signal 的 close_rate=row[OPEN_IDX];
      :551-567 信号 shift(1)),与环境 market_open_causal 合同在
      simulated_slippage_bps=0 时逐笔对齐;
    - 移除 custom_entry_price / custom_exit_price / _route_c_bars 执行 K 线
      high/low 缓存(阶段 2.5.2 bar 内调价合同依赖执行 K 线最终 high/low,
      属未来信息,已废弃为 legacy_noncausal_not_for_training);
    - simulated_slippage_bps 只属于训练与离线压力环境,不得改变 live 市场订单
      价格;Freqtrade live 使用交易所真实回报价格;
    - amount_epsilon 与 RouteCModel 从同一最终配置 freqai.route_c.amount_epsilon
      读取(工作包 E),所有执行状态读取都通过 route_c_amount_epsilon 传参。
    
    保留(阶段 2.5.2 工作包 B):
    - live 只处理最新一行(signal_convert.latest_row_signals);
    - adjust_entry_price / adjust_exit_price 官方扩展点的目标反转取消
      (None = 取消且不替换);do_predict != 1 时维持挂单。
    
    成交时机完全交给 Freqtrade 回测引擎自身的 shift(1)(open[t+1]),
    本层不加额外 shift。
    """
    
    import sys
    from pathlib import Path
    
    from pandas import DataFrame
    
>   from freqtrade.enums import RunMode
E   ModuleNotFoundError: No module named 'freqtrade'

user_data/strategies/RouteCStrategy.py:35: ModuleNotFoundError
_______________ TestC2.test_gate_binding_swaps_between_variants ________________

self = <test_curriculum261_families.TestC2 object at 0x7550519f1090>

    def test_gate_binding_swaps_between_variants(self):
>       rec = generate_pair("c2_context", "D1", 0, namespace="calibration_r2")
              ^^^^^^^^^^^^^^^^^^^^^^^^^^^^^^^^^^^^^^^^^^^^^^^^^^^^^^^^^^^^^^^^

tests/route_c_stage2_6_1/test_curriculum261_families.py:75: 
_ _ _ _ _ _ _ _ _ _ _ _ _ _ _ _ _ _ _ _ _ _ _ _ _ _ _ _ _ _ _ _ _ _ _ _ _ _ _ _ 
src/rl_curriculum/curriculum261_pairs.py:114: in generate_pair
    episodes, log = generate_pair_with_attempts(
src/rl_curriculum/curriculum261_api.py:1504: in generate_pair_with_attempts
    episodes[side] = generator.generate(
src/rl_curriculum/generator_api.py:186: in generate
    df = self._attach_features(df)
         ^^^^^^^^^^^^^^^^^^^^^^^^^
src/rl_curriculum/curriculum261_api.py:1267: in _attach_features
    return attach_production_features(df)
           ^^^^^^^^^^^^^^^^^^^^^^^^^^^^^^
src/rl_curriculum/curriculum261_production_obs.py:160: in attach_production_features
    cls = load_route_c_strategy_class()
          ^^^^^^^^^^^^^^^^^^^^^^^^^^^^^
src/rl_curriculum/curriculum261_production_obs.py:124: in load_route_c_strategy_class
    spec.loader.exec_module(module)
<frozen importlib._bootstrap_external>:940: in exec_module
    ???
<frozen importlib._bootstrap>:241: in _call_with_frames_removed
    ???
_ _ _ _ _ _ _ _ _ _ _ _ _ _ _ _ _ _ _ _ _ _ _ _ _ _ _ _ _ _ _ _ _ _ _ _ _ _ _ _ 

    """阶段 2.5.2a 路线 C:Freqtrade 策略薄适配层(execution_mode=market_open_causal)。
    
    特征:少量因果特征(收益/滚动波动率/价格相对均值/原始 OHLC 供环境用),
    全部只使用当前及过去数据;目标仓位列 &-target_position 由 RouteCModel
    顺序推理填充。
    
    阶段 2.5.2a 改造(工作包 B):
    - 订单类型改为 market(入场/退出均市场订单):成交价由回测器/交易所决定,
      回测中市场单以执行 bar 的 open 成交(backtesting.py:1039-1057 仅 limit
      分支调用 custom_entry_price;:596 exit_signal 的 close_rate=row[OPEN_IDX];
      :551-567 信号 shift(1)),与环境 market_open_causal 合同在
      simulated_slippage_bps=0 时逐笔对齐;
    - 移除 custom_entry_price / custom_exit_price / _route_c_bars 执行 K 线
      high/low 缓存(阶段 2.5.2 bar 内调价合同依赖执行 K 线最终 high/low,
      属未来信息,已废弃为 legacy_noncausal_not_for_training);
    - simulated_slippage_bps 只属于训练与离线压力环境,不得改变 live 市场订单
      价格;Freqtrade live 使用交易所真实回报价格;
    - amount_epsilon 与 RouteCModel 从同一最终配置 freqai.route_c.amount_epsilon
      读取(工作包 E),所有执行状态读取都通过 route_c_amount_epsilon 传参。
    
    保留(阶段 2.5.2 工作包 B):
    - live 只处理最新一行(signal_convert.latest_row_signals);
    - adjust_entry_price / adjust_exit_price 官方扩展点的目标反转取消
      (None = 取消且不替换);do_predict != 1 时维持挂单。
    
    成交时机完全交给 Freqtrade 回测引擎自身的 shift(1)(open[t+1]),
    本层不加额外 shift。
    """
    
    import sys
    from pathlib import Path
    
    from pandas import DataFrame
    
>   from freqtrade.enums import RunMode
E   ModuleNotFoundError: No module named 'freqtrade'

user_data/strategies/RouteCStrategy.py:35: ModuleNotFoundError
______________________ TestC2.test_local_only_is_limited _______________________

self = <test_curriculum261_families.TestC2 object at 0x7550519f1610>

    def test_local_only_is_limited(self):
        # local-only 只看局部 cue:在两个 variant 上 E[payoff]=0,
        # 只输摩擦(聚合显著为负或接近零,绝不可能稳定为正)
>       records = _mini_corpus("c2_context", rungs=("D0", "D3"), n=3)
                  ^^^^^^^^^^^^^^^^^^^^^^^^^^^^^^^^^^^^^^^^^^^^^^^^^^^

tests/route_c_stage2_6_1/test_curriculum261_families.py:86: 
_ _ _ _ _ _ _ _ _ _ _ _ _ _ _ _ _ _ _ _ _ _ _ _ _ _ _ _ _ _ _ _ _ _ _ _ _ _ _ _ 
tests/route_c_stage2_6_1/test_curriculum261_families.py:24: in _mini_corpus
    return [generate_pair(family, r, i, namespace="calibration_r2")
tests/route_c_stage2_6_1/test_curriculum261_families.py:24: in <listcomp>
    return [generate_pair(family, r, i, namespace="calibration_r2")
            ^^^^^^^^^^^^^^^^^^^^^^^^^^^^^^^^^^^^^^^^^^^^^^^^^^^^^^^
src/rl_curriculum/curriculum261_pairs.py:114: in generate_pair
    episodes, log = generate_pair_with_attempts(
src/rl_curriculum/curriculum261_api.py:1504: in generate_pair_with_attempts
    episodes[side] = generator.generate(
src/rl_curriculum/generator_api.py:186: in generate
    df = self._attach_features(df)
         ^^^^^^^^^^^^^^^^^^^^^^^^^
src/rl_curriculum/curriculum261_api.py:1267: in _attach_features
    return attach_production_features(df)
           ^^^^^^^^^^^^^^^^^^^^^^^^^^^^^^
src/rl_curriculum/curriculum261_production_obs.py:160: in attach_production_features
    cls = load_route_c_strategy_class()
          ^^^^^^^^^^^^^^^^^^^^^^^^^^^^^
src/rl_curriculum/curriculum261_production_obs.py:124: in load_route_c_strategy_class
    spec.loader.exec_module(module)
<frozen importlib._bootstrap_external>:940: in exec_module
    ???
<frozen importlib._bootstrap>:241: in _call_with_frames_removed
    ???
_ _ _ _ _ _ _ _ _ _ _ _ _ _ _ _ _ _ _ _ _ _ _ _ _ _ _ _ _ _ _ _ _ _ _ _ _ _ _ _ 

    """阶段 2.5.2a 路线 C:Freqtrade 策略薄适配层(execution_mode=market_open_causal)。
    
    特征:少量因果特征(收益/滚动波动率/价格相对均值/原始 OHLC 供环境用),
    全部只使用当前及过去数据;目标仓位列 &-target_position 由 RouteCModel
    顺序推理填充。
    
    阶段 2.5.2a 改造(工作包 B):
    - 订单类型改为 market(入场/退出均市场订单):成交价由回测器/交易所决定,
      回测中市场单以执行 bar 的 open 成交(backtesting.py:1039-1057 仅 limit
      分支调用 custom_entry_price;:596 exit_signal 的 close_rate=row[OPEN_IDX];
      :551-567 信号 shift(1)),与环境 market_open_causal 合同在
      simulated_slippage_bps=0 时逐笔对齐;
    - 移除 custom_entry_price / custom_exit_price / _route_c_bars 执行 K 线
      high/low 缓存(阶段 2.5.2 bar 内调价合同依赖执行 K 线最终 high/low,
      属未来信息,已废弃为 legacy_noncausal_not_for_training);
    - simulated_slippage_bps 只属于训练与离线压力环境,不得改变 live 市场订单
      价格;Freqtrade live 使用交易所真实回报价格;
    - amount_epsilon 与 RouteCModel 从同一最终配置 freqai.route_c.amount_epsilon
      读取(工作包 E),所有执行状态读取都通过 route_c_amount_epsilon 传参。
    
    保留(阶段 2.5.2 工作包 B):
    - live 只处理最新一行(signal_convert.latest_row_signals);
    - adjust_entry_price / adjust_exit_price 官方扩展点的目标反转取消
      (None = 取消且不替换);do_predict != 1 时维持挂单。
    
    成交时机完全交给 Freqtrade 回测引擎自身的 shift(1)(open[t+1]),
    本层不加额外 shift。
    """
    
    import sys
    from pathlib import Path
    
    from pandas import DataFrame
    
>   from freqtrade.enums import RunMode
E   ModuleNotFoundError: No module named 'freqtrade'

user_data/strategies/RouteCStrategy.py:35: ModuleNotFoundError
_____________ TestC3.test_above_and_below_cost_signals_exist_on_a ______________

self = <test_curriculum261_families.TestC3 object at 0x7550519f23d0>

    def test_above_and_below_cost_signals_exist_on_a(self):
>       rec = generate_pair("c3_cost", "D2", 0, namespace="calibration_r2")
              ^^^^^^^^^^^^^^^^^^^^^^^^^^^^^^^^^^^^^^^^^^^^^^^^^^^^^^^^^^^^^

tests/route_c_stage2_6_1/test_curriculum261_families.py:107: 
_ _ _ _ _ _ _ _ _ _ _ _ _ _ _ _ _ _ _ _ _ _ _ _ _ _ _ _ _ _ _ _ _ _ _ _ _ _ _ _ 
src/rl_curriculum/curriculum261_pairs.py:114: in generate_pair
    episodes, log = generate_pair_with_attempts(
src/rl_curriculum/curriculum261_api.py:1504: in generate_pair_with_attempts
    episodes[side] = generator.generate(
src/rl_curriculum/generator_api.py:186: in generate
    df = self._attach_features(df)
         ^^^^^^^^^^^^^^^^^^^^^^^^^
src/rl_curriculum/curriculum261_api.py:1267: in _attach_features
    return attach_production_features(df)
           ^^^^^^^^^^^^^^^^^^^^^^^^^^^^^^
src/rl_curriculum/curriculum261_production_obs.py:160: in attach_production_features
    cls = load_route_c_strategy_class()
          ^^^^^^^^^^^^^^^^^^^^^^^^^^^^^
src/rl_curriculum/curriculum261_production_obs.py:124: in load_route_c_strategy_class
    spec.loader.exec_module(module)
<frozen importlib._bootstrap_external>:940: in exec_module
    ???
<frozen importlib._bootstrap>:241: in _call_with_frames_removed
    ???
_ _ _ _ _ _ _ _ _ _ _ _ _ _ _ _ _ _ _ _ _ _ _ _ _ _ _ _ _ _ _ _ _ _ _ _ _ _ _ _ 

    """阶段 2.5.2a 路线 C:Freqtrade 策略薄适配层(execution_mode=market_open_causal)。
    
    特征:少量因果特征(收益/滚动波动率/价格相对均值/原始 OHLC 供环境用),
    全部只使用当前及过去数据;目标仓位列 &-target_position 由 RouteCModel
    顺序推理填充。
    
    阶段 2.5.2a 改造(工作包 B):
    - 订单类型改为 market(入场/退出均市场订单):成交价由回测器/交易所决定,
      回测中市场单以执行 bar 的 open 成交(backtesting.py:1039-1057 仅 limit
      分支调用 custom_entry_price;:596 exit_signal 的 close_rate=row[OPEN_IDX];
      :551-567 信号 shift(1)),与环境 market_open_causal 合同在
      simulated_slippage_bps=0 时逐笔对齐;
    - 移除 custom_entry_price / custom_exit_price / _route_c_bars 执行 K 线
      high/low 缓存(阶段 2.5.2 bar 内调价合同依赖执行 K 线最终 high/low,
      属未来信息,已废弃为 legacy_noncausal_not_for_training);
    - simulated_slippage_bps 只属于训练与离线压力环境,不得改变 live 市场订单
      价格;Freqtrade live 使用交易所真实回报价格;
    - amount_epsilon 与 RouteCModel 从同一最终配置 freqai.route_c.amount_epsilon
      读取(工作包 E),所有执行状态读取都通过 route_c_amount_epsilon 传参。
    
    保留(阶段 2.5.2 工作包 B):
    - live 只处理最新一行(signal_convert.latest_row_signals);
    - adjust_entry_price / adjust_exit_price 官方扩展点的目标反转取消
      (None = 取消且不替换);do_predict != 1 时维持挂单。
    
    成交时机完全交给 Freqtrade 回测引擎自身的 shift(1)(open[t+1]),
    本层不加额外 shift。
    """
    
    import sys
    from pathlib import Path
    
    from pandas import DataFrame
    
>   from freqtrade.enums import RunMode
E   ModuleNotFoundError: No module named 'freqtrade'

user_data/strategies/RouteCStrategy.py:35: ModuleNotFoundError
______________ TestC3.test_b_variant_all_below_cost_and_decoupled ______________

self = <test_curriculum261_families.TestC3 object at 0x7550519f2a50>

    def test_b_variant_all_below_cost_and_decoupled(self):
>       rec = generate_pair("c3_cost", "D3", 0, namespace="calibration_r2")
              ^^^^^^^^^^^^^^^^^^^^^^^^^^^^^^^^^^^^^^^^^^^^^^^^^^^^^^^^^^^^^

tests/route_c_stage2_6_1/test_curriculum261_families.py:116: 
_ _ _ _ _ _ _ _ _ _ _ _ _ _ _ _ _ _ _ _ _ _ _ _ _ _ _ _ _ _ _ _ _ _ _ _ _ _ _ _ 
src/rl_curriculum/curriculum261_pairs.py:114: in generate_pair
    episodes, log = generate_pair_with_attempts(
src/rl_curriculum/curriculum261_api.py:1504: in generate_pair_with_attempts
    episodes[side] = generator.generate(
src/rl_curriculum/generator_api.py:186: in generate
    df = self._attach_features(df)
         ^^^^^^^^^^^^^^^^^^^^^^^^^
src/rl_curriculum/curriculum261_api.py:1267: in _attach_features
    return attach_production_features(df)
           ^^^^^^^^^^^^^^^^^^^^^^^^^^^^^^
src/rl_curriculum/curriculum261_production_obs.py:160: in attach_production_features
    cls = load_route_c_strategy_class()
          ^^^^^^^^^^^^^^^^^^^^^^^^^^^^^
src/rl_curriculum/curriculum261_production_obs.py:124: in load_route_c_strategy_class
    spec.loader.exec_module(module)
<frozen importlib._bootstrap_external>:940: in exec_module
    ???
<frozen importlib._bootstrap>:241: in _call_with_frames_removed
    ???
_ _ _ _ _ _ _ _ _ _ _ _ _ _ _ _ _ _ _ _ _ _ _ _ _ _ _ _ _ _ _ _ _ _ _ _ _ _ _ _ 

    """阶段 2.5.2a 路线 C:Freqtrade 策略薄适配层(execution_mode=market_open_causal)。
    
    特征:少量因果特征(收益/滚动波动率/价格相对均值/原始 OHLC 供环境用),
    全部只使用当前及过去数据;目标仓位列 &-target_position 由 RouteCModel
    顺序推理填充。
    
    阶段 2.5.2a 改造(工作包 B):
    - 订单类型改为 market(入场/退出均市场订单):成交价由回测器/交易所决定,
      回测中市场单以执行 bar 的 open 成交(backtesting.py:1039-1057 仅 limit
      分支调用 custom_entry_price;:596 exit_signal 的 close_rate=row[OPEN_IDX];
      :551-567 信号 shift(1)),与环境 market_open_causal 合同在
      simulated_slippage_bps=0 时逐笔对齐;
    - 移除 custom_entry_price / custom_exit_price / _route_c_bars 执行 K 线
      high/low 缓存(阶段 2.5.2 bar 内调价合同依赖执行 K 线最终 high/low,
      属未来信息,已废弃为 legacy_noncausal_not_for_training);
    - simulated_slippage_bps 只属于训练与离线压力环境,不得改变 live 市场订单
      价格;Freqtrade live 使用交易所真实回报价格;
    - amount_epsilon 与 RouteCModel 从同一最终配置 freqai.route_c.amount_epsilon
      读取(工作包 E),所有执行状态读取都通过 route_c_amount_epsilon 传参。
    
    保留(阶段 2.5.2 工作包 B):
    - live 只处理最新一行(signal_convert.latest_row_signals);
    - adjust_entry_price / adjust_exit_price 官方扩展点的目标反转取消
      (None = 取消且不替换);do_predict != 1 时维持挂单。
    
    成交时机完全交给 Freqtrade 回测引擎自身的 shift(1)(open[t+1]),
    本层不加额外 shift。
    """
    
    import sys
    from pathlib import Path
    
    from pandas import DataFrame
    
>   from freqtrade.enums import RunMode
E   ModuleNotFoundError: No module named 'freqtrade'

user_data/strategies/RouteCStrategy.py:35: ModuleNotFoundError
__________________ TestC3.test_cost_aware_beats_cost_ignorant __________________

self = <test_curriculum261_families.TestC3 object at 0x7550519f3110>

    def test_cost_aware_beats_cost_ignorant(self):
>       records = _mini_corpus("c3_cost", rungs=("D1", "D3"), n=3)
                  ^^^^^^^^^^^^^^^^^^^^^^^^^^^^^^^^^^^^^^^^^^^^^^^^

tests/route_c_stage2_6_1/test_curriculum261_families.py:122: 
_ _ _ _ _ _ _ _ _ _ _ _ _ _ _ _ _ _ _ _ _ _ _ _ _ _ _ _ _ _ _ _ _ _ _ _ _ _ _ _ 
tests/route_c_stage2_6_1/test_curriculum261_families.py:24: in _mini_corpus
    return [generate_pair(family, r, i, namespace="calibration_r2")
tests/route_c_stage2_6_1/test_curriculum261_families.py:24: in <listcomp>
    return [generate_pair(family, r, i, namespace="calibration_r2")
            ^^^^^^^^^^^^^^^^^^^^^^^^^^^^^^^^^^^^^^^^^^^^^^^^^^^^^^^
src/rl_curriculum/curriculum261_pairs.py:114: in generate_pair
    episodes, log = generate_pair_with_attempts(
src/rl_curriculum/curriculum261_api.py:1504: in generate_pair_with_attempts
    episodes[side] = generator.generate(
src/rl_curriculum/generator_api.py:186: in generate
    df = self._attach_features(df)
         ^^^^^^^^^^^^^^^^^^^^^^^^^
src/rl_curriculum/curriculum261_api.py:1267: in _attach_features
    return attach_production_features(df)
           ^^^^^^^^^^^^^^^^^^^^^^^^^^^^^^
src/rl_curriculum/curriculum261_production_obs.py:160: in attach_production_features
    cls = load_route_c_strategy_class()
          ^^^^^^^^^^^^^^^^^^^^^^^^^^^^^
src/rl_curriculum/curriculum261_production_obs.py:124: in load_route_c_strategy_class
    spec.loader.exec_module(module)
<frozen importlib._bootstrap_external>:940: in exec_module
    ???
<frozen importlib._bootstrap>:241: in _call_with_frames_removed
    ???
_ _ _ _ _ _ _ _ _ _ _ _ _ _ _ _ _ _ _ _ _ _ _ _ _ _ _ _ _ _ _ _ _ _ _ _ _ _ _ _ 

    """阶段 2.5.2a 路线 C:Freqtrade 策略薄适配层(execution_mode=market_open_causal)。
    
    特征:少量因果特征(收益/滚动波动率/价格相对均值/原始 OHLC 供环境用),
    全部只使用当前及过去数据;目标仓位列 &-target_position 由 RouteCModel
    顺序推理填充。
    
    阶段 2.5.2a 改造(工作包 B):
    - 订单类型改为 market(入场/退出均市场订单):成交价由回测器/交易所决定,
      回测中市场单以执行 bar 的 open 成交(backtesting.py:1039-1057 仅 limit
      分支调用 custom_entry_price;:596 exit_signal 的 close_rate=row[OPEN_IDX];
      :551-567 信号 shift(1)),与环境 market_open_causal 合同在
      simulated_slippage_bps=0 时逐笔对齐;
    - 移除 custom_entry_price / custom_exit_price / _route_c_bars 执行 K 线
      high/low 缓存(阶段 2.5.2 bar 内调价合同依赖执行 K 线最终 high/low,
      属未来信息,已废弃为 legacy_noncausal_not_for_training);
    - simulated_slippage_bps 只属于训练与离线压力环境,不得改变 live 市场订单
      价格;Freqtrade live 使用交易所真实回报价格;
    - amount_epsilon 与 RouteCModel 从同一最终配置 freqai.route_c.amount_epsilon
      读取(工作包 E),所有执行状态读取都通过 route_c_amount_epsilon 传参。
    
    保留(阶段 2.5.2 工作包 B):
    - live 只处理最新一行(signal_convert.latest_row_signals);
    - adjust_entry_price / adjust_exit_price 官方扩展点的目标反转取消
      (None = 取消且不替换);do_predict != 1 时维持挂单。
    
    成交时机完全交给 Freqtrade 回测引擎自身的 shift(1)(open[t+1]),
    本层不加额外 shift。
    """
    
    import sys
    from pathlib import Path
    
    from pandas import DataFrame
    
>   from freqtrade.enums import RunMode
E   ModuleNotFoundError: No module named 'freqtrade'

user_data/strategies/RouteCStrategy.py:35: ModuleNotFoundError
_______ TestAlwaysFlat.test_always_flat_is_exactly_zero[c1_opportunity] ________

self = <test_curriculum261_families.TestAlwaysFlat object at 0x7550519f80d0>
family = 'c1_opportunity'

    @pytest.mark.parametrize("family", FAMILIES_ := (
            "c1_opportunity", "c2_context", "c3_cost"))
    def test_always_flat_is_exactly_zero(self, family):
>       rec = generate_pair(family, "D1", 0, namespace="calibration_r2")
              ^^^^^^^^^^^^^^^^^^^^^^^^^^^^^^^^^^^^^^^^^^^^^^^^^^^^^^^^^^

tests/route_c_stage2_6_1/test_curriculum261_families.py:135: 
_ _ _ _ _ _ _ _ _ _ _ _ _ _ _ _ _ _ _ _ _ _ _ _ _ _ _ _ _ _ _ _ _ _ _ _ _ _ _ _ 
src/rl_curriculum/curriculum261_pairs.py:114: in generate_pair
    episodes, log = generate_pair_with_attempts(
src/rl_curriculum/curriculum261_api.py:1504: in generate_pair_with_attempts
    episodes[side] = generator.generate(
src/rl_curriculum/generator_api.py:186: in generate
    df = self._attach_features(df)
         ^^^^^^^^^^^^^^^^^^^^^^^^^
src/rl_curriculum/curriculum261_api.py:1267: in _attach_features
    return attach_production_features(df)
           ^^^^^^^^^^^^^^^^^^^^^^^^^^^^^^
src/rl_curriculum/curriculum261_production_obs.py:160: in attach_production_features
    cls = load_route_c_strategy_class()
          ^^^^^^^^^^^^^^^^^^^^^^^^^^^^^
src/rl_curriculum/curriculum261_production_obs.py:124: in load_route_c_strategy_class
    spec.loader.exec_module(module)
<frozen importlib._bootstrap_external>:940: in exec_module
    ???
<frozen importlib._bootstrap>:241: in _call_with_frames_removed
    ???
_ _ _ _ _ _ _ _ _ _ _ _ _ _ _ _ _ _ _ _ _ _ _ _ _ _ _ _ _ _ _ _ _ _ _ _ _ _ _ _ 

    """阶段 2.5.2a 路线 C:Freqtrade 策略薄适配层(execution_mode=market_open_causal)。
    
    特征:少量因果特征(收益/滚动波动率/价格相对均值/原始 OHLC 供环境用),
    全部只使用当前及过去数据;目标仓位列 &-target_position 由 RouteCModel
    顺序推理填充。
    
    阶段 2.5.2a 改造(工作包 B):
    - 订单类型改为 market(入场/退出均市场订单):成交价由回测器/交易所决定,
      回测中市场单以执行 bar 的 open 成交(backtesting.py:1039-1057 仅 limit
      分支调用 custom_entry_price;:596 exit_signal 的 close_rate=row[OPEN_IDX];
      :551-567 信号 shift(1)),与环境 market_open_causal 合同在
      simulated_slippage_bps=0 时逐笔对齐;
    - 移除 custom_entry_price / custom_exit_price / _route_c_bars 执行 K 线
      high/low 缓存(阶段 2.5.2 bar 内调价合同依赖执行 K 线最终 high/low,
      属未来信息,已废弃为 legacy_noncausal_not_for_training);
    - simulated_slippage_bps 只属于训练与离线压力环境,不得改变 live 市场订单
      价格;Freqtrade live 使用交易所真实回报价格;
    - amount_epsilon 与 RouteCModel 从同一最终配置 freqai.route_c.amount_epsilon
      读取(工作包 E),所有执行状态读取都通过 route_c_amount_epsilon 传参。
    
    保留(阶段 2.5.2 工作包 B):
    - live 只处理最新一行(signal_convert.latest_row_signals);
    - adjust_entry_price / adjust_exit_price 官方扩展点的目标反转取消
      (None = 取消且不替换);do_predict != 1 时维持挂单。
    
    成交时机完全交给 Freqtrade 回测引擎自身的 shift(1)(open[t+1]),
    本层不加额外 shift。
    """
    
    import sys
    from pathlib import Path
    
    from pandas import DataFrame
    
>   from freqtrade.enums import RunMode
E   ModuleNotFoundError: No module named 'freqtrade'

user_data/strategies/RouteCStrategy.py:35: ModuleNotFoundError
_________ TestAlwaysFlat.test_always_flat_is_exactly_zero[c2_context] __________

self = <test_curriculum261_families.TestAlwaysFlat object at 0x7550519f8310>
family = 'c2_context'

    @pytest.mark.parametrize("family", FAMILIES_ := (
            "c1_opportunity", "c2_context", "c3_cost"))
    def test_always_flat_is_exactly_zero(self, family):
>       rec = generate_pair(family, "D1", 0, namespace="calibration_r2")
              ^^^^^^^^^^^^^^^^^^^^^^^^^^^^^^^^^^^^^^^^^^^^^^^^^^^^^^^^^^

tests/route_c_stage2_6_1/test_curriculum261_families.py:135: 
_ _ _ _ _ _ _ _ _ _ _ _ _ _ _ _ _ _ _ _ _ _ _ _ _ _ _ _ _ _ _ _ _ _ _ _ _ _ _ _ 
src/rl_curriculum/curriculum261_pairs.py:114: in generate_pair
    episodes, log = generate_pair_with_attempts(
src/rl_curriculum/curriculum261_api.py:1504: in generate_pair_with_attempts
    episodes[side] = generator.generate(
src/rl_curriculum/generator_api.py:186: in generate
    df = self._attach_features(df)
         ^^^^^^^^^^^^^^^^^^^^^^^^^
src/rl_curriculum/curriculum261_api.py:1267: in _attach_features
    return attach_production_features(df)
           ^^^^^^^^^^^^^^^^^^^^^^^^^^^^^^
src/rl_curriculum/curriculum261_production_obs.py:160: in attach_production_features
    cls = load_route_c_strategy_class()
          ^^^^^^^^^^^^^^^^^^^^^^^^^^^^^
src/rl_curriculum/curriculum261_production_obs.py:124: in load_route_c_strategy_class
    spec.loader.exec_module(module)
<frozen importlib._bootstrap_external>:940: in exec_module
    ???
<frozen importlib._bootstrap>:241: in _call_with_frames_removed
    ???
_ _ _ _ _ _ _ _ _ _ _ _ _ _ _ _ _ _ _ _ _ _ _ _ _ _ _ _ _ _ _ _ _ _ _ _ _ _ _ _ 

    """阶段 2.5.2a 路线 C:Freqtrade 策略薄适配层(execution_mode=market_open_causal)。
    
    特征:少量因果特征(收益/滚动波动率/价格相对均值/原始 OHLC 供环境用),
    全部只使用当前及过去数据;目标仓位列 &-target_position 由 RouteCModel
    顺序推理填充。
    
    阶段 2.5.2a 改造(工作包 B):
    - 订单类型改为 market(入场/退出均市场订单):成交价由回测器/交易所决定,
      回测中市场单以执行 bar 的 open 成交(backtesting.py:1039-1057 仅 limit
      分支调用 custom_entry_price;:596 exit_signal 的 close_rate=row[OPEN_IDX];
      :551-567 信号 shift(1)),与环境 market_open_causal 合同在
      simulated_slippage_bps=0 时逐笔对齐;
    - 移除 custom_entry_price / custom_exit_price / _route_c_bars 执行 K 线
      high/low 缓存(阶段 2.5.2 bar 内调价合同依赖执行 K 线最终 high/low,
      属未来信息,已废弃为 legacy_noncausal_not_for_training);
    - simulated_slippage_bps 只属于训练与离线压力环境,不得改变 live 市场订单
      价格;Freqtrade live 使用交易所真实回报价格;
    - amount_epsilon 与 RouteCModel 从同一最终配置 freqai.route_c.amount_epsilon
      读取(工作包 E),所有执行状态读取都通过 route_c_amount_epsilon 传参。
    
    保留(阶段 2.5.2 工作包 B):
    - live 只处理最新一行(signal_convert.latest_row_signals);
    - adjust_entry_price / adjust_exit_price 官方扩展点的目标反转取消
      (None = 取消且不替换);do_predict != 1 时维持挂单。
    
    成交时机完全交给 Freqtrade 回测引擎自身的 shift(1)(open[t+1]),
    本层不加额外 shift。
    """
    
    import sys
    from pathlib import Path
    
    from pandas import DataFrame
    
>   from freqtrade.enums import RunMode
E   ModuleNotFoundError: No module named 'freqtrade'

user_data/strategies/RouteCStrategy.py:35: ModuleNotFoundError
___________ TestAlwaysFlat.test_always_flat_is_exactly_zero[c3_cost] ___________

self = <test_curriculum261_families.TestAlwaysFlat object at 0x7550519f8550>
family = 'c3_cost'

    @pytest.mark.parametrize("family", FAMILIES_ := (
            "c1_opportunity", "c2_context", "c3_cost"))
    def test_always_flat_is_exactly_zero(self, family):
>       rec = generate_pair(family, "D1", 0, namespace="calibration_r2")
              ^^^^^^^^^^^^^^^^^^^^^^^^^^^^^^^^^^^^^^^^^^^^^^^^^^^^^^^^^^

tests/route_c_stage2_6_1/test_curriculum261_families.py:135: 
_ _ _ _ _ _ _ _ _ _ _ _ _ _ _ _ _ _ _ _ _ _ _ _ _ _ _ _ _ _ _ _ _ _ _ _ _ _ _ _ 
src/rl_curriculum/curriculum261_pairs.py:114: in generate_pair
    episodes, log = generate_pair_with_attempts(
src/rl_curriculum/curriculum261_api.py:1504: in generate_pair_with_attempts
    episodes[side] = generator.generate(
src/rl_curriculum/generator_api.py:186: in generate
    df = self._attach_features(df)
         ^^^^^^^^^^^^^^^^^^^^^^^^^
src/rl_curriculum/curriculum261_api.py:1267: in _attach_features
    return attach_production_features(df)
           ^^^^^^^^^^^^^^^^^^^^^^^^^^^^^^
src/rl_curriculum/curriculum261_production_obs.py:160: in attach_production_features
    cls = load_route_c_strategy_class()
          ^^^^^^^^^^^^^^^^^^^^^^^^^^^^^
src/rl_curriculum/curriculum261_production_obs.py:124: in load_route_c_strategy_class
    spec.loader.exec_module(module)
<frozen importlib._bootstrap_external>:940: in exec_module
    ???
<frozen importlib._bootstrap>:241: in _call_with_frames_removed
    ???
_ _ _ _ _ _ _ _ _ _ _ _ _ _ _ _ _ _ _ _ _ _ _ _ _ _ _ _ _ _ _ _ _ _ _ _ _ _ _ _ 

    """阶段 2.5.2a 路线 C:Freqtrade 策略薄适配层(execution_mode=market_open_causal)。
    
    特征:少量因果特征(收益/滚动波动率/价格相对均值/原始 OHLC 供环境用),
    全部只使用当前及过去数据;目标仓位列 &-target_position 由 RouteCModel
    顺序推理填充。
    
    阶段 2.5.2a 改造(工作包 B):
    - 订单类型改为 market(入场/退出均市场订单):成交价由回测器/交易所决定,
      回测中市场单以执行 bar 的 open 成交(backtesting.py:1039-1057 仅 limit
      分支调用 custom_entry_price;:596 exit_signal 的 close_rate=row[OPEN_IDX];
      :551-567 信号 shift(1)),与环境 market_open_causal 合同在
      simulated_slippage_bps=0 时逐笔对齐;
    - 移除 custom_entry_price / custom_exit_price / _route_c_bars 执行 K 线
      high/low 缓存(阶段 2.5.2 bar 内调价合同依赖执行 K 线最终 high/low,
      属未来信息,已废弃为 legacy_noncausal_not_for_training);
    - simulated_slippage_bps 只属于训练与离线压力环境,不得改变 live 市场订单
      价格;Freqtrade live 使用交易所真实回报价格;
    - amount_epsilon 与 RouteCModel 从同一最终配置 freqai.route_c.amount_epsilon
      读取(工作包 E),所有执行状态读取都通过 route_c_amount_epsilon 传参。
    
    保留(阶段 2.5.2 工作包 B):
    - live 只处理最新一行(signal_convert.latest_row_signals);
    - adjust_entry_price / adjust_exit_price 官方扩展点的目标反转取消
      (None = 取消且不替换);do_predict != 1 时维持挂单。
    
    成交时机完全交给 Freqtrade 回测引擎自身的 shift(1)(open[t+1]),
    本层不加额外 shift。
    """
    
    import sys
    from pathlib import Path
    
    from pandas import DataFrame
    
>   from freqtrade.enums import RunMode
E   ModuleNotFoundError: No module named 'freqtrade'

user_data/strategies/RouteCStrategy.py:35: ModuleNotFoundError
_____ TestProductionFeaturePath.test_features_come_from_real_strategy_code _____

self = <test_curriculum261_production_obs.TestProductionFeaturePath object at 0x7550519fafd0>

    def test_features_come_from_real_strategy_code(self):
        # 与真实生产特征函数的独立重算逐位一致(执行路径证明)
>       ep = _episode()
             ^^^^^^^^^^

tests/route_c_stage2_6_1/test_curriculum261_production_obs.py:96: 
_ _ _ _ _ _ _ _ _ _ _ _ _ _ _ _ _ _ _ _ _ _ _ _ _ _ _ _ _ _ _ _ _ _ _ _ _ _ _ _ 
tests/route_c_stage2_6_1/test_curriculum261_production_obs.py:48: in _episode
    return generate_pair(family, rung, 0,
src/rl_curriculum/curriculum261_pairs.py:114: in generate_pair
    episodes, log = generate_pair_with_attempts(
src/rl_curriculum/curriculum261_api.py:1504: in generate_pair_with_attempts
    episodes[side] = generator.generate(
src/rl_curriculum/generator_api.py:186: in generate
    df = self._attach_features(df)
         ^^^^^^^^^^^^^^^^^^^^^^^^^
src/rl_curriculum/curriculum261_api.py:1267: in _attach_features
    return attach_production_features(df)
           ^^^^^^^^^^^^^^^^^^^^^^^^^^^^^^
src/rl_curriculum/curriculum261_production_obs.py:160: in attach_production_features
    cls = load_route_c_strategy_class()
          ^^^^^^^^^^^^^^^^^^^^^^^^^^^^^
src/rl_curriculum/curriculum261_production_obs.py:124: in load_route_c_strategy_class
    spec.loader.exec_module(module)
<frozen importlib._bootstrap_external>:940: in exec_module
    ???
<frozen importlib._bootstrap>:241: in _call_with_frames_removed
    ???
_ _ _ _ _ _ _ _ _ _ _ _ _ _ _ _ _ _ _ _ _ _ _ _ _ _ _ _ _ _ _ _ _ _ _ _ _ _ _ _ 

    """阶段 2.5.2a 路线 C:Freqtrade 策略薄适配层(execution_mode=market_open_causal)。
    
    特征:少量因果特征(收益/滚动波动率/价格相对均值/原始 OHLC 供环境用),
    全部只使用当前及过去数据;目标仓位列 &-target_position 由 RouteCModel
    顺序推理填充。
    
    阶段 2.5.2a 改造(工作包 B):
    - 订单类型改为 market(入场/退出均市场订单):成交价由回测器/交易所决定,
      回测中市场单以执行 bar 的 open 成交(backtesting.py:1039-1057 仅 limit
      分支调用 custom_entry_price;:596 exit_signal 的 close_rate=row[OPEN_IDX];
      :551-567 信号 shift(1)),与环境 market_open_causal 合同在
      simulated_slippage_bps=0 时逐笔对齐;
    - 移除 custom_entry_price / custom_exit_price / _route_c_bars 执行 K 线
      high/low 缓存(阶段 2.5.2 bar 内调价合同依赖执行 K 线最终 high/low,
      属未来信息,已废弃为 legacy_noncausal_not_for_training);
    - simulated_slippage_bps 只属于训练与离线压力环境,不得改变 live 市场订单
      价格;Freqtrade live 使用交易所真实回报价格;
    - amount_epsilon 与 RouteCModel 从同一最终配置 freqai.route_c.amount_epsilon
      读取(工作包 E),所有执行状态读取都通过 route_c_amount_epsilon 传参。
    
    保留(阶段 2.5.2 工作包 B):
    - live 只处理最新一行(signal_convert.latest_row_signals);
    - adjust_entry_price / adjust_exit_price 官方扩展点的目标反转取消
      (None = 取消且不替换);do_predict != 1 时维持挂单。
    
    成交时机完全交给 Freqtrade 回测引擎自身的 shift(1)(open[t+1]),
    本层不加额外 shift。
    """
    
    import sys
    from pathlib import Path
    
    from pandas import DataFrame
    
>   from freqtrade.enums import RunMode
E   ModuleNotFoundError: No module named 'freqtrade'

user_data/strategies/RouteCStrategy.py:35: ModuleNotFoundError
____ TestProductionFeaturePath.test_strategy_identity_records_source_hashes ____

self = <test_curriculum261_production_obs.TestProductionFeaturePath object at 0x7550519fb2d0>

    def test_strategy_identity_records_source_hashes(self):
>       ident = route_c_strategy_identity()
                ^^^^^^^^^^^^^^^^^^^^^^^^^^^

tests/route_c_stage2_6_1/test_curriculum261_production_obs.py:101: 
_ _ _ _ _ _ _ _ _ _ _ _ _ _ _ _ _ _ _ _ _ _ _ _ _ _ _ _ _ _ _ _ _ _ _ _ _ _ _ _ 
src/rl_curriculum/curriculum261_production_obs.py:141: in route_c_strategy_identity
    cls = load_route_c_strategy_class()
          ^^^^^^^^^^^^^^^^^^^^^^^^^^^^^
src/rl_curriculum/curriculum261_production_obs.py:124: in load_route_c_strategy_class
    spec.loader.exec_module(module)
<frozen importlib._bootstrap_external>:940: in exec_module
    ???
<frozen importlib._bootstrap>:241: in _call_with_frames_removed
    ???
_ _ _ _ _ _ _ _ _ _ _ _ _ _ _ _ _ _ _ _ _ _ _ _ _ _ _ _ _ _ _ _ _ _ _ _ _ _ _ _ 

    """阶段 2.5.2a 路线 C:Freqtrade 策略薄适配层(execution_mode=market_open_causal)。
    
    特征:少量因果特征(收益/滚动波动率/价格相对均值/原始 OHLC 供环境用),
    全部只使用当前及过去数据;目标仓位列 &-target_position 由 RouteCModel
    顺序推理填充。
    
    阶段 2.5.2a 改造(工作包 B):
    - 订单类型改为 market(入场/退出均市场订单):成交价由回测器/交易所决定,
      回测中市场单以执行 bar 的 open 成交(backtesting.py:1039-1057 仅 limit
      分支调用 custom_entry_price;:596 exit_signal 的 close_rate=row[OPEN_IDX];
      :551-567 信号 shift(1)),与环境 market_open_causal 合同在
      simulated_slippage_bps=0 时逐笔对齐;
    - 移除 custom_entry_price / custom_exit_price / _route_c_bars 执行 K 线
      high/low 缓存(阶段 2.5.2 bar 内调价合同依赖执行 K 线最终 high/low,
      属未来信息,已废弃为 legacy_noncausal_not_for_training);
    - simulated_slippage_bps 只属于训练与离线压力环境,不得改变 live 市场订单
      价格;Freqtrade live 使用交易所真实回报价格;
    - amount_epsilon 与 RouteCModel 从同一最终配置 freqai.route_c.amount_epsilon
      读取(工作包 E),所有执行状态读取都通过 route_c_amount_epsilon 传参。
    
    保留(阶段 2.5.2 工作包 B):
    - live 只处理最新一行(signal_convert.latest_row_signals);
    - adjust_entry_price / adjust_exit_price 官方扩展点的目标反转取消
      (None = 取消且不替换);do_predict != 1 时维持挂单。
    
    成交时机完全交给 Freqtrade 回测引擎自身的 shift(1)(open[t+1]),
    本层不加额外 shift。
    """
    
    import sys
    from pathlib import Path
    
    from pandas import DataFrame
    
>   from freqtrade.enums import RunMode
E   ModuleNotFoundError: No module named 'freqtrade'

user_data/strategies/RouteCStrategy.py:35: ModuleNotFoundError
_ TestProductionFeaturePath.test_all_families_bind_production_observation[c1_opportunity] _

self = <test_curriculum261_production_obs.TestProductionFeaturePath object at 0x7550519fbc10>
family = 'c1_opportunity'

    @pytest.mark.parametrize("family", ["c1_opportunity", "c2_context",
                                        "c3_cost"])
    def test_all_families_bind_production_observation(self, family):
>       ep = _episode(family)
             ^^^^^^^^^^^^^^^^

tests/route_c_stage2_6_1/test_curriculum261_production_obs.py:114: 
_ _ _ _ _ _ _ _ _ _ _ _ _ _ _ _ _ _ _ _ _ _ _ _ _ _ _ _ _ _ _ _ _ _ _ _ _ _ _ _ 
tests/route_c_stage2_6_1/test_curriculum261_production_obs.py:48: in _episode
    return generate_pair(family, rung, 0,
src/rl_curriculum/curriculum261_pairs.py:114: in generate_pair
    episodes, log = generate_pair_with_attempts(
src/rl_curriculum/curriculum261_api.py:1504: in generate_pair_with_attempts
    episodes[side] = generator.generate(
src/rl_curriculum/generator_api.py:186: in generate
    df = self._attach_features(df)
         ^^^^^^^^^^^^^^^^^^^^^^^^^
src/rl_curriculum/curriculum261_api.py:1267: in _attach_features
    return attach_production_features(df)
           ^^^^^^^^^^^^^^^^^^^^^^^^^^^^^^
src/rl_curriculum/curriculum261_production_obs.py:160: in attach_production_features
    cls = load_route_c_strategy_class()
          ^^^^^^^^^^^^^^^^^^^^^^^^^^^^^
src/rl_curriculum/curriculum261_production_obs.py:124: in load_route_c_strategy_class
    spec.loader.exec_module(module)
<frozen importlib._bootstrap_external>:940: in exec_module
    ???
<frozen importlib._bootstrap>:241: in _call_with_frames_removed
    ???
_ _ _ _ _ _ _ _ _ _ _ _ _ _ _ _ _ _ _ _ _ _ _ _ _ _ _ _ _ _ _ _ _ _ _ _ _ _ _ _ 

    """阶段 2.5.2a 路线 C:Freqtrade 策略薄适配层(execution_mode=market_open_causal)。
    
    特征:少量因果特征(收益/滚动波动率/价格相对均值/原始 OHLC 供环境用),
    全部只使用当前及过去数据;目标仓位列 &-target_position 由 RouteCModel
    顺序推理填充。
    
    阶段 2.5.2a 改造(工作包 B):
    - 订单类型改为 market(入场/退出均市场订单):成交价由回测器/交易所决定,
      回测中市场单以执行 bar 的 open 成交(backtesting.py:1039-1057 仅 limit
      分支调用 custom_entry_price;:596 exit_signal 的 close_rate=row[OPEN_IDX];
      :551-567 信号 shift(1)),与环境 market_open_causal 合同在
      simulated_slippage_bps=0 时逐笔对齐;
    - 移除 custom_entry_price / custom_exit_price / _route_c_bars 执行 K 线
      high/low 缓存(阶段 2.5.2 bar 内调价合同依赖执行 K 线最终 high/low,
      属未来信息,已废弃为 legacy_noncausal_not_for_training);
    - simulated_slippage_bps 只属于训练与离线压力环境,不得改变 live 市场订单
      价格;Freqtrade live 使用交易所真实回报价格;
    - amount_epsilon 与 RouteCModel 从同一最终配置 freqai.route_c.amount_epsilon
      读取(工作包 E),所有执行状态读取都通过 route_c_amount_epsilon 传参。
    
    保留(阶段 2.5.2 工作包 B):
    - live 只处理最新一行(signal_convert.latest_row_signals);
    - adjust_entry_price / adjust_exit_price 官方扩展点的目标反转取消
      (None = 取消且不替换);do_predict != 1 时维持挂单。
    
    成交时机完全交给 Freqtrade 回测引擎自身的 shift(1)(open[t+1]),
    本层不加额外 shift。
    """
    
    import sys
    from pathlib import Path
    
    from pandas import DataFrame
    
>   from freqtrade.enums import RunMode
E   ModuleNotFoundError: No module named 'freqtrade'

user_data/strategies/RouteCStrategy.py:35: ModuleNotFoundError
_ TestProductionFeaturePath.test_all_families_bind_production_observation[c2_context] _

self = <test_curriculum261_production_obs.TestProductionFeaturePath object at 0x7550519fbe10>
family = 'c2_context'

    @pytest.mark.parametrize("family", ["c1_opportunity", "c2_context",
                                        "c3_cost"])
    def test_all_families_bind_production_observation(self, family):
>       ep = _episode(family)
             ^^^^^^^^^^^^^^^^

tests/route_c_stage2_6_1/test_curriculum261_production_obs.py:114: 
_ _ _ _ _ _ _ _ _ _ _ _ _ _ _ _ _ _ _ _ _ _ _ _ _ _ _ _ _ _ _ _ _ _ _ _ _ _ _ _ 
tests/route_c_stage2_6_1/test_curriculum261_production_obs.py:48: in _episode
    return generate_pair(family, rung, 0,
src/rl_curriculum/curriculum261_pairs.py:114: in generate_pair
    episodes, log = generate_pair_with_attempts(
src/rl_curriculum/curriculum261_api.py:1504: in generate_pair_with_attempts
    episodes[side] = generator.generate(
src/rl_curriculum/generator_api.py:186: in generate
    df = self._attach_features(df)
         ^^^^^^^^^^^^^^^^^^^^^^^^^
src/rl_curriculum/curriculum261_api.py:1267: in _attach_features
    return attach_production_features(df)
           ^^^^^^^^^^^^^^^^^^^^^^^^^^^^^^
src/rl_curriculum/curriculum261_production_obs.py:160: in attach_production_features
    cls = load_route_c_strategy_class()
          ^^^^^^^^^^^^^^^^^^^^^^^^^^^^^
src/rl_curriculum/curriculum261_production_obs.py:124: in load_route_c_strategy_class
    spec.loader.exec_module(module)
<frozen importlib._bootstrap_external>:940: in exec_module
    ???
<frozen importlib._bootstrap>:241: in _call_with_frames_removed
    ???
_ _ _ _ _ _ _ _ _ _ _ _ _ _ _ _ _ _ _ _ _ _ _ _ _ _ _ _ _ _ _ _ _ _ _ _ _ _ _ _ 

    """阶段 2.5.2a 路线 C:Freqtrade 策略薄适配层(execution_mode=market_open_causal)。
    
    特征:少量因果特征(收益/滚动波动率/价格相对均值/原始 OHLC 供环境用),
    全部只使用当前及过去数据;目标仓位列 &-target_position 由 RouteCModel
    顺序推理填充。
    
    阶段 2.5.2a 改造(工作包 B):
    - 订单类型改为 market(入场/退出均市场订单):成交价由回测器/交易所决定,
      回测中市场单以执行 bar 的 open 成交(backtesting.py:1039-1057 仅 limit
      分支调用 custom_entry_price;:596 exit_signal 的 close_rate=row[OPEN_IDX];
      :551-567 信号 shift(1)),与环境 market_open_causal 合同在
      simulated_slippage_bps=0 时逐笔对齐;
    - 移除 custom_entry_price / custom_exit_price / _route_c_bars 执行 K 线
      high/low 缓存(阶段 2.5.2 bar 内调价合同依赖执行 K 线最终 high/low,
      属未来信息,已废弃为 legacy_noncausal_not_for_training);
    - simulated_slippage_bps 只属于训练与离线压力环境,不得改变 live 市场订单
      价格;Freqtrade live 使用交易所真实回报价格;
    - amount_epsilon 与 RouteCModel 从同一最终配置 freqai.route_c.amount_epsilon
      读取(工作包 E),所有执行状态读取都通过 route_c_amount_epsilon 传参。
    
    保留(阶段 2.5.2 工作包 B):
    - live 只处理最新一行(signal_convert.latest_row_signals);
    - adjust_entry_price / adjust_exit_price 官方扩展点的目标反转取消
      (None = 取消且不替换);do_predict != 1 时维持挂单。
    
    成交时机完全交给 Freqtrade 回测引擎自身的 shift(1)(open[t+1]),
    本层不加额外 shift。
    """
    
    import sys
    from pathlib import Path
    
    from pandas import DataFrame
    
>   from freqtrade.enums import RunMode
E   ModuleNotFoundError: No module named 'freqtrade'

user_data/strategies/RouteCStrategy.py:35: ModuleNotFoundError
_ TestProductionFeaturePath.test_all_families_bind_production_observation[c3_cost] _

self = <test_curriculum261_production_obs.TestProductionFeaturePath object at 0x755051a0c090>
family = 'c3_cost'

    @pytest.mark.parametrize("family", ["c1_opportunity", "c2_context",
                                        "c3_cost"])
    def test_all_families_bind_production_observation(self, family):
>       ep = _episode(family)
             ^^^^^^^^^^^^^^^^

tests/route_c_stage2_6_1/test_curriculum261_production_obs.py:114: 
_ _ _ _ _ _ _ _ _ _ _ _ _ _ _ _ _ _ _ _ _ _ _ _ _ _ _ _ _ _ _ _ _ _ _ _ _ _ _ _ 
tests/route_c_stage2_6_1/test_curriculum261_production_obs.py:48: in _episode
    return generate_pair(family, rung, 0,
src/rl_curriculum/curriculum261_pairs.py:114: in generate_pair
    episodes, log = generate_pair_with_attempts(
src/rl_curriculum/curriculum261_api.py:1504: in generate_pair_with_attempts
    episodes[side] = generator.generate(
src/rl_curriculum/generator_api.py:186: in generate
    df = self._attach_features(df)
         ^^^^^^^^^^^^^^^^^^^^^^^^^
src/rl_curriculum/curriculum261_api.py:1267: in _attach_features
    return attach_production_features(df)
           ^^^^^^^^^^^^^^^^^^^^^^^^^^^^^^
src/rl_curriculum/curriculum261_production_obs.py:160: in attach_production_features
    cls = load_route_c_strategy_class()
          ^^^^^^^^^^^^^^^^^^^^^^^^^^^^^
src/rl_curriculum/curriculum261_production_obs.py:124: in load_route_c_strategy_class
    spec.loader.exec_module(module)
<frozen importlib._bootstrap_external>:940: in exec_module
    ???
<frozen importlib._bootstrap>:241: in _call_with_frames_removed
    ???
_ _ _ _ _ _ _ _ _ _ _ _ _ _ _ _ _ _ _ _ _ _ _ _ _ _ _ _ _ _ _ _ _ _ _ _ _ _ _ _ 

    """阶段 2.5.2a 路线 C:Freqtrade 策略薄适配层(execution_mode=market_open_causal)。
    
    特征:少量因果特征(收益/滚动波动率/价格相对均值/原始 OHLC 供环境用),
    全部只使用当前及过去数据;目标仓位列 &-target_position 由 RouteCModel
    顺序推理填充。
    
    阶段 2.5.2a 改造(工作包 B):
    - 订单类型改为 market(入场/退出均市场订单):成交价由回测器/交易所决定,
      回测中市场单以执行 bar 的 open 成交(backtesting.py:1039-1057 仅 limit
      分支调用 custom_entry_price;:596 exit_signal 的 close_rate=row[OPEN_IDX];
      :551-567 信号 shift(1)),与环境 market_open_causal 合同在
      simulated_slippage_bps=0 时逐笔对齐;
    - 移除 custom_entry_price / custom_exit_price / _route_c_bars 执行 K 线
      high/low 缓存(阶段 2.5.2 bar 内调价合同依赖执行 K 线最终 high/low,
      属未来信息,已废弃为 legacy_noncausal_not_for_training);
    - simulated_slippage_bps 只属于训练与离线压力环境,不得改变 live 市场订单
      价格;Freqtrade live 使用交易所真实回报价格;
    - amount_epsilon 与 RouteCModel 从同一最终配置 freqai.route_c.amount_epsilon
      读取(工作包 E),所有执行状态读取都通过 route_c_amount_epsilon 传参。
    
    保留(阶段 2.5.2 工作包 B):
    - live 只处理最新一行(signal_convert.latest_row_signals);
    - adjust_entry_price / adjust_exit_price 官方扩展点的目标反转取消
      (None = 取消且不替换);do_predict != 1 时维持挂单。
    
    成交时机完全交给 Freqtrade 回测引擎自身的 shift(1)(open[t+1]),
    本层不加额外 shift。
    """
    
    import sys
    from pathlib import Path
    
    from pandas import DataFrame
    
>   from freqtrade.enums import RunMode
E   ModuleNotFoundError: No module named 'freqtrade'

user_data/strategies/RouteCStrategy.py:35: ModuleNotFoundError
_ TestProductionFeaturePath.test_feature_equivalence_check_passes[c1_opportunity] _

self = <test_curriculum261_production_obs.TestProductionFeaturePath object at 0x755051a0cf50>
family = 'c1_opportunity'

    @pytest.mark.parametrize("family", ["c1_opportunity", "c2_context",
                                        "c3_cost"])
    def test_feature_equivalence_check_passes(self, family):
>       result = check_production_feature_equivalence(
            family, "D2", 0, namespace="calibration_r2")

tests/route_c_stage2_6_1/test_curriculum261_production_obs.py:122: 
_ _ _ _ _ _ _ _ _ _ _ _ _ _ _ _ _ _ _ _ _ _ _ _ _ _ _ _ _ _ _ _ _ _ _ _ _ _ _ _ 
src/rl_curriculum/curriculum261_qualification.py:264: in check_production_feature_equivalence
    ep = spec.generator.generate(
src/rl_curriculum/generator_api.py:186: in generate
    df = self._attach_features(df)
         ^^^^^^^^^^^^^^^^^^^^^^^^^
src/rl_curriculum/curriculum261_api.py:1267: in _attach_features
    return attach_production_features(df)
           ^^^^^^^^^^^^^^^^^^^^^^^^^^^^^^
src/rl_curriculum/curriculum261_production_obs.py:160: in attach_production_features
    cls = load_route_c_strategy_class()
          ^^^^^^^^^^^^^^^^^^^^^^^^^^^^^
src/rl_curriculum/curriculum261_production_obs.py:124: in load_route_c_strategy_class
    spec.loader.exec_module(module)
<frozen importlib._bootstrap_external>:940: in exec_module
    ???
<frozen importlib._bootstrap>:241: in _call_with_frames_removed
    ???
_ _ _ _ _ _ _ _ _ _ _ _ _ _ _ _ _ _ _ _ _ _ _ _ _ _ _ _ _ _ _ _ _ _ _ _ _ _ _ _ 

    """阶段 2.5.2a 路线 C:Freqtrade 策略薄适配层(execution_mode=market_open_causal)。
    
    特征:少量因果特征(收益/滚动波动率/价格相对均值/原始 OHLC 供环境用),
    全部只使用当前及过去数据;目标仓位列 &-target_position 由 RouteCModel
    顺序推理填充。
    
    阶段 2.5.2a 改造(工作包 B):
    - 订单类型改为 market(入场/退出均市场订单):成交价由回测器/交易所决定,
      回测中市场单以执行 bar 的 open 成交(backtesting.py:1039-1057 仅 limit
      分支调用 custom_entry_price;:596 exit_signal 的 close_rate=row[OPEN_IDX];
      :551-567 信号 shift(1)),与环境 market_open_causal 合同在
      simulated_slippage_bps=0 时逐笔对齐;
    - 移除 custom_entry_price / custom_exit_price / _route_c_bars 执行 K 线
      high/low 缓存(阶段 2.5.2 bar 内调价合同依赖执行 K 线最终 high/low,
      属未来信息,已废弃为 legacy_noncausal_not_for_training);
    - simulated_slippage_bps 只属于训练与离线压力环境,不得改变 live 市场订单
      价格;Freqtrade live 使用交易所真实回报价格;
    - amount_epsilon 与 RouteCModel 从同一最终配置 freqai.route_c.amount_epsilon
      读取(工作包 E),所有执行状态读取都通过 route_c_amount_epsilon 传参。
    
    保留(阶段 2.5.2 工作包 B):
    - live 只处理最新一行(signal_convert.latest_row_signals);
    - adjust_entry_price / adjust_exit_price 官方扩展点的目标反转取消
      (None = 取消且不替换);do_predict != 1 时维持挂单。
    
    成交时机完全交给 Freqtrade 回测引擎自身的 shift(1)(open[t+1]),
    本层不加额外 shift。
    """
    
    import sys
    from pathlib import Path
    
    from pandas import DataFrame
    
>   from freqtrade.enums import RunMode
E   ModuleNotFoundError: No module named 'freqtrade'

user_data/strategies/RouteCStrategy.py:35: ModuleNotFoundError
_ TestProductionFeaturePath.test_feature_equivalence_check_passes[c2_context] __

self = <test_curriculum261_production_obs.TestProductionFeaturePath object at 0x755051a0d190>
family = 'c2_context'

    @pytest.mark.parametrize("family", ["c1_opportunity", "c2_context",
                                        "c3_cost"])
    def test_feature_equivalence_check_passes(self, family):
>       result = check_production_feature_equivalence(
            family, "D2", 0, namespace="calibration_r2")

tests/route_c_stage2_6_1/test_curriculum261_production_obs.py:122: 
_ _ _ _ _ _ _ _ _ _ _ _ _ _ _ _ _ _ _ _ _ _ _ _ _ _ _ _ _ _ _ _ _ _ _ _ _ _ _ _ 
src/rl_curriculum/curriculum261_qualification.py:264: in check_production_feature_equivalence
    ep = spec.generator.generate(
src/rl_curriculum/generator_api.py:186: in generate
    df = self._attach_features(df)
         ^^^^^^^^^^^^^^^^^^^^^^^^^
src/rl_curriculum/curriculum261_api.py:1267: in _attach_features
    return attach_production_features(df)
           ^^^^^^^^^^^^^^^^^^^^^^^^^^^^^^
src/rl_curriculum/curriculum261_production_obs.py:160: in attach_production_features
    cls = load_route_c_strategy_class()
          ^^^^^^^^^^^^^^^^^^^^^^^^^^^^^
src/rl_curriculum/curriculum261_production_obs.py:124: in load_route_c_strategy_class
    spec.loader.exec_module(module)
<frozen importlib._bootstrap_external>:940: in exec_module
    ???
<frozen importlib._bootstrap>:241: in _call_with_frames_removed
    ???
_ _ _ _ _ _ _ _ _ _ _ _ _ _ _ _ _ _ _ _ _ _ _ _ _ _ _ _ _ _ _ _ _ _ _ _ _ _ _ _ 

    """阶段 2.5.2a 路线 C:Freqtrade 策略薄适配层(execution_mode=market_open_causal)。
    
    特征:少量因果特征(收益/滚动波动率/价格相对均值/原始 OHLC 供环境用),
    全部只使用当前及过去数据;目标仓位列 &-target_position 由 RouteCModel
    顺序推理填充。
    
    阶段 2.5.2a 改造(工作包 B):
    - 订单类型改为 market(入场/退出均市场订单):成交价由回测器/交易所决定,
      回测中市场单以执行 bar 的 open 成交(backtesting.py:1039-1057 仅 limit
      分支调用 custom_entry_price;:596 exit_signal 的 close_rate=row[OPEN_IDX];
      :551-567 信号 shift(1)),与环境 market_open_causal 合同在
      simulated_slippage_bps=0 时逐笔对齐;
    - 移除 custom_entry_price / custom_exit_price / _route_c_bars 执行 K 线
      high/low 缓存(阶段 2.5.2 bar 内调价合同依赖执行 K 线最终 high/low,
      属未来信息,已废弃为 legacy_noncausal_not_for_training);
    - simulated_slippage_bps 只属于训练与离线压力环境,不得改变 live 市场订单
      价格;Freqtrade live 使用交易所真实回报价格;
    - amount_epsilon 与 RouteCModel 从同一最终配置 freqai.route_c.amount_epsilon
      读取(工作包 E),所有执行状态读取都通过 route_c_amount_epsilon 传参。
    
    保留(阶段 2.5.2 工作包 B):
    - live 只处理最新一行(signal_convert.latest_row_signals);
    - adjust_entry_price / adjust_exit_price 官方扩展点的目标反转取消
      (None = 取消且不替换);do_predict != 1 时维持挂单。
    
    成交时机完全交给 Freqtrade 回测引擎自身的 shift(1)(open[t+1]),
    本层不加额外 shift。
    """
    
    import sys
    from pathlib import Path
    
    from pandas import DataFrame
    
>   from freqtrade.enums import RunMode
E   ModuleNotFoundError: No module named 'freqtrade'

user_data/strategies/RouteCStrategy.py:35: ModuleNotFoundError
___ TestProductionFeaturePath.test_feature_equivalence_check_passes[c3_cost] ___

self = <test_curriculum261_production_obs.TestProductionFeaturePath object at 0x755051a0d3d0>
family = 'c3_cost'

    @pytest.mark.parametrize("family", ["c1_opportunity", "c2_context",
                                        "c3_cost"])
    def test_feature_equivalence_check_passes(self, family):
>       result = check_production_feature_equivalence(
            family, "D2", 0, namespace="calibration_r2")

tests/route_c_stage2_6_1/test_curriculum261_production_obs.py:122: 
_ _ _ _ _ _ _ _ _ _ _ _ _ _ _ _ _ _ _ _ _ _ _ _ _ _ _ _ _ _ _ _ _ _ _ _ _ _ _ _ 
src/rl_curriculum/curriculum261_qualification.py:264: in check_production_feature_equivalence
    ep = spec.generator.generate(
src/rl_curriculum/generator_api.py:186: in generate
    df = self._attach_features(df)
         ^^^^^^^^^^^^^^^^^^^^^^^^^
src/rl_curriculum/curriculum261_api.py:1267: in _attach_features
    return attach_production_features(df)
           ^^^^^^^^^^^^^^^^^^^^^^^^^^^^^^
src/rl_curriculum/curriculum261_production_obs.py:160: in attach_production_features
    cls = load_route_c_strategy_class()
          ^^^^^^^^^^^^^^^^^^^^^^^^^^^^^
src/rl_curriculum/curriculum261_production_obs.py:124: in load_route_c_strategy_class
    spec.loader.exec_module(module)
<frozen importlib._bootstrap_external>:940: in exec_module
    ???
<frozen importlib._bootstrap>:241: in _call_with_frames_removed
    ???
_ _ _ _ _ _ _ _ _ _ _ _ _ _ _ _ _ _ _ _ _ _ _ _ _ _ _ _ _ _ _ _ _ _ _ _ _ _ _ _ 

    """阶段 2.5.2a 路线 C:Freqtrade 策略薄适配层(execution_mode=market_open_causal)。
    
    特征:少量因果特征(收益/滚动波动率/价格相对均值/原始 OHLC 供环境用),
    全部只使用当前及过去数据;目标仓位列 &-target_position 由 RouteCModel
    顺序推理填充。
    
    阶段 2.5.2a 改造(工作包 B):
    - 订单类型改为 market(入场/退出均市场订单):成交价由回测器/交易所决定,
      回测中市场单以执行 bar 的 open 成交(backtesting.py:1039-1057 仅 limit
      分支调用 custom_entry_price;:596 exit_signal 的 close_rate=row[OPEN_IDX];
      :551-567 信号 shift(1)),与环境 market_open_causal 合同在
      simulated_slippage_bps=0 时逐笔对齐;
    - 移除 custom_entry_price / custom_exit_price / _route_c_bars 执行 K 线
      high/low 缓存(阶段 2.5.2 bar 内调价合同依赖执行 K 线最终 high/low,
      属未来信息,已废弃为 legacy_noncausal_not_for_training);
    - simulated_slippage_bps 只属于训练与离线压力环境,不得改变 live 市场订单
      价格;Freqtrade live 使用交易所真实回报价格;
    - amount_epsilon 与 RouteCModel 从同一最终配置 freqai.route_c.amount_epsilon
      读取(工作包 E),所有执行状态读取都通过 route_c_amount_epsilon 传参。
    
    保留(阶段 2.5.2 工作包 B):
    - live 只处理最新一行(signal_convert.latest_row_signals);
    - adjust_entry_price / adjust_exit_price 官方扩展点的目标反转取消
      (None = 取消且不替换);do_predict != 1 时维持挂单。
    
    成交时机完全交给 Freqtrade 回测引擎自身的 shift(1)(open[t+1]),
    本层不加额外 shift。
    """
    
    import sys
    from pathlib import Path
    
    from pandas import DataFrame
    
>   from freqtrade.enums import RunMode
E   ModuleNotFoundError: No module named 'freqtrade'

user_data/strategies/RouteCStrategy.py:35: ModuleNotFoundError
______ TestProductionFeaturePath.test_binding_fails_on_tampered_features _______

self = <test_curriculum261_production_obs.TestProductionFeaturePath object at 0x755051a0d910>

    def test_binding_fails_on_tampered_features(self):
>       ep = _episode()
             ^^^^^^^^^^

tests/route_c_stage2_6_1/test_curriculum261_production_obs.py:129: 
_ _ _ _ _ _ _ _ _ _ _ _ _ _ _ _ _ _ _ _ _ _ _ _ _ _ _ _ _ _ _ _ _ _ _ _ _ _ _ _ 
tests/route_c_stage2_6_1/test_curriculum261_production_obs.py:48: in _episode
    return generate_pair(family, rung, 0,
src/rl_curriculum/curriculum261_pairs.py:114: in generate_pair
    episodes, log = generate_pair_with_attempts(
src/rl_curriculum/curriculum261_api.py:1504: in generate_pair_with_attempts
    episodes[side] = generator.generate(
src/rl_curriculum/generator_api.py:186: in generate
    df = self._attach_features(df)
         ^^^^^^^^^^^^^^^^^^^^^^^^^
src/rl_curriculum/curriculum261_api.py:1267: in _attach_features
    return attach_production_features(df)
           ^^^^^^^^^^^^^^^^^^^^^^^^^^^^^^
src/rl_curriculum/curriculum261_production_obs.py:160: in attach_production_features
    cls = load_route_c_strategy_class()
          ^^^^^^^^^^^^^^^^^^^^^^^^^^^^^
src/rl_curriculum/curriculum261_production_obs.py:124: in load_route_c_strategy_class
    spec.loader.exec_module(module)
<frozen importlib._bootstrap_external>:940: in exec_module
    ???
<frozen importlib._bootstrap>:241: in _call_with_frames_removed
    ???
_ _ _ _ _ _ _ _ _ _ _ _ _ _ _ _ _ _ _ _ _ _ _ _ _ _ _ _ _ _ _ _ _ _ _ _ _ _ _ _ 

    """阶段 2.5.2a 路线 C:Freqtrade 策略薄适配层(execution_mode=market_open_causal)。
    
    特征:少量因果特征(收益/滚动波动率/价格相对均值/原始 OHLC 供环境用),
    全部只使用当前及过去数据;目标仓位列 &-target_position 由 RouteCModel
    顺序推理填充。
    
    阶段 2.5.2a 改造(工作包 B):
    - 订单类型改为 market(入场/退出均市场订单):成交价由回测器/交易所决定,
      回测中市场单以执行 bar 的 open 成交(backtesting.py:1039-1057 仅 limit
      分支调用 custom_entry_price;:596 exit_signal 的 close_rate=row[OPEN_IDX];
      :551-567 信号 shift(1)),与环境 market_open_causal 合同在
      simulated_slippage_bps=0 时逐笔对齐;
    - 移除 custom_entry_price / custom_exit_price / _route_c_bars 执行 K 线
      high/low 缓存(阶段 2.5.2 bar 内调价合同依赖执行 K 线最终 high/low,
      属未来信息,已废弃为 legacy_noncausal_not_for_training);
    - simulated_slippage_bps 只属于训练与离线压力环境,不得改变 live 市场订单
      价格;Freqtrade live 使用交易所真实回报价格;
    - amount_epsilon 与 RouteCModel 从同一最终配置 freqai.route_c.amount_epsilon
      读取(工作包 E),所有执行状态读取都通过 route_c_amount_epsilon 传参。
    
    保留(阶段 2.5.2 工作包 B):
    - live 只处理最新一行(signal_convert.latest_row_signals);
    - adjust_entry_price / adjust_exit_price 官方扩展点的目标反转取消
      (None = 取消且不替换);do_predict != 1 时维持挂单。
    
    成交时机完全交给 Freqtrade 回测引擎自身的 shift(1)(open[t+1]),
    本层不加额外 shift。
    """
    
    import sys
    from pathlib import Path
    
    from pandas import DataFrame
    
>   from freqtrade.enums import RunMode
E   ModuleNotFoundError: No module named 'freqtrade'

user_data/strategies/RouteCStrategy.py:35: ModuleNotFoundError
_ TestObservationFromFrozenEnv.test_reset_observation_equals_feature_row_plus_position _

self = <test_curriculum261_production_obs.TestObservationFromFrozenEnv object at 0x755051a0e010>

    def test_reset_observation_equals_feature_row_plus_position(self):
>       ep = _episode()
             ^^^^^^^^^^

tests/route_c_stage2_6_1/test_curriculum261_production_obs.py:139: 
_ _ _ _ _ _ _ _ _ _ _ _ _ _ _ _ _ _ _ _ _ _ _ _ _ _ _ _ _ _ _ _ _ _ _ _ _ _ _ _ 
tests/route_c_stage2_6_1/test_curriculum261_production_obs.py:48: in _episode
    return generate_pair(family, rung, 0,
src/rl_curriculum/curriculum261_pairs.py:114: in generate_pair
    episodes, log = generate_pair_with_attempts(
src/rl_curriculum/curriculum261_api.py:1504: in generate_pair_with_attempts
    episodes[side] = generator.generate(
src/rl_curriculum/generator_api.py:186: in generate
    df = self._attach_features(df)
         ^^^^^^^^^^^^^^^^^^^^^^^^^
src/rl_curriculum/curriculum261_api.py:1267: in _attach_features
    return attach_production_features(df)
           ^^^^^^^^^^^^^^^^^^^^^^^^^^^^^^
src/rl_curriculum/curriculum261_production_obs.py:160: in attach_production_features
    cls = load_route_c_strategy_class()
          ^^^^^^^^^^^^^^^^^^^^^^^^^^^^^
src/rl_curriculum/curriculum261_production_obs.py:124: in load_route_c_strategy_class
    spec.loader.exec_module(module)
<frozen importlib._bootstrap_external>:940: in exec_module
    ???
<frozen importlib._bootstrap>:241: in _call_with_frames_removed
    ???
_ _ _ _ _ _ _ _ _ _ _ _ _ _ _ _ _ _ _ _ _ _ _ _ _ _ _ _ _ _ _ _ _ _ _ _ _ _ _ _ 

    """阶段 2.5.2a 路线 C:Freqtrade 策略薄适配层(execution_mode=market_open_causal)。
    
    特征:少量因果特征(收益/滚动波动率/价格相对均值/原始 OHLC 供环境用),
    全部只使用当前及过去数据;目标仓位列 &-target_position 由 RouteCModel
    顺序推理填充。
    
    阶段 2.5.2a 改造(工作包 B):
    - 订单类型改为 market(入场/退出均市场订单):成交价由回测器/交易所决定,
      回测中市场单以执行 bar 的 open 成交(backtesting.py:1039-1057 仅 limit
      分支调用 custom_entry_price;:596 exit_signal 的 close_rate=row[OPEN_IDX];
      :551-567 信号 shift(1)),与环境 market_open_causal 合同在
      simulated_slippage_bps=0 时逐笔对齐;
    - 移除 custom_entry_price / custom_exit_price / _route_c_bars 执行 K 线
      high/low 缓存(阶段 2.5.2 bar 内调价合同依赖执行 K 线最终 high/low,
      属未来信息,已废弃为 legacy_noncausal_not_for_training);
    - simulated_slippage_bps 只属于训练与离线压力环境,不得改变 live 市场订单
      价格;Freqtrade live 使用交易所真实回报价格;
    - amount_epsilon 与 RouteCModel 从同一最终配置 freqai.route_c.amount_epsilon
      读取(工作包 E),所有执行状态读取都通过 route_c_amount_epsilon 传参。
    
    保留(阶段 2.5.2 工作包 B):
    - live 只处理最新一行(signal_convert.latest_row_signals);
    - adjust_entry_price / adjust_exit_price 官方扩展点的目标反转取消
      (None = 取消且不替换);do_predict != 1 时维持挂单。
    
    成交时机完全交给 Freqtrade 回测引擎自身的 shift(1)(open[t+1]),
    本层不加额外 shift。
    """
    
    import sys
    from pathlib import Path
    
    from pandas import DataFrame
    
>   from freqtrade.enums import RunMode
E   ModuleNotFoundError: No module named 'freqtrade'

user_data/strategies/RouteCStrategy.py:35: ModuleNotFoundError
_ TestObservationFromFrozenEnv.test_raw_price_features_inside_observation_box[c1_opportunity] _

self = <test_curriculum261_production_obs.TestObservationFromFrozenEnv object at 0x755051a0efd0>
family = 'c1_opportunity'

    @pytest.mark.parametrize("family", ["c1_opportunity", "c2_context",
                                        "c3_cost"])
    def test_raw_price_features_inside_observation_box(self, family):
>       ep = _episode(family)
             ^^^^^^^^^^^^^^^^

tests/route_c_stage2_6_1/test_curriculum261_production_obs.py:155: 
_ _ _ _ _ _ _ _ _ _ _ _ _ _ _ _ _ _ _ _ _ _ _ _ _ _ _ _ _ _ _ _ _ _ _ _ _ _ _ _ 
tests/route_c_stage2_6_1/test_curriculum261_production_obs.py:48: in _episode
    return generate_pair(family, rung, 0,
src/rl_curriculum/curriculum261_pairs.py:114: in generate_pair
    episodes, log = generate_pair_with_attempts(
src/rl_curriculum/curriculum261_api.py:1504: in generate_pair_with_attempts
    episodes[side] = generator.generate(
src/rl_curriculum/generator_api.py:186: in generate
    df = self._attach_features(df)
         ^^^^^^^^^^^^^^^^^^^^^^^^^
src/rl_curriculum/curriculum261_api.py:1267: in _attach_features
    return attach_production_features(df)
           ^^^^^^^^^^^^^^^^^^^^^^^^^^^^^^
src/rl_curriculum/curriculum261_production_obs.py:160: in attach_production_features
    cls = load_route_c_strategy_class()
          ^^^^^^^^^^^^^^^^^^^^^^^^^^^^^
src/rl_curriculum/curriculum261_production_obs.py:124: in load_route_c_strategy_class
    spec.loader.exec_module(module)
<frozen importlib._bootstrap_external>:940: in exec_module
    ???
<frozen importlib._bootstrap>:241: in _call_with_frames_removed
    ???
_ _ _ _ _ _ _ _ _ _ _ _ _ _ _ _ _ _ _ _ _ _ _ _ _ _ _ _ _ _ _ _ _ _ _ _ _ _ _ _ 

    """阶段 2.5.2a 路线 C:Freqtrade 策略薄适配层(execution_mode=market_open_causal)。
    
    特征:少量因果特征(收益/滚动波动率/价格相对均值/原始 OHLC 供环境用),
    全部只使用当前及过去数据;目标仓位列 &-target_position 由 RouteCModel
    顺序推理填充。
    
    阶段 2.5.2a 改造(工作包 B):
    - 订单类型改为 market(入场/退出均市场订单):成交价由回测器/交易所决定,
      回测中市场单以执行 bar 的 open 成交(backtesting.py:1039-1057 仅 limit
      分支调用 custom_entry_price;:596 exit_signal 的 close_rate=row[OPEN_IDX];
      :551-567 信号 shift(1)),与环境 market_open_causal 合同在
      simulated_slippage_bps=0 时逐笔对齐;
    - 移除 custom_entry_price / custom_exit_price / _route_c_bars 执行 K 线
      high/low 缓存(阶段 2.5.2 bar 内调价合同依赖执行 K 线最终 high/low,
      属未来信息,已废弃为 legacy_noncausal_not_for_training);
    - simulated_slippage_bps 只属于训练与离线压力环境,不得改变 live 市场订单
      价格;Freqtrade live 使用交易所真实回报价格;
    - amount_epsilon 与 RouteCModel 从同一最终配置 freqai.route_c.amount_epsilon
      读取(工作包 E),所有执行状态读取都通过 route_c_amount_epsilon 传参。
    
    保留(阶段 2.5.2 工作包 B):
    - live 只处理最新一行(signal_convert.latest_row_signals);
    - adjust_entry_price / adjust_exit_price 官方扩展点的目标反转取消
      (None = 取消且不替换);do_predict != 1 时维持挂单。
    
    成交时机完全交给 Freqtrade 回测引擎自身的 shift(1)(open[t+1]),
    本层不加额外 shift。
    """
    
    import sys
    from pathlib import Path
    
    from pandas import DataFrame
    
>   from freqtrade.enums import RunMode
E   ModuleNotFoundError: No module named 'freqtrade'

user_data/strategies/RouteCStrategy.py:35: ModuleNotFoundError
_ TestObservationFromFrozenEnv.test_raw_price_features_inside_observation_box[c2_context] _

self = <test_curriculum261_production_obs.TestObservationFromFrozenEnv object at 0x755051a0f210>
family = 'c2_context'

    @pytest.mark.parametrize("family", ["c1_opportunity", "c2_context",
                                        "c3_cost"])
    def test_raw_price_features_inside_observation_box(self, family):
>       ep = _episode(family)
             ^^^^^^^^^^^^^^^^

tests/route_c_stage2_6_1/test_curriculum261_production_obs.py:155: 
_ _ _ _ _ _ _ _ _ _ _ _ _ _ _ _ _ _ _ _ _ _ _ _ _ _ _ _ _ _ _ _ _ _ _ _ _ _ _ _ 
tests/route_c_stage2_6_1/test_curriculum261_production_obs.py:48: in _episode
    return generate_pair(family, rung, 0,
src/rl_curriculum/curriculum261_pairs.py:114: in generate_pair
    episodes, log = generate_pair_with_attempts(
src/rl_curriculum/curriculum261_api.py:1504: in generate_pair_with_attempts
    episodes[side] = generator.generate(
src/rl_curriculum/generator_api.py:186: in generate
    df = self._attach_features(df)
         ^^^^^^^^^^^^^^^^^^^^^^^^^
src/rl_curriculum/curriculum261_api.py:1267: in _attach_features
    return attach_production_features(df)
           ^^^^^^^^^^^^^^^^^^^^^^^^^^^^^^
src/rl_curriculum/curriculum261_production_obs.py:160: in attach_production_features
    cls = load_route_c_strategy_class()
          ^^^^^^^^^^^^^^^^^^^^^^^^^^^^^
src/rl_curriculum/curriculum261_production_obs.py:124: in load_route_c_strategy_class
    spec.loader.exec_module(module)
<frozen importlib._bootstrap_external>:940: in exec_module
    ???
<frozen importlib._bootstrap>:241: in _call_with_frames_removed
    ???
_ _ _ _ _ _ _ _ _ _ _ _ _ _ _ _ _ _ _ _ _ _ _ _ _ _ _ _ _ _ _ _ _ _ _ _ _ _ _ _ 

    """阶段 2.5.2a 路线 C:Freqtrade 策略薄适配层(execution_mode=market_open_causal)。
    
    特征:少量因果特征(收益/滚动波动率/价格相对均值/原始 OHLC 供环境用),
    全部只使用当前及过去数据;目标仓位列 &-target_position 由 RouteCModel
    顺序推理填充。
    
    阶段 2.5.2a 改造(工作包 B):
    - 订单类型改为 market(入场/退出均市场订单):成交价由回测器/交易所决定,
      回测中市场单以执行 bar 的 open 成交(backtesting.py:1039-1057 仅 limit
      分支调用 custom_entry_price;:596 exit_signal 的 close_rate=row[OPEN_IDX];
      :551-567 信号 shift(1)),与环境 market_open_causal 合同在
      simulated_slippage_bps=0 时逐笔对齐;
    - 移除 custom_entry_price / custom_exit_price / _route_c_bars 执行 K 线
      high/low 缓存(阶段 2.5.2 bar 内调价合同依赖执行 K 线最终 high/low,
      属未来信息,已废弃为 legacy_noncausal_not_for_training);
    - simulated_slippage_bps 只属于训练与离线压力环境,不得改变 live 市场订单
      价格;Freqtrade live 使用交易所真实回报价格;
    - amount_epsilon 与 RouteCModel 从同一最终配置 freqai.route_c.amount_epsilon
      读取(工作包 E),所有执行状态读取都通过 route_c_amount_epsilon 传参。
    
    保留(阶段 2.5.2 工作包 B):
    - live 只处理最新一行(signal_convert.latest_row_signals);
    - adjust_entry_price / adjust_exit_price 官方扩展点的目标反转取消
      (None = 取消且不替换);do_predict != 1 时维持挂单。
    
    成交时机完全交给 Freqtrade 回测引擎自身的 shift(1)(open[t+1]),
    本层不加额外 shift。
    """
    
    import sys
    from pathlib import Path
    
    from pandas import DataFrame
    
>   from freqtrade.enums import RunMode
E   ModuleNotFoundError: No module named 'freqtrade'

user_data/strategies/RouteCStrategy.py:35: ModuleNotFoundError
_ TestObservationFromFrozenEnv.test_raw_price_features_inside_observation_box[c3_cost] _

self = <test_curriculum261_production_obs.TestObservationFromFrozenEnv object at 0x755051a0f450>
family = 'c3_cost'

    @pytest.mark.parametrize("family", ["c1_opportunity", "c2_context",
                                        "c3_cost"])
    def test_raw_price_features_inside_observation_box(self, family):
>       ep = _episode(family)
             ^^^^^^^^^^^^^^^^

tests/route_c_stage2_6_1/test_curriculum261_production_obs.py:155: 
_ _ _ _ _ _ _ _ _ _ _ _ _ _ _ _ _ _ _ _ _ _ _ _ _ _ _ _ _ _ _ _ _ _ _ _ _ _ _ _ 
tests/route_c_stage2_6_1/test_curriculum261_production_obs.py:48: in _episode
    return generate_pair(family, rung, 0,
src/rl_curriculum/curriculum261_pairs.py:114: in generate_pair
    episodes, log = generate_pair_with_attempts(
src/rl_curriculum/curriculum261_api.py:1504: in generate_pair_with_attempts
    episodes[side] = generator.generate(
src/rl_curriculum/generator_api.py:186: in generate
    df = self._attach_features(df)
         ^^^^^^^^^^^^^^^^^^^^^^^^^
src/rl_curriculum/curriculum261_api.py:1267: in _attach_features
    return attach_production_features(df)
           ^^^^^^^^^^^^^^^^^^^^^^^^^^^^^^
src/rl_curriculum/curriculum261_production_obs.py:160: in attach_production_features
    cls = load_route_c_strategy_class()
          ^^^^^^^^^^^^^^^^^^^^^^^^^^^^^
src/rl_curriculum/curriculum261_production_obs.py:124: in load_route_c_strategy_class
    spec.loader.exec_module(module)
<frozen importlib._bootstrap_external>:940: in exec_module
    ???
<frozen importlib._bootstrap>:241: in _call_with_frames_removed
    ???
_ _ _ _ _ _ _ _ _ _ _ _ _ _ _ _ _ _ _ _ _ _ _ _ _ _ _ _ _ _ _ _ _ _ _ _ _ _ _ _ 

    """阶段 2.5.2a 路线 C:Freqtrade 策略薄适配层(execution_mode=market_open_causal)。
    
    特征:少量因果特征(收益/滚动波动率/价格相对均值/原始 OHLC 供环境用),
    全部只使用当前及过去数据;目标仓位列 &-target_position 由 RouteCModel
    顺序推理填充。
    
    阶段 2.5.2a 改造(工作包 B):
    - 订单类型改为 market(入场/退出均市场订单):成交价由回测器/交易所决定,
      回测中市场单以执行 bar 的 open 成交(backtesting.py:1039-1057 仅 limit
      分支调用 custom_entry_price;:596 exit_signal 的 close_rate=row[OPEN_IDX];
      :551-567 信号 shift(1)),与环境 market_open_causal 合同在
      simulated_slippage_bps=0 时逐笔对齐;
    - 移除 custom_entry_price / custom_exit_price / _route_c_bars 执行 K 线
      high/low 缓存(阶段 2.5.2 bar 内调价合同依赖执行 K 线最终 high/low,
      属未来信息,已废弃为 legacy_noncausal_not_for_training);
    - simulated_slippage_bps 只属于训练与离线压力环境,不得改变 live 市场订单
      价格;Freqtrade live 使用交易所真实回报价格;
    - amount_epsilon 与 RouteCModel 从同一最终配置 freqai.route_c.amount_epsilon
      读取(工作包 E),所有执行状态读取都通过 route_c_amount_epsilon 传参。
    
    保留(阶段 2.5.2 工作包 B):
    - live 只处理最新一行(signal_convert.latest_row_signals);
    - adjust_entry_price / adjust_exit_price 官方扩展点的目标反转取消
      (None = 取消且不替换);do_predict != 1 时维持挂单。
    
    成交时机完全交给 Freqtrade 回测引擎自身的 shift(1)(open[t+1]),
    本层不加额外 shift。
    """
    
    import sys
    from pathlib import Path
    
    from pandas import DataFrame
    
>   from freqtrade.enums import RunMode
E   ModuleNotFoundError: No module named 'freqtrade'

user_data/strategies/RouteCStrategy.py:35: ModuleNotFoundError
______________ test_audit_small_reproducible_and_writes_artifacts ______________

tmp_path = PosixPath('/tmp/pytest-of-cryptorl/pytest-0/test_audit_small_reproducible_0')
monkeypatch = <_pytest.monkeypatch.MonkeyPatch object at 0x754f989dc4d0>

    def test_audit_small_reproducible_and_writes_artifacts(
            tmp_path, monkeypatch):
        """小规模 audit(8 blocks/corpus):plumbing 完整 + 落盘 + 确定性。"""
        import rl_curriculum.curriculum261_r10_cue_contract as mod
    
        monkeypatch.setattr(mod, "AUDIT_BLOCKS_PER_CORPUS", 8)
        monkeypatch.setattr(mod, "AUDIT_N_EVENTS", 100000)
>       r1 = mod.run_cue_contract_audit(tmp_path)
             ^^^^^^^^^^^^^^^^^^^^^^^^^^^^^^^^^^^^

tests/route_c_stage2_6_1/test_curriculum261_r10_cue_contract.py:120: 
_ _ _ _ _ _ _ _ _ _ _ _ _ _ _ _ _ _ _ _ _ _ _ _ _ _ _ _ _ _ _ _ _ _ _ _ _ _ _ _ 
src/rl_curriculum/curriculum261_r10_cue_contract.py:459: in run_cue_contract_audit
    episodes = generate_matched_block_once(
src/rl_curriculum/curriculum261_r6_tape.py:246: in generate_matched_block_once
    sides[side] = gen.generate(
src/rl_curriculum/generator_api.py:186: in generate
    df = self._attach_features(df)
         ^^^^^^^^^^^^^^^^^^^^^^^^^
src/rl_curriculum/curriculum261_api.py:1267: in _attach_features
    return attach_production_features(df)
           ^^^^^^^^^^^^^^^^^^^^^^^^^^^^^^
src/rl_curriculum/curriculum261_production_obs.py:160: in attach_production_features
    cls = load_route_c_strategy_class()
          ^^^^^^^^^^^^^^^^^^^^^^^^^^^^^
src/rl_curriculum/curriculum261_production_obs.py:124: in load_route_c_strategy_class
    spec.loader.exec_module(module)
<frozen importlib._bootstrap_external>:940: in exec_module
    ???
<frozen importlib._bootstrap>:241: in _call_with_frames_removed
    ???
_ _ _ _ _ _ _ _ _ _ _ _ _ _ _ _ _ _ _ _ _ _ _ _ _ _ _ _ _ _ _ _ _ _ _ _ _ _ _ _ 

    """阶段 2.5.2a 路线 C:Freqtrade 策略薄适配层(execution_mode=market_open_causal)。
    
    特征:少量因果特征(收益/滚动波动率/价格相对均值/原始 OHLC 供环境用),
    全部只使用当前及过去数据;目标仓位列 &-target_position 由 RouteCModel
    顺序推理填充。
    
    阶段 2.5.2a 改造(工作包 B):
    - 订单类型改为 market(入场/退出均市场订单):成交价由回测器/交易所决定,
      回测中市场单以执行 bar 的 open 成交(backtesting.py:1039-1057 仅 limit
      分支调用 custom_entry_price;:596 exit_signal 的 close_rate=row[OPEN_IDX];
      :551-567 信号 shift(1)),与环境 market_open_causal 合同在
      simulated_slippage_bps=0 时逐笔对齐;
    - 移除 custom_entry_price / custom_exit_price / _route_c_bars 执行 K 线
      high/low 缓存(阶段 2.5.2 bar 内调价合同依赖执行 K 线最终 high/low,
      属未来信息,已废弃为 legacy_noncausal_not_for_training);
    - simulated_slippage_bps 只属于训练与离线压力环境,不得改变 live 市场订单
      价格;Freqtrade live 使用交易所真实回报价格;
    - amount_epsilon 与 RouteCModel 从同一最终配置 freqai.route_c.amount_epsilon
      读取(工作包 E),所有执行状态读取都通过 route_c_amount_epsilon 传参。
    
    保留(阶段 2.5.2 工作包 B):
    - live 只处理最新一行(signal_convert.latest_row_signals);
    - adjust_entry_price / adjust_exit_price 官方扩展点的目标反转取消
      (None = 取消且不替换);do_predict != 1 时维持挂单。
    
    成交时机完全交给 Freqtrade 回测引擎自身的 shift(1)(open[t+1]),
    本层不加额外 shift。
    """
    
    import sys
    from pathlib import Path
    
    from pandas import DataFrame
    
>   from freqtrade.enums import RunMode
E   ModuleNotFoundError: No module named 'freqtrade'

user_data/strategies/RouteCStrategy.py:35: ModuleNotFoundError
__________________ test_semantic_gate_real_blocks_dedup_and_k __________________

tmp_path = PosixPath('/tmp/pytest-of-cryptorl/pytest-0/test_semantic_gate_real_blocks0')

    def test_semantic_gate_real_blocks_dedup_and_k(tmp_path):
>       blocks = _real_blocks(3)
                 ^^^^^^^^^^^^^^^

tests/route_c_stage2_6_1/test_curriculum261_r10_cue_eval.py:80: 
_ _ _ _ _ _ _ _ _ _ _ _ _ _ _ _ _ _ _ _ _ _ _ _ _ _ _ _ _ _ _ _ _ _ _ _ _ _ _ _ 
tests/route_c_stage2_6_1/test_curriculum261_r10_cue_eval.py:45: in _real_blocks
    return [generate_matched_block_with_attempts(
tests/route_c_stage2_6_1/test_curriculum261_r10_cue_eval.py:45: in <listcomp>
    return [generate_matched_block_with_attempts(
src/rl_curriculum/curriculum261_r6_tape.py:393: in generate_matched_block_with_attempts
    episodes = generate_matched_block_once(
src/rl_curriculum/curriculum261_r6_tape.py:246: in generate_matched_block_once
    sides[side] = gen.generate(
src/rl_curriculum/generator_api.py:186: in generate
    df = self._attach_features(df)
         ^^^^^^^^^^^^^^^^^^^^^^^^^
src/rl_curriculum/curriculum261_api.py:1267: in _attach_features
    return attach_production_features(df)
           ^^^^^^^^^^^^^^^^^^^^^^^^^^^^^^
src/rl_curriculum/curriculum261_production_obs.py:160: in attach_production_features
    cls = load_route_c_strategy_class()
          ^^^^^^^^^^^^^^^^^^^^^^^^^^^^^
src/rl_curriculum/curriculum261_production_obs.py:124: in load_route_c_strategy_class
    spec.loader.exec_module(module)
<frozen importlib._bootstrap_external>:940: in exec_module
    ???
<frozen importlib._bootstrap>:241: in _call_with_frames_removed
    ???
_ _ _ _ _ _ _ _ _ _ _ _ _ _ _ _ _ _ _ _ _ _ _ _ _ _ _ _ _ _ _ _ _ _ _ _ _ _ _ _ 

    """阶段 2.5.2a 路线 C:Freqtrade 策略薄适配层(execution_mode=market_open_causal)。
    
    特征:少量因果特征(收益/滚动波动率/价格相对均值/原始 OHLC 供环境用),
    全部只使用当前及过去数据;目标仓位列 &-target_position 由 RouteCModel
    顺序推理填充。
    
    阶段 2.5.2a 改造(工作包 B):
    - 订单类型改为 market(入场/退出均市场订单):成交价由回测器/交易所决定,
      回测中市场单以执行 bar 的 open 成交(backtesting.py:1039-1057 仅 limit
      分支调用 custom_entry_price;:596 exit_signal 的 close_rate=row[OPEN_IDX];
      :551-567 信号 shift(1)),与环境 market_open_causal 合同在
      simulated_slippage_bps=0 时逐笔对齐;
    - 移除 custom_entry_price / custom_exit_price / _route_c_bars 执行 K 线
      high/low 缓存(阶段 2.5.2 bar 内调价合同依赖执行 K 线最终 high/low,
      属未来信息,已废弃为 legacy_noncausal_not_for_training);
    - simulated_slippage_bps 只属于训练与离线压力环境,不得改变 live 市场订单
      价格;Freqtrade live 使用交易所真实回报价格;
    - amount_epsilon 与 RouteCModel 从同一最终配置 freqai.route_c.amount_epsilon
      读取(工作包 E),所有执行状态读取都通过 route_c_amount_epsilon 传参。
    
    保留(阶段 2.5.2 工作包 B):
    - live 只处理最新一行(signal_convert.latest_row_signals);
    - adjust_entry_price / adjust_exit_price 官方扩展点的目标反转取消
      (None = 取消且不替换);do_predict != 1 时维持挂单。
    
    成交时机完全交给 Freqtrade 回测引擎自身的 shift(1)(open[t+1]),
    本层不加额外 shift。
    """
    
    import sys
    from pathlib import Path
    
    from pandas import DataFrame
    
>   from freqtrade.enums import RunMode
E   ModuleNotFoundError: No module named 'freqtrade'

user_data/strategies/RouteCStrategy.py:35: ModuleNotFoundError
__________________ test_semantic_gate_min_unique_3600_binding __________________

    def test_semantic_gate_min_unique_3600_binding():
>       blocks = _real_blocks(2)
                 ^^^^^^^^^^^^^^^

tests/route_c_stage2_6_1/test_curriculum261_r10_cue_eval.py:104: 
_ _ _ _ _ _ _ _ _ _ _ _ _ _ _ _ _ _ _ _ _ _ _ _ _ _ _ _ _ _ _ _ _ _ _ _ _ _ _ _ 
tests/route_c_stage2_6_1/test_curriculum261_r10_cue_eval.py:45: in _real_blocks
    return [generate_matched_block_with_attempts(
tests/route_c_stage2_6_1/test_curriculum261_r10_cue_eval.py:45: in <listcomp>
    return [generate_matched_block_with_attempts(
src/rl_curriculum/curriculum261_r6_tape.py:393: in generate_matched_block_with_attempts
    episodes = generate_matched_block_once(
src/rl_curriculum/curriculum261_r6_tape.py:246: in generate_matched_block_once
    sides[side] = gen.generate(
src/rl_curriculum/generator_api.py:186: in generate
    df = self._attach_features(df)
         ^^^^^^^^^^^^^^^^^^^^^^^^^
src/rl_curriculum/curriculum261_api.py:1267: in _attach_features
    return attach_production_features(df)
           ^^^^^^^^^^^^^^^^^^^^^^^^^^^^^^
src/rl_curriculum/curriculum261_production_obs.py:160: in attach_production_features
    cls = load_route_c_strategy_class()
          ^^^^^^^^^^^^^^^^^^^^^^^^^^^^^
src/rl_curriculum/curriculum261_production_obs.py:124: in load_route_c_strategy_class
    spec.loader.exec_module(module)
<frozen importlib._bootstrap_external>:940: in exec_module
    ???
<frozen importlib._bootstrap>:241: in _call_with_frames_removed
    ???
_ _ _ _ _ _ _ _ _ _ _ _ _ _ _ _ _ _ _ _ _ _ _ _ _ _ _ _ _ _ _ _ _ _ _ _ _ _ _ _ 

    """阶段 2.5.2a 路线 C:Freqtrade 策略薄适配层(execution_mode=market_open_causal)。
    
    特征:少量因果特征(收益/滚动波动率/价格相对均值/原始 OHLC 供环境用),
    全部只使用当前及过去数据;目标仓位列 &-target_position 由 RouteCModel
    顺序推理填充。
    
    阶段 2.5.2a 改造(工作包 B):
    - 订单类型改为 market(入场/退出均市场订单):成交价由回测器/交易所决定,
      回测中市场单以执行 bar 的 open 成交(backtesting.py:1039-1057 仅 limit
      分支调用 custom_entry_price;:596 exit_signal 的 close_rate=row[OPEN_IDX];
      :551-567 信号 shift(1)),与环境 market_open_causal 合同在
      simulated_slippage_bps=0 时逐笔对齐;
    - 移除 custom_entry_price / custom_exit_price / _route_c_bars 执行 K 线
      high/low 缓存(阶段 2.5.2 bar 内调价合同依赖执行 K 线最终 high/low,
      属未来信息,已废弃为 legacy_noncausal_not_for_training);
    - simulated_slippage_bps 只属于训练与离线压力环境,不得改变 live 市场订单
      价格;Freqtrade live 使用交易所真实回报价格;
    - amount_epsilon 与 RouteCModel 从同一最终配置 freqai.route_c.amount_epsilon
      读取(工作包 E),所有执行状态读取都通过 route_c_amount_epsilon 传参。
    
    保留(阶段 2.5.2 工作包 B):
    - live 只处理最新一行(signal_convert.latest_row_signals);
    - adjust_entry_price / adjust_exit_price 官方扩展点的目标反转取消
      (None = 取消且不替换);do_predict != 1 时维持挂单。
    
    成交时机完全交给 Freqtrade 回测引擎自身的 shift(1)(open[t+1]),
    本层不加额外 shift。
    """
    
    import sys
    from pathlib import Path
    
    from pandas import DataFrame
    
>   from freqtrade.enums import RunMode
E   ModuleNotFoundError: No module named 'freqtrade'

user_data/strategies/RouteCStrategy.py:35: ModuleNotFoundError
___________________ test_semantic_gate_recall_floor_binding ____________________

    def test_semantic_gate_recall_floor_binding():
>       blocks = _real_blocks(3)
                 ^^^^^^^^^^^^^^^

tests/route_c_stage2_6_1/test_curriculum261_r10_cue_eval.py:113: 
_ _ _ _ _ _ _ _ _ _ _ _ _ _ _ _ _ _ _ _ _ _ _ _ _ _ _ _ _ _ _ _ _ _ _ _ _ _ _ _ 
tests/route_c_stage2_6_1/test_curriculum261_r10_cue_eval.py:45: in _real_blocks
    return [generate_matched_block_with_attempts(
tests/route_c_stage2_6_1/test_curriculum261_r10_cue_eval.py:45: in <listcomp>
    return [generate_matched_block_with_attempts(
src/rl_curriculum/curriculum261_r6_tape.py:393: in generate_matched_block_with_attempts
    episodes = generate_matched_block_once(
src/rl_curriculum/curriculum261_r6_tape.py:246: in generate_matched_block_once
    sides[side] = gen.generate(
src/rl_curriculum/generator_api.py:186: in generate
    df = self._attach_features(df)
         ^^^^^^^^^^^^^^^^^^^^^^^^^
src/rl_curriculum/curriculum261_api.py:1267: in _attach_features
    return attach_production_features(df)
           ^^^^^^^^^^^^^^^^^^^^^^^^^^^^^^
src/rl_curriculum/curriculum261_production_obs.py:160: in attach_production_features
    cls = load_route_c_strategy_class()
          ^^^^^^^^^^^^^^^^^^^^^^^^^^^^^
src/rl_curriculum/curriculum261_production_obs.py:124: in load_route_c_strategy_class
    spec.loader.exec_module(module)
<frozen importlib._bootstrap_external>:940: in exec_module
    ???
<frozen importlib._bootstrap>:241: in _call_with_frames_removed
    ???
_ _ _ _ _ _ _ _ _ _ _ _ _ _ _ _ _ _ _ _ _ _ _ _ _ _ _ _ _ _ _ _ _ _ _ _ _ _ _ _ 

    """阶段 2.5.2a 路线 C:Freqtrade 策略薄适配层(execution_mode=market_open_causal)。
    
    特征:少量因果特征(收益/滚动波动率/价格相对均值/原始 OHLC 供环境用),
    全部只使用当前及过去数据;目标仓位列 &-target_position 由 RouteCModel
    顺序推理填充。
    
    阶段 2.5.2a 改造(工作包 B):
    - 订单类型改为 market(入场/退出均市场订单):成交价由回测器/交易所决定,
      回测中市场单以执行 bar 的 open 成交(backtesting.py:1039-1057 仅 limit
      分支调用 custom_entry_price;:596 exit_signal 的 close_rate=row[OPEN_IDX];
      :551-567 信号 shift(1)),与环境 market_open_causal 合同在
      simulated_slippage_bps=0 时逐笔对齐;
    - 移除 custom_entry_price / custom_exit_price / _route_c_bars 执行 K 线
      high/low 缓存(阶段 2.5.2 bar 内调价合同依赖执行 K 线最终 high/low,
      属未来信息,已废弃为 legacy_noncausal_not_for_training);
    - simulated_slippage_bps 只属于训练与离线压力环境,不得改变 live 市场订单
      价格;Freqtrade live 使用交易所真实回报价格;
    - amount_epsilon 与 RouteCModel 从同一最终配置 freqai.route_c.amount_epsilon
      读取(工作包 E),所有执行状态读取都通过 route_c_amount_epsilon 传参。
    
    保留(阶段 2.5.2 工作包 B):
    - live 只处理最新一行(signal_convert.latest_row_signals);
    - adjust_entry_price / adjust_exit_price 官方扩展点的目标反转取消
      (None = 取消且不替换);do_predict != 1 时维持挂单。
    
    成交时机完全交给 Freqtrade 回测引擎自身的 shift(1)(open[t+1]),
    本层不加额外 shift。
    """
    
    import sys
    from pathlib import Path
    
    from pandas import DataFrame
    
>   from freqtrade.enums import RunMode
E   ModuleNotFoundError: No module named 'freqtrade'

user_data/strategies/RouteCStrategy.py:35: ModuleNotFoundError
___________ test_real_candidate_evaluator_full_chain_no_monkeypatch ____________

tmp_path = PosixPath('/tmp/pytest-of-cryptorl/pytest-0/test_real_candidate_evaluator_0')

    def test_real_candidate_evaluator_full_chain_no_monkeypatch(tmp_path):
        """§7/§31:不 monkeypatch 的完整 candidate 评估集成测试(plan lock
        的硬前置;R8 ImportError 的爆发路径)。"""
        from rl_curriculum.curriculum261_r10_design import (
            _evaluate_candidate_matched_r10,
        )
    
        ladder = {r: dict(p) for r, p in C2_RUNG_PARAMS.items()}
        thresholds = dict(family_specs()[FAMILY_C2].reference_defaults)
>       blocks = [generate_matched_block_with_attempts(
            ladder, namespace="preplan_candidate_eval_r10", block_index=i)
            for i in range(2)]

tests/route_c_stage2_6_1/test_curriculum261_r10_integration.py:89: 
_ _ _ _ _ _ _ _ _ _ _ _ _ _ _ _ _ _ _ _ _ _ _ _ _ _ _ _ _ _ _ _ _ _ _ _ _ _ _ _ 
tests/route_c_stage2_6_1/test_curriculum261_r10_integration.py:89: in <listcomp>
    blocks = [generate_matched_block_with_attempts(
src/rl_curriculum/curriculum261_r6_tape.py:393: in generate_matched_block_with_attempts
    episodes = generate_matched_block_once(
src/rl_curriculum/curriculum261_r6_tape.py:246: in generate_matched_block_once
    sides[side] = gen.generate(
src/rl_curriculum/generator_api.py:186: in generate
    df = self._attach_features(df)
         ^^^^^^^^^^^^^^^^^^^^^^^^^
src/rl_curriculum/curriculum261_api.py:1267: in _attach_features
    return attach_production_features(df)
           ^^^^^^^^^^^^^^^^^^^^^^^^^^^^^^
src/rl_curriculum/curriculum261_production_obs.py:160: in attach_production_features
    cls = load_route_c_strategy_class()
          ^^^^^^^^^^^^^^^^^^^^^^^^^^^^^
src/rl_curriculum/curriculum261_production_obs.py:124: in load_route_c_strategy_class
    spec.loader.exec_module(module)
<frozen importlib._bootstrap_external>:940: in exec_module
    ???
<frozen importlib._bootstrap>:241: in _call_with_frames_removed
    ???
_ _ _ _ _ _ _ _ _ _ _ _ _ _ _ _ _ _ _ _ _ _ _ _ _ _ _ _ _ _ _ _ _ _ _ _ _ _ _ _ 

    """阶段 2.5.2a 路线 C:Freqtrade 策略薄适配层(execution_mode=market_open_causal)。
    
    特征:少量因果特征(收益/滚动波动率/价格相对均值/原始 OHLC 供环境用),
    全部只使用当前及过去数据;目标仓位列 &-target_position 由 RouteCModel
    顺序推理填充。
    
    阶段 2.5.2a 改造(工作包 B):
    - 订单类型改为 market(入场/退出均市场订单):成交价由回测器/交易所决定,
      回测中市场单以执行 bar 的 open 成交(backtesting.py:1039-1057 仅 limit
      分支调用 custom_entry_price;:596 exit_signal 的 close_rate=row[OPEN_IDX];
      :551-567 信号 shift(1)),与环境 market_open_causal 合同在
      simulated_slippage_bps=0 时逐笔对齐;
    - 移除 custom_entry_price / custom_exit_price / _route_c_bars 执行 K 线
      high/low 缓存(阶段 2.5.2 bar 内调价合同依赖执行 K 线最终 high/low,
      属未来信息,已废弃为 legacy_noncausal_not_for_training);
    - simulated_slippage_bps 只属于训练与离线压力环境,不得改变 live 市场订单
      价格;Freqtrade live 使用交易所真实回报价格;
    - amount_epsilon 与 RouteCModel 从同一最终配置 freqai.route_c.amount_epsilon
      读取(工作包 E),所有执行状态读取都通过 route_c_amount_epsilon 传参。
    
    保留(阶段 2.5.2 工作包 B):
    - live 只处理最新一行(signal_convert.latest_row_signals);
    - adjust_entry_price / adjust_exit_price 官方扩展点的目标反转取消
      (None = 取消且不替换);do_predict != 1 时维持挂单。
    
    成交时机完全交给 Freqtrade 回测引擎自身的 shift(1)(open[t+1]),
    本层不加额外 shift。
    """
    
    import sys
    from pathlib import Path
    
    from pandas import DataFrame
    
>   from freqtrade.enums import RunMode
E   ModuleNotFoundError: No module named 'freqtrade'

user_data/strategies/RouteCStrategy.py:35: ModuleNotFoundError
____________________ test_preplan_evaluator_smoke_artifact _____________________

tmp_path = PosixPath('/tmp/pytest-of-cryptorl/pytest-0/test_preplan_evaluator_smoke_a0')

    def test_preplan_evaluator_smoke_artifact(tmp_path):
        """§7:candidate_evaluator_integration_smoke 真实 artifact。"""
        from rl_curriculum.curriculum261_r10_preplan import (
            run_candidate_evaluator_integration_smoke_r10,
        )
    
>       report = run_candidate_evaluator_integration_smoke_r10(
            tmp_path, n_blocks=2)

tests/route_c_stage2_6_1/test_curriculum261_r10_integration.py:116: 
_ _ _ _ _ _ _ _ _ _ _ _ _ _ _ _ _ _ _ _ _ _ _ _ _ _ _ _ _ _ _ _ _ _ _ _ _ _ _ _ 
src/rl_curriculum/curriculum261_r10_preplan.py:94: in run_candidate_evaluator_integration_smoke_r10
    blocks = [generate_matched_block_with_attempts(
src/rl_curriculum/curriculum261_r10_preplan.py:94: in <listcomp>
    blocks = [generate_matched_block_with_attempts(
src/rl_curriculum/curriculum261_r6_tape.py:393: in generate_matched_block_with_attempts
    episodes = generate_matched_block_once(
src/rl_curriculum/curriculum261_r6_tape.py:246: in generate_matched_block_once
    sides[side] = gen.generate(
src/rl_curriculum/generator_api.py:186: in generate
    df = self._attach_features(df)
         ^^^^^^^^^^^^^^^^^^^^^^^^^
src/rl_curriculum/curriculum261_api.py:1267: in _attach_features
    return attach_production_features(df)
           ^^^^^^^^^^^^^^^^^^^^^^^^^^^^^^
src/rl_curriculum/curriculum261_production_obs.py:160: in attach_production_features
    cls = load_route_c_strategy_class()
          ^^^^^^^^^^^^^^^^^^^^^^^^^^^^^
src/rl_curriculum/curriculum261_production_obs.py:124: in load_route_c_strategy_class
    spec.loader.exec_module(module)
<frozen importlib._bootstrap_external>:940: in exec_module
    ???
<frozen importlib._bootstrap>:241: in _call_with_frames_removed
    ???
_ _ _ _ _ _ _ _ _ _ _ _ _ _ _ _ _ _ _ _ _ _ _ _ _ _ _ _ _ _ _ _ _ _ _ _ _ _ _ _ 

    """阶段 2.5.2a 路线 C:Freqtrade 策略薄适配层(execution_mode=market_open_causal)。
    
    特征:少量因果特征(收益/滚动波动率/价格相对均值/原始 OHLC 供环境用),
    全部只使用当前及过去数据;目标仓位列 &-target_position 由 RouteCModel
    顺序推理填充。
    
    阶段 2.5.2a 改造(工作包 B):
    - 订单类型改为 market(入场/退出均市场订单):成交价由回测器/交易所决定,
      回测中市场单以执行 bar 的 open 成交(backtesting.py:1039-1057 仅 limit
      分支调用 custom_entry_price;:596 exit_signal 的 close_rate=row[OPEN_IDX];
      :551-567 信号 shift(1)),与环境 market_open_causal 合同在
      simulated_slippage_bps=0 时逐笔对齐;
    - 移除 custom_entry_price / custom_exit_price / _route_c_bars 执行 K 线
      high/low 缓存(阶段 2.5.2 bar 内调价合同依赖执行 K 线最终 high/low,
      属未来信息,已废弃为 legacy_noncausal_not_for_training);
    - simulated_slippage_bps 只属于训练与离线压力环境,不得改变 live 市场订单
      价格;Freqtrade live 使用交易所真实回报价格;
    - amount_epsilon 与 RouteCModel 从同一最终配置 freqai.route_c.amount_epsilon
      读取(工作包 E),所有执行状态读取都通过 route_c_amount_epsilon 传参。
    
    保留(阶段 2.5.2 工作包 B):
    - live 只处理最新一行(signal_convert.latest_row_signals);
    - adjust_entry_price / adjust_exit_price 官方扩展点的目标反转取消
      (None = 取消且不替换);do_predict != 1 时维持挂单。
    
    成交时机完全交给 Freqtrade 回测引擎自身的 shift(1)(open[t+1]),
    本层不加额外 shift。
    """
    
    import sys
    from pathlib import Path
    
    from pandas import DataFrame
    
>   from freqtrade.enums import RunMode
E   ModuleNotFoundError: No module named 'freqtrade'

user_data/strategies/RouteCStrategy.py:35: ModuleNotFoundError
______________________ test_preplan_rehearsal_end_to_end _______________________

tmp_path = PosixPath('/tmp/pytest-of-cryptorl/pytest-0/test_preplan_rehearsal_end_to_0')

    def test_preplan_rehearsal_end_to_end(tmp_path):
        """§9:完整工程 rehearsal(真实 evaluator/writer/mini audit/
        marker;全部非正式 namespace)。"""
        from rl_curriculum.curriculum261_r10_preplan import (
            run_preplan_rehearsal_r10,
        )
    
>       report = run_preplan_rehearsal_r10(tmp_path)
                 ^^^^^^^^^^^^^^^^^^^^^^^^^^^^^^^^^^^

tests/route_c_stage2_6_1/test_curriculum261_r10_integration.py:331: 
_ _ _ _ _ _ _ _ _ _ _ _ _ _ _ _ _ _ _ _ _ _ _ _ _ _ _ _ _ _ _ _ _ _ _ _ _ _ _ _ 
src/rl_curriculum/curriculum261_r10_preplan.py:407: in run_preplan_rehearsal_r10
    mini_audit = run_cue_contract_audit(
src/rl_curriculum/curriculum261_r10_cue_contract.py:459: in run_cue_contract_audit
    episodes = generate_matched_block_once(
src/rl_curriculum/curriculum261_r6_tape.py:246: in generate_matched_block_once
    sides[side] = gen.generate(
src/rl_curriculum/generator_api.py:186: in generate
    df = self._attach_features(df)
         ^^^^^^^^^^^^^^^^^^^^^^^^^
src/rl_curriculum/curriculum261_api.py:1267: in _attach_features
    return attach_production_features(df)
           ^^^^^^^^^^^^^^^^^^^^^^^^^^^^^^
src/rl_curriculum/curriculum261_production_obs.py:160: in attach_production_features
    cls = load_route_c_strategy_class()
          ^^^^^^^^^^^^^^^^^^^^^^^^^^^^^
src/rl_curriculum/curriculum261_production_obs.py:124: in load_route_c_strategy_class
    spec.loader.exec_module(module)
<frozen importlib._bootstrap_external>:940: in exec_module
    ???
<frozen importlib._bootstrap>:241: in _call_with_frames_removed
    ???
_ _ _ _ _ _ _ _ _ _ _ _ _ _ _ _ _ _ _ _ _ _ _ _ _ _ _ _ _ _ _ _ _ _ _ _ _ _ _ _ 

    """阶段 2.5.2a 路线 C:Freqtrade 策略薄适配层(execution_mode=market_open_causal)。
    
    特征:少量因果特征(收益/滚动波动率/价格相对均值/原始 OHLC 供环境用),
    全部只使用当前及过去数据;目标仓位列 &-target_position 由 RouteCModel
    顺序推理填充。
    
    阶段 2.5.2a 改造(工作包 B):
    - 订单类型改为 market(入场/退出均市场订单):成交价由回测器/交易所决定,
      回测中市场单以执行 bar 的 open 成交(backtesting.py:1039-1057 仅 limit
      分支调用 custom_entry_price;:596 exit_signal 的 close_rate=row[OPEN_IDX];
      :551-567 信号 shift(1)),与环境 market_open_causal 合同在
      simulated_slippage_bps=0 时逐笔对齐;
    - 移除 custom_entry_price / custom_exit_price / _route_c_bars 执行 K 线
      high/low 缓存(阶段 2.5.2 bar 内调价合同依赖执行 K 线最终 high/low,
      属未来信息,已废弃为 legacy_noncausal_not_for_training);
    - simulated_slippage_bps 只属于训练与离线压力环境,不得改变 live 市场订单
      价格;Freqtrade live 使用交易所真实回报价格;
    - amount_epsilon 与 RouteCModel 从同一最终配置 freqai.route_c.amount_epsilon
      读取(工作包 E),所有执行状态读取都通过 route_c_amount_epsilon 传参。
    
    保留(阶段 2.5.2 工作包 B):
    - live 只处理最新一行(signal_convert.latest_row_signals);
    - adjust_entry_price / adjust_exit_price 官方扩展点的目标反转取消
      (None = 取消且不替换);do_predict != 1 时维持挂单。
    
    成交时机完全交给 Freqtrade 回测引擎自身的 shift(1)(open[t+1]),
    本层不加额外 shift。
    """
    
    import sys
    from pathlib import Path
    
    from pandas import DataFrame
    
>   from freqtrade.enums import RunMode
E   ModuleNotFoundError: No module named 'freqtrade'

user_data/strategies/RouteCStrategy.py:35: ModuleNotFoundError
______________ test_replay_block_matches_real_generator_episodes _______________

    def test_replay_block_matches_real_generator_episodes():
        """完整链路:block seed → 真实生成 → replay 反解对拍 ≤1e-12。"""
        for bi in range(2):
            block_seed = derive261_block_seed(NS, bi + 50, 0)
>           episodes = generate_matched_block_once(LADDER, block_seed, NS)
                       ^^^^^^^^^^^^^^^^^^^^^^^^^^^^^^^^^^^^^^^^^^^^^^^^^^^

tests/route_c_stage2_6_1/test_curriculum261_r10_noise_replay.py:120: 
_ _ _ _ _ _ _ _ _ _ _ _ _ _ _ _ _ _ _ _ _ _ _ _ _ _ _ _ _ _ _ _ _ _ _ _ _ _ _ _ 
src/rl_curriculum/curriculum261_r6_tape.py:246: in generate_matched_block_once
    sides[side] = gen.generate(
src/rl_curriculum/generator_api.py:186: in generate
    df = self._attach_features(df)
         ^^^^^^^^^^^^^^^^^^^^^^^^^
src/rl_curriculum/curriculum261_api.py:1267: in _attach_features
    return attach_production_features(df)
           ^^^^^^^^^^^^^^^^^^^^^^^^^^^^^^
src/rl_curriculum/curriculum261_production_obs.py:160: in attach_production_features
    cls = load_route_c_strategy_class()
          ^^^^^^^^^^^^^^^^^^^^^^^^^^^^^
src/rl_curriculum/curriculum261_production_obs.py:124: in load_route_c_strategy_class
    spec.loader.exec_module(module)
<frozen importlib._bootstrap_external>:940: in exec_module
    ???
<frozen importlib._bootstrap>:241: in _call_with_frames_removed
    ???
_ _ _ _ _ _ _ _ _ _ _ _ _ _ _ _ _ _ _ _ _ _ _ _ _ _ _ _ _ _ _ _ _ _ _ _ _ _ _ _ 

    """阶段 2.5.2a 路线 C:Freqtrade 策略薄适配层(execution_mode=market_open_causal)。
    
    特征:少量因果特征(收益/滚动波动率/价格相对均值/原始 OHLC 供环境用),
    全部只使用当前及过去数据;目标仓位列 &-target_position 由 RouteCModel
    顺序推理填充。
    
    阶段 2.5.2a 改造(工作包 B):
    - 订单类型改为 market(入场/退出均市场订单):成交价由回测器/交易所决定,
      回测中市场单以执行 bar 的 open 成交(backtesting.py:1039-1057 仅 limit
      分支调用 custom_entry_price;:596 exit_signal 的 close_rate=row[OPEN_IDX];
      :551-567 信号 shift(1)),与环境 market_open_causal 合同在
      simulated_slippage_bps=0 时逐笔对齐;
    - 移除 custom_entry_price / custom_exit_price / _route_c_bars 执行 K 线
      high/low 缓存(阶段 2.5.2 bar 内调价合同依赖执行 K 线最终 high/low,
      属未来信息,已废弃为 legacy_noncausal_not_for_training);
    - simulated_slippage_bps 只属于训练与离线压力环境,不得改变 live 市场订单
      价格;Freqtrade live 使用交易所真实回报价格;
    - amount_epsilon 与 RouteCModel 从同一最终配置 freqai.route_c.amount_epsilon
      读取(工作包 E),所有执行状态读取都通过 route_c_amount_epsilon 传参。
    
    保留(阶段 2.5.2 工作包 B):
    - live 只处理最新一行(signal_convert.latest_row_signals);
    - adjust_entry_price / adjust_exit_price 官方扩展点的目标反转取消
      (None = 取消且不替换);do_predict != 1 时维持挂单。
    
    成交时机完全交给 Freqtrade 回测引擎自身的 shift(1)(open[t+1]),
    本层不加额外 shift。
    """
    
    import sys
    from pathlib import Path
    
    from pandas import DataFrame
    
>   from freqtrade.enums import RunMode
E   ModuleNotFoundError: No module named 'freqtrade'

user_data/strategies/RouteCStrategy.py:35: ModuleNotFoundError
_______________ test_cue_event_trace_k_and_bounds_on_real_blocks _______________

    def test_cue_event_trace_k_and_bounds_on_real_blocks():
        """per-event K 提取 + 修正边界逐事件成立 + aggregate 复算。"""
        events = []
        for bi in range(3):
            block_seed = derive261_block_seed(NS, bi + 60, 0)
>           episodes = generate_matched_block_once(LADDER, block_seed, NS)
                       ^^^^^^^^^^^^^^^^^^^^^^^^^^^^^^^^^^^^^^^^^^^^^^^^^^^

tests/route_c_stage2_6_1/test_curriculum261_r10_noise_replay.py:136: 
_ _ _ _ _ _ _ _ _ _ _ _ _ _ _ _ _ _ _ _ _ _ _ _ _ _ _ _ _ _ _ _ _ _ _ _ _ _ _ _ 
src/rl_curriculum/curriculum261_r6_tape.py:246: in generate_matched_block_once
    sides[side] = gen.generate(
src/rl_curriculum/generator_api.py:186: in generate
    df = self._attach_features(df)
         ^^^^^^^^^^^^^^^^^^^^^^^^^
src/rl_curriculum/curriculum261_api.py:1267: in _attach_features
    return attach_production_features(df)
           ^^^^^^^^^^^^^^^^^^^^^^^^^^^^^^
src/rl_curriculum/curriculum261_production_obs.py:160: in attach_production_features
    cls = load_route_c_strategy_class()
          ^^^^^^^^^^^^^^^^^^^^^^^^^^^^^
src/rl_curriculum/curriculum261_production_obs.py:124: in load_route_c_strategy_class
    spec.loader.exec_module(module)
<frozen importlib._bootstrap_external>:940: in exec_module
    ???
<frozen importlib._bootstrap>:241: in _call_with_frames_removed
    ???
_ _ _ _ _ _ _ _ _ _ _ _ _ _ _ _ _ _ _ _ _ _ _ _ _ _ _ _ _ _ _ _ _ _ _ _ _ _ _ _ 

    """阶段 2.5.2a 路线 C:Freqtrade 策略薄适配层(execution_mode=market_open_causal)。
    
    特征:少量因果特征(收益/滚动波动率/价格相对均值/原始 OHLC 供环境用),
    全部只使用当前及过去数据;目标仓位列 &-target_position 由 RouteCModel
    顺序推理填充。
    
    阶段 2.5.2a 改造(工作包 B):
    - 订单类型改为 market(入场/退出均市场订单):成交价由回测器/交易所决定,
      回测中市场单以执行 bar 的 open 成交(backtesting.py:1039-1057 仅 limit
      分支调用 custom_entry_price;:596 exit_signal 的 close_rate=row[OPEN_IDX];
      :551-567 信号 shift(1)),与环境 market_open_causal 合同在
      simulated_slippage_bps=0 时逐笔对齐;
    - 移除 custom_entry_price / custom_exit_price / _route_c_bars 执行 K 线
      high/low 缓存(阶段 2.5.2 bar 内调价合同依赖执行 K 线最终 high/low,
      属未来信息,已废弃为 legacy_noncausal_not_for_training);
    - simulated_slippage_bps 只属于训练与离线压力环境,不得改变 live 市场订单
      价格;Freqtrade live 使用交易所真实回报价格;
    - amount_epsilon 与 RouteCModel 从同一最终配置 freqai.route_c.amount_epsilon
      读取(工作包 E),所有执行状态读取都通过 route_c_amount_epsilon 传参。
    
    保留(阶段 2.5.2 工作包 B):
    - live 只处理最新一行(signal_convert.latest_row_signals);
    - adjust_entry_price / adjust_exit_price 官方扩展点的目标反转取消
      (None = 取消且不替换);do_predict != 1 时维持挂单。
    
    成交时机完全交给 Freqtrade 回测引擎自身的 shift(1)(open[t+1]),
    本层不加额外 shift。
    """
    
    import sys
    from pathlib import Path
    
    from pandas import DataFrame
    
>   from freqtrade.enums import RunMode
E   ModuleNotFoundError: No module named 'freqtrade'

user_data/strategies/RouteCStrategy.py:35: ModuleNotFoundError
________________________ test_prelock_static_preflight _________________________

tmp_path = PosixPath('/tmp/pytest-of-cryptorl/pytest-0/test_prelock_static_preflight0')
monkeypatch = <_pytest.monkeypatch.MonkeyPatch object at 0x754f98b4da50>

    def test_prelock_static_preflight(tmp_path, monkeypatch):
        from rl_curriculum.curriculum261_r10_preflight import (
            run_prelock_static_preflight_r10,
        )
    
        monkeypatch.setenv("CURRICULUM261_R10_LOCK_DIR", str(tmp_path / "lock"))
>       result = run_prelock_static_preflight_r10(
            tmp_path, "52bc96f4480b1a0da6a9b455bd00b17fbb6786a5")

tests/route_c_stage2_6_1/test_curriculum261_r10_preflight.py:24: 
_ _ _ _ _ _ _ _ _ _ _ _ _ _ _ _ _ _ _ _ _ _ _ _ _ _ _ _ _ _ _ _ _ _ _ _ _ _ _ _ 
src/rl_curriculum/curriculum261_r10_preflight.py:200: in run_prelock_static_preflight_r10
    checks["code_identity"] = _code_identity_digest_r10()
                              ^^^^^^^^^^^^^^^^^^^^^^^^^^^
src/rl_curriculum/curriculum261_r10_preflight.py:84: in _code_identity_digest_r10
    ident = _code_identity_r10()
            ^^^^^^^^^^^^^^^^^^^^
src/rl_curriculum/curriculum261_r10_plan.py:101: in _code_identity_r10
    ident = route_c_strategy_identity()
            ^^^^^^^^^^^^^^^^^^^^^^^^^^^
src/rl_curriculum/curriculum261_production_obs.py:141: in route_c_strategy_identity
    cls = load_route_c_strategy_class()
          ^^^^^^^^^^^^^^^^^^^^^^^^^^^^^
src/rl_curriculum/curriculum261_production_obs.py:124: in load_route_c_strategy_class
    spec.loader.exec_module(module)
<frozen importlib._bootstrap_external>:940: in exec_module
    ???
<frozen importlib._bootstrap>:241: in _call_with_frames_removed
    ???
_ _ _ _ _ _ _ _ _ _ _ _ _ _ _ _ _ _ _ _ _ _ _ _ _ _ _ _ _ _ _ _ _ _ _ _ _ _ _ _ 

    """阶段 2.5.2a 路线 C:Freqtrade 策略薄适配层(execution_mode=market_open_causal)。
    
    特征:少量因果特征(收益/滚动波动率/价格相对均值/原始 OHLC 供环境用),
    全部只使用当前及过去数据;目标仓位列 &-target_position 由 RouteCModel
    顺序推理填充。
    
    阶段 2.5.2a 改造(工作包 B):
    - 订单类型改为 market(入场/退出均市场订单):成交价由回测器/交易所决定,
      回测中市场单以执行 bar 的 open 成交(backtesting.py:1039-1057 仅 limit
      分支调用 custom_entry_price;:596 exit_signal 的 close_rate=row[OPEN_IDX];
      :551-567 信号 shift(1)),与环境 market_open_causal 合同在
      simulated_slippage_bps=0 时逐笔对齐;
    - 移除 custom_entry_price / custom_exit_price / _route_c_bars 执行 K 线
      high/low 缓存(阶段 2.5.2 bar 内调价合同依赖执行 K 线最终 high/low,
      属未来信息,已废弃为 legacy_noncausal_not_for_training);
    - simulated_slippage_bps 只属于训练与离线压力环境,不得改变 live 市场订单
      价格;Freqtrade live 使用交易所真实回报价格;
    - amount_epsilon 与 RouteCModel 从同一最终配置 freqai.route_c.amount_epsilon
      读取(工作包 E),所有执行状态读取都通过 route_c_amount_epsilon 传参。
    
    保留(阶段 2.5.2 工作包 B):
    - live 只处理最新一行(signal_convert.latest_row_signals);
    - adjust_entry_price / adjust_exit_price 官方扩展点的目标反转取消
      (None = 取消且不替换);do_predict != 1 时维持挂单。
    
    成交时机完全交给 Freqtrade 回测引擎自身的 shift(1)(open[t+1]),
    本层不加额外 shift。
    """
    
    import sys
    from pathlib import Path
    
    from pandas import DataFrame
    
>   from freqtrade.enums import RunMode
E   ModuleNotFoundError: No module named 'freqtrade'

user_data/strategies/RouteCStrategy.py:35: ModuleNotFoundError
______________________ test_cli_plan_roundtrip_subcommand ______________________

tmp_path = PosixPath('/tmp/pytest-of-cryptorl/pytest-0/test_cli_plan_roundtrip_subcom0')
monkeypatch = <_pytest.monkeypatch.MonkeyPatch object at 0x754f988ae2d0>

    def test_cli_plan_roundtrip_subcommand(tmp_path, monkeypatch):
        """§8.3:CLI plan-roundtrip 在临时目录执行真实生产路径。"""
        import pathlib
    
        from rl_curriculum.curriculum261_r10_cli import main
    
        monkeypatch.setenv("CURRICULUM261_R10_LOCK_DIR",
                           str(tmp_path / "lock"))
        out = tmp_path / "art"
        _write_preplan_inputs(out)
>       rc = main(["plan-roundtrip", "--out-dir", str(out)])
             ^^^^^^^^^^^^^^^^^^^^^^^^^^^^^^^^^^^^^^^^^^^^^^^

tests/route_c_stage2_6_1/test_curriculum261_r10_preflight.py:100: 
_ _ _ _ _ _ _ _ _ _ _ _ _ _ _ _ _ _ _ _ _ _ _ _ _ _ _ _ _ _ _ _ _ _ _ _ _ _ _ _ 
src/rl_curriculum/curriculum261_r10_cli.py:1472: in main
    return handlers[args.cmd](args)
           ^^^^^^^^^^^^^^^^^^^^^^^^
src/rl_curriculum/curriculum261_r10_cli.py:785: in cmd_plan_roundtrip
    v2_contract_digest=preprocessing_v2_contract_digest(),
                       ^^^^^^^^^^^^^^^^^^^^^^^^^^^^^^^^^^
src/rl_curriculum/curriculum261_r4_preprocessing.py:681: in preprocessing_v2_contract_digest
    "strategy_identity": route_c_strategy_identity(),
                         ^^^^^^^^^^^^^^^^^^^^^^^^^^^
src/rl_curriculum/curriculum261_production_obs.py:141: in route_c_strategy_identity
    cls = load_route_c_strategy_class()
          ^^^^^^^^^^^^^^^^^^^^^^^^^^^^^
src/rl_curriculum/curriculum261_production_obs.py:124: in load_route_c_strategy_class
    spec.loader.exec_module(module)
<frozen importlib._bootstrap_external>:940: in exec_module
    ???
<frozen importlib._bootstrap>:241: in _call_with_frames_removed
    ???
_ _ _ _ _ _ _ _ _ _ _ _ _ _ _ _ _ _ _ _ _ _ _ _ _ _ _ _ _ _ _ _ _ _ _ _ _ _ _ _ 

    """阶段 2.5.2a 路线 C:Freqtrade 策略薄适配层(execution_mode=market_open_causal)。
    
    特征:少量因果特征(收益/滚动波动率/价格相对均值/原始 OHLC 供环境用),
    全部只使用当前及过去数据;目标仓位列 &-target_position 由 RouteCModel
    顺序推理填充。
    
    阶段 2.5.2a 改造(工作包 B):
    - 订单类型改为 market(入场/退出均市场订单):成交价由回测器/交易所决定,
      回测中市场单以执行 bar 的 open 成交(backtesting.py:1039-1057 仅 limit
      分支调用 custom_entry_price;:596 exit_signal 的 close_rate=row[OPEN_IDX];
      :551-567 信号 shift(1)),与环境 market_open_causal 合同在
      simulated_slippage_bps=0 时逐笔对齐;
    - 移除 custom_entry_price / custom_exit_price / _route_c_bars 执行 K 线
      high/low 缓存(阶段 2.5.2 bar 内调价合同依赖执行 K 线最终 high/low,
      属未来信息,已废弃为 legacy_noncausal_not_for_training);
    - simulated_slippage_bps 只属于训练与离线压力环境,不得改变 live 市场订单
      价格;Freqtrade live 使用交易所真实回报价格;
    - amount_epsilon 与 RouteCModel 从同一最终配置 freqai.route_c.amount_epsilon
      读取(工作包 E),所有执行状态读取都通过 route_c_amount_epsilon 传参。
    
    保留(阶段 2.5.2 工作包 B):
    - live 只处理最新一行(signal_convert.latest_row_signals);
    - adjust_entry_price / adjust_exit_price 官方扩展点的目标反转取消
      (None = 取消且不替换);do_predict != 1 时维持挂单。
    
    成交时机完全交给 Freqtrade 回测引擎自身的 shift(1)(open[t+1]),
    本层不加额外 shift。
    """
    
    import sys
    from pathlib import Path
    
    from pandas import DataFrame
    
>   from freqtrade.enums import RunMode
E   ModuleNotFoundError: No module named 'freqtrade'

user_data/strategies/RouteCStrategy.py:35: ModuleNotFoundError
____________ test_full_pipeline_rehearsal_end_to_end_no_monkeypatch ____________

tmp_path = PosixPath('/tmp/pytest-of-cryptorl/pytest-0/test_full_pipeline_rehearsal_e0')

    @pytest.mark.slow
    def test_full_pipeline_rehearsal_end_to_end_no_monkeypatch(tmp_path):
        from rl_curriculum.curriculum261_r10_rehearsal import (
            run_preplan_full_pipeline_rehearsal_r10,
        )
    
>       report = run_preplan_full_pipeline_rehearsal_r10(tmp_path)
                 ^^^^^^^^^^^^^^^^^^^^^^^^^^^^^^^^^^^^^^^^^^^^^^^^^

tests/route_c_stage2_6_1/test_curriculum261_r10_rehearsal.py:24: 
_ _ _ _ _ _ _ _ _ _ _ _ _ _ _ _ _ _ _ _ _ _ _ _ _ _ _ _ _ _ _ _ _ _ _ _ _ _ _ _ 
src/rl_curriculum/curriculum261_r10_rehearsal.py:104: in run_preplan_full_pipeline_rehearsal_r10
    records = generate_fit_bank_r10(fit_ns, pack, pairs_per_rung=pairs)
              ^^^^^^^^^^^^^^^^^^^^^^^^^^^^^^^^^^^^^^^^^^^^^^^^^^^^^^^^^
src/rl_curriculum/curriculum261_r10_calibration.py:79: in generate_fit_bank_r10
    return _generate_fit_bank(
src/rl_curriculum/curriculum261_r6_calibration.py:117: in generate_fit_bank_r6
    records.append(generate_pair(
src/rl_curriculum/curriculum261_pairs.py:114: in generate_pair
    episodes, log = generate_pair_with_attempts(
src/rl_curriculum/curriculum261_api.py:1504: in generate_pair_with_attempts
    episodes[side] = generator.generate(
src/rl_curriculum/generator_api.py:186: in generate
    df = self._attach_features(df)
         ^^^^^^^^^^^^^^^^^^^^^^^^^
src/rl_curriculum/curriculum261_api.py:1267: in _attach_features
    return attach_production_features(df)
           ^^^^^^^^^^^^^^^^^^^^^^^^^^^^^^
src/rl_curriculum/curriculum261_production_obs.py:160: in attach_production_features
    cls = load_route_c_strategy_class()
          ^^^^^^^^^^^^^^^^^^^^^^^^^^^^^
src/rl_curriculum/curriculum261_production_obs.py:124: in load_route_c_strategy_class
    spec.loader.exec_module(module)
<frozen importlib._bootstrap_external>:940: in exec_module
    ???
<frozen importlib._bootstrap>:241: in _call_with_frames_removed
    ???
_ _ _ _ _ _ _ _ _ _ _ _ _ _ _ _ _ _ _ _ _ _ _ _ _ _ _ _ _ _ _ _ _ _ _ _ _ _ _ _ 

    """阶段 2.5.2a 路线 C:Freqtrade 策略薄适配层(execution_mode=market_open_causal)。
    
    特征:少量因果特征(收益/滚动波动率/价格相对均值/原始 OHLC 供环境用),
    全部只使用当前及过去数据;目标仓位列 &-target_position 由 RouteCModel
    顺序推理填充。
    
    阶段 2.5.2a 改造(工作包 B):
    - 订单类型改为 market(入场/退出均市场订单):成交价由回测器/交易所决定,
      回测中市场单以执行 bar 的 open 成交(backtesting.py:1039-1057 仅 limit
      分支调用 custom_entry_price;:596 exit_signal 的 close_rate=row[OPEN_IDX];
      :551-567 信号 shift(1)),与环境 market_open_causal 合同在
      simulated_slippage_bps=0 时逐笔对齐;
    - 移除 custom_entry_price / custom_exit_price / _route_c_bars 执行 K 线
      high/low 缓存(阶段 2.5.2 bar 内调价合同依赖执行 K 线最终 high/low,
      属未来信息,已废弃为 legacy_noncausal_not_for_training);
    - simulated_slippage_bps 只属于训练与离线压力环境,不得改变 live 市场订单
      价格;Freqtrade live 使用交易所真实回报价格;
    - amount_epsilon 与 RouteCModel 从同一最终配置 freqai.route_c.amount_epsilon
      读取(工作包 E),所有执行状态读取都通过 route_c_amount_epsilon 传参。
    
    保留(阶段 2.5.2 工作包 B):
    - live 只处理最新一行(signal_convert.latest_row_signals);
    - adjust_entry_price / adjust_exit_price 官方扩展点的目标反转取消
      (None = 取消且不替换);do_predict != 1 时维持挂单。
    
    成交时机完全交给 Freqtrade 回测引擎自身的 shift(1)(open[t+1]),
    本层不加额外 shift。
    """
    
    import sys
    from pathlib import Path
    
    from pandas import DataFrame
    
>   from freqtrade.enums import RunMode
E   ModuleNotFoundError: No module named 'freqtrade'

user_data/strategies/RouteCStrategy.py:35: ModuleNotFoundError
_________________ test_reference_root_cause_diagnosis_branch_b _________________

tmp_path = PosixPath('/tmp/pytest-of-cryptorl/pytest-0/test_reference_root_cause_diag0')

    @pytest.mark.slow
    def test_reference_root_cause_diagnosis_branch_b(tmp_path):
        """§10:诊断在 preplan namespace 重现 legacy 差异并全部归类为
        float32 边界(Branch B);0 unexplained。"""
        from rl_curriculum.curriculum261_r10_preplan import (
            run_reference_root_cause_diagnosis_r10,
        )
    
>       rc = run_reference_root_cause_diagnosis_r10(tmp_path)
             ^^^^^^^^^^^^^^^^^^^^^^^^^^^^^^^^^^^^^^^^^^^^^^^^

tests/route_c_stage2_6_1/test_curriculum261_r10_rehearsal.py:69: 
_ _ _ _ _ _ _ _ _ _ _ _ _ _ _ _ _ _ _ _ _ _ _ _ _ _ _ _ _ _ _ _ _ _ _ _ _ _ _ _ 
src/rl_curriculum/curriculum261_r10_preplan.py:524: in run_reference_root_cause_diagnosis_r10
    records = generate_fit_bank_r10(
src/rl_curriculum/curriculum261_r10_calibration.py:79: in generate_fit_bank_r10
    return _generate_fit_bank(
src/rl_curriculum/curriculum261_r6_calibration.py:117: in generate_fit_bank_r6
    records.append(generate_pair(
src/rl_curriculum/curriculum261_pairs.py:114: in generate_pair
    episodes, log = generate_pair_with_attempts(
src/rl_curriculum/curriculum261_api.py:1504: in generate_pair_with_attempts
    episodes[side] = generator.generate(
src/rl_curriculum/generator_api.py:186: in generate
    df = self._attach_features(df)
         ^^^^^^^^^^^^^^^^^^^^^^^^^
src/rl_curriculum/curriculum261_api.py:1267: in _attach_features
    return attach_production_features(df)
           ^^^^^^^^^^^^^^^^^^^^^^^^^^^^^^
src/rl_curriculum/curriculum261_production_obs.py:160: in attach_production_features
    cls = load_route_c_strategy_class()
          ^^^^^^^^^^^^^^^^^^^^^^^^^^^^^
src/rl_curriculum/curriculum261_production_obs.py:124: in load_route_c_strategy_class
    spec.loader.exec_module(module)
<frozen importlib._bootstrap_external>:940: in exec_module
    ???
<frozen importlib._bootstrap>:241: in _call_with_frames_removed
    ???
_ _ _ _ _ _ _ _ _ _ _ _ _ _ _ _ _ _ _ _ _ _ _ _ _ _ _ _ _ _ _ _ _ _ _ _ _ _ _ _ 

    """阶段 2.5.2a 路线 C:Freqtrade 策略薄适配层(execution_mode=market_open_causal)。
    
    特征:少量因果特征(收益/滚动波动率/价格相对均值/原始 OHLC 供环境用),
    全部只使用当前及过去数据;目标仓位列 &-target_position 由 RouteCModel
    顺序推理填充。
    
    阶段 2.5.2a 改造(工作包 B):
    - 订单类型改为 market(入场/退出均市场订单):成交价由回测器/交易所决定,
      回测中市场单以执行 bar 的 open 成交(backtesting.py:1039-1057 仅 limit
      分支调用 custom_entry_price;:596 exit_signal 的 close_rate=row[OPEN_IDX];
      :551-567 信号 shift(1)),与环境 market_open_causal 合同在
      simulated_slippage_bps=0 时逐笔对齐;
    - 移除 custom_entry_price / custom_exit_price / _route_c_bars 执行 K 线
      high/low 缓存(阶段 2.5.2 bar 内调价合同依赖执行 K 线最终 high/low,
      属未来信息,已废弃为 legacy_noncausal_not_for_training);
    - simulated_slippage_bps 只属于训练与离线压力环境,不得改变 live 市场订单
      价格;Freqtrade live 使用交易所真实回报价格;
    - amount_epsilon 与 RouteCModel 从同一最终配置 freqai.route_c.amount_epsilon
      读取(工作包 E),所有执行状态读取都通过 route_c_amount_epsilon 传参。
    
    保留(阶段 2.5.2 工作包 B):
    - live 只处理最新一行(signal_convert.latest_row_signals);
    - adjust_entry_price / adjust_exit_price 官方扩展点的目标反转取消
      (None = 取消且不替换);do_predict != 1 时维持挂单。
    
    成交时机完全交给 Freqtrade 回测引擎自身的 shift(1)(open[t+1]),
    本层不加额外 shift。
    """
    
    import sys
    from pathlib import Path
    
    from pandas import DataFrame
    
>   from freqtrade.enums import RunMode
E   ModuleNotFoundError: No module named 'freqtrade'

user_data/strategies/RouteCStrategy.py:35: ModuleNotFoundError
_______________ test_same_invocation_after_preprocessing_battery _______________

tmp_path = PosixPath('/tmp/pytest-of-cryptorl/pytest-0/test_same_invocation_after_pre0')

    def test_same_invocation_after_preprocessing_battery(tmp_path):
        base = _base(tmp_path)
        got = _extract(_probe(
            tmp_path, "battery", target="r11",
            prelude="preprocessing_battery"))
>       assert got["attempt_digests"] == base["attempt_digests"]
E       assert None == []

tests/route_c_stage2_6_1/test_curriculum261_r11_determinism.py:72: AssertionError
________________ test_same_invocation_after_main_holdout_bundle ________________

tmp_path = PosixPath('/tmp/pytest-of-cryptorl/pytest-0/test_same_invocation_after_mai0')

    def test_same_invocation_after_main_holdout_bundle(tmp_path):
        base = _base(tmp_path)
        got = _extract(_probe(
            tmp_path, "bundles", target="r11",
            prelude="main_holdout_bundle_flow"))
>       assert got["attempt_digests"] == base["attempt_digests"]
E       assert None == []

tests/route_c_stage2_6_1/test_curriculum261_r11_determinism.py:81: AssertionError
______________ test_family_specs_singleton_not_polluted_by_calls _______________

tmp_path = PosixPath('/tmp/pytest-of-cryptorl/pytest-0/test_family_specs_singleton_no0')

    def test_family_specs_singleton_not_polluted_by_calls(tmp_path):
        """c1/c2/c3/matched 依次生成后,单例状态摘要回到初始。"""
        code = r"""
    import sys, json
    sys.path.insert(0, %r)
    from rl_curriculum.curriculum261_generation_envelope import (
        generator_state_digest, family_spec_identity, stable_digest)
    from rl_curriculum.curriculum261_pairs import family_specs, generate_pair
    from rl_curriculum.curriculum261_r6_tape import (
        generate_matched_block_with_attempts,
    )
    before = {f: generator_state_digest(s.generator)
              for f, s in sorted(family_specs().items())}
    for fam in ("c1_opportunity", "c2_context", "c3_cost"):
        generate_pair(fam, "D1", 0, namespace="stress_r11")
    ladder = {r: dict(family_specs()["c2_context"].rung_params[r])
              for r in ("D0", "D1", "D2", "D3")}
    generate_matched_block_with_attempts(
        ladder, namespace="stress_r11", block_index=0)
    after = {f: generator_state_digest(s.generator)
             for f, s in sorted(family_specs().items())}
    print(json.dumps({"before": before, "after": after,
                      "clean": before == after}))
    """ % str(DET_MOD.parents[2] / "src")
        import subprocess
    
        proc = subprocess.run(
            [sys.executable, "-c", code], capture_output=True, text=True,
            timeout=900)
>       assert proc.returncode == 0, proc.stderr[-500:]
E       AssertionError: ptorl/projects/crypto_rl/src/rl_curriculum/curriculum261_production_obs.py", line 124, in load_route_c_strategy_class
E             spec.loader.exec_module(module)
E           File "<frozen importlib._bootstrap_external>", line 940, in exec_module
E           File "<frozen importlib._bootstrap>", line 241, in _call_with_frames_removed
E           File "/home/cryptorl/projects/crypto_rl/user_data/strategies/RouteCStrategy.py", line 35, in <module>
E             from freqtrade.enums import RunMode
E         ModuleNotFoundError: No module named 'freqtrade'
E         
E       assert 1 == 0
E        +  where 1 = CompletedProcess(args=['/home/cryptorl/miniforge3/envs/crypto-rl/bin/python', '-c', '\nimport sys, json\nsys.path.inse..., line 35, in <module>\n    from freqtrade.enums import RunMode\nModuleNotFoundError: No module named \'freqtrade\'\n').returncode

tests/route_c_stage2_6_1/test_curriculum261_r11_determinism.py:114: AssertionError
______________________ test_r10_five_attempt_seeds_replay ______________________

tmp_path = PosixPath('/tmp/pytest-of-cryptorl/pytest-0/test_r10_five_attempt_seeds_re0')

    def test_r10_five_attempt_seeds_replay(tmp_path):
        """R10 正式失败的五个 outer attempt seeds 逐一重放(确定性)。
    
        重放按 first_pass 停止:若 attempt 0 即接受,则只执行 1 个
        attempt —— 派生一致性按前缀逐位比较。
        """
        res = _probe(tmp_path, "r10", target="r10")
        assert res["ok"], res.get("stderr_tail", "")
        got = _extract(res)
        seeds = got["attempt_outer_seeds"]
>       assert seeds, "至少重放一个 attempt"
E       AssertionError: 至少重放一个 attempt
E       assert []

tests/route_c_stage2_6_1/test_curriculum261_r11_determinism.py:130: AssertionError
____________________ test_stress_r11_target_seeds_derivable ____________________

    def test_stress_r11_target_seeds_derivable():
        """矩阵目标调用的 outer seeds 可从派生字段独立复算。"""
        base = _base(__import__("tempfile").mkdtemp())
        for seed in base["attempt_outer_seeds"]:
            assert isinstance(seed, int)
        q = derive261_seed("stress_r11", "c3_cost", "D0", 3, 0)
>       assert base["attempt_outer_seeds"][0] == q
               ^^^^^^^^^^^^^^^^^^^^^^^^^^^^^^
E       IndexError: list index out of range

tests/route_c_stage2_6_1/test_curriculum261_r11_determinism.py:155: IndexError
______________________ test_envelope_canonical_roundtrip _______________________

tmp_path = PosixPath('/tmp/pytest-of-cryptorl/pytest-0/test_envelope_canonical_roundt0')

    def test_envelope_canonical_roundtrip(tmp_path):
>       rec = _recorded()
              ^^^^^^^^^^^

tests/route_c_stage2_6_1/test_curriculum261_r11_envelope.py:70: 
_ _ _ _ _ _ _ _ _ _ _ _ _ _ _ _ _ _ _ _ _ _ _ _ _ _ _ _ _ _ _ _ _ _ _ _ _ _ _ _ 
tests/route_c_stage2_6_1/test_curriculum261_r11_envelope.py:60: in _recorded
    generate_pair_with_attempts(
src/rl_curriculum/curriculum261_api.py:1504: in generate_pair_with_attempts
    episodes[side] = generator.generate(
src/rl_curriculum/generator_api.py:186: in generate
    df = self._attach_features(df)
         ^^^^^^^^^^^^^^^^^^^^^^^^^
src/rl_curriculum/curriculum261_api.py:1267: in _attach_features
    return attach_production_features(df)
           ^^^^^^^^^^^^^^^^^^^^^^^^^^^^^^
src/rl_curriculum/curriculum261_production_obs.py:160: in attach_production_features
    cls = load_route_c_strategy_class()
          ^^^^^^^^^^^^^^^^^^^^^^^^^^^^^
src/rl_curriculum/curriculum261_production_obs.py:124: in load_route_c_strategy_class
    spec.loader.exec_module(module)
<frozen importlib._bootstrap_external>:940: in exec_module
    ???
<frozen importlib._bootstrap>:241: in _call_with_frames_removed
    ???
_ _ _ _ _ _ _ _ _ _ _ _ _ _ _ _ _ _ _ _ _ _ _ _ _ _ _ _ _ _ _ _ _ _ _ _ _ _ _ _ 

    """阶段 2.5.2a 路线 C:Freqtrade 策略薄适配层(execution_mode=market_open_causal)。
    
    特征:少量因果特征(收益/滚动波动率/价格相对均值/原始 OHLC 供环境用),
    全部只使用当前及过去数据;目标仓位列 &-target_position 由 RouteCModel
    顺序推理填充。
    
    阶段 2.5.2a 改造(工作包 B):
    - 订单类型改为 market(入场/退出均市场订单):成交价由回测器/交易所决定,
      回测中市场单以执行 bar 的 open 成交(backtesting.py:1039-1057 仅 limit
      分支调用 custom_entry_price;:596 exit_signal 的 close_rate=row[OPEN_IDX];
      :551-567 信号 shift(1)),与环境 market_open_causal 合同在
      simulated_slippage_bps=0 时逐笔对齐;
    - 移除 custom_entry_price / custom_exit_price / _route_c_bars 执行 K 线
      high/low 缓存(阶段 2.5.2 bar 内调价合同依赖执行 K 线最终 high/low,
      属未来信息,已废弃为 legacy_noncausal_not_for_training);
    - simulated_slippage_bps 只属于训练与离线压力环境,不得改变 live 市场订单
      价格;Freqtrade live 使用交易所真实回报价格;
    - amount_epsilon 与 RouteCModel 从同一最终配置 freqai.route_c.amount_epsilon
      读取(工作包 E),所有执行状态读取都通过 route_c_amount_epsilon 传参。
    
    保留(阶段 2.5.2 工作包 B):
    - live 只处理最新一行(signal_convert.latest_row_signals);
    - adjust_entry_price / adjust_exit_price 官方扩展点的目标反转取消
      (None = 取消且不替换);do_predict != 1 时维持挂单。
    
    成交时机完全交给 Freqtrade 回测引擎自身的 shift(1)(open[t+1]),
    本层不加额外 shift。
    """
    
    import sys
    from pathlib import Path
    
    from pandas import DataFrame
    
>   from freqtrade.enums import RunMode
E   ModuleNotFoundError: No module named 'freqtrade'

user_data/strategies/RouteCStrategy.py:35: ModuleNotFoundError
_________________________ test_call_envelope_roundtrip _________________________

tmp_path = PosixPath('/tmp/pytest-of-cryptorl/pytest-0/test_call_envelope_roundtrip0')

    def test_call_envelope_roundtrip(tmp_path):
>       rec = _recorded()
              ^^^^^^^^^^^

tests/route_c_stage2_6_1/test_curriculum261_r11_envelope.py:79: 
_ _ _ _ _ _ _ _ _ _ _ _ _ _ _ _ _ _ _ _ _ _ _ _ _ _ _ _ _ _ _ _ _ _ _ _ _ _ _ _ 
tests/route_c_stage2_6_1/test_curriculum261_r11_envelope.py:60: in _recorded
    generate_pair_with_attempts(
src/rl_curriculum/curriculum261_api.py:1504: in generate_pair_with_attempts
    episodes[side] = generator.generate(
src/rl_curriculum/generator_api.py:186: in generate
    df = self._attach_features(df)
         ^^^^^^^^^^^^^^^^^^^^^^^^^
src/rl_curriculum/curriculum261_api.py:1267: in _attach_features
    return attach_production_features(df)
           ^^^^^^^^^^^^^^^^^^^^^^^^^^^^^^
src/rl_curriculum/curriculum261_production_obs.py:160: in attach_production_features
    cls = load_route_c_strategy_class()
          ^^^^^^^^^^^^^^^^^^^^^^^^^^^^^
src/rl_curriculum/curriculum261_production_obs.py:124: in load_route_c_strategy_class
    spec.loader.exec_module(module)
<frozen importlib._bootstrap_external>:940: in exec_module
    ???
<frozen importlib._bootstrap>:241: in _call_with_frames_removed
    ???
_ _ _ _ _ _ _ _ _ _ _ _ _ _ _ _ _ _ _ _ _ _ _ _ _ _ _ _ _ _ _ _ _ _ _ _ _ _ _ _ 

    """阶段 2.5.2a 路线 C:Freqtrade 策略薄适配层(execution_mode=market_open_causal)。
    
    特征:少量因果特征(收益/滚动波动率/价格相对均值/原始 OHLC 供环境用),
    全部只使用当前及过去数据;目标仓位列 &-target_position 由 RouteCModel
    顺序推理填充。
    
    阶段 2.5.2a 改造(工作包 B):
    - 订单类型改为 market(入场/退出均市场订单):成交价由回测器/交易所决定,
      回测中市场单以执行 bar 的 open 成交(backtesting.py:1039-1057 仅 limit
      分支调用 custom_entry_price;:596 exit_signal 的 close_rate=row[OPEN_IDX];
      :551-567 信号 shift(1)),与环境 market_open_causal 合同在
      simulated_slippage_bps=0 时逐笔对齐;
    - 移除 custom_entry_price / custom_exit_price / _route_c_bars 执行 K 线
      high/low 缓存(阶段 2.5.2 bar 内调价合同依赖执行 K 线最终 high/low,
      属未来信息,已废弃为 legacy_noncausal_not_for_training);
    - simulated_slippage_bps 只属于训练与离线压力环境,不得改变 live 市场订单
      价格;Freqtrade live 使用交易所真实回报价格;
    - amount_epsilon 与 RouteCModel 从同一最终配置 freqai.route_c.amount_epsilon
      读取(工作包 E),所有执行状态读取都通过 route_c_amount_epsilon 传参。
    
    保留(阶段 2.5.2 工作包 B):
    - live 只处理最新一行(signal_convert.latest_row_signals);
    - adjust_entry_price / adjust_exit_price 官方扩展点的目标反转取消
      (None = 取消且不替换);do_predict != 1 时维持挂单。
    
    成交时机完全交给 Freqtrade 回测引擎自身的 shift(1)(open[t+1]),
    本层不加额外 shift。
    """
    
    import sys
    from pathlib import Path
    
    from pandas import DataFrame
    
>   from freqtrade.enums import RunMode
E   ModuleNotFoundError: No module named 'freqtrade'

user_data/strategies/RouteCStrategy.py:35: ModuleNotFoundError
________________________ test_envelope_tamper_rejected _________________________

    def test_envelope_tamper_rejected():
>       rec = _recorded()
              ^^^^^^^^^^^

tests/route_c_stage2_6_1/test_curriculum261_r11_envelope.py:101: 
_ _ _ _ _ _ _ _ _ _ _ _ _ _ _ _ _ _ _ _ _ _ _ _ _ _ _ _ _ _ _ _ _ _ _ _ _ _ _ _ 
tests/route_c_stage2_6_1/test_curriculum261_r11_envelope.py:60: in _recorded
    generate_pair_with_attempts(
src/rl_curriculum/curriculum261_api.py:1504: in generate_pair_with_attempts
    episodes[side] = generator.generate(
src/rl_curriculum/generator_api.py:186: in generate
    df = self._attach_features(df)
         ^^^^^^^^^^^^^^^^^^^^^^^^^
src/rl_curriculum/curriculum261_api.py:1267: in _attach_features
    return attach_production_features(df)
           ^^^^^^^^^^^^^^^^^^^^^^^^^^^^^^
src/rl_curriculum/curriculum261_production_obs.py:160: in attach_production_features
    cls = load_route_c_strategy_class()
          ^^^^^^^^^^^^^^^^^^^^^^^^^^^^^
src/rl_curriculum/curriculum261_production_obs.py:124: in load_route_c_strategy_class
    spec.loader.exec_module(module)
<frozen importlib._bootstrap_external>:940: in exec_module
    ???
<frozen importlib._bootstrap>:241: in _call_with_frames_removed
    ???
_ _ _ _ _ _ _ _ _ _ _ _ _ _ _ _ _ _ _ _ _ _ _ _ _ _ _ _ _ _ _ _ _ _ _ _ _ _ _ _ 

    """阶段 2.5.2a 路线 C:Freqtrade 策略薄适配层(execution_mode=market_open_causal)。
    
    特征:少量因果特征(收益/滚动波动率/价格相对均值/原始 OHLC 供环境用),
    全部只使用当前及过去数据;目标仓位列 &-target_position 由 RouteCModel
    顺序推理填充。
    
    阶段 2.5.2a 改造(工作包 B):
    - 订单类型改为 market(入场/退出均市场订单):成交价由回测器/交易所决定,
      回测中市场单以执行 bar 的 open 成交(backtesting.py:1039-1057 仅 limit
      分支调用 custom_entry_price;:596 exit_signal 的 close_rate=row[OPEN_IDX];
      :551-567 信号 shift(1)),与环境 market_open_causal 合同在
      simulated_slippage_bps=0 时逐笔对齐;
    - 移除 custom_entry_price / custom_exit_price / _route_c_bars 执行 K 线
      high/low 缓存(阶段 2.5.2 bar 内调价合同依赖执行 K 线最终 high/low,
      属未来信息,已废弃为 legacy_noncausal_not_for_training);
    - simulated_slippage_bps 只属于训练与离线压力环境,不得改变 live 市场订单
      价格;Freqtrade live 使用交易所真实回报价格;
    - amount_epsilon 与 RouteCModel 从同一最终配置 freqai.route_c.amount_epsilon
      读取(工作包 E),所有执行状态读取都通过 route_c_amount_epsilon 传参。
    
    保留(阶段 2.5.2 工作包 B):
    - live 只处理最新一行(signal_convert.latest_row_signals);
    - adjust_entry_price / adjust_exit_price 官方扩展点的目标反转取消
      (None = 取消且不替换);do_predict != 1 时维持挂单。
    
    成交时机完全交给 Freqtrade 回测引擎自身的 shift(1)(open[t+1]),
    本层不加额外 shift。
    """
    
    import sys
    from pathlib import Path
    
    from pandas import DataFrame
    
>   from freqtrade.enums import RunMode
E   ModuleNotFoundError: No module named 'freqtrade'

user_data/strategies/RouteCStrategy.py:35: ModuleNotFoundError
_____________ test_envelope_digest_recompute_detects_field_change ______________

    def test_envelope_digest_recompute_detects_field_change():
        from rl_curriculum.curriculum261_r11_determinism import (
            envelope_roundtrip_check,
        )
>       rec = _recorded()
              ^^^^^^^^^^^

tests/route_c_stage2_6_1/test_curriculum261_r11_envelope.py:119: 
_ _ _ _ _ _ _ _ _ _ _ _ _ _ _ _ _ _ _ _ _ _ _ _ _ _ _ _ _ _ _ _ _ _ _ _ _ _ _ _ 
tests/route_c_stage2_6_1/test_curriculum261_r11_envelope.py:60: in _recorded
    generate_pair_with_attempts(
src/rl_curriculum/curriculum261_api.py:1504: in generate_pair_with_attempts
    episodes[side] = generator.generate(
src/rl_curriculum/generator_api.py:186: in generate
    df = self._attach_features(df)
         ^^^^^^^^^^^^^^^^^^^^^^^^^
src/rl_curriculum/curriculum261_api.py:1267: in _attach_features
    return attach_production_features(df)
           ^^^^^^^^^^^^^^^^^^^^^^^^^^^^^^
src/rl_curriculum/curriculum261_production_obs.py:160: in attach_production_features
    cls = load_route_c_strategy_class()
          ^^^^^^^^^^^^^^^^^^^^^^^^^^^^^
src/rl_curriculum/curriculum261_production_obs.py:124: in load_route_c_strategy_class
    spec.loader.exec_module(module)
<frozen importlib._bootstrap_external>:940: in exec_module
    ???
<frozen importlib._bootstrap>:241: in _call_with_frames_removed
    ???
_ _ _ _ _ _ _ _ _ _ _ _ _ _ _ _ _ _ _ _ _ _ _ _ _ _ _ _ _ _ _ _ _ _ _ _ _ _ _ _ 

    """阶段 2.5.2a 路线 C:Freqtrade 策略薄适配层(execution_mode=market_open_causal)。
    
    特征:少量因果特征(收益/滚动波动率/价格相对均值/原始 OHLC 供环境用),
    全部只使用当前及过去数据;目标仓位列 &-target_position 由 RouteCModel
    顺序推理填充。
    
    阶段 2.5.2a 改造(工作包 B):
    - 订单类型改为 market(入场/退出均市场订单):成交价由回测器/交易所决定,
      回测中市场单以执行 bar 的 open 成交(backtesting.py:1039-1057 仅 limit
      分支调用 custom_entry_price;:596 exit_signal 的 close_rate=row[OPEN_IDX];
      :551-567 信号 shift(1)),与环境 market_open_causal 合同在
      simulated_slippage_bps=0 时逐笔对齐;
    - 移除 custom_entry_price / custom_exit_price / _route_c_bars 执行 K 线
      high/low 缓存(阶段 2.5.2 bar 内调价合同依赖执行 K 线最终 high/low,
      属未来信息,已废弃为 legacy_noncausal_not_for_training);
    - simulated_slippage_bps 只属于训练与离线压力环境,不得改变 live 市场订单
      价格;Freqtrade live 使用交易所真实回报价格;
    - amount_epsilon 与 RouteCModel 从同一最终配置 freqai.route_c.amount_epsilon
      读取(工作包 E),所有执行状态读取都通过 route_c_amount_epsilon 传参。
    
    保留(阶段 2.5.2 工作包 B):
    - live 只处理最新一行(signal_convert.latest_row_signals);
    - adjust_entry_price / adjust_exit_price 官方扩展点的目标反转取消
      (None = 取消且不替换);do_predict != 1 时维持挂单。
    
    成交时机完全交给 Freqtrade 回测引擎自身的 shift(1)(open[t+1]),
    本层不加额外 shift。
    """
    
    import sys
    from pathlib import Path
    
    from pandas import DataFrame
    
>   from freqtrade.enums import RunMode
E   ModuleNotFoundError: No module named 'freqtrade'

user_data/strategies/RouteCStrategy.py:35: ModuleNotFoundError
______________ test_generator_source_identity_recorded_and_stable ______________

    def test_generator_source_identity_recorded_and_stable():
>       rec = _recorded()
              ^^^^^^^^^^^

tests/route_c_stage2_6_1/test_curriculum261_r11_envelope.py:132: 
_ _ _ _ _ _ _ _ _ _ _ _ _ _ _ _ _ _ _ _ _ _ _ _ _ _ _ _ _ _ _ _ _ _ _ _ _ _ _ _ 
tests/route_c_stage2_6_1/test_curriculum261_r11_envelope.py:60: in _recorded
    generate_pair_with_attempts(
src/rl_curriculum/curriculum261_api.py:1504: in generate_pair_with_attempts
    episodes[side] = generator.generate(
src/rl_curriculum/generator_api.py:186: in generate
    df = self._attach_features(df)
         ^^^^^^^^^^^^^^^^^^^^^^^^^
src/rl_curriculum/curriculum261_api.py:1267: in _attach_features
    return attach_production_features(df)
           ^^^^^^^^^^^^^^^^^^^^^^^^^^^^^^
src/rl_curriculum/curriculum261_production_obs.py:160: in attach_production_features
    cls = load_route_c_strategy_class()
          ^^^^^^^^^^^^^^^^^^^^^^^^^^^^^
src/rl_curriculum/curriculum261_production_obs.py:124: in load_route_c_strategy_class
    spec.loader.exec_module(module)
<frozen importlib._bootstrap_external>:940: in exec_module
    ???
<frozen importlib._bootstrap>:241: in _call_with_frames_removed
    ???
_ _ _ _ _ _ _ _ _ _ _ _ _ _ _ _ _ _ _ _ _ _ _ _ _ _ _ _ _ _ _ _ _ _ _ _ _ _ _ _ 

    """阶段 2.5.2a 路线 C:Freqtrade 策略薄适配层(execution_mode=market_open_causal)。
    
    特征:少量因果特征(收益/滚动波动率/价格相对均值/原始 OHLC 供环境用),
    全部只使用当前及过去数据;目标仓位列 &-target_position 由 RouteCModel
    顺序推理填充。
    
    阶段 2.5.2a 改造(工作包 B):
    - 订单类型改为 market(入场/退出均市场订单):成交价由回测器/交易所决定,
      回测中市场单以执行 bar 的 open 成交(backtesting.py:1039-1057 仅 limit
      分支调用 custom_entry_price;:596 exit_signal 的 close_rate=row[OPEN_IDX];
      :551-567 信号 shift(1)),与环境 market_open_causal 合同在
      simulated_slippage_bps=0 时逐笔对齐;
    - 移除 custom_entry_price / custom_exit_price / _route_c_bars 执行 K 线
      high/low 缓存(阶段 2.5.2 bar 内调价合同依赖执行 K 线最终 high/low,
      属未来信息,已废弃为 legacy_noncausal_not_for_training);
    - simulated_slippage_bps 只属于训练与离线压力环境,不得改变 live 市场订单
      价格;Freqtrade live 使用交易所真实回报价格;
    - amount_epsilon 与 RouteCModel 从同一最终配置 freqai.route_c.amount_epsilon
      读取(工作包 E),所有执行状态读取都通过 route_c_amount_epsilon 传参。
    
    保留(阶段 2.5.2 工作包 B):
    - live 只处理最新一行(signal_convert.latest_row_signals);
    - adjust_entry_price / adjust_exit_price 官方扩展点的目标反转取消
      (None = 取消且不替换);do_predict != 1 时维持挂单。
    
    成交时机完全交给 Freqtrade 回测引擎自身的 shift(1)(open[t+1]),
    本层不加额外 shift。
    """
    
    import sys
    from pathlib import Path
    
    from pandas import DataFrame
    
>   from freqtrade.enums import RunMode
E   ModuleNotFoundError: No module named 'freqtrade'

user_data/strategies/RouteCStrategy.py:35: ModuleNotFoundError
____________________ test_generator_state_change_detectable ____________________

    def test_generator_state_change_detectable():
>       rec = _recorded()
              ^^^^^^^^^^^

tests/route_c_stage2_6_1/test_curriculum261_r11_envelope.py:149: 
_ _ _ _ _ _ _ _ _ _ _ _ _ _ _ _ _ _ _ _ _ _ _ _ _ _ _ _ _ _ _ _ _ _ _ _ _ _ _ _ 
tests/route_c_stage2_6_1/test_curriculum261_r11_envelope.py:60: in _recorded
    generate_pair_with_attempts(
src/rl_curriculum/curriculum261_api.py:1504: in generate_pair_with_attempts
    episodes[side] = generator.generate(
src/rl_curriculum/generator_api.py:186: in generate
    df = self._attach_features(df)
         ^^^^^^^^^^^^^^^^^^^^^^^^^
src/rl_curriculum/curriculum261_api.py:1267: in _attach_features
    return attach_production_features(df)
           ^^^^^^^^^^^^^^^^^^^^^^^^^^^^^^
src/rl_curriculum/curriculum261_production_obs.py:160: in attach_production_features
    cls = load_route_c_strategy_class()
          ^^^^^^^^^^^^^^^^^^^^^^^^^^^^^
src/rl_curriculum/curriculum261_production_obs.py:124: in load_route_c_strategy_class
    spec.loader.exec_module(module)
<frozen importlib._bootstrap_external>:940: in exec_module
    ???
<frozen importlib._bootstrap>:241: in _call_with_frames_removed
    ???
_ _ _ _ _ _ _ _ _ _ _ _ _ _ _ _ _ _ _ _ _ _ _ _ _ _ _ _ _ _ _ _ _ _ _ _ _ _ _ _ 

    """阶段 2.5.2a 路线 C:Freqtrade 策略薄适配层(execution_mode=market_open_causal)。
    
    特征:少量因果特征(收益/滚动波动率/价格相对均值/原始 OHLC 供环境用),
    全部只使用当前及过去数据;目标仓位列 &-target_position 由 RouteCModel
    顺序推理填充。
    
    阶段 2.5.2a 改造(工作包 B):
    - 订单类型改为 market(入场/退出均市场订单):成交价由回测器/交易所决定,
      回测中市场单以执行 bar 的 open 成交(backtesting.py:1039-1057 仅 limit
      分支调用 custom_entry_price;:596 exit_signal 的 close_rate=row[OPEN_IDX];
      :551-567 信号 shift(1)),与环境 market_open_causal 合同在
      simulated_slippage_bps=0 时逐笔对齐;
    - 移除 custom_entry_price / custom_exit_price / _route_c_bars 执行 K 线
      high/low 缓存(阶段 2.5.2 bar 内调价合同依赖执行 K 线最终 high/low,
      属未来信息,已废弃为 legacy_noncausal_not_for_training);
    - simulated_slippage_bps 只属于训练与离线压力环境,不得改变 live 市场订单
      价格;Freqtrade live 使用交易所真实回报价格;
    - amount_epsilon 与 RouteCModel 从同一最终配置 freqai.route_c.amount_epsilon
      读取(工作包 E),所有执行状态读取都通过 route_c_amount_epsilon 传参。
    
    保留(阶段 2.5.2 工作包 B):
    - live 只处理最新一行(signal_convert.latest_row_signals);
    - adjust_entry_price / adjust_exit_price 官方扩展点的目标反转取消
      (None = 取消且不替换);do_predict != 1 时维持挂单。
    
    成交时机完全交给 Freqtrade 回测引擎自身的 shift(1)(open[t+1]),
    本层不加额外 shift。
    """
    
    import sys
    from pathlib import Path
    
    from pandas import DataFrame
    
>   from freqtrade.enums import RunMode
E   ModuleNotFoundError: No module named 'freqtrade'

user_data/strategies/RouteCStrategy.py:35: ModuleNotFoundError
_____________ test_envelope_records_state_unchanged_in_clean_path ______________

    def test_envelope_records_state_unchanged_in_clean_path():
>       rec = _recorded()
              ^^^^^^^^^^^

tests/route_c_stage2_6_1/test_curriculum261_r11_envelope.py:166: 
_ _ _ _ _ _ _ _ _ _ _ _ _ _ _ _ _ _ _ _ _ _ _ _ _ _ _ _ _ _ _ _ _ _ _ _ _ _ _ _ 
tests/route_c_stage2_6_1/test_curriculum261_r11_envelope.py:60: in _recorded
    generate_pair_with_attempts(
src/rl_curriculum/curriculum261_api.py:1504: in generate_pair_with_attempts
    episodes[side] = generator.generate(
src/rl_curriculum/generator_api.py:186: in generate
    df = self._attach_features(df)
         ^^^^^^^^^^^^^^^^^^^^^^^^^
src/rl_curriculum/curriculum261_api.py:1267: in _attach_features
    return attach_production_features(df)
           ^^^^^^^^^^^^^^^^^^^^^^^^^^^^^^
src/rl_curriculum/curriculum261_production_obs.py:160: in attach_production_features
    cls = load_route_c_strategy_class()
          ^^^^^^^^^^^^^^^^^^^^^^^^^^^^^
src/rl_curriculum/curriculum261_production_obs.py:124: in load_route_c_strategy_class
    spec.loader.exec_module(module)
<frozen importlib._bootstrap_external>:940: in exec_module
    ???
<frozen importlib._bootstrap>:241: in _call_with_frames_removed
    ???
_ _ _ _ _ _ _ _ _ _ _ _ _ _ _ _ _ _ _ _ _ _ _ _ _ _ _ _ _ _ _ _ _ _ _ _ _ _ _ _ 

    """阶段 2.5.2a 路线 C:Freqtrade 策略薄适配层(execution_mode=market_open_causal)。
    
    特征:少量因果特征(收益/滚动波动率/价格相对均值/原始 OHLC 供环境用),
    全部只使用当前及过去数据;目标仓位列 &-target_position 由 RouteCModel
    顺序推理填充。
    
    阶段 2.5.2a 改造(工作包 B):
    - 订单类型改为 market(入场/退出均市场订单):成交价由回测器/交易所决定,
      回测中市场单以执行 bar 的 open 成交(backtesting.py:1039-1057 仅 limit
      分支调用 custom_entry_price;:596 exit_signal 的 close_rate=row[OPEN_IDX];
      :551-567 信号 shift(1)),与环境 market_open_causal 合同在
      simulated_slippage_bps=0 时逐笔对齐;
    - 移除 custom_entry_price / custom_exit_price / _route_c_bars 执行 K 线
      high/low 缓存(阶段 2.5.2 bar 内调价合同依赖执行 K 线最终 high/low,
      属未来信息,已废弃为 legacy_noncausal_not_for_training);
    - simulated_slippage_bps 只属于训练与离线压力环境,不得改变 live 市场订单
      价格;Freqtrade live 使用交易所真实回报价格;
    - amount_epsilon 与 RouteCModel 从同一最终配置 freqai.route_c.amount_epsilon
      读取(工作包 E),所有执行状态读取都通过 route_c_amount_epsilon 传参。
    
    保留(阶段 2.5.2 工作包 B):
    - live 只处理最新一行(signal_convert.latest_row_signals);
    - adjust_entry_price / adjust_exit_price 官方扩展点的目标反转取消
      (None = 取消且不替换);do_predict != 1 时维持挂单。
    
    成交时机完全交给 Freqtrade 回测引擎自身的 shift(1)(open[t+1]),
    本层不加额外 shift。
    """
    
    import sys
    from pathlib import Path
    
    from pandas import DataFrame
    
>   from freqtrade.enums import RunMode
E   ModuleNotFoundError: No module named 'freqtrade'

user_data/strategies/RouteCStrategy.py:35: ModuleNotFoundError
_______ test_generator_call_does_not_mutate_input_params[c1_opportunity] _______

family = 'c1_opportunity'

    @pytest.mark.parametrize("family", [
        "c1_opportunity", "c2_context", "c3_cost"])
    def test_generator_call_does_not_mutate_input_params(family):
        rp = _rung_params(family, "D1")
        snap = canonical_json(rp)
        rec = EnvelopeRecorder(
            iteration="r11", namespace=NS, family=family, rung="D1",
            pair_index=0, rung_params=rp)
>       generate_pair_with_attempts(
            family_specs()[family].generator, rp, namespace=NS, family=family,
            rung="D1", pair_index=0,
            structural_validator=pair_acceptance_contract(family),
            recorder=rec)

tests/route_c_stage2_6_1/test_curriculum261_r11_envelope.py:181: 
_ _ _ _ _ _ _ _ _ _ _ _ _ _ _ _ _ _ _ _ _ _ _ _ _ _ _ _ _ _ _ _ _ _ _ _ _ _ _ _ 
src/rl_curriculum/curriculum261_api.py:1504: in generate_pair_with_attempts
    episodes[side] = generator.generate(
src/rl_curriculum/generator_api.py:186: in generate
    df = self._attach_features(df)
         ^^^^^^^^^^^^^^^^^^^^^^^^^
src/rl_curriculum/curriculum261_api.py:1267: in _attach_features
    return attach_production_features(df)
           ^^^^^^^^^^^^^^^^^^^^^^^^^^^^^^
src/rl_curriculum/curriculum261_production_obs.py:160: in attach_production_features
    cls = load_route_c_strategy_class()
          ^^^^^^^^^^^^^^^^^^^^^^^^^^^^^
src/rl_curriculum/curriculum261_production_obs.py:124: in load_route_c_strategy_class
    spec.loader.exec_module(module)
<frozen importlib._bootstrap_external>:940: in exec_module
    ???
<frozen importlib._bootstrap>:241: in _call_with_frames_removed
    ???
_ _ _ _ _ _ _ _ _ _ _ _ _ _ _ _ _ _ _ _ _ _ _ _ _ _ _ _ _ _ _ _ _ _ _ _ _ _ _ _ 

    """阶段 2.5.2a 路线 C:Freqtrade 策略薄适配层(execution_mode=market_open_causal)。
    
    特征:少量因果特征(收益/滚动波动率/价格相对均值/原始 OHLC 供环境用),
    全部只使用当前及过去数据;目标仓位列 &-target_position 由 RouteCModel
    顺序推理填充。
    
    阶段 2.5.2a 改造(工作包 B):
    - 订单类型改为 market(入场/退出均市场订单):成交价由回测器/交易所决定,
      回测中市场单以执行 bar 的 open 成交(backtesting.py:1039-1057 仅 limit
      分支调用 custom_entry_price;:596 exit_signal 的 close_rate=row[OPEN_IDX];
      :551-567 信号 shift(1)),与环境 market_open_causal 合同在
      simulated_slippage_bps=0 时逐笔对齐;
    - 移除 custom_entry_price / custom_exit_price / _route_c_bars 执行 K 线
      high/low 缓存(阶段 2.5.2 bar 内调价合同依赖执行 K 线最终 high/low,
      属未来信息,已废弃为 legacy_noncausal_not_for_training);
    - simulated_slippage_bps 只属于训练与离线压力环境,不得改变 live 市场订单
      价格;Freqtrade live 使用交易所真实回报价格;
    - amount_epsilon 与 RouteCModel 从同一最终配置 freqai.route_c.amount_epsilon
      读取(工作包 E),所有执行状态读取都通过 route_c_amount_epsilon 传参。
    
    保留(阶段 2.5.2 工作包 B):
    - live 只处理最新一行(signal_convert.latest_row_signals);
    - adjust_entry_price / adjust_exit_price 官方扩展点的目标反转取消
      (None = 取消且不替换);do_predict != 1 时维持挂单。
    
    成交时机完全交给 Freqtrade 回测引擎自身的 shift(1)(open[t+1]),
    本层不加额外 shift。
    """
    
    import sys
    from pathlib import Path
    
    from pandas import DataFrame
    
>   from freqtrade.enums import RunMode
E   ModuleNotFoundError: No module named 'freqtrade'

user_data/strategies/RouteCStrategy.py:35: ModuleNotFoundError
_________ test_generator_call_does_not_mutate_input_params[c2_context] _________

family = 'c2_context'

    @pytest.mark.parametrize("family", [
        "c1_opportunity", "c2_context", "c3_cost"])
    def test_generator_call_does_not_mutate_input_params(family):
        rp = _rung_params(family, "D1")
        snap = canonical_json(rp)
        rec = EnvelopeRecorder(
            iteration="r11", namespace=NS, family=family, rung="D1",
            pair_index=0, rung_params=rp)
>       generate_pair_with_attempts(
            family_specs()[family].generator, rp, namespace=NS, family=family,
            rung="D1", pair_index=0,
            structural_validator=pair_acceptance_contract(family),
            recorder=rec)

tests/route_c_stage2_6_1/test_curriculum261_r11_envelope.py:181: 
_ _ _ _ _ _ _ _ _ _ _ _ _ _ _ _ _ _ _ _ _ _ _ _ _ _ _ _ _ _ _ _ _ _ _ _ _ _ _ _ 
src/rl_curriculum/curriculum261_api.py:1504: in generate_pair_with_attempts
    episodes[side] = generator.generate(
src/rl_curriculum/generator_api.py:186: in generate
    df = self._attach_features(df)
         ^^^^^^^^^^^^^^^^^^^^^^^^^
src/rl_curriculum/curriculum261_api.py:1267: in _attach_features
    return attach_production_features(df)
           ^^^^^^^^^^^^^^^^^^^^^^^^^^^^^^
src/rl_curriculum/curriculum261_production_obs.py:160: in attach_production_features
    cls = load_route_c_strategy_class()
          ^^^^^^^^^^^^^^^^^^^^^^^^^^^^^
src/rl_curriculum/curriculum261_production_obs.py:124: in load_route_c_strategy_class
    spec.loader.exec_module(module)
<frozen importlib._bootstrap_external>:940: in exec_module
    ???
<frozen importlib._bootstrap>:241: in _call_with_frames_removed
    ???
_ _ _ _ _ _ _ _ _ _ _ _ _ _ _ _ _ _ _ _ _ _ _ _ _ _ _ _ _ _ _ _ _ _ _ _ _ _ _ _ 

    """阶段 2.5.2a 路线 C:Freqtrade 策略薄适配层(execution_mode=market_open_causal)。
    
    特征:少量因果特征(收益/滚动波动率/价格相对均值/原始 OHLC 供环境用),
    全部只使用当前及过去数据;目标仓位列 &-target_position 由 RouteCModel
    顺序推理填充。
    
    阶段 2.5.2a 改造(工作包 B):
    - 订单类型改为 market(入场/退出均市场订单):成交价由回测器/交易所决定,
      回测中市场单以执行 bar 的 open 成交(backtesting.py:1039-1057 仅 limit
      分支调用 custom_entry_price;:596 exit_signal 的 close_rate=row[OPEN_IDX];
      :551-567 信号 shift(1)),与环境 market_open_causal 合同在
      simulated_slippage_bps=0 时逐笔对齐;
    - 移除 custom_entry_price / custom_exit_price / _route_c_bars 执行 K 线
      high/low 缓存(阶段 2.5.2 bar 内调价合同依赖执行 K 线最终 high/low,
      属未来信息,已废弃为 legacy_noncausal_not_for_training);
    - simulated_slippage_bps 只属于训练与离线压力环境,不得改变 live 市场订单
      价格;Freqtrade live 使用交易所真实回报价格;
    - amount_epsilon 与 RouteCModel 从同一最终配置 freqai.route_c.amount_epsilon
      读取(工作包 E),所有执行状态读取都通过 route_c_amount_epsilon 传参。
    
    保留(阶段 2.5.2 工作包 B):
    - live 只处理最新一行(signal_convert.latest_row_signals);
    - adjust_entry_price / adjust_exit_price 官方扩展点的目标反转取消
      (None = 取消且不替换);do_predict != 1 时维持挂单。
    
    成交时机完全交给 Freqtrade 回测引擎自身的 shift(1)(open[t+1]),
    本层不加额外 shift。
    """
    
    import sys
    from pathlib import Path
    
    from pandas import DataFrame
    
>   from freqtrade.enums import RunMode
E   ModuleNotFoundError: No module named 'freqtrade'

user_data/strategies/RouteCStrategy.py:35: ModuleNotFoundError
__________ test_generator_call_does_not_mutate_input_params[c3_cost] ___________

family = 'c3_cost'

    @pytest.mark.parametrize("family", [
        "c1_opportunity", "c2_context", "c3_cost"])
    def test_generator_call_does_not_mutate_input_params(family):
        rp = _rung_params(family, "D1")
        snap = canonical_json(rp)
        rec = EnvelopeRecorder(
            iteration="r11", namespace=NS, family=family, rung="D1",
            pair_index=0, rung_params=rp)
>       generate_pair_with_attempts(
            family_specs()[family].generator, rp, namespace=NS, family=family,
            rung="D1", pair_index=0,
            structural_validator=pair_acceptance_contract(family),
            recorder=rec)

tests/route_c_stage2_6_1/test_curriculum261_r11_envelope.py:181: 
_ _ _ _ _ _ _ _ _ _ _ _ _ _ _ _ _ _ _ _ _ _ _ _ _ _ _ _ _ _ _ _ _ _ _ _ _ _ _ _ 
src/rl_curriculum/curriculum261_api.py:1504: in generate_pair_with_attempts
    episodes[side] = generator.generate(
src/rl_curriculum/generator_api.py:186: in generate
    df = self._attach_features(df)
         ^^^^^^^^^^^^^^^^^^^^^^^^^
src/rl_curriculum/curriculum261_api.py:1267: in _attach_features
    return attach_production_features(df)
           ^^^^^^^^^^^^^^^^^^^^^^^^^^^^^^
src/rl_curriculum/curriculum261_production_obs.py:160: in attach_production_features
    cls = load_route_c_strategy_class()
          ^^^^^^^^^^^^^^^^^^^^^^^^^^^^^
src/rl_curriculum/curriculum261_production_obs.py:124: in load_route_c_strategy_class
    spec.loader.exec_module(module)
<frozen importlib._bootstrap_external>:940: in exec_module
    ???
<frozen importlib._bootstrap>:241: in _call_with_frames_removed
    ???
_ _ _ _ _ _ _ _ _ _ _ _ _ _ _ _ _ _ _ _ _ _ _ _ _ _ _ _ _ _ _ _ _ _ _ _ _ _ _ _ 

    """阶段 2.5.2a 路线 C:Freqtrade 策略薄适配层(execution_mode=market_open_causal)。
    
    特征:少量因果特征(收益/滚动波动率/价格相对均值/原始 OHLC 供环境用),
    全部只使用当前及过去数据;目标仓位列 &-target_position 由 RouteCModel
    顺序推理填充。
    
    阶段 2.5.2a 改造(工作包 B):
    - 订单类型改为 market(入场/退出均市场订单):成交价由回测器/交易所决定,
      回测中市场单以执行 bar 的 open 成交(backtesting.py:1039-1057 仅 limit
      分支调用 custom_entry_price;:596 exit_signal 的 close_rate=row[OPEN_IDX];
      :551-567 信号 shift(1)),与环境 market_open_causal 合同在
      simulated_slippage_bps=0 时逐笔对齐;
    - 移除 custom_entry_price / custom_exit_price / _route_c_bars 执行 K 线
      high/low 缓存(阶段 2.5.2 bar 内调价合同依赖执行 K 线最终 high/low,
      属未来信息,已废弃为 legacy_noncausal_not_for_training);
    - simulated_slippage_bps 只属于训练与离线压力环境,不得改变 live 市场订单
      价格;Freqtrade live 使用交易所真实回报价格;
    - amount_epsilon 与 RouteCModel 从同一最终配置 freqai.route_c.amount_epsilon
      读取(工作包 E),所有执行状态读取都通过 route_c_amount_epsilon 传参。
    
    保留(阶段 2.5.2 工作包 B):
    - live 只处理最新一行(signal_convert.latest_row_signals);
    - adjust_entry_price / adjust_exit_price 官方扩展点的目标反转取消
      (None = 取消且不替换);do_predict != 1 时维持挂单。
    
    成交时机完全交给 Freqtrade 回测引擎自身的 shift(1)(open[t+1]),
    本层不加额外 shift。
    """
    
    import sys
    from pathlib import Path
    
    from pandas import DataFrame
    
>   from freqtrade.enums import RunMode
E   ModuleNotFoundError: No module named 'freqtrade'

user_data/strategies/RouteCStrategy.py:35: ModuleNotFoundError
________________ test_replay_call_envelopes_bitwise_consistent _________________

    def test_replay_call_envelopes_bitwise_consistent():
>       rec = _recorded()
              ^^^^^^^^^^^

tests/route_c_stage2_6_1/test_curriculum261_r11_envelope.py:197: 
_ _ _ _ _ _ _ _ _ _ _ _ _ _ _ _ _ _ _ _ _ _ _ _ _ _ _ _ _ _ _ _ _ _ _ _ _ _ _ _ 
tests/route_c_stage2_6_1/test_curriculum261_r11_envelope.py:60: in _recorded
    generate_pair_with_attempts(
src/rl_curriculum/curriculum261_api.py:1504: in generate_pair_with_attempts
    episodes[side] = generator.generate(
src/rl_curriculum/generator_api.py:186: in generate
    df = self._attach_features(df)
         ^^^^^^^^^^^^^^^^^^^^^^^^^
src/rl_curriculum/curriculum261_api.py:1267: in _attach_features
    return attach_production_features(df)
           ^^^^^^^^^^^^^^^^^^^^^^^^^^^^^^
src/rl_curriculum/curriculum261_production_obs.py:160: in attach_production_features
    cls = load_route_c_strategy_class()
          ^^^^^^^^^^^^^^^^^^^^^^^^^^^^^
src/rl_curriculum/curriculum261_production_obs.py:124: in load_route_c_strategy_class
    spec.loader.exec_module(module)
<frozen importlib._bootstrap_external>:940: in exec_module
    ???
<frozen importlib._bootstrap>:241: in _call_with_frames_removed
    ???
_ _ _ _ _ _ _ _ _ _ _ _ _ _ _ _ _ _ _ _ _ _ _ _ _ _ _ _ _ _ _ _ _ _ _ _ _ _ _ _ 

    """阶段 2.5.2a 路线 C:Freqtrade 策略薄适配层(execution_mode=market_open_causal)。
    
    特征:少量因果特征(收益/滚动波动率/价格相对均值/原始 OHLC 供环境用),
    全部只使用当前及过去数据;目标仓位列 &-target_position 由 RouteCModel
    顺序推理填充。
    
    阶段 2.5.2a 改造(工作包 B):
    - 订单类型改为 market(入场/退出均市场订单):成交价由回测器/交易所决定,
      回测中市场单以执行 bar 的 open 成交(backtesting.py:1039-1057 仅 limit
      分支调用 custom_entry_price;:596 exit_signal 的 close_rate=row[OPEN_IDX];
      :551-567 信号 shift(1)),与环境 market_open_causal 合同在
      simulated_slippage_bps=0 时逐笔对齐;
    - 移除 custom_entry_price / custom_exit_price / _route_c_bars 执行 K 线
      high/low 缓存(阶段 2.5.2 bar 内调价合同依赖执行 K 线最终 high/low,
      属未来信息,已废弃为 legacy_noncausal_not_for_training);
    - simulated_slippage_bps 只属于训练与离线压力环境,不得改变 live 市场订单
      价格;Freqtrade live 使用交易所真实回报价格;
    - amount_epsilon 与 RouteCModel 从同一最终配置 freqai.route_c.amount_epsilon
      读取(工作包 E),所有执行状态读取都通过 route_c_amount_epsilon 传参。
    
    保留(阶段 2.5.2 工作包 B):
    - live 只处理最新一行(signal_convert.latest_row_signals);
    - adjust_entry_price / adjust_exit_price 官方扩展点的目标反转取消
      (None = 取消且不替换);do_predict != 1 时维持挂单。
    
    成交时机完全交给 Freqtrade 回测引擎自身的 shift(1)(open[t+1]),
    本层不加额外 shift。
    """
    
    import sys
    from pathlib import Path
    
    from pandas import DataFrame
    
>   from freqtrade.enums import RunMode
E   ModuleNotFoundError: No module named 'freqtrade'

user_data/strategies/RouteCStrategy.py:35: ModuleNotFoundError
___________________ test_failure_evidence_saved_before_raise ___________________

tmp_path = PosixPath('/tmp/pytest-of-cryptorl/pytest-0/test_failure_evidence_saved_be0')

    def test_failure_evidence_saved_before_raise(tmp_path):
        """五个 attempt 全败的构造性失败:envelopes 在异常对象上完整。
    
        用不可能通过结构校验的 rung 参数(distractor_rate=0 => 必然
        too_few_distractors;c3 需要 >=1)驱动真实失败路径。
        """
        rp = _rung_params("c3_cost", "D0")
        rp["distractor_rate"] = 0.0
        rp["cue_rate"] = 0.05
        rec = EnvelopeRecorder(
            iteration="r11", namespace=NS, family="c3_cost", rung="D0",
            pair_index=9, rung_params=rp)
        with pytest.raises(PairGenerationError) as ei:
>           generate_pair_with_attempts(
                family_specs()["c3_cost"].generator, rp, namespace=NS,
                family="c3_cost", rung="D0", pair_index=9,
                structural_validator=pair_acceptance_contract("c3_cost"),
                recorder=rec)

tests/route_c_stage2_6_1/test_curriculum261_r11_envelope.py:221: 
_ _ _ _ _ _ _ _ _ _ _ _ _ _ _ _ _ _ _ _ _ _ _ _ _ _ _ _ _ _ _ _ _ _ _ _ _ _ _ _ 
src/rl_curriculum/curriculum261_api.py:1504: in generate_pair_with_attempts
    episodes[side] = generator.generate(
src/rl_curriculum/generator_api.py:186: in generate
    df = self._attach_features(df)
         ^^^^^^^^^^^^^^^^^^^^^^^^^
src/rl_curriculum/curriculum261_api.py:1267: in _attach_features
    return attach_production_features(df)
           ^^^^^^^^^^^^^^^^^^^^^^^^^^^^^^
src/rl_curriculum/curriculum261_production_obs.py:160: in attach_production_features
    cls = load_route_c_strategy_class()
          ^^^^^^^^^^^^^^^^^^^^^^^^^^^^^
src/rl_curriculum/curriculum261_production_obs.py:124: in load_route_c_strategy_class
    spec.loader.exec_module(module)
<frozen importlib._bootstrap_external>:940: in exec_module
    ???
<frozen importlib._bootstrap>:241: in _call_with_frames_removed
    ???
_ _ _ _ _ _ _ _ _ _ _ _ _ _ _ _ _ _ _ _ _ _ _ _ _ _ _ _ _ _ _ _ _ _ _ _ _ _ _ _ 

    """阶段 2.5.2a 路线 C:Freqtrade 策略薄适配层(execution_mode=market_open_causal)。
    
    特征:少量因果特征(收益/滚动波动率/价格相对均值/原始 OHLC 供环境用),
    全部只使用当前及过去数据;目标仓位列 &-target_position 由 RouteCModel
    顺序推理填充。
    
    阶段 2.5.2a 改造(工作包 B):
    - 订单类型改为 market(入场/退出均市场订单):成交价由回测器/交易所决定,
      回测中市场单以执行 bar 的 open 成交(backtesting.py:1039-1057 仅 limit
      分支调用 custom_entry_price;:596 exit_signal 的 close_rate=row[OPEN_IDX];
      :551-567 信号 shift(1)),与环境 market_open_causal 合同在
      simulated_slippage_bps=0 时逐笔对齐;
    - 移除 custom_entry_price / custom_exit_price / _route_c_bars 执行 K 线
      high/low 缓存(阶段 2.5.2 bar 内调价合同依赖执行 K 线最终 high/low,
      属未来信息,已废弃为 legacy_noncausal_not_for_training);
    - simulated_slippage_bps 只属于训练与离线压力环境,不得改变 live 市场订单
      价格;Freqtrade live 使用交易所真实回报价格;
    - amount_epsilon 与 RouteCModel 从同一最终配置 freqai.route_c.amount_epsilon
      读取(工作包 E),所有执行状态读取都通过 route_c_amount_epsilon 传参。
    
    保留(阶段 2.5.2 工作包 B):
    - live 只处理最新一行(signal_convert.latest_row_signals);
    - adjust_entry_price / adjust_exit_price 官方扩展点的目标反转取消
      (None = 取消且不替换);do_predict != 1 时维持挂单。
    
    成交时机完全交给 Freqtrade 回测引擎自身的 shift(1)(open[t+1]),
    本层不加额外 shift。
    """
    
    import sys
    from pathlib import Path
    
    from pandas import DataFrame
    
>   from freqtrade.enums import RunMode
E   ModuleNotFoundError: No module named 'freqtrade'

user_data/strategies/RouteCStrategy.py:35: ModuleNotFoundError
_______________ test_recorder_exception_never_breaks_generation ________________

    def test_recorder_exception_never_breaks_generation():
        """recorder 抛异常必须被吞掉(证据路径 fail-open)。"""
        class BadRecorder:
            call_envelope = {"digest": "x"}
            attempt_envelopes = []
    
            def record(self, event, payload):
                raise RuntimeError("recorder boom")
    
        rp = _rung_params("c1_opportunity", "D0")
>       episodes, log = generate_pair_with_attempts(
            family_specs()["c1_opportunity"].generator, rp, namespace=NS,
            family="c1_opportunity", rung="D0", pair_index=0,
            structural_validator=pair_acceptance_contract("c1_opportunity"),
            recorder=BadRecorder())

tests/route_c_stage2_6_1/test_curriculum261_r11_envelope.py:254: 
_ _ _ _ _ _ _ _ _ _ _ _ _ _ _ _ _ _ _ _ _ _ _ _ _ _ _ _ _ _ _ _ _ _ _ _ _ _ _ _ 
src/rl_curriculum/curriculum261_api.py:1504: in generate_pair_with_attempts
    episodes[side] = generator.generate(
src/rl_curriculum/generator_api.py:186: in generate
    df = self._attach_features(df)
         ^^^^^^^^^^^^^^^^^^^^^^^^^
src/rl_curriculum/curriculum261_api.py:1267: in _attach_features
    return attach_production_features(df)
           ^^^^^^^^^^^^^^^^^^^^^^^^^^^^^^
src/rl_curriculum/curriculum261_production_obs.py:160: in attach_production_features
    cls = load_route_c_strategy_class()
          ^^^^^^^^^^^^^^^^^^^^^^^^^^^^^
src/rl_curriculum/curriculum261_production_obs.py:124: in load_route_c_strategy_class
    spec.loader.exec_module(module)
<frozen importlib._bootstrap_external>:940: in exec_module
    ???
<frozen importlib._bootstrap>:241: in _call_with_frames_removed
    ???
_ _ _ _ _ _ _ _ _ _ _ _ _ _ _ _ _ _ _ _ _ _ _ _ _ _ _ _ _ _ _ _ _ _ _ _ _ _ _ _ 

    """阶段 2.5.2a 路线 C:Freqtrade 策略薄适配层(execution_mode=market_open_causal)。
    
    特征:少量因果特征(收益/滚动波动率/价格相对均值/原始 OHLC 供环境用),
    全部只使用当前及过去数据;目标仓位列 &-target_position 由 RouteCModel
    顺序推理填充。
    
    阶段 2.5.2a 改造(工作包 B):
    - 订单类型改为 market(入场/退出均市场订单):成交价由回测器/交易所决定,
      回测中市场单以执行 bar 的 open 成交(backtesting.py:1039-1057 仅 limit
      分支调用 custom_entry_price;:596 exit_signal 的 close_rate=row[OPEN_IDX];
      :551-567 信号 shift(1)),与环境 market_open_causal 合同在
      simulated_slippage_bps=0 时逐笔对齐;
    - 移除 custom_entry_price / custom_exit_price / _route_c_bars 执行 K 线
      high/low 缓存(阶段 2.5.2 bar 内调价合同依赖执行 K 线最终 high/low,
      属未来信息,已废弃为 legacy_noncausal_not_for_training);
    - simulated_slippage_bps 只属于训练与离线压力环境,不得改变 live 市场订单
      价格;Freqtrade live 使用交易所真实回报价格;
    - amount_epsilon 与 RouteCModel 从同一最终配置 freqai.route_c.amount_epsilon
      读取(工作包 E),所有执行状态读取都通过 route_c_amount_epsilon 传参。
    
    保留(阶段 2.5.2 工作包 B):
    - live 只处理最新一行(signal_convert.latest_row_signals);
    - adjust_entry_price / adjust_exit_price 官方扩展点的目标反转取消
      (None = 取消且不替换);do_predict != 1 时维持挂单。
    
    成交时机完全交给 Freqtrade 回测引擎自身的 shift(1)(open[t+1]),
    本层不加额外 shift。
    """
    
    import sys
    from pathlib import Path
    
    from pandas import DataFrame
    
>   from freqtrade.enums import RunMode
E   ModuleNotFoundError: No module named 'freqtrade'

user_data/strategies/RouteCStrategy.py:35: ModuleNotFoundError
____________________ test_ledger_sink_records_all_attempts _____________________

tmp_path = PosixPath('/tmp/pytest-of-cryptorl/pytest-0/test_ledger_sink_records_all_a0')

    def test_ledger_sink_records_all_attempts(tmp_path):
        path = tmp_path / "ledger.jsonl"
        with envelope_sink(ledger_sink_factory(path, stage_label="t")):
            rp = _rung_params("c3_cost", "D0")
>           generate_pair_with_attempts(
                family_specs()["c3_cost"].generator, rp, namespace=NS,
                family="c3_cost", rung="D0", pair_index=4,
                structural_validator=pair_acceptance_contract("c3_cost"))

tests/route_c_stage2_6_1/test_curriculum261_r11_envelope.py:268: 
_ _ _ _ _ _ _ _ _ _ _ _ _ _ _ _ _ _ _ _ _ _ _ _ _ _ _ _ _ _ _ _ _ _ _ _ _ _ _ _ 
src/rl_curriculum/curriculum261_api.py:1504: in generate_pair_with_attempts
    episodes[side] = generator.generate(
src/rl_curriculum/generator_api.py:186: in generate
    df = self._attach_features(df)
         ^^^^^^^^^^^^^^^^^^^^^^^^^
src/rl_curriculum/curriculum261_api.py:1267: in _attach_features
    return attach_production_features(df)
           ^^^^^^^^^^^^^^^^^^^^^^^^^^^^^^
src/rl_curriculum/curriculum261_production_obs.py:160: in attach_production_features
    cls = load_route_c_strategy_class()
          ^^^^^^^^^^^^^^^^^^^^^^^^^^^^^
src/rl_curriculum/curriculum261_production_obs.py:124: in load_route_c_strategy_class
    spec.loader.exec_module(module)
<frozen importlib._bootstrap_external>:940: in exec_module
    ???
<frozen importlib._bootstrap>:241: in _call_with_frames_removed
    ???
_ _ _ _ _ _ _ _ _ _ _ _ _ _ _ _ _ _ _ _ _ _ _ _ _ _ _ _ _ _ _ _ _ _ _ _ _ _ _ _ 

    """阶段 2.5.2a 路线 C:Freqtrade 策略薄适配层(execution_mode=market_open_causal)。
    
    特征:少量因果特征(收益/滚动波动率/价格相对均值/原始 OHLC 供环境用),
    全部只使用当前及过去数据;目标仓位列 &-target_position 由 RouteCModel
    顺序推理填充。
    
    阶段 2.5.2a 改造(工作包 B):
    - 订单类型改为 market(入场/退出均市场订单):成交价由回测器/交易所决定,
      回测中市场单以执行 bar 的 open 成交(backtesting.py:1039-1057 仅 limit
      分支调用 custom_entry_price;:596 exit_signal 的 close_rate=row[OPEN_IDX];
      :551-567 信号 shift(1)),与环境 market_open_causal 合同在
      simulated_slippage_bps=0 时逐笔对齐;
    - 移除 custom_entry_price / custom_exit_price / _route_c_bars 执行 K 线
      high/low 缓存(阶段 2.5.2 bar 内调价合同依赖执行 K 线最终 high/low,
      属未来信息,已废弃为 legacy_noncausal_not_for_training);
    - simulated_slippage_bps 只属于训练与离线压力环境,不得改变 live 市场订单
      价格;Freqtrade live 使用交易所真实回报价格;
    - amount_epsilon 与 RouteCModel 从同一最终配置 freqai.route_c.amount_epsilon
      读取(工作包 E),所有执行状态读取都通过 route_c_amount_epsilon 传参。
    
    保留(阶段 2.5.2 工作包 B):
    - live 只处理最新一行(signal_convert.latest_row_signals);
    - adjust_entry_price / adjust_exit_price 官方扩展点的目标反转取消
      (None = 取消且不替换);do_predict != 1 时维持挂单。
    
    成交时机完全交给 Freqtrade 回测引擎自身的 shift(1)(open[t+1]),
    本层不加额外 shift。
    """
    
    import sys
    from pathlib import Path
    
    from pandas import DataFrame
    
>   from freqtrade.enums import RunMode
E   ModuleNotFoundError: No module named 'freqtrade'

user_data/strategies/RouteCStrategy.py:35: ModuleNotFoundError
____________________________ test_no_sink_no_ledger ____________________________

tmp_path = PosixPath('/tmp/pytest-of-cryptorl/pytest-0/test_no_sink_no_ledger0')

    def test_no_sink_no_ledger(tmp_path):
        """sink 未打开时生成照常且无台账(历史路径零影响)。"""
        rp = _rung_params("c2_context", "D0")
>       episodes, log = generate_pair_with_attempts(
            family_specs()["c2_context"].generator, rp, namespace=NS,
            family="c2_context", rung="D0", pair_index=0,
            structural_validator=pair_acceptance_contract("c2_context"))

tests/route_c_stage2_6_1/test_curriculum261_r11_envelope.py:287: 
_ _ _ _ _ _ _ _ _ _ _ _ _ _ _ _ _ _ _ _ _ _ _ _ _ _ _ _ _ _ _ _ _ _ _ _ _ _ _ _ 
src/rl_curriculum/curriculum261_api.py:1504: in generate_pair_with_attempts
    episodes[side] = generator.generate(
src/rl_curriculum/generator_api.py:186: in generate
    df = self._attach_features(df)
         ^^^^^^^^^^^^^^^^^^^^^^^^^
src/rl_curriculum/curriculum261_api.py:1267: in _attach_features
    return attach_production_features(df)
           ^^^^^^^^^^^^^^^^^^^^^^^^^^^^^^
src/rl_curriculum/curriculum261_production_obs.py:160: in attach_production_features
    cls = load_route_c_strategy_class()
          ^^^^^^^^^^^^^^^^^^^^^^^^^^^^^
src/rl_curriculum/curriculum261_production_obs.py:124: in load_route_c_strategy_class
    spec.loader.exec_module(module)
<frozen importlib._bootstrap_external>:940: in exec_module
    ???
<frozen importlib._bootstrap>:241: in _call_with_frames_removed
    ???
_ _ _ _ _ _ _ _ _ _ _ _ _ _ _ _ _ _ _ _ _ _ _ _ _ _ _ _ _ _ _ _ _ _ _ _ _ _ _ _ 

    """阶段 2.5.2a 路线 C:Freqtrade 策略薄适配层(execution_mode=market_open_causal)。
    
    特征:少量因果特征(收益/滚动波动率/价格相对均值/原始 OHLC 供环境用),
    全部只使用当前及过去数据;目标仓位列 &-target_position 由 RouteCModel
    顺序推理填充。
    
    阶段 2.5.2a 改造(工作包 B):
    - 订单类型改为 market(入场/退出均市场订单):成交价由回测器/交易所决定,
      回测中市场单以执行 bar 的 open 成交(backtesting.py:1039-1057 仅 limit
      分支调用 custom_entry_price;:596 exit_signal 的 close_rate=row[OPEN_IDX];
      :551-567 信号 shift(1)),与环境 market_open_causal 合同在
      simulated_slippage_bps=0 时逐笔对齐;
    - 移除 custom_entry_price / custom_exit_price / _route_c_bars 执行 K 线
      high/low 缓存(阶段 2.5.2 bar 内调价合同依赖执行 K 线最终 high/low,
      属未来信息,已废弃为 legacy_noncausal_not_for_training);
    - simulated_slippage_bps 只属于训练与离线压力环境,不得改变 live 市场订单
      价格;Freqtrade live 使用交易所真实回报价格;
    - amount_epsilon 与 RouteCModel 从同一最终配置 freqai.route_c.amount_epsilon
      读取(工作包 E),所有执行状态读取都通过 route_c_amount_epsilon 传参。
    
    保留(阶段 2.5.2 工作包 B):
    - live 只处理最新一行(signal_convert.latest_row_signals);
    - adjust_entry_price / adjust_exit_price 官方扩展点的目标反转取消
      (None = 取消且不替换);do_predict != 1 时维持挂单。
    
    成交时机完全交给 Freqtrade 回测引擎自身的 shift(1)(open[t+1]),
    本层不加额外 shift。
    """
    
    import sys
    from pathlib import Path
    
    from pandas import DataFrame
    
>   from freqtrade.enums import RunMode
E   ModuleNotFoundError: No module named 'freqtrade'

user_data/strategies/RouteCStrategy.py:35: ModuleNotFoundError
___________ test_calibrate_wrapper_writes_aborted_and_dumps_evidence ___________

tmp_path = PosixPath('/tmp/pytest-of-cryptorl/pytest-0/test_calibrate_wrapper_writes_0')
r11_lock_dir = PosixPath('/tmp/pytest-of-cryptorl/pytest-0/test_calibrate_wrapper_writes_0')
monkeypatch = <_pytest.monkeypatch.MonkeyPatch object at 0x754f98a1f890>

    def test_calibrate_wrapper_writes_aborted_and_dumps_evidence(
            tmp_path, r11_lock_dir, monkeypatch):
        """构造 PairGenerationError:外层必须落盘 envelopes + abort marker
        + re-raise(R10 缺口闭合)。"""
    
        def _boom(*a, **k):
            from rl_curriculum.curriculum261_api import (
                PairGenerationError,
                generate_pair_with_attempts,
            )
            from rl_curriculum.curriculum261_pairs import (
                family_specs,
                pair_acceptance_contract,
            )
            rp = dict(family_specs()["c3_cost"].rung_params["D0"])
            rp["cur261_rung"] = "D0"
            rp["distractor_rate"] = 0.0
            rp["cue_rate"] = 0.05
            from rl_curriculum.curriculum261_generation_envelope import (
                EnvelopeRecorder,
            )
            rec = EnvelopeRecorder(
                iteration="r11", namespace="stress_r11", family="c3_cost",
                rung="D0", pair_index=9, rung_params=rp)
            try:
                generate_pair_with_attempts(
                    family_specs()["c3_cost"].generator, rp,
                    namespace="stress_r11", family="c3_cost", rung="D0",
                    pair_index=9,
                    structural_validator=pair_acceptance_contract("c3_cost"),
                    recorder=rec)
            except PairGenerationError as exc:
                raise exc
            raise AssertionError("应当抛 PairGenerationError")
    
        import rl_curriculum.curriculum261_r11_cli as cli
    
        monkeypatch.setattr(
            cli, "_cmd_calibrate_inner",
            lambda args, out: _boom(), raising=True)
        args = type("A", (), {"out_dir": str(tmp_path)})()
        with pytest.raises(Exception):
            cli.cmd_calibrate(args)
        # abort marker 已写
        assert (r11_lock_dir / "r11_iteration_aborted.json").is_file()
        marker = json.loads(
            (r11_lock_dir / "r11_iteration_aborted.json").read_text(
                encoding="utf-8"))
        assert marker["iteration"] == "r11"
        assert "calibrate 阶段执行异常" in marker["reason"]
        # 证据文件已落盘(5 个 attempt envelopes)
        ev_files = list(
            tmp_path.glob("generation_failure_envelopes_calibrate_*.json"))
>       assert ev_files, "PairGenerationError 证据必须在 abort 前落盘"
E       AssertionError: PairGenerationError 证据必须在 abort 前落盘
E       assert []

tests/route_c_stage2_6_1/test_curriculum261_r11_governance.py:198: AssertionError
_______________ test_same_invocation_after_preprocessing_battery _______________

tmp_path = PosixPath('/tmp/pytest-of-cryptorl/pytest-0/test_same_invocation_after_pre1')

    def test_same_invocation_after_preprocessing_battery(tmp_path):
        base = _base(tmp_path)
        got = _extract(_probe(
            tmp_path, "battery", target="r12",
            prelude="preprocessing_battery"))
>       assert got["attempt_digests"] == base["attempt_digests"]
E       assert None == []

tests/route_c_stage2_6_1/test_curriculum261_r12_determinism.py:72: AssertionError
________________ test_same_invocation_after_main_holdout_bundle ________________

tmp_path = PosixPath('/tmp/pytest-of-cryptorl/pytest-0/test_same_invocation_after_mai1')

    def test_same_invocation_after_main_holdout_bundle(tmp_path):
        base = _base(tmp_path)
        got = _extract(_probe(
            tmp_path, "bundles", target="r12",
            prelude="main_holdout_bundle_flow"))
>       assert got["attempt_digests"] == base["attempt_digests"]
E       assert None == []

tests/route_c_stage2_6_1/test_curriculum261_r12_determinism.py:81: AssertionError
______________ test_family_specs_singleton_not_polluted_by_calls _______________

tmp_path = PosixPath('/tmp/pytest-of-cryptorl/pytest-0/test_family_specs_singleton_no1')

    def test_family_specs_singleton_not_polluted_by_calls(tmp_path):
        """c1/c2/c3/matched 依次生成后,单例状态摘要回到初始。"""
        code = r"""
    import sys, json
    sys.path.insert(0, %r)
    from rl_curriculum.curriculum261_generation_envelope import (
        generator_state_digest, family_spec_identity, stable_digest)
    from rl_curriculum.curriculum261_pairs import family_specs, generate_pair
    from rl_curriculum.curriculum261_r6_tape import (
        generate_matched_block_with_attempts,
    )
    before = {f: generator_state_digest(s.generator)
              for f, s in sorted(family_specs().items())}
    for fam in ("c1_opportunity", "c2_context", "c3_cost"):
        generate_pair(fam, "D1", 0, namespace="stress_r12")
    ladder = {r: dict(family_specs()["c2_context"].rung_params[r])
              for r in ("D0", "D1", "D2", "D3")}
    generate_matched_block_with_attempts(
        ladder, namespace="stress_r12", block_index=0)
    after = {f: generator_state_digest(s.generator)
             for f, s in sorted(family_specs().items())}
    print(json.dumps({"before": before, "after": after,
                      "clean": before == after}))
    """ % str(DET_MOD.parents[2] / "src")
        import subprocess
    
        proc = subprocess.run(
            [sys.executable, "-c", code], capture_output=True, text=True,
            timeout=900)
>       assert proc.returncode == 0, proc.stderr[-500:]
E       AssertionError: ptorl/projects/crypto_rl/src/rl_curriculum/curriculum261_production_obs.py", line 124, in load_route_c_strategy_class
E             spec.loader.exec_module(module)
E           File "<frozen importlib._bootstrap_external>", line 940, in exec_module
E           File "<frozen importlib._bootstrap>", line 241, in _call_with_frames_removed
E           File "/home/cryptorl/projects/crypto_rl/user_data/strategies/RouteCStrategy.py", line 35, in <module>
E             from freqtrade.enums import RunMode
E         ModuleNotFoundError: No module named 'freqtrade'
E         
E       assert 1 == 0
E        +  where 1 = CompletedProcess(args=['/home/cryptorl/miniforge3/envs/crypto-rl/bin/python', '-c', '\nimport sys, json\nsys.path.inse..., line 35, in <module>\n    from freqtrade.enums import RunMode\nModuleNotFoundError: No module named \'freqtrade\'\n').returncode

tests/route_c_stage2_6_1/test_curriculum261_r12_determinism.py:114: AssertionError
______________________ test_r10_five_attempt_seeds_replay ______________________

tmp_path = PosixPath('/tmp/pytest-of-cryptorl/pytest-0/test_r10_five_attempt_seeds_re1')

    def test_r10_five_attempt_seeds_replay(tmp_path):
        """R10 正式失败的五个 outer attempt seeds 逐一重放(确定性)。
    
        重放按 first_pass 停止:若 attempt 0 即接受,则只执行 1 个
        attempt —— 派生一致性按前缀逐位比较。
        """
        res = _probe(tmp_path, "r10", target="r10")
        assert res["ok"], res.get("stderr_tail", "")
        got = _extract(res)
        seeds = got["attempt_outer_seeds"]
>       assert seeds, "至少重放一个 attempt"
E       AssertionError: 至少重放一个 attempt
E       assert []

tests/route_c_stage2_6_1/test_curriculum261_r12_determinism.py:130: AssertionError
____________________ test_stress_r12_target_seeds_derivable ____________________

    def test_stress_r12_target_seeds_derivable():
        """矩阵目标调用的 outer seeds 可从派生字段独立复算。"""
        base = _base(__import__("tempfile").mkdtemp())
        for seed in base["attempt_outer_seeds"]:
            assert isinstance(seed, int)
        q = derive261_seed("stress_r12", "c3_cost", "D0", 3, 0)
>       assert base["attempt_outer_seeds"][0] == q
               ^^^^^^^^^^^^^^^^^^^^^^^^^^^^^^
E       IndexError: list index out of range

tests/route_c_stage2_6_1/test_curriculum261_r12_determinism.py:155: IndexError
______________________ test_envelope_canonical_roundtrip _______________________

tmp_path = PosixPath('/tmp/pytest-of-cryptorl/pytest-0/test_envelope_canonical_roundt1')

    def test_envelope_canonical_roundtrip(tmp_path):
>       rec = _recorded()
              ^^^^^^^^^^^

tests/route_c_stage2_6_1/test_curriculum261_r12_envelope.py:70: 
_ _ _ _ _ _ _ _ _ _ _ _ _ _ _ _ _ _ _ _ _ _ _ _ _ _ _ _ _ _ _ _ _ _ _ _ _ _ _ _ 
tests/route_c_stage2_6_1/test_curriculum261_r12_envelope.py:60: in _recorded
    generate_pair_with_attempts(
src/rl_curriculum/curriculum261_api.py:1504: in generate_pair_with_attempts
    episodes[side] = generator.generate(
src/rl_curriculum/generator_api.py:186: in generate
    df = self._attach_features(df)
         ^^^^^^^^^^^^^^^^^^^^^^^^^
src/rl_curriculum/curriculum261_api.py:1267: in _attach_features
    return attach_production_features(df)
           ^^^^^^^^^^^^^^^^^^^^^^^^^^^^^^
src/rl_curriculum/curriculum261_production_obs.py:160: in attach_production_features
    cls = load_route_c_strategy_class()
          ^^^^^^^^^^^^^^^^^^^^^^^^^^^^^
src/rl_curriculum/curriculum261_production_obs.py:124: in load_route_c_strategy_class
    spec.loader.exec_module(module)
<frozen importlib._bootstrap_external>:940: in exec_module
    ???
<frozen importlib._bootstrap>:241: in _call_with_frames_removed
    ???
_ _ _ _ _ _ _ _ _ _ _ _ _ _ _ _ _ _ _ _ _ _ _ _ _ _ _ _ _ _ _ _ _ _ _ _ _ _ _ _ 

    """阶段 2.5.2a 路线 C:Freqtrade 策略薄适配层(execution_mode=market_open_causal)。
    
    特征:少量因果特征(收益/滚动波动率/价格相对均值/原始 OHLC 供环境用),
    全部只使用当前及过去数据;目标仓位列 &-target_position 由 RouteCModel
    顺序推理填充。
    
    阶段 2.5.2a 改造(工作包 B):
    - 订单类型改为 market(入场/退出均市场订单):成交价由回测器/交易所决定,
      回测中市场单以执行 bar 的 open 成交(backtesting.py:1039-1057 仅 limit
      分支调用 custom_entry_price;:596 exit_signal 的 close_rate=row[OPEN_IDX];
      :551-567 信号 shift(1)),与环境 market_open_causal 合同在
      simulated_slippage_bps=0 时逐笔对齐;
    - 移除 custom_entry_price / custom_exit_price / _route_c_bars 执行 K 线
      high/low 缓存(阶段 2.5.2 bar 内调价合同依赖执行 K 线最终 high/low,
      属未来信息,已废弃为 legacy_noncausal_not_for_training);
    - simulated_slippage_bps 只属于训练与离线压力环境,不得改变 live 市场订单
      价格;Freqtrade live 使用交易所真实回报价格;
    - amount_epsilon 与 RouteCModel 从同一最终配置 freqai.route_c.amount_epsilon
      读取(工作包 E),所有执行状态读取都通过 route_c_amount_epsilon 传参。
    
    保留(阶段 2.5.2 工作包 B):
    - live 只处理最新一行(signal_convert.latest_row_signals);
    - adjust_entry_price / adjust_exit_price 官方扩展点的目标反转取消
      (None = 取消且不替换);do_predict != 1 时维持挂单。
    
    成交时机完全交给 Freqtrade 回测引擎自身的 shift(1)(open[t+1]),
    本层不加额外 shift。
    """
    
    import sys
    from pathlib import Path
    
    from pandas import DataFrame
    
>   from freqtrade.enums import RunMode
E   ModuleNotFoundError: No module named 'freqtrade'

user_data/strategies/RouteCStrategy.py:35: ModuleNotFoundError
_________________________ test_call_envelope_roundtrip _________________________

tmp_path = PosixPath('/tmp/pytest-of-cryptorl/pytest-0/test_call_envelope_roundtrip1')

    def test_call_envelope_roundtrip(tmp_path):
>       rec = _recorded()
              ^^^^^^^^^^^

tests/route_c_stage2_6_1/test_curriculum261_r12_envelope.py:79: 
_ _ _ _ _ _ _ _ _ _ _ _ _ _ _ _ _ _ _ _ _ _ _ _ _ _ _ _ _ _ _ _ _ _ _ _ _ _ _ _ 
tests/route_c_stage2_6_1/test_curriculum261_r12_envelope.py:60: in _recorded
    generate_pair_with_attempts(
src/rl_curriculum/curriculum261_api.py:1504: in generate_pair_with_attempts
    episodes[side] = generator.generate(
src/rl_curriculum/generator_api.py:186: in generate
    df = self._attach_features(df)
         ^^^^^^^^^^^^^^^^^^^^^^^^^
src/rl_curriculum/curriculum261_api.py:1267: in _attach_features
    return attach_production_features(df)
           ^^^^^^^^^^^^^^^^^^^^^^^^^^^^^^
src/rl_curriculum/curriculum261_production_obs.py:160: in attach_production_features
    cls = load_route_c_strategy_class()
          ^^^^^^^^^^^^^^^^^^^^^^^^^^^^^
src/rl_curriculum/curriculum261_production_obs.py:124: in load_route_c_strategy_class
    spec.loader.exec_module(module)
<frozen importlib._bootstrap_external>:940: in exec_module
    ???
<frozen importlib._bootstrap>:241: in _call_with_frames_removed
    ???
_ _ _ _ _ _ _ _ _ _ _ _ _ _ _ _ _ _ _ _ _ _ _ _ _ _ _ _ _ _ _ _ _ _ _ _ _ _ _ _ 

    """阶段 2.5.2a 路线 C:Freqtrade 策略薄适配层(execution_mode=market_open_causal)。
    
    特征:少量因果特征(收益/滚动波动率/价格相对均值/原始 OHLC 供环境用),
    全部只使用当前及过去数据;目标仓位列 &-target_position 由 RouteCModel
    顺序推理填充。
    
    阶段 2.5.2a 改造(工作包 B):
    - 订单类型改为 market(入场/退出均市场订单):成交价由回测器/交易所决定,
      回测中市场单以执行 bar 的 open 成交(backtesting.py:1039-1057 仅 limit
      分支调用 custom_entry_price;:596 exit_signal 的 close_rate=row[OPEN_IDX];
      :551-567 信号 shift(1)),与环境 market_open_causal 合同在
      simulated_slippage_bps=0 时逐笔对齐;
    - 移除 custom_entry_price / custom_exit_price / _route_c_bars 执行 K 线
      high/low 缓存(阶段 2.5.2 bar 内调价合同依赖执行 K 线最终 high/low,
      属未来信息,已废弃为 legacy_noncausal_not_for_training);
    - simulated_slippage_bps 只属于训练与离线压力环境,不得改变 live 市场订单
      价格;Freqtrade live 使用交易所真实回报价格;
    - amount_epsilon 与 RouteCModel 从同一最终配置 freqai.route_c.amount_epsilon
      读取(工作包 E),所有执行状态读取都通过 route_c_amount_epsilon 传参。
    
    保留(阶段 2.5.2 工作包 B):
    - live 只处理最新一行(signal_convert.latest_row_signals);
    - adjust_entry_price / adjust_exit_price 官方扩展点的目标反转取消
      (None = 取消且不替换);do_predict != 1 时维持挂单。
    
    成交时机完全交给 Freqtrade 回测引擎自身的 shift(1)(open[t+1]),
    本层不加额外 shift。
    """
    
    import sys
    from pathlib import Path
    
    from pandas import DataFrame
    
>   from freqtrade.enums import RunMode
E   ModuleNotFoundError: No module named 'freqtrade'

user_data/strategies/RouteCStrategy.py:35: ModuleNotFoundError
________________________ test_envelope_tamper_rejected _________________________

    def test_envelope_tamper_rejected():
>       rec = _recorded()
              ^^^^^^^^^^^

tests/route_c_stage2_6_1/test_curriculum261_r12_envelope.py:101: 
_ _ _ _ _ _ _ _ _ _ _ _ _ _ _ _ _ _ _ _ _ _ _ _ _ _ _ _ _ _ _ _ _ _ _ _ _ _ _ _ 
tests/route_c_stage2_6_1/test_curriculum261_r12_envelope.py:60: in _recorded
    generate_pair_with_attempts(
src/rl_curriculum/curriculum261_api.py:1504: in generate_pair_with_attempts
    episodes[side] = generator.generate(
src/rl_curriculum/generator_api.py:186: in generate
    df = self._attach_features(df)
         ^^^^^^^^^^^^^^^^^^^^^^^^^
src/rl_curriculum/curriculum261_api.py:1267: in _attach_features
    return attach_production_features(df)
           ^^^^^^^^^^^^^^^^^^^^^^^^^^^^^^
src/rl_curriculum/curriculum261_production_obs.py:160: in attach_production_features
    cls = load_route_c_strategy_class()
          ^^^^^^^^^^^^^^^^^^^^^^^^^^^^^
src/rl_curriculum/curriculum261_production_obs.py:124: in load_route_c_strategy_class
    spec.loader.exec_module(module)
<frozen importlib._bootstrap_external>:940: in exec_module
    ???
<frozen importlib._bootstrap>:241: in _call_with_frames_removed
    ???
_ _ _ _ _ _ _ _ _ _ _ _ _ _ _ _ _ _ _ _ _ _ _ _ _ _ _ _ _ _ _ _ _ _ _ _ _ _ _ _ 

    """阶段 2.5.2a 路线 C:Freqtrade 策略薄适配层(execution_mode=market_open_causal)。
    
    特征:少量因果特征(收益/滚动波动率/价格相对均值/原始 OHLC 供环境用),
    全部只使用当前及过去数据;目标仓位列 &-target_position 由 RouteCModel
    顺序推理填充。
    
    阶段 2.5.2a 改造(工作包 B):
    - 订单类型改为 market(入场/退出均市场订单):成交价由回测器/交易所决定,
      回测中市场单以执行 bar 的 open 成交(backtesting.py:1039-1057 仅 limit
      分支调用 custom_entry_price;:596 exit_signal 的 close_rate=row[OPEN_IDX];
      :551-567 信号 shift(1)),与环境 market_open_causal 合同在
      simulated_slippage_bps=0 时逐笔对齐;
    - 移除 custom_entry_price / custom_exit_price / _route_c_bars 执行 K 线
      high/low 缓存(阶段 2.5.2 bar 内调价合同依赖执行 K 线最终 high/low,
      属未来信息,已废弃为 legacy_noncausal_not_for_training);
    - simulated_slippage_bps 只属于训练与离线压力环境,不得改变 live 市场订单
      价格;Freqtrade live 使用交易所真实回报价格;
    - amount_epsilon 与 RouteCModel 从同一最终配置 freqai.route_c.amount_epsilon
      读取(工作包 E),所有执行状态读取都通过 route_c_amount_epsilon 传参。
    
    保留(阶段 2.5.2 工作包 B):
    - live 只处理最新一行(signal_convert.latest_row_signals);
    - adjust_entry_price / adjust_exit_price 官方扩展点的目标反转取消
      (None = 取消且不替换);do_predict != 1 时维持挂单。
    
    成交时机完全交给 Freqtrade 回测引擎自身的 shift(1)(open[t+1]),
    本层不加额外 shift。
    """
    
    import sys
    from pathlib import Path
    
    from pandas import DataFrame
    
>   from freqtrade.enums import RunMode
E   ModuleNotFoundError: No module named 'freqtrade'

user_data/strategies/RouteCStrategy.py:35: ModuleNotFoundError
_____________ test_envelope_digest_recompute_detects_field_change ______________

    def test_envelope_digest_recompute_detects_field_change():
        from rl_curriculum.curriculum261_r12_determinism import (
            envelope_roundtrip_check,
        )
>       rec = _recorded()
              ^^^^^^^^^^^

tests/route_c_stage2_6_1/test_curriculum261_r12_envelope.py:119: 
_ _ _ _ _ _ _ _ _ _ _ _ _ _ _ _ _ _ _ _ _ _ _ _ _ _ _ _ _ _ _ _ _ _ _ _ _ _ _ _ 
tests/route_c_stage2_6_1/test_curriculum261_r12_envelope.py:60: in _recorded
    generate_pair_with_attempts(
src/rl_curriculum/curriculum261_api.py:1504: in generate_pair_with_attempts
    episodes[side] = generator.generate(
src/rl_curriculum/generator_api.py:186: in generate
    df = self._attach_features(df)
         ^^^^^^^^^^^^^^^^^^^^^^^^^
src/rl_curriculum/curriculum261_api.py:1267: in _attach_features
    return attach_production_features(df)
           ^^^^^^^^^^^^^^^^^^^^^^^^^^^^^^
src/rl_curriculum/curriculum261_production_obs.py:160: in attach_production_features
    cls = load_route_c_strategy_class()
          ^^^^^^^^^^^^^^^^^^^^^^^^^^^^^
src/rl_curriculum/curriculum261_production_obs.py:124: in load_route_c_strategy_class
    spec.loader.exec_module(module)
<frozen importlib._bootstrap_external>:940: in exec_module
    ???
<frozen importlib._bootstrap>:241: in _call_with_frames_removed
    ???
_ _ _ _ _ _ _ _ _ _ _ _ _ _ _ _ _ _ _ _ _ _ _ _ _ _ _ _ _ _ _ _ _ _ _ _ _ _ _ _ 

    """阶段 2.5.2a 路线 C:Freqtrade 策略薄适配层(execution_mode=market_open_causal)。
    
    特征:少量因果特征(收益/滚动波动率/价格相对均值/原始 OHLC 供环境用),
    全部只使用当前及过去数据;目标仓位列 &-target_position 由 RouteCModel
    顺序推理填充。
    
    阶段 2.5.2a 改造(工作包 B):
    - 订单类型改为 market(入场/退出均市场订单):成交价由回测器/交易所决定,
      回测中市场单以执行 bar 的 open 成交(backtesting.py:1039-1057 仅 limit
      分支调用 custom_entry_price;:596 exit_signal 的 close_rate=row[OPEN_IDX];
      :551-567 信号 shift(1)),与环境 market_open_causal 合同在
      simulated_slippage_bps=0 时逐笔对齐;
    - 移除 custom_entry_price / custom_exit_price / _route_c_bars 执行 K 线
      high/low 缓存(阶段 2.5.2 bar 内调价合同依赖执行 K 线最终 high/low,
      属未来信息,已废弃为 legacy_noncausal_not_for_training);
    - simulated_slippage_bps 只属于训练与离线压力环境,不得改变 live 市场订单
      价格;Freqtrade live 使用交易所真实回报价格;
    - amount_epsilon 与 RouteCModel 从同一最终配置 freqai.route_c.amount_epsilon
      读取(工作包 E),所有执行状态读取都通过 route_c_amount_epsilon 传参。
    
    保留(阶段 2.5.2 工作包 B):
    - live 只处理最新一行(signal_convert.latest_row_signals);
    - adjust_entry_price / adjust_exit_price 官方扩展点的目标反转取消
      (None = 取消且不替换);do_predict != 1 时维持挂单。
    
    成交时机完全交给 Freqtrade 回测引擎自身的 shift(1)(open[t+1]),
    本层不加额外 shift。
    """
    
    import sys
    from pathlib import Path
    
    from pandas import DataFrame
    
>   from freqtrade.enums import RunMode
E   ModuleNotFoundError: No module named 'freqtrade'

user_data/strategies/RouteCStrategy.py:35: ModuleNotFoundError
______________ test_generator_source_identity_recorded_and_stable ______________

    def test_generator_source_identity_recorded_and_stable():
>       rec = _recorded()
              ^^^^^^^^^^^

tests/route_c_stage2_6_1/test_curriculum261_r12_envelope.py:132: 
_ _ _ _ _ _ _ _ _ _ _ _ _ _ _ _ _ _ _ _ _ _ _ _ _ _ _ _ _ _ _ _ _ _ _ _ _ _ _ _ 
tests/route_c_stage2_6_1/test_curriculum261_r12_envelope.py:60: in _recorded
    generate_pair_with_attempts(
src/rl_curriculum/curriculum261_api.py:1504: in generate_pair_with_attempts
    episodes[side] = generator.generate(
src/rl_curriculum/generator_api.py:186: in generate
    df = self._attach_features(df)
         ^^^^^^^^^^^^^^^^^^^^^^^^^
src/rl_curriculum/curriculum261_api.py:1267: in _attach_features
    return attach_production_features(df)
           ^^^^^^^^^^^^^^^^^^^^^^^^^^^^^^
src/rl_curriculum/curriculum261_production_obs.py:160: in attach_production_features
    cls = load_route_c_strategy_class()
          ^^^^^^^^^^^^^^^^^^^^^^^^^^^^^
src/rl_curriculum/curriculum261_production_obs.py:124: in load_route_c_strategy_class
    spec.loader.exec_module(module)
<frozen importlib._bootstrap_external>:940: in exec_module
    ???
<frozen importlib._bootstrap>:241: in _call_with_frames_removed
    ???
_ _ _ _ _ _ _ _ _ _ _ _ _ _ _ _ _ _ _ _ _ _ _ _ _ _ _ _ _ _ _ _ _ _ _ _ _ _ _ _ 

    """阶段 2.5.2a 路线 C:Freqtrade 策略薄适配层(execution_mode=market_open_causal)。
    
    特征:少量因果特征(收益/滚动波动率/价格相对均值/原始 OHLC 供环境用),
    全部只使用当前及过去数据;目标仓位列 &-target_position 由 RouteCModel
    顺序推理填充。
    
    阶段 2.5.2a 改造(工作包 B):
    - 订单类型改为 market(入场/退出均市场订单):成交价由回测器/交易所决定,
      回测中市场单以执行 bar 的 open 成交(backtesting.py:1039-1057 仅 limit
      分支调用 custom_entry_price;:596 exit_signal 的 close_rate=row[OPEN_IDX];
      :551-567 信号 shift(1)),与环境 market_open_causal 合同在
      simulated_slippage_bps=0 时逐笔对齐;
    - 移除 custom_entry_price / custom_exit_price / _route_c_bars 执行 K 线
      high/low 缓存(阶段 2.5.2 bar 内调价合同依赖执行 K 线最终 high/low,
      属未来信息,已废弃为 legacy_noncausal_not_for_training);
    - simulated_slippage_bps 只属于训练与离线压力环境,不得改变 live 市场订单
      价格;Freqtrade live 使用交易所真实回报价格;
    - amount_epsilon 与 RouteCModel 从同一最终配置 freqai.route_c.amount_epsilon
      读取(工作包 E),所有执行状态读取都通过 route_c_amount_epsilon 传参。
    
    保留(阶段 2.5.2 工作包 B):
    - live 只处理最新一行(signal_convert.latest_row_signals);
    - adjust_entry_price / adjust_exit_price 官方扩展点的目标反转取消
      (None = 取消且不替换);do_predict != 1 时维持挂单。
    
    成交时机完全交给 Freqtrade 回测引擎自身的 shift(1)(open[t+1]),
    本层不加额外 shift。
    """
    
    import sys
    from pathlib import Path
    
    from pandas import DataFrame
    
>   from freqtrade.enums import RunMode
E   ModuleNotFoundError: No module named 'freqtrade'

user_data/strategies/RouteCStrategy.py:35: ModuleNotFoundError
____________________ test_generator_state_change_detectable ____________________

    def test_generator_state_change_detectable():
>       rec = _recorded()
              ^^^^^^^^^^^

tests/route_c_stage2_6_1/test_curriculum261_r12_envelope.py:149: 
_ _ _ _ _ _ _ _ _ _ _ _ _ _ _ _ _ _ _ _ _ _ _ _ _ _ _ _ _ _ _ _ _ _ _ _ _ _ _ _ 
tests/route_c_stage2_6_1/test_curriculum261_r12_envelope.py:60: in _recorded
    generate_pair_with_attempts(
src/rl_curriculum/curriculum261_api.py:1504: in generate_pair_with_attempts
    episodes[side] = generator.generate(
src/rl_curriculum/generator_api.py:186: in generate
    df = self._attach_features(df)
         ^^^^^^^^^^^^^^^^^^^^^^^^^
src/rl_curriculum/curriculum261_api.py:1267: in _attach_features
    return attach_production_features(df)
           ^^^^^^^^^^^^^^^^^^^^^^^^^^^^^^
src/rl_curriculum/curriculum261_production_obs.py:160: in attach_production_features
    cls = load_route_c_strategy_class()
          ^^^^^^^^^^^^^^^^^^^^^^^^^^^^^
src/rl_curriculum/curriculum261_production_obs.py:124: in load_route_c_strategy_class
    spec.loader.exec_module(module)
<frozen importlib._bootstrap_external>:940: in exec_module
    ???
<frozen importlib._bootstrap>:241: in _call_with_frames_removed
    ???
_ _ _ _ _ _ _ _ _ _ _ _ _ _ _ _ _ _ _ _ _ _ _ _ _ _ _ _ _ _ _ _ _ _ _ _ _ _ _ _ 

    """阶段 2.5.2a 路线 C:Freqtrade 策略薄适配层(execution_mode=market_open_causal)。
    
    特征:少量因果特征(收益/滚动波动率/价格相对均值/原始 OHLC 供环境用),
    全部只使用当前及过去数据;目标仓位列 &-target_position 由 RouteCModel
    顺序推理填充。
    
    阶段 2.5.2a 改造(工作包 B):
    - 订单类型改为 market(入场/退出均市场订单):成交价由回测器/交易所决定,
      回测中市场单以执行 bar 的 open 成交(backtesting.py:1039-1057 仅 limit
      分支调用 custom_entry_price;:596 exit_signal 的 close_rate=row[OPEN_IDX];
      :551-567 信号 shift(1)),与环境 market_open_causal 合同在
      simulated_slippage_bps=0 时逐笔对齐;
    - 移除 custom_entry_price / custom_exit_price / _route_c_bars 执行 K 线
      high/low 缓存(阶段 2.5.2 bar 内调价合同依赖执行 K 线最终 high/low,
      属未来信息,已废弃为 legacy_noncausal_not_for_training);
    - simulated_slippage_bps 只属于训练与离线压力环境,不得改变 live 市场订单
      价格;Freqtrade live 使用交易所真实回报价格;
    - amount_epsilon 与 RouteCModel 从同一最终配置 freqai.route_c.amount_epsilon
      读取(工作包 E),所有执行状态读取都通过 route_c_amount_epsilon 传参。
    
    保留(阶段 2.5.2 工作包 B):
    - live 只处理最新一行(signal_convert.latest_row_signals);
    - adjust_entry_price / adjust_exit_price 官方扩展点的目标反转取消
      (None = 取消且不替换);do_predict != 1 时维持挂单。
    
    成交时机完全交给 Freqtrade 回测引擎自身的 shift(1)(open[t+1]),
    本层不加额外 shift。
    """
    
    import sys
    from pathlib import Path
    
    from pandas import DataFrame
    
>   from freqtrade.enums import RunMode
E   ModuleNotFoundError: No module named 'freqtrade'

user_data/strategies/RouteCStrategy.py:35: ModuleNotFoundError
_____________ test_envelope_records_state_unchanged_in_clean_path ______________

    def test_envelope_records_state_unchanged_in_clean_path():
>       rec = _recorded()
              ^^^^^^^^^^^

tests/route_c_stage2_6_1/test_curriculum261_r12_envelope.py:166: 
_ _ _ _ _ _ _ _ _ _ _ _ _ _ _ _ _ _ _ _ _ _ _ _ _ _ _ _ _ _ _ _ _ _ _ _ _ _ _ _ 
tests/route_c_stage2_6_1/test_curriculum261_r12_envelope.py:60: in _recorded
    generate_pair_with_attempts(
src/rl_curriculum/curriculum261_api.py:1504: in generate_pair_with_attempts
    episodes[side] = generator.generate(
src/rl_curriculum/generator_api.py:186: in generate
    df = self._attach_features(df)
         ^^^^^^^^^^^^^^^^^^^^^^^^^
src/rl_curriculum/curriculum261_api.py:1267: in _attach_features
    return attach_production_features(df)
           ^^^^^^^^^^^^^^^^^^^^^^^^^^^^^^
src/rl_curriculum/curriculum261_production_obs.py:160: in attach_production_features
    cls = load_route_c_strategy_class()
          ^^^^^^^^^^^^^^^^^^^^^^^^^^^^^
src/rl_curriculum/curriculum261_production_obs.py:124: in load_route_c_strategy_class
    spec.loader.exec_module(module)
<frozen importlib._bootstrap_external>:940: in exec_module
    ???
<frozen importlib._bootstrap>:241: in _call_with_frames_removed
    ???
_ _ _ _ _ _ _ _ _ _ _ _ _ _ _ _ _ _ _ _ _ _ _ _ _ _ _ _ _ _ _ _ _ _ _ _ _ _ _ _ 

    """阶段 2.5.2a 路线 C:Freqtrade 策略薄适配层(execution_mode=market_open_causal)。
    
    特征:少量因果特征(收益/滚动波动率/价格相对均值/原始 OHLC 供环境用),
    全部只使用当前及过去数据;目标仓位列 &-target_position 由 RouteCModel
    顺序推理填充。
    
    阶段 2.5.2a 改造(工作包 B):
    - 订单类型改为 market(入场/退出均市场订单):成交价由回测器/交易所决定,
      回测中市场单以执行 bar 的 open 成交(backtesting.py:1039-1057 仅 limit
      分支调用 custom_entry_price;:596 exit_signal 的 close_rate=row[OPEN_IDX];
      :551-567 信号 shift(1)),与环境 market_open_causal 合同在
      simulated_slippage_bps=0 时逐笔对齐;
    - 移除 custom_entry_price / custom_exit_price / _route_c_bars 执行 K 线
      high/low 缓存(阶段 2.5.2 bar 内调价合同依赖执行 K 线最终 high/low,
      属未来信息,已废弃为 legacy_noncausal_not_for_training);
    - simulated_slippage_bps 只属于训练与离线压力环境,不得改变 live 市场订单
      价格;Freqtrade live 使用交易所真实回报价格;
    - amount_epsilon 与 RouteCModel 从同一最终配置 freqai.route_c.amount_epsilon
      读取(工作包 E),所有执行状态读取都通过 route_c_amount_epsilon 传参。
    
    保留(阶段 2.5.2 工作包 B):
    - live 只处理最新一行(signal_convert.latest_row_signals);
    - adjust_entry_price / adjust_exit_price 官方扩展点的目标反转取消
      (None = 取消且不替换);do_predict != 1 时维持挂单。
    
    成交时机完全交给 Freqtrade 回测引擎自身的 shift(1)(open[t+1]),
    本层不加额外 shift。
    """
    
    import sys
    from pathlib import Path
    
    from pandas import DataFrame
    
>   from freqtrade.enums import RunMode
E   ModuleNotFoundError: No module named 'freqtrade'

user_data/strategies/RouteCStrategy.py:35: ModuleNotFoundError
_______ test_generator_call_does_not_mutate_input_params[c1_opportunity] _______

family = 'c1_opportunity'

    @pytest.mark.parametrize("family", [
        "c1_opportunity", "c2_context", "c3_cost"])
    def test_generator_call_does_not_mutate_input_params(family):
        rp = _rung_params(family, "D1")
        snap = canonical_json(rp)
        rec = EnvelopeRecorder(
            iteration="r12", namespace=NS, family=family, rung="D1",
            pair_index=0, rung_params=rp)
>       generate_pair_with_attempts(
            family_specs()[family].generator, rp, namespace=NS, family=family,
            rung="D1", pair_index=0,
            structural_validator=pair_acceptance_contract(family),
            recorder=rec)

tests/route_c_stage2_6_1/test_curriculum261_r12_envelope.py:181: 
_ _ _ _ _ _ _ _ _ _ _ _ _ _ _ _ _ _ _ _ _ _ _ _ _ _ _ _ _ _ _ _ _ _ _ _ _ _ _ _ 
src/rl_curriculum/curriculum261_api.py:1504: in generate_pair_with_attempts
    episodes[side] = generator.generate(
src/rl_curriculum/generator_api.py:186: in generate
    df = self._attach_features(df)
         ^^^^^^^^^^^^^^^^^^^^^^^^^
src/rl_curriculum/curriculum261_api.py:1267: in _attach_features
    return attach_production_features(df)
           ^^^^^^^^^^^^^^^^^^^^^^^^^^^^^^
src/rl_curriculum/curriculum261_production_obs.py:160: in attach_production_features
    cls = load_route_c_strategy_class()
          ^^^^^^^^^^^^^^^^^^^^^^^^^^^^^
src/rl_curriculum/curriculum261_production_obs.py:124: in load_route_c_strategy_class
    spec.loader.exec_module(module)
<frozen importlib._bootstrap_external>:940: in exec_module
    ???
<frozen importlib._bootstrap>:241: in _call_with_frames_removed
    ???
_ _ _ _ _ _ _ _ _ _ _ _ _ _ _ _ _ _ _ _ _ _ _ _ _ _ _ _ _ _ _ _ _ _ _ _ _ _ _ _ 

    """阶段 2.5.2a 路线 C:Freqtrade 策略薄适配层(execution_mode=market_open_causal)。
    
    特征:少量因果特征(收益/滚动波动率/价格相对均值/原始 OHLC 供环境用),
    全部只使用当前及过去数据;目标仓位列 &-target_position 由 RouteCModel
    顺序推理填充。
    
    阶段 2.5.2a 改造(工作包 B):
    - 订单类型改为 market(入场/退出均市场订单):成交价由回测器/交易所决定,
      回测中市场单以执行 bar 的 open 成交(backtesting.py:1039-1057 仅 limit
      分支调用 custom_entry_price;:596 exit_signal 的 close_rate=row[OPEN_IDX];
      :551-567 信号 shift(1)),与环境 market_open_causal 合同在
      simulated_slippage_bps=0 时逐笔对齐;
    - 移除 custom_entry_price / custom_exit_price / _route_c_bars 执行 K 线
      high/low 缓存(阶段 2.5.2 bar 内调价合同依赖执行 K 线最终 high/low,
      属未来信息,已废弃为 legacy_noncausal_not_for_training);
    - simulated_slippage_bps 只属于训练与离线压力环境,不得改变 live 市场订单
      价格;Freqtrade live 使用交易所真实回报价格;
    - amount_epsilon 与 RouteCModel 从同一最终配置 freqai.route_c.amount_epsilon
      读取(工作包 E),所有执行状态读取都通过 route_c_amount_epsilon 传参。
    
    保留(阶段 2.5.2 工作包 B):
    - live 只处理最新一行(signal_convert.latest_row_signals);
    - adjust_entry_price / adjust_exit_price 官方扩展点的目标反转取消
      (None = 取消且不替换);do_predict != 1 时维持挂单。
    
    成交时机完全交给 Freqtrade 回测引擎自身的 shift(1)(open[t+1]),
    本层不加额外 shift。
    """
    
    import sys
    from pathlib import Path
    
    from pandas import DataFrame
    
>   from freqtrade.enums import RunMode
E   ModuleNotFoundError: No module named 'freqtrade'

user_data/strategies/RouteCStrategy.py:35: ModuleNotFoundError
_________ test_generator_call_does_not_mutate_input_params[c2_context] _________

family = 'c2_context'

    @pytest.mark.parametrize("family", [
        "c1_opportunity", "c2_context", "c3_cost"])
    def test_generator_call_does_not_mutate_input_params(family):
        rp = _rung_params(family, "D1")
        snap = canonical_json(rp)
        rec = EnvelopeRecorder(
            iteration="r12", namespace=NS, family=family, rung="D1",
            pair_index=0, rung_params=rp)
>       generate_pair_with_attempts(
            family_specs()[family].generator, rp, namespace=NS, family=family,
            rung="D1", pair_index=0,
            structural_validator=pair_acceptance_contract(family),
            recorder=rec)

tests/route_c_stage2_6_1/test_curriculum261_r12_envelope.py:181: 
_ _ _ _ _ _ _ _ _ _ _ _ _ _ _ _ _ _ _ _ _ _ _ _ _ _ _ _ _ _ _ _ _ _ _ _ _ _ _ _ 
src/rl_curriculum/curriculum261_api.py:1504: in generate_pair_with_attempts
    episodes[side] = generator.generate(
src/rl_curriculum/generator_api.py:186: in generate
    df = self._attach_features(df)
         ^^^^^^^^^^^^^^^^^^^^^^^^^
src/rl_curriculum/curriculum261_api.py:1267: in _attach_features
    return attach_production_features(df)
           ^^^^^^^^^^^^^^^^^^^^^^^^^^^^^^
src/rl_curriculum/curriculum261_production_obs.py:160: in attach_production_features
    cls = load_route_c_strategy_class()
          ^^^^^^^^^^^^^^^^^^^^^^^^^^^^^
src/rl_curriculum/curriculum261_production_obs.py:124: in load_route_c_strategy_class
    spec.loader.exec_module(module)
<frozen importlib._bootstrap_external>:940: in exec_module
    ???
<frozen importlib._bootstrap>:241: in _call_with_frames_removed
    ???
_ _ _ _ _ _ _ _ _ _ _ _ _ _ _ _ _ _ _ _ _ _ _ _ _ _ _ _ _ _ _ _ _ _ _ _ _ _ _ _ 

    """阶段 2.5.2a 路线 C:Freqtrade 策略薄适配层(execution_mode=market_open_causal)。
    
    特征:少量因果特征(收益/滚动波动率/价格相对均值/原始 OHLC 供环境用),
    全部只使用当前及过去数据;目标仓位列 &-target_position 由 RouteCModel
    顺序推理填充。
    
    阶段 2.5.2a 改造(工作包 B):
    - 订单类型改为 market(入场/退出均市场订单):成交价由回测器/交易所决定,
      回测中市场单以执行 bar 的 open 成交(backtesting.py:1039-1057 仅 limit
      分支调用 custom_entry_price;:596 exit_signal 的 close_rate=row[OPEN_IDX];
      :551-567 信号 shift(1)),与环境 market_open_causal 合同在
      simulated_slippage_bps=0 时逐笔对齐;
    - 移除 custom_entry_price / custom_exit_price / _route_c_bars 执行 K 线
      high/low 缓存(阶段 2.5.2 bar 内调价合同依赖执行 K 线最终 high/low,
      属未来信息,已废弃为 legacy_noncausal_not_for_training);
    - simulated_slippage_bps 只属于训练与离线压力环境,不得改变 live 市场订单
      价格;Freqtrade live 使用交易所真实回报价格;
    - amount_epsilon 与 RouteCModel 从同一最终配置 freqai.route_c.amount_epsilon
      读取(工作包 E),所有执行状态读取都通过 route_c_amount_epsilon 传参。
    
    保留(阶段 2.5.2 工作包 B):
    - live 只处理最新一行(signal_convert.latest_row_signals);
    - adjust_entry_price / adjust_exit_price 官方扩展点的目标反转取消
      (None = 取消且不替换);do_predict != 1 时维持挂单。
    
    成交时机完全交给 Freqtrade 回测引擎自身的 shift(1)(open[t+1]),
    本层不加额外 shift。
    """
    
    import sys
    from pathlib import Path
    
    from pandas import DataFrame
    
>   from freqtrade.enums import RunMode
E   ModuleNotFoundError: No module named 'freqtrade'

user_data/strategies/RouteCStrategy.py:35: ModuleNotFoundError
__________ test_generator_call_does_not_mutate_input_params[c3_cost] ___________

family = 'c3_cost'

    @pytest.mark.parametrize("family", [
        "c1_opportunity", "c2_context", "c3_cost"])
    def test_generator_call_does_not_mutate_input_params(family):
        rp = _rung_params(family, "D1")
        snap = canonical_json(rp)
        rec = EnvelopeRecorder(
            iteration="r12", namespace=NS, family=family, rung="D1",
            pair_index=0, rung_params=rp)
>       generate_pair_with_attempts(
            family_specs()[family].generator, rp, namespace=NS, family=family,
            rung="D1", pair_index=0,
            structural_validator=pair_acceptance_contract(family),
            recorder=rec)

tests/route_c_stage2_6_1/test_curriculum261_r12_envelope.py:181: 
_ _ _ _ _ _ _ _ _ _ _ _ _ _ _ _ _ _ _ _ _ _ _ _ _ _ _ _ _ _ _ _ _ _ _ _ _ _ _ _ 
src/rl_curriculum/curriculum261_api.py:1504: in generate_pair_with_attempts
    episodes[side] = generator.generate(
src/rl_curriculum/generator_api.py:186: in generate
    df = self._attach_features(df)
         ^^^^^^^^^^^^^^^^^^^^^^^^^
src/rl_curriculum/curriculum261_api.py:1267: in _attach_features
    return attach_production_features(df)
           ^^^^^^^^^^^^^^^^^^^^^^^^^^^^^^
src/rl_curriculum/curriculum261_production_obs.py:160: in attach_production_features
    cls = load_route_c_strategy_class()
          ^^^^^^^^^^^^^^^^^^^^^^^^^^^^^
src/rl_curriculum/curriculum261_production_obs.py:124: in load_route_c_strategy_class
    spec.loader.exec_module(module)
<frozen importlib._bootstrap_external>:940: in exec_module
    ???
<frozen importlib._bootstrap>:241: in _call_with_frames_removed
    ???
_ _ _ _ _ _ _ _ _ _ _ _ _ _ _ _ _ _ _ _ _ _ _ _ _ _ _ _ _ _ _ _ _ _ _ _ _ _ _ _ 

    """阶段 2.5.2a 路线 C:Freqtrade 策略薄适配层(execution_mode=market_open_causal)。
    
    特征:少量因果特征(收益/滚动波动率/价格相对均值/原始 OHLC 供环境用),
    全部只使用当前及过去数据;目标仓位列 &-target_position 由 RouteCModel
    顺序推理填充。
    
    阶段 2.5.2a 改造(工作包 B):
    - 订单类型改为 market(入场/退出均市场订单):成交价由回测器/交易所决定,
      回测中市场单以执行 bar 的 open 成交(backtesting.py:1039-1057 仅 limit
      分支调用 custom_entry_price;:596 exit_signal 的 close_rate=row[OPEN_IDX];
      :551-567 信号 shift(1)),与环境 market_open_causal 合同在
      simulated_slippage_bps=0 时逐笔对齐;
    - 移除 custom_entry_price / custom_exit_price / _route_c_bars 执行 K 线
      high/low 缓存(阶段 2.5.2 bar 内调价合同依赖执行 K 线最终 high/low,
      属未来信息,已废弃为 legacy_noncausal_not_for_training);
    - simulated_slippage_bps 只属于训练与离线压力环境,不得改变 live 市场订单
      价格;Freqtrade live 使用交易所真实回报价格;
    - amount_epsilon 与 RouteCModel 从同一最终配置 freqai.route_c.amount_epsilon
      读取(工作包 E),所有执行状态读取都通过 route_c_amount_epsilon 传参。
    
    保留(阶段 2.5.2 工作包 B):
    - live 只处理最新一行(signal_convert.latest_row_signals);
    - adjust_entry_price / adjust_exit_price 官方扩展点的目标反转取消
      (None = 取消且不替换);do_predict != 1 时维持挂单。
    
    成交时机完全交给 Freqtrade 回测引擎自身的 shift(1)(open[t+1]),
    本层不加额外 shift。
    """
    
    import sys
    from pathlib import Path
    
    from pandas import DataFrame
    
>   from freqtrade.enums import RunMode
E   ModuleNotFoundError: No module named 'freqtrade'

user_data/strategies/RouteCStrategy.py:35: ModuleNotFoundError
________________ test_replay_call_envelopes_bitwise_consistent _________________

    def test_replay_call_envelopes_bitwise_consistent():
>       rec = _recorded()
              ^^^^^^^^^^^

tests/route_c_stage2_6_1/test_curriculum261_r12_envelope.py:197: 
_ _ _ _ _ _ _ _ _ _ _ _ _ _ _ _ _ _ _ _ _ _ _ _ _ _ _ _ _ _ _ _ _ _ _ _ _ _ _ _ 
tests/route_c_stage2_6_1/test_curriculum261_r12_envelope.py:60: in _recorded
    generate_pair_with_attempts(
src/rl_curriculum/curriculum261_api.py:1504: in generate_pair_with_attempts
    episodes[side] = generator.generate(
src/rl_curriculum/generator_api.py:186: in generate
    df = self._attach_features(df)
         ^^^^^^^^^^^^^^^^^^^^^^^^^
src/rl_curriculum/curriculum261_api.py:1267: in _attach_features
    return attach_production_features(df)
           ^^^^^^^^^^^^^^^^^^^^^^^^^^^^^^
src/rl_curriculum/curriculum261_production_obs.py:160: in attach_production_features
    cls = load_route_c_strategy_class()
          ^^^^^^^^^^^^^^^^^^^^^^^^^^^^^
src/rl_curriculum/curriculum261_production_obs.py:124: in load_route_c_strategy_class
    spec.loader.exec_module(module)
<frozen importlib._bootstrap_external>:940: in exec_module
    ???
<frozen importlib._bootstrap>:241: in _call_with_frames_removed
    ???
_ _ _ _ _ _ _ _ _ _ _ _ _ _ _ _ _ _ _ _ _ _ _ _ _ _ _ _ _ _ _ _ _ _ _ _ _ _ _ _ 

    """阶段 2.5.2a 路线 C:Freqtrade 策略薄适配层(execution_mode=market_open_causal)。
    
    特征:少量因果特征(收益/滚动波动率/价格相对均值/原始 OHLC 供环境用),
    全部只使用当前及过去数据;目标仓位列 &-target_position 由 RouteCModel
    顺序推理填充。
    
    阶段 2.5.2a 改造(工作包 B):
    - 订单类型改为 market(入场/退出均市场订单):成交价由回测器/交易所决定,
      回测中市场单以执行 bar 的 open 成交(backtesting.py:1039-1057 仅 limit
      分支调用 custom_entry_price;:596 exit_signal 的 close_rate=row[OPEN_IDX];
      :551-567 信号 shift(1)),与环境 market_open_causal 合同在
      simulated_slippage_bps=0 时逐笔对齐;
    - 移除 custom_entry_price / custom_exit_price / _route_c_bars 执行 K 线
      high/low 缓存(阶段 2.5.2 bar 内调价合同依赖执行 K 线最终 high/low,
      属未来信息,已废弃为 legacy_noncausal_not_for_training);
    - simulated_slippage_bps 只属于训练与离线压力环境,不得改变 live 市场订单
      价格;Freqtrade live 使用交易所真实回报价格;
    - amount_epsilon 与 RouteCModel 从同一最终配置 freqai.route_c.amount_epsilon
      读取(工作包 E),所有执行状态读取都通过 route_c_amount_epsilon 传参。
    
    保留(阶段 2.5.2 工作包 B):
    - live 只处理最新一行(signal_convert.latest_row_signals);
    - adjust_entry_price / adjust_exit_price 官方扩展点的目标反转取消
      (None = 取消且不替换);do_predict != 1 时维持挂单。
    
    成交时机完全交给 Freqtrade 回测引擎自身的 shift(1)(open[t+1]),
    本层不加额外 shift。
    """
    
    import sys
    from pathlib import Path
    
    from pandas import DataFrame
    
>   from freqtrade.enums import RunMode
E   ModuleNotFoundError: No module named 'freqtrade'

user_data/strategies/RouteCStrategy.py:35: ModuleNotFoundError
___________________ test_failure_evidence_saved_before_raise ___________________

tmp_path = PosixPath('/tmp/pytest-of-cryptorl/pytest-0/test_failure_evidence_saved_be1')

    def test_failure_evidence_saved_before_raise(tmp_path):
        """五个 attempt 全败的构造性失败:envelopes 在异常对象上完整。
    
        用不可能通过结构校验的 rung 参数(distractor_rate=0 => 必然
        too_few_distractors;c3 需要 >=1)驱动真实失败路径。
        """
        rp = _rung_params("c3_cost", "D0")
        rp["distractor_rate"] = 0.0
        rp["cue_rate"] = 0.05
        rec = EnvelopeRecorder(
            iteration="r12", namespace=NS, family="c3_cost", rung="D0",
            pair_index=9, rung_params=rp)
        with pytest.raises(PairGenerationError) as ei:
>           generate_pair_with_attempts(
                family_specs()["c3_cost"].generator, rp, namespace=NS,
                family="c3_cost", rung="D0", pair_index=9,
                structural_validator=pair_acceptance_contract("c3_cost"),
                recorder=rec)

tests/route_c_stage2_6_1/test_curriculum261_r12_envelope.py:221: 
_ _ _ _ _ _ _ _ _ _ _ _ _ _ _ _ _ _ _ _ _ _ _ _ _ _ _ _ _ _ _ _ _ _ _ _ _ _ _ _ 
src/rl_curriculum/curriculum261_api.py:1504: in generate_pair_with_attempts
    episodes[side] = generator.generate(
src/rl_curriculum/generator_api.py:186: in generate
    df = self._attach_features(df)
         ^^^^^^^^^^^^^^^^^^^^^^^^^
src/rl_curriculum/curriculum261_api.py:1267: in _attach_features
    return attach_production_features(df)
           ^^^^^^^^^^^^^^^^^^^^^^^^^^^^^^
src/rl_curriculum/curriculum261_production_obs.py:160: in attach_production_features
    cls = load_route_c_strategy_class()
          ^^^^^^^^^^^^^^^^^^^^^^^^^^^^^
src/rl_curriculum/curriculum261_production_obs.py:124: in load_route_c_strategy_class
    spec.loader.exec_module(module)
<frozen importlib._bootstrap_external>:940: in exec_module
    ???
<frozen importlib._bootstrap>:241: in _call_with_frames_removed
    ???
_ _ _ _ _ _ _ _ _ _ _ _ _ _ _ _ _ _ _ _ _ _ _ _ _ _ _ _ _ _ _ _ _ _ _ _ _ _ _ _ 

    """阶段 2.5.2a 路线 C:Freqtrade 策略薄适配层(execution_mode=market_open_causal)。
    
    特征:少量因果特征(收益/滚动波动率/价格相对均值/原始 OHLC 供环境用),
    全部只使用当前及过去数据;目标仓位列 &-target_position 由 RouteCModel
    顺序推理填充。
    
    阶段 2.5.2a 改造(工作包 B):
    - 订单类型改为 market(入场/退出均市场订单):成交价由回测器/交易所决定,
      回测中市场单以执行 bar 的 open 成交(backtesting.py:1039-1057 仅 limit
      分支调用 custom_entry_price;:596 exit_signal 的 close_rate=row[OPEN_IDX];
      :551-567 信号 shift(1)),与环境 market_open_causal 合同在
      simulated_slippage_bps=0 时逐笔对齐;
    - 移除 custom_entry_price / custom_exit_price / _route_c_bars 执行 K 线
      high/low 缓存(阶段 2.5.2 bar 内调价合同依赖执行 K 线最终 high/low,
      属未来信息,已废弃为 legacy_noncausal_not_for_training);
    - simulated_slippage_bps 只属于训练与离线压力环境,不得改变 live 市场订单
      价格;Freqtrade live 使用交易所真实回报价格;
    - amount_epsilon 与 RouteCModel 从同一最终配置 freqai.route_c.amount_epsilon
      读取(工作包 E),所有执行状态读取都通过 route_c_amount_epsilon 传参。
    
    保留(阶段 2.5.2 工作包 B):
    - live 只处理最新一行(signal_convert.latest_row_signals);
    - adjust_entry_price / adjust_exit_price 官方扩展点的目标反转取消
      (None = 取消且不替换);do_predict != 1 时维持挂单。
    
    成交时机完全交给 Freqtrade 回测引擎自身的 shift(1)(open[t+1]),
    本层不加额外 shift。
    """
    
    import sys
    from pathlib import Path
    
    from pandas import DataFrame
    
>   from freqtrade.enums import RunMode
E   ModuleNotFoundError: No module named 'freqtrade'

user_data/strategies/RouteCStrategy.py:35: ModuleNotFoundError
_______________ test_recorder_exception_never_breaks_generation ________________

    def test_recorder_exception_never_breaks_generation():
        """recorder 抛异常必须被吞掉(证据路径 fail-open)。"""
        class BadRecorder:
            call_envelope = {"digest": "x"}
            attempt_envelopes = []
    
            def record(self, event, payload):
                raise RuntimeError("recorder boom")
    
        rp = _rung_params("c1_opportunity", "D0")
>       episodes, log = generate_pair_with_attempts(
            family_specs()["c1_opportunity"].generator, rp, namespace=NS,
            family="c1_opportunity", rung="D0", pair_index=0,
            structural_validator=pair_acceptance_contract("c1_opportunity"),
            recorder=BadRecorder())

tests/route_c_stage2_6_1/test_curriculum261_r12_envelope.py:254: 
_ _ _ _ _ _ _ _ _ _ _ _ _ _ _ _ _ _ _ _ _ _ _ _ _ _ _ _ _ _ _ _ _ _ _ _ _ _ _ _ 
src/rl_curriculum/curriculum261_api.py:1504: in generate_pair_with_attempts
    episodes[side] = generator.generate(
src/rl_curriculum/generator_api.py:186: in generate
    df = self._attach_features(df)
         ^^^^^^^^^^^^^^^^^^^^^^^^^
src/rl_curriculum/curriculum261_api.py:1267: in _attach_features
    return attach_production_features(df)
           ^^^^^^^^^^^^^^^^^^^^^^^^^^^^^^
src/rl_curriculum/curriculum261_production_obs.py:160: in attach_production_features
    cls = load_route_c_strategy_class()
          ^^^^^^^^^^^^^^^^^^^^^^^^^^^^^
src/rl_curriculum/curriculum261_production_obs.py:124: in load_route_c_strategy_class
    spec.loader.exec_module(module)
<frozen importlib._bootstrap_external>:940: in exec_module
    ???
<frozen importlib._bootstrap>:241: in _call_with_frames_removed
    ???
_ _ _ _ _ _ _ _ _ _ _ _ _ _ _ _ _ _ _ _ _ _ _ _ _ _ _ _ _ _ _ _ _ _ _ _ _ _ _ _ 

    """阶段 2.5.2a 路线 C:Freqtrade 策略薄适配层(execution_mode=market_open_causal)。
    
    特征:少量因果特征(收益/滚动波动率/价格相对均值/原始 OHLC 供环境用),
    全部只使用当前及过去数据;目标仓位列 &-target_position 由 RouteCModel
    顺序推理填充。
    
    阶段 2.5.2a 改造(工作包 B):
    - 订单类型改为 market(入场/退出均市场订单):成交价由回测器/交易所决定,
      回测中市场单以执行 bar 的 open 成交(backtesting.py:1039-1057 仅 limit
      分支调用 custom_entry_price;:596 exit_signal 的 close_rate=row[OPEN_IDX];
      :551-567 信号 shift(1)),与环境 market_open_causal 合同在
      simulated_slippage_bps=0 时逐笔对齐;
    - 移除 custom_entry_price / custom_exit_price / _route_c_bars 执行 K 线
      high/low 缓存(阶段 2.5.2 bar 内调价合同依赖执行 K 线最终 high/low,
      属未来信息,已废弃为 legacy_noncausal_not_for_training);
    - simulated_slippage_bps 只属于训练与离线压力环境,不得改变 live 市场订单
      价格;Freqtrade live 使用交易所真实回报价格;
    - amount_epsilon 与 RouteCModel 从同一最终配置 freqai.route_c.amount_epsilon
      读取(工作包 E),所有执行状态读取都通过 route_c_amount_epsilon 传参。
    
    保留(阶段 2.5.2 工作包 B):
    - live 只处理最新一行(signal_convert.latest_row_signals);
    - adjust_entry_price / adjust_exit_price 官方扩展点的目标反转取消
      (None = 取消且不替换);do_predict != 1 时维持挂单。
    
    成交时机完全交给 Freqtrade 回测引擎自身的 shift(1)(open[t+1]),
    本层不加额外 shift。
    """
    
    import sys
    from pathlib import Path
    
    from pandas import DataFrame
    
>   from freqtrade.enums import RunMode
E   ModuleNotFoundError: No module named 'freqtrade'

user_data/strategies/RouteCStrategy.py:35: ModuleNotFoundError
____________________ test_ledger_sink_records_all_attempts _____________________

tmp_path = PosixPath('/tmp/pytest-of-cryptorl/pytest-0/test_ledger_sink_records_all_a1')

    def test_ledger_sink_records_all_attempts(tmp_path):
        path = tmp_path / "ledger.jsonl"
        with envelope_sink(ledger_sink_factory(path, stage_label="t")):
            rp = _rung_params("c3_cost", "D0")
>           generate_pair_with_attempts(
                family_specs()["c3_cost"].generator, rp, namespace=NS,
                family="c3_cost", rung="D0", pair_index=4,
                structural_validator=pair_acceptance_contract("c3_cost"))

tests/route_c_stage2_6_1/test_curriculum261_r12_envelope.py:268: 
_ _ _ _ _ _ _ _ _ _ _ _ _ _ _ _ _ _ _ _ _ _ _ _ _ _ _ _ _ _ _ _ _ _ _ _ _ _ _ _ 
src/rl_curriculum/curriculum261_api.py:1504: in generate_pair_with_attempts
    episodes[side] = generator.generate(
src/rl_curriculum/generator_api.py:186: in generate
    df = self._attach_features(df)
         ^^^^^^^^^^^^^^^^^^^^^^^^^
src/rl_curriculum/curriculum261_api.py:1267: in _attach_features
    return attach_production_features(df)
           ^^^^^^^^^^^^^^^^^^^^^^^^^^^^^^
src/rl_curriculum/curriculum261_production_obs.py:160: in attach_production_features
    cls = load_route_c_strategy_class()
          ^^^^^^^^^^^^^^^^^^^^^^^^^^^^^
src/rl_curriculum/curriculum261_production_obs.py:124: in load_route_c_strategy_class
    spec.loader.exec_module(module)
<frozen importlib._bootstrap_external>:940: in exec_module
    ???
<frozen importlib._bootstrap>:241: in _call_with_frames_removed
    ???
_ _ _ _ _ _ _ _ _ _ _ _ _ _ _ _ _ _ _ _ _ _ _ _ _ _ _ _ _ _ _ _ _ _ _ _ _ _ _ _ 

    """阶段 2.5.2a 路线 C:Freqtrade 策略薄适配层(execution_mode=market_open_causal)。
    
    特征:少量因果特征(收益/滚动波动率/价格相对均值/原始 OHLC 供环境用),
    全部只使用当前及过去数据;目标仓位列 &-target_position 由 RouteCModel
    顺序推理填充。
    
    阶段 2.5.2a 改造(工作包 B):
    - 订单类型改为 market(入场/退出均市场订单):成交价由回测器/交易所决定,
      回测中市场单以执行 bar 的 open 成交(backtesting.py:1039-1057 仅 limit
      分支调用 custom_entry_price;:596 exit_signal 的 close_rate=row[OPEN_IDX];
      :551-567 信号 shift(1)),与环境 market_open_causal 合同在
      simulated_slippage_bps=0 时逐笔对齐;
    - 移除 custom_entry_price / custom_exit_price / _route_c_bars 执行 K 线
      high/low 缓存(阶段 2.5.2 bar 内调价合同依赖执行 K 线最终 high/low,
      属未来信息,已废弃为 legacy_noncausal_not_for_training);
    - simulated_slippage_bps 只属于训练与离线压力环境,不得改变 live 市场订单
      价格;Freqtrade live 使用交易所真实回报价格;
    - amount_epsilon 与 RouteCModel 从同一最终配置 freqai.route_c.amount_epsilon
      读取(工作包 E),所有执行状态读取都通过 route_c_amount_epsilon 传参。
    
    保留(阶段 2.5.2 工作包 B):
    - live 只处理最新一行(signal_convert.latest_row_signals);
    - adjust_entry_price / adjust_exit_price 官方扩展点的目标反转取消
      (None = 取消且不替换);do_predict != 1 时维持挂单。
    
    成交时机完全交给 Freqtrade 回测引擎自身的 shift(1)(open[t+1]),
    本层不加额外 shift。
    """
    
    import sys
    from pathlib import Path
    
    from pandas import DataFrame
    
>   from freqtrade.enums import RunMode
E   ModuleNotFoundError: No module named 'freqtrade'

user_data/strategies/RouteCStrategy.py:35: ModuleNotFoundError
____________________________ test_no_sink_no_ledger ____________________________

tmp_path = PosixPath('/tmp/pytest-of-cryptorl/pytest-0/test_no_sink_no_ledger1')

    def test_no_sink_no_ledger(tmp_path):
        """sink 未打开时生成照常且无台账(历史路径零影响)。"""
        rp = _rung_params("c2_context", "D0")
>       episodes, log = generate_pair_with_attempts(
            family_specs()["c2_context"].generator, rp, namespace=NS,
            family="c2_context", rung="D0", pair_index=0,
            structural_validator=pair_acceptance_contract("c2_context"))

tests/route_c_stage2_6_1/test_curriculum261_r12_envelope.py:288: 
_ _ _ _ _ _ _ _ _ _ _ _ _ _ _ _ _ _ _ _ _ _ _ _ _ _ _ _ _ _ _ _ _ _ _ _ _ _ _ _ 
src/rl_curriculum/curriculum261_api.py:1504: in generate_pair_with_attempts
    episodes[side] = generator.generate(
src/rl_curriculum/generator_api.py:186: in generate
    df = self._attach_features(df)
         ^^^^^^^^^^^^^^^^^^^^^^^^^
src/rl_curriculum/curriculum261_api.py:1267: in _attach_features
    return attach_production_features(df)
           ^^^^^^^^^^^^^^^^^^^^^^^^^^^^^^
src/rl_curriculum/curriculum261_production_obs.py:160: in attach_production_features
    cls = load_route_c_strategy_class()
          ^^^^^^^^^^^^^^^^^^^^^^^^^^^^^
src/rl_curriculum/curriculum261_production_obs.py:124: in load_route_c_strategy_class
    spec.loader.exec_module(module)
<frozen importlib._bootstrap_external>:940: in exec_module
    ???
<frozen importlib._bootstrap>:241: in _call_with_frames_removed
    ???
_ _ _ _ _ _ _ _ _ _ _ _ _ _ _ _ _ _ _ _ _ _ _ _ _ _ _ _ _ _ _ _ _ _ _ _ _ _ _ _ 

    """阶段 2.5.2a 路线 C:Freqtrade 策略薄适配层(execution_mode=market_open_causal)。
    
    特征:少量因果特征(收益/滚动波动率/价格相对均值/原始 OHLC 供环境用),
    全部只使用当前及过去数据;目标仓位列 &-target_position 由 RouteCModel
    顺序推理填充。
    
    阶段 2.5.2a 改造(工作包 B):
    - 订单类型改为 market(入场/退出均市场订单):成交价由回测器/交易所决定,
      回测中市场单以执行 bar 的 open 成交(backtesting.py:1039-1057 仅 limit
      分支调用 custom_entry_price;:596 exit_signal 的 close_rate=row[OPEN_IDX];
      :551-567 信号 shift(1)),与环境 market_open_causal 合同在
      simulated_slippage_bps=0 时逐笔对齐;
    - 移除 custom_entry_price / custom_exit_price / _route_c_bars 执行 K 线
      high/low 缓存(阶段 2.5.2 bar 内调价合同依赖执行 K 线最终 high/low,
      属未来信息,已废弃为 legacy_noncausal_not_for_training);
    - simulated_slippage_bps 只属于训练与离线压力环境,不得改变 live 市场订单
      价格;Freqtrade live 使用交易所真实回报价格;
    - amount_epsilon 与 RouteCModel 从同一最终配置 freqai.route_c.amount_epsilon
      读取(工作包 E),所有执行状态读取都通过 route_c_amount_epsilon 传参。
    
    保留(阶段 2.5.2 工作包 B):
    - live 只处理最新一行(signal_convert.latest_row_signals);
    - adjust_entry_price / adjust_exit_price 官方扩展点的目标反转取消
      (None = 取消且不替换);do_predict != 1 时维持挂单。
    
    成交时机完全交给 Freqtrade 回测引擎自身的 shift(1)(open[t+1]),
    本层不加额外 shift。
    """
    
    import sys
    from pathlib import Path
    
    from pandas import DataFrame
    
>   from freqtrade.enums import RunMode
E   ModuleNotFoundError: No module named 'freqtrade'

user_data/strategies/RouteCStrategy.py:35: ModuleNotFoundError
___________ test_calibrate_wrapper_writes_aborted_and_dumps_evidence ___________

tmp_path = PosixPath('/tmp/pytest-of-cryptorl/pytest-0/test_calibrate_wrapper_writes_1')
r12_lock_dir = PosixPath('/tmp/pytest-of-cryptorl/pytest-0/test_calibrate_wrapper_writes_1')
monkeypatch = <_pytest.monkeypatch.MonkeyPatch object at 0x754f74927b50>

    def test_calibrate_wrapper_writes_aborted_and_dumps_evidence(
            tmp_path, r12_lock_dir, monkeypatch):
        """构造 PairGenerationError:外层必须落盘 envelopes + abort marker
        + re-raise(R10 缺口闭合)。"""
    
        def _boom(*a, **k):
            from rl_curriculum.curriculum261_api import (
                PairGenerationError,
                generate_pair_with_attempts,
            )
            from rl_curriculum.curriculum261_pairs import (
                family_specs,
                pair_acceptance_contract,
            )
            rp = dict(family_specs()["c3_cost"].rung_params["D0"])
            rp["cur261_rung"] = "D0"
            rp["distractor_rate"] = 0.0
            rp["cue_rate"] = 0.05
            from rl_curriculum.curriculum261_generation_envelope import (
                EnvelopeRecorder,
            )
            rec = EnvelopeRecorder(
                iteration="r12", namespace="stress_r12", family="c3_cost",
                rung="D0", pair_index=9, rung_params=rp)
            try:
                generate_pair_with_attempts(
                    family_specs()["c3_cost"].generator, rp,
                    namespace="stress_r12", family="c3_cost", rung="D0",
                    pair_index=9,
                    structural_validator=pair_acceptance_contract("c3_cost"),
                    recorder=rec)
            except PairGenerationError as exc:
                raise exc
            raise AssertionError("应当抛 PairGenerationError")
    
        import rl_curriculum.curriculum261_r12_cli as cli
    
        monkeypatch.setattr(
            cli, "_cmd_calibrate_inner",
            lambda args, out: _boom(), raising=True)
        args = type("A", (), {"out_dir": str(tmp_path)})()
        with pytest.raises(Exception):
            cli.cmd_calibrate(args)
        # abort marker 已写
        assert (r12_lock_dir / "r12_iteration_aborted.json").is_file()
        marker = json.loads(
            (r12_lock_dir / "r12_iteration_aborted.json").read_text(
                encoding="utf-8"))
        assert marker["iteration"] == "r12"
        assert "calibrate 阶段执行异常" in marker["reason"]
        # 证据文件已落盘(5 个 attempt envelopes)
        ev_files = list(
            tmp_path.glob("generation_failure_envelopes_calibrate_*.json"))
>       assert ev_files, "PairGenerationError 证据必须在 abort 前落盘"
E       AssertionError: PairGenerationError 证据必须在 abort 前落盘
E       assert []

tests/route_c_stage2_6_1/test_curriculum261_r12_governance.py:198: AssertionError
________________ TestIdentityPrefixes.test_code_identity_prefix ________________

self = <test_curriculum261_r14_identity.TestIdentityPrefixes object at 0x75505178b290>

    def test_code_identity_prefix(self):
        from rl_curriculum.curriculum261_r14_preflight import (
            _code_identity_digest_r14,
        )
    
>       ident = _code_identity_digest_r14()
                ^^^^^^^^^^^^^^^^^^^^^^^^^^^

tests/route_c_stage2_6_1/test_curriculum261_r14_identity.py:66: 
_ _ _ _ _ _ _ _ _ _ _ _ _ _ _ _ _ _ _ _ _ _ _ _ _ _ _ _ _ _ _ _ _ _ _ _ _ _ _ _ 
src/rl_curriculum/curriculum261_r14_preflight.py:90: in _code_identity_digest_r14
    ident = _code_identity_r14()
            ^^^^^^^^^^^^^^^^^^^^
src/rl_curriculum/curriculum261_r14_plan.py:156: in _code_identity_r14
    ident = route_c_strategy_identity()
            ^^^^^^^^^^^^^^^^^^^^^^^^^^^
src/rl_curriculum/curriculum261_production_obs.py:141: in route_c_strategy_identity
    cls = load_route_c_strategy_class()
          ^^^^^^^^^^^^^^^^^^^^^^^^^^^^^
src/rl_curriculum/curriculum261_production_obs.py:124: in load_route_c_strategy_class
    spec.loader.exec_module(module)
<frozen importlib._bootstrap_external>:940: in exec_module
    ???
<frozen importlib._bootstrap>:241: in _call_with_frames_removed
    ???
_ _ _ _ _ _ _ _ _ _ _ _ _ _ _ _ _ _ _ _ _ _ _ _ _ _ _ _ _ _ _ _ _ _ _ _ _ _ _ _ 

    """阶段 2.5.2a 路线 C:Freqtrade 策略薄适配层(execution_mode=market_open_causal)。
    
    特征:少量因果特征(收益/滚动波动率/价格相对均值/原始 OHLC 供环境用),
    全部只使用当前及过去数据;目标仓位列 &-target_position 由 RouteCModel
    顺序推理填充。
    
    阶段 2.5.2a 改造(工作包 B):
    - 订单类型改为 market(入场/退出均市场订单):成交价由回测器/交易所决定,
      回测中市场单以执行 bar 的 open 成交(backtesting.py:1039-1057 仅 limit
      分支调用 custom_entry_price;:596 exit_signal 的 close_rate=row[OPEN_IDX];
      :551-567 信号 shift(1)),与环境 market_open_causal 合同在
      simulated_slippage_bps=0 时逐笔对齐;
    - 移除 custom_entry_price / custom_exit_price / _route_c_bars 执行 K 线
      high/low 缓存(阶段 2.5.2 bar 内调价合同依赖执行 K 线最终 high/low,
      属未来信息,已废弃为 legacy_noncausal_not_for_training);
    - simulated_slippage_bps 只属于训练与离线压力环境,不得改变 live 市场订单
      价格;Freqtrade live 使用交易所真实回报价格;
    - amount_epsilon 与 RouteCModel 从同一最终配置 freqai.route_c.amount_epsilon
      读取(工作包 E),所有执行状态读取都通过 route_c_amount_epsilon 传参。
    
    保留(阶段 2.5.2 工作包 B):
    - live 只处理最新一行(signal_convert.latest_row_signals);
    - adjust_entry_price / adjust_exit_price 官方扩展点的目标反转取消
      (None = 取消且不替换);do_predict != 1 时维持挂单。
    
    成交时机完全交给 Freqtrade 回测引擎自身的 shift(1)(open[t+1]),
    本层不加额外 shift。
    """
    
    import sys
    from pathlib import Path
    
    from pandas import DataFrame
    
>   from freqtrade.enums import RunMode
E   ModuleNotFoundError: No module named 'freqtrade'

user_data/strategies/RouteCStrategy.py:35: ModuleNotFoundError
________________ TestIdentityPrefixes.test_code_identity_prefix ________________

self = <test_curriculum261_r15_identity.TestIdentityPrefixes object at 0x7550514d2750>

    def test_code_identity_prefix(self):
        from rl_curriculum.curriculum261_r15_preflight import (
            _code_identity_digest_r15,
        )
    
>       ident = _code_identity_digest_r15()
                ^^^^^^^^^^^^^^^^^^^^^^^^^^^

tests/route_c_stage2_6_1/test_curriculum261_r15_identity.py:66: 
_ _ _ _ _ _ _ _ _ _ _ _ _ _ _ _ _ _ _ _ _ _ _ _ _ _ _ _ _ _ _ _ _ _ _ _ _ _ _ _ 
src/rl_curriculum/curriculum261_r15_preflight.py:90: in _code_identity_digest_r15
    ident = _code_identity_r15()
            ^^^^^^^^^^^^^^^^^^^^
src/rl_curriculum/curriculum261_r15_plan.py:156: in _code_identity_r15
    ident = route_c_strategy_identity()
            ^^^^^^^^^^^^^^^^^^^^^^^^^^^
src/rl_curriculum/curriculum261_production_obs.py:141: in route_c_strategy_identity
    cls = load_route_c_strategy_class()
          ^^^^^^^^^^^^^^^^^^^^^^^^^^^^^
src/rl_curriculum/curriculum261_production_obs.py:124: in load_route_c_strategy_class
    spec.loader.exec_module(module)
<frozen importlib._bootstrap_external>:940: in exec_module
    ???
<frozen importlib._bootstrap>:241: in _call_with_frames_removed
    ???
_ _ _ _ _ _ _ _ _ _ _ _ _ _ _ _ _ _ _ _ _ _ _ _ _ _ _ _ _ _ _ _ _ _ _ _ _ _ _ _ 

    """阶段 2.5.2a 路线 C:Freqtrade 策略薄适配层(execution_mode=market_open_causal)。
    
    特征:少量因果特征(收益/滚动波动率/价格相对均值/原始 OHLC 供环境用),
    全部只使用当前及过去数据;目标仓位列 &-target_position 由 RouteCModel
    顺序推理填充。
    
    阶段 2.5.2a 改造(工作包 B):
    - 订单类型改为 market(入场/退出均市场订单):成交价由回测器/交易所决定,
      回测中市场单以执行 bar 的 open 成交(backtesting.py:1039-1057 仅 limit
      分支调用 custom_entry_price;:596 exit_signal 的 close_rate=row[OPEN_IDX];
      :551-567 信号 shift(1)),与环境 market_open_causal 合同在
      simulated_slippage_bps=0 时逐笔对齐;
    - 移除 custom_entry_price / custom_exit_price / _route_c_bars 执行 K 线
      high/low 缓存(阶段 2.5.2 bar 内调价合同依赖执行 K 线最终 high/low,
      属未来信息,已废弃为 legacy_noncausal_not_for_training);
    - simulated_slippage_bps 只属于训练与离线压力环境,不得改变 live 市场订单
      价格;Freqtrade live 使用交易所真实回报价格;
    - amount_epsilon 与 RouteCModel 从同一最终配置 freqai.route_c.amount_epsilon
      读取(工作包 E),所有执行状态读取都通过 route_c_amount_epsilon 传参。
    
    保留(阶段 2.5.2 工作包 B):
    - live 只处理最新一行(signal_convert.latest_row_signals);
    - adjust_entry_price / adjust_exit_price 官方扩展点的目标反转取消
      (None = 取消且不替换);do_predict != 1 时维持挂单。
    
    成交时机完全交给 Freqtrade 回测引擎自身的 shift(1)(open[t+1]),
    本层不加额外 shift。
    """
    
    import sys
    from pathlib import Path
    
    from pandas import DataFrame
    
>   from freqtrade.enums import RunMode
E   ModuleNotFoundError: No module named 'freqtrade'

user_data/strategies/RouteCStrategy.py:35: ModuleNotFoundError
___ TestGateEnforcement.test_build_plan_accepts_passed_gate_and_binds_digest ___

self = <test_curriculum261_r2_protocol.TestGateEnforcement object at 0x7550510c3150>

    def test_build_plan_accepts_passed_gate_and_binds_digest(self):
        from rl_curriculum.curriculum261_plan import build_plan
    
>       plan = build_plan(
            baseline_commit="a" * 40, vendor_pin="b" * 40,
            frozen_contracts={}, robustness_gate=_gate_pass(),
            gate_artifact_digest="ab" * 32)

tests/route_c_stage2_6_1/test_curriculum261_r2_protocol.py:58: 
_ _ _ _ _ _ _ _ _ _ _ _ _ _ _ _ _ _ _ _ _ _ _ _ _ _ _ _ _ _ _ _ _ _ _ _ _ _ _ _ 
src/rl_curriculum/curriculum261_plan.py:118: in build_plan
    "production_observation_identity": production_observation_identity(),
                                       ^^^^^^^^^^^^^^^^^^^^^^^^^^^^^^^^^
src/rl_curriculum/curriculum261_production_obs.py:200: in production_observation_identity
    identity: dict[str, Any] = dict(route_c_strategy_identity())
                                    ^^^^^^^^^^^^^^^^^^^^^^^^^^^
src/rl_curriculum/curriculum261_production_obs.py:141: in route_c_strategy_identity
    cls = load_route_c_strategy_class()
          ^^^^^^^^^^^^^^^^^^^^^^^^^^^^^
src/rl_curriculum/curriculum261_production_obs.py:124: in load_route_c_strategy_class
    spec.loader.exec_module(module)
<frozen importlib._bootstrap_external>:940: in exec_module
    ???
<frozen importlib._bootstrap>:241: in _call_with_frames_removed
    ???
_ _ _ _ _ _ _ _ _ _ _ _ _ _ _ _ _ _ _ _ _ _ _ _ _ _ _ _ _ _ _ _ _ _ _ _ _ _ _ _ 

    """阶段 2.5.2a 路线 C:Freqtrade 策略薄适配层(execution_mode=market_open_causal)。
    
    特征:少量因果特征(收益/滚动波动率/价格相对均值/原始 OHLC 供环境用),
    全部只使用当前及过去数据;目标仓位列 &-target_position 由 RouteCModel
    顺序推理填充。
    
    阶段 2.5.2a 改造(工作包 B):
    - 订单类型改为 market(入场/退出均市场订单):成交价由回测器/交易所决定,
      回测中市场单以执行 bar 的 open 成交(backtesting.py:1039-1057 仅 limit
      分支调用 custom_entry_price;:596 exit_signal 的 close_rate=row[OPEN_IDX];
      :551-567 信号 shift(1)),与环境 market_open_causal 合同在
      simulated_slippage_bps=0 时逐笔对齐;
    - 移除 custom_entry_price / custom_exit_price / _route_c_bars 执行 K 线
      high/low 缓存(阶段 2.5.2 bar 内调价合同依赖执行 K 线最终 high/low,
      属未来信息,已废弃为 legacy_noncausal_not_for_training);
    - simulated_slippage_bps 只属于训练与离线压力环境,不得改变 live 市场订单
      价格;Freqtrade live 使用交易所真实回报价格;
    - amount_epsilon 与 RouteCModel 从同一最终配置 freqai.route_c.amount_epsilon
      读取(工作包 E),所有执行状态读取都通过 route_c_amount_epsilon 传参。
    
    保留(阶段 2.5.2 工作包 B):
    - live 只处理最新一行(signal_convert.latest_row_signals);
    - adjust_entry_price / adjust_exit_price 官方扩展点的目标反转取消
      (None = 取消且不替换);do_predict != 1 时维持挂单。
    
    成交时机完全交给 Freqtrade 回测引擎自身的 shift(1)(open[t+1]),
    本层不加额外 shift。
    """
    
    import sys
    from pathlib import Path
    
    from pandas import DataFrame
    
>   from freqtrade.enums import RunMode
E   ModuleNotFoundError: No module named 'freqtrade'

user_data/strategies/RouteCStrategy.py:35: ModuleNotFoundError
_______ TestGateEnforcement.test_final_runner_fails_closed_on_gate_false _______

self = <test_curriculum261_r2_protocol.TestGateEnforcement object at 0x7550510c3810>
tmp_path = PosixPath('/tmp/pytest-of-cryptorl/pytest-0/test_final_runner_fails_closed0')
monkeypatch = <_pytest.monkeypatch.MonkeyPatch object at 0x754f75aa7790>

    def test_final_runner_fails_closed_on_gate_false(self, tmp_path,
                                                    monkeypatch):
        """Layer C:合法 digest 但 gate=false 的 plan,final 必须在
        生成任何 qualification pair 之前拒绝。
    
        marker 目录必须指向空 tmp(真实 exposure marker 存在时
        final 会先撞一次性守卫——那是另一项测试覆盖的合同)。"""
        from rl_curriculum.curriculum261_final import run_final_qualification
        from rl_curriculum.curriculum261_plan import build_plan, lock_plan
    
        monkeypatch.setenv("CURRICULUM261_R2_LOCK_DIR", str(tmp_path))
>       plan = build_plan(
            baseline_commit="a" * 40, vendor_pin="b" * 40,
            frozen_contracts={}, robustness_gate=_gate_pass())

tests/route_c_stage2_6_1/test_curriculum261_r2_protocol.py:76: 
_ _ _ _ _ _ _ _ _ _ _ _ _ _ _ _ _ _ _ _ _ _ _ _ _ _ _ _ _ _ _ _ _ _ _ _ _ _ _ _ 
src/rl_curriculum/curriculum261_plan.py:118: in build_plan
    "production_observation_identity": production_observation_identity(),
                                       ^^^^^^^^^^^^^^^^^^^^^^^^^^^^^^^^^
src/rl_curriculum/curriculum261_production_obs.py:200: in production_observation_identity
    identity: dict[str, Any] = dict(route_c_strategy_identity())
                                    ^^^^^^^^^^^^^^^^^^^^^^^^^^^
src/rl_curriculum/curriculum261_production_obs.py:141: in route_c_strategy_identity
    cls = load_route_c_strategy_class()
          ^^^^^^^^^^^^^^^^^^^^^^^^^^^^^
src/rl_curriculum/curriculum261_production_obs.py:124: in load_route_c_strategy_class
    spec.loader.exec_module(module)
<frozen importlib._bootstrap_external>:940: in exec_module
    ???
<frozen importlib._bootstrap>:241: in _call_with_frames_removed
    ???
_ _ _ _ _ _ _ _ _ _ _ _ _ _ _ _ _ _ _ _ _ _ _ _ _ _ _ _ _ _ _ _ _ _ _ _ _ _ _ _ 

    """阶段 2.5.2a 路线 C:Freqtrade 策略薄适配层(execution_mode=market_open_causal)。
    
    特征:少量因果特征(收益/滚动波动率/价格相对均值/原始 OHLC 供环境用),
    全部只使用当前及过去数据;目标仓位列 &-target_position 由 RouteCModel
    顺序推理填充。
    
    阶段 2.5.2a 改造(工作包 B):
    - 订单类型改为 market(入场/退出均市场订单):成交价由回测器/交易所决定,
      回测中市场单以执行 bar 的 open 成交(backtesting.py:1039-1057 仅 limit
      分支调用 custom_entry_price;:596 exit_signal 的 close_rate=row[OPEN_IDX];
      :551-567 信号 shift(1)),与环境 market_open_causal 合同在
      simulated_slippage_bps=0 时逐笔对齐;
    - 移除 custom_entry_price / custom_exit_price / _route_c_bars 执行 K 线
      high/low 缓存(阶段 2.5.2 bar 内调价合同依赖执行 K 线最终 high/low,
      属未来信息,已废弃为 legacy_noncausal_not_for_training);
    - simulated_slippage_bps 只属于训练与离线压力环境,不得改变 live 市场订单
      价格;Freqtrade live 使用交易所真实回报价格;
    - amount_epsilon 与 RouteCModel 从同一最终配置 freqai.route_c.amount_epsilon
      读取(工作包 E),所有执行状态读取都通过 route_c_amount_epsilon 传参。
    
    保留(阶段 2.5.2 工作包 B):
    - live 只处理最新一行(signal_convert.latest_row_signals);
    - adjust_entry_price / adjust_exit_price 官方扩展点的目标反转取消
      (None = 取消且不替换);do_predict != 1 时维持挂单。
    
    成交时机完全交给 Freqtrade 回测引擎自身的 shift(1)(open[t+1]),
    本层不加额外 shift。
    """
    
    import sys
    from pathlib import Path
    
    from pandas import DataFrame
    
>   from freqtrade.enums import RunMode
E   ModuleNotFoundError: No module named 'freqtrade'

user_data/strategies/RouteCStrategy.py:35: ModuleNotFoundError
_ TestUnifiedPairContract.test_accepted_implies_final_integrity[c1_opportunity-D1] _

self = <test_curriculum261_r2_protocol.TestUnifiedPairContract object at 0x7550510d14d0>
family = 'c1_opportunity', rung = 'D1'

    @pytest.mark.parametrize("family,rung",
                             [("c1_opportunity", "D1"),
                              ("c2_context", "D2"),
                              ("c3_cost", "D1")])
    def test_accepted_implies_final_integrity(self, family, rung):
        """acceptance 与 final 同源:contract 无拒绝 -> integrity pass
        (同一确定性输入的同一判定)。"""
        for p in range(2):
>           rec = generate_pair(family, rung, p,
                                namespace="calibration_r2")

tests/route_c_stage2_6_1/test_curriculum261_r2_protocol.py:168: 
_ _ _ _ _ _ _ _ _ _ _ _ _ _ _ _ _ _ _ _ _ _ _ _ _ _ _ _ _ _ _ _ _ _ _ _ _ _ _ _ 
src/rl_curriculum/curriculum261_pairs.py:114: in generate_pair
    episodes, log = generate_pair_with_attempts(
src/rl_curriculum/curriculum261_api.py:1504: in generate_pair_with_attempts
    episodes[side] = generator.generate(
src/rl_curriculum/generator_api.py:186: in generate
    df = self._attach_features(df)
         ^^^^^^^^^^^^^^^^^^^^^^^^^
src/rl_curriculum/curriculum261_api.py:1267: in _attach_features
    return attach_production_features(df)
           ^^^^^^^^^^^^^^^^^^^^^^^^^^^^^^
src/rl_curriculum/curriculum261_production_obs.py:160: in attach_production_features
    cls = load_route_c_strategy_class()
          ^^^^^^^^^^^^^^^^^^^^^^^^^^^^^
src/rl_curriculum/curriculum261_production_obs.py:124: in load_route_c_strategy_class
    spec.loader.exec_module(module)
<frozen importlib._bootstrap_external>:940: in exec_module
    ???
<frozen importlib._bootstrap>:241: in _call_with_frames_removed
    ???
_ _ _ _ _ _ _ _ _ _ _ _ _ _ _ _ _ _ _ _ _ _ _ _ _ _ _ _ _ _ _ _ _ _ _ _ _ _ _ _ 

    """阶段 2.5.2a 路线 C:Freqtrade 策略薄适配层(execution_mode=market_open_causal)。
    
    特征:少量因果特征(收益/滚动波动率/价格相对均值/原始 OHLC 供环境用),
    全部只使用当前及过去数据;目标仓位列 &-target_position 由 RouteCModel
    顺序推理填充。
    
    阶段 2.5.2a 改造(工作包 B):
    - 订单类型改为 market(入场/退出均市场订单):成交价由回测器/交易所决定,
      回测中市场单以执行 bar 的 open 成交(backtesting.py:1039-1057 仅 limit
      分支调用 custom_entry_price;:596 exit_signal 的 close_rate=row[OPEN_IDX];
      :551-567 信号 shift(1)),与环境 market_open_causal 合同在
      simulated_slippage_bps=0 时逐笔对齐;
    - 移除 custom_entry_price / custom_exit_price / _route_c_bars 执行 K 线
      high/low 缓存(阶段 2.5.2 bar 内调价合同依赖执行 K 线最终 high/low,
      属未来信息,已废弃为 legacy_noncausal_not_for_training);
    - simulated_slippage_bps 只属于训练与离线压力环境,不得改变 live 市场订单
      价格;Freqtrade live 使用交易所真实回报价格;
    - amount_epsilon 与 RouteCModel 从同一最终配置 freqai.route_c.amount_epsilon
      读取(工作包 E),所有执行状态读取都通过 route_c_amount_epsilon 传参。
    
    保留(阶段 2.5.2 工作包 B):
    - live 只处理最新一行(signal_convert.latest_row_signals);
    - adjust_entry_price / adjust_exit_price 官方扩展点的目标反转取消
      (None = 取消且不替换);do_predict != 1 时维持挂单。
    
    成交时机完全交给 Freqtrade 回测引擎自身的 shift(1)(open[t+1]),
    本层不加额外 shift。
    """
    
    import sys
    from pathlib import Path
    
    from pandas import DataFrame
    
>   from freqtrade.enums import RunMode
E   ModuleNotFoundError: No module named 'freqtrade'

user_data/strategies/RouteCStrategy.py:35: ModuleNotFoundError
_ TestUnifiedPairContract.test_accepted_implies_final_integrity[c2_context-D2] _

self = <test_curriculum261_r2_protocol.TestUnifiedPairContract object at 0x7550510d1710>
family = 'c2_context', rung = 'D2'

    @pytest.mark.parametrize("family,rung",
                             [("c1_opportunity", "D1"),
                              ("c2_context", "D2"),
                              ("c3_cost", "D1")])
    def test_accepted_implies_final_integrity(self, family, rung):
        """acceptance 与 final 同源:contract 无拒绝 -> integrity pass
        (同一确定性输入的同一判定)。"""
        for p in range(2):
>           rec = generate_pair(family, rung, p,
                                namespace="calibration_r2")

tests/route_c_stage2_6_1/test_curriculum261_r2_protocol.py:168: 
_ _ _ _ _ _ _ _ _ _ _ _ _ _ _ _ _ _ _ _ _ _ _ _ _ _ _ _ _ _ _ _ _ _ _ _ _ _ _ _ 
src/rl_curriculum/curriculum261_pairs.py:114: in generate_pair
    episodes, log = generate_pair_with_attempts(
src/rl_curriculum/curriculum261_api.py:1504: in generate_pair_with_attempts
    episodes[side] = generator.generate(
src/rl_curriculum/generator_api.py:186: in generate
    df = self._attach_features(df)
         ^^^^^^^^^^^^^^^^^^^^^^^^^
src/rl_curriculum/curriculum261_api.py:1267: in _attach_features
    return attach_production_features(df)
           ^^^^^^^^^^^^^^^^^^^^^^^^^^^^^^
src/rl_curriculum/curriculum261_production_obs.py:160: in attach_production_features
    cls = load_route_c_strategy_class()
          ^^^^^^^^^^^^^^^^^^^^^^^^^^^^^
src/rl_curriculum/curriculum261_production_obs.py:124: in load_route_c_strategy_class
    spec.loader.exec_module(module)
<frozen importlib._bootstrap_external>:940: in exec_module
    ???
<frozen importlib._bootstrap>:241: in _call_with_frames_removed
    ???
_ _ _ _ _ _ _ _ _ _ _ _ _ _ _ _ _ _ _ _ _ _ _ _ _ _ _ _ _ _ _ _ _ _ _ _ _ _ _ _ 

    """阶段 2.5.2a 路线 C:Freqtrade 策略薄适配层(execution_mode=market_open_causal)。
    
    特征:少量因果特征(收益/滚动波动率/价格相对均值/原始 OHLC 供环境用),
    全部只使用当前及过去数据;目标仓位列 &-target_position 由 RouteCModel
    顺序推理填充。
    
    阶段 2.5.2a 改造(工作包 B):
    - 订单类型改为 market(入场/退出均市场订单):成交价由回测器/交易所决定,
      回测中市场单以执行 bar 的 open 成交(backtesting.py:1039-1057 仅 limit
      分支调用 custom_entry_price;:596 exit_signal 的 close_rate=row[OPEN_IDX];
      :551-567 信号 shift(1)),与环境 market_open_causal 合同在
      simulated_slippage_bps=0 时逐笔对齐;
    - 移除 custom_entry_price / custom_exit_price / _route_c_bars 执行 K 线
      high/low 缓存(阶段 2.5.2 bar 内调价合同依赖执行 K 线最终 high/low,
      属未来信息,已废弃为 legacy_noncausal_not_for_training);
    - simulated_slippage_bps 只属于训练与离线压力环境,不得改变 live 市场订单
      价格;Freqtrade live 使用交易所真实回报价格;
    - amount_epsilon 与 RouteCModel 从同一最终配置 freqai.route_c.amount_epsilon
      读取(工作包 E),所有执行状态读取都通过 route_c_amount_epsilon 传参。
    
    保留(阶段 2.5.2 工作包 B):
    - live 只处理最新一行(signal_convert.latest_row_signals);
    - adjust_entry_price / adjust_exit_price 官方扩展点的目标反转取消
      (None = 取消且不替换);do_predict != 1 时维持挂单。
    
    成交时机完全交给 Freqtrade 回测引擎自身的 shift(1)(open[t+1]),
    本层不加额外 shift。
    """
    
    import sys
    from pathlib import Path
    
    from pandas import DataFrame
    
>   from freqtrade.enums import RunMode
E   ModuleNotFoundError: No module named 'freqtrade'

user_data/strategies/RouteCStrategy.py:35: ModuleNotFoundError
__ TestUnifiedPairContract.test_accepted_implies_final_integrity[c3_cost-D1] ___

self = <test_curriculum261_r2_protocol.TestUnifiedPairContract object at 0x7550510d1950>
family = 'c3_cost', rung = 'D1'

    @pytest.mark.parametrize("family,rung",
                             [("c1_opportunity", "D1"),
                              ("c2_context", "D2"),
                              ("c3_cost", "D1")])
    def test_accepted_implies_final_integrity(self, family, rung):
        """acceptance 与 final 同源:contract 无拒绝 -> integrity pass
        (同一确定性输入的同一判定)。"""
        for p in range(2):
>           rec = generate_pair(family, rung, p,
                                namespace="calibration_r2")

tests/route_c_stage2_6_1/test_curriculum261_r2_protocol.py:168: 
_ _ _ _ _ _ _ _ _ _ _ _ _ _ _ _ _ _ _ _ _ _ _ _ _ _ _ _ _ _ _ _ _ _ _ _ _ _ _ _ 
src/rl_curriculum/curriculum261_pairs.py:114: in generate_pair
    episodes, log = generate_pair_with_attempts(
src/rl_curriculum/curriculum261_api.py:1504: in generate_pair_with_attempts
    episodes[side] = generator.generate(
src/rl_curriculum/generator_api.py:186: in generate
    df = self._attach_features(df)
         ^^^^^^^^^^^^^^^^^^^^^^^^^
src/rl_curriculum/curriculum261_api.py:1267: in _attach_features
    return attach_production_features(df)
           ^^^^^^^^^^^^^^^^^^^^^^^^^^^^^^
src/rl_curriculum/curriculum261_production_obs.py:160: in attach_production_features
    cls = load_route_c_strategy_class()
          ^^^^^^^^^^^^^^^^^^^^^^^^^^^^^
src/rl_curriculum/curriculum261_production_obs.py:124: in load_route_c_strategy_class
    spec.loader.exec_module(module)
<frozen importlib._bootstrap_external>:940: in exec_module
    ???
<frozen importlib._bootstrap>:241: in _call_with_frames_removed
    ???
_ _ _ _ _ _ _ _ _ _ _ _ _ _ _ _ _ _ _ _ _ _ _ _ _ _ _ _ _ _ _ _ _ _ _ _ _ _ _ _ 

    """阶段 2.5.2a 路线 C:Freqtrade 策略薄适配层(execution_mode=market_open_causal)。
    
    特征:少量因果特征(收益/滚动波动率/价格相对均值/原始 OHLC 供环境用),
    全部只使用当前及过去数据;目标仓位列 &-target_position 由 RouteCModel
    顺序推理填充。
    
    阶段 2.5.2a 改造(工作包 B):
    - 订单类型改为 market(入场/退出均市场订单):成交价由回测器/交易所决定,
      回测中市场单以执行 bar 的 open 成交(backtesting.py:1039-1057 仅 limit
      分支调用 custom_entry_price;:596 exit_signal 的 close_rate=row[OPEN_IDX];
      :551-567 信号 shift(1)),与环境 market_open_causal 合同在
      simulated_slippage_bps=0 时逐笔对齐;
    - 移除 custom_entry_price / custom_exit_price / _route_c_bars 执行 K 线
      high/low 缓存(阶段 2.5.2 bar 内调价合同依赖执行 K 线最终 high/low,
      属未来信息,已废弃为 legacy_noncausal_not_for_training);
    - simulated_slippage_bps 只属于训练与离线压力环境,不得改变 live 市场订单
      价格;Freqtrade live 使用交易所真实回报价格;
    - amount_epsilon 与 RouteCModel 从同一最终配置 freqai.route_c.amount_epsilon
      读取(工作包 E),所有执行状态读取都通过 route_c_amount_epsilon 传参。
    
    保留(阶段 2.5.2 工作包 B):
    - live 只处理最新一行(signal_convert.latest_row_signals);
    - adjust_entry_price / adjust_exit_price 官方扩展点的目标反转取消
      (None = 取消且不替换);do_predict != 1 时维持挂单。
    
    成交时机完全交给 Freqtrade 回测引擎自身的 shift(1)(open[t+1]),
    本层不加额外 shift。
    """
    
    import sys
    from pathlib import Path
    
    from pandas import DataFrame
    
>   from freqtrade.enums import RunMode
E   ModuleNotFoundError: No module named 'freqtrade'

user_data/strategies/RouteCStrategy.py:35: ModuleNotFoundError
__________ TestUnifiedPairContract.test_contract_detects_broken_pair ___________

self = <test_curriculum261_r2_protocol.TestUnifiedPairContract object at 0x7550510d1e10>

    def test_contract_detects_broken_pair(self):
        """人为破坏共享表 -> contract 必须拒绝(与 final 同判)。"""
>       rec = generate_pair("c2_context", "D0", 0,
                            namespace="calibration_r2")

tests/route_c_stage2_6_1/test_curriculum261_r2_protocol.py:179: 
_ _ _ _ _ _ _ _ _ _ _ _ _ _ _ _ _ _ _ _ _ _ _ _ _ _ _ _ _ _ _ _ _ _ _ _ _ _ _ _ 
src/rl_curriculum/curriculum261_pairs.py:114: in generate_pair
    episodes, log = generate_pair_with_attempts(
src/rl_curriculum/curriculum261_api.py:1504: in generate_pair_with_attempts
    episodes[side] = generator.generate(
src/rl_curriculum/generator_api.py:186: in generate
    df = self._attach_features(df)
         ^^^^^^^^^^^^^^^^^^^^^^^^^
src/rl_curriculum/curriculum261_api.py:1267: in _attach_features
    return attach_production_features(df)
           ^^^^^^^^^^^^^^^^^^^^^^^^^^^^^^
src/rl_curriculum/curriculum261_production_obs.py:160: in attach_production_features
    cls = load_route_c_strategy_class()
          ^^^^^^^^^^^^^^^^^^^^^^^^^^^^^
src/rl_curriculum/curriculum261_production_obs.py:124: in load_route_c_strategy_class
    spec.loader.exec_module(module)
<frozen importlib._bootstrap_external>:940: in exec_module
    ???
<frozen importlib._bootstrap>:241: in _call_with_frames_removed
    ???
_ _ _ _ _ _ _ _ _ _ _ _ _ _ _ _ _ _ _ _ _ _ _ _ _ _ _ _ _ _ _ _ _ _ _ _ _ _ _ _ 

    """阶段 2.5.2a 路线 C:Freqtrade 策略薄适配层(execution_mode=market_open_causal)。
    
    特征:少量因果特征(收益/滚动波动率/价格相对均值/原始 OHLC 供环境用),
    全部只使用当前及过去数据;目标仓位列 &-target_position 由 RouteCModel
    顺序推理填充。
    
    阶段 2.5.2a 改造(工作包 B):
    - 订单类型改为 market(入场/退出均市场订单):成交价由回测器/交易所决定,
      回测中市场单以执行 bar 的 open 成交(backtesting.py:1039-1057 仅 limit
      分支调用 custom_entry_price;:596 exit_signal 的 close_rate=row[OPEN_IDX];
      :551-567 信号 shift(1)),与环境 market_open_causal 合同在
      simulated_slippage_bps=0 时逐笔对齐;
    - 移除 custom_entry_price / custom_exit_price / _route_c_bars 执行 K 线
      high/low 缓存(阶段 2.5.2 bar 内调价合同依赖执行 K 线最终 high/low,
      属未来信息,已废弃为 legacy_noncausal_not_for_training);
    - simulated_slippage_bps 只属于训练与离线压力环境,不得改变 live 市场订单
      价格;Freqtrade live 使用交易所真实回报价格;
    - amount_epsilon 与 RouteCModel 从同一最终配置 freqai.route_c.amount_epsilon
      读取(工作包 E),所有执行状态读取都通过 route_c_amount_epsilon 传参。
    
    保留(阶段 2.5.2 工作包 B):
    - live 只处理最新一行(signal_convert.latest_row_signals);
    - adjust_entry_price / adjust_exit_price 官方扩展点的目标反转取消
      (None = 取消且不替换);do_predict != 1 时维持挂单。
    
    成交时机完全交给 Freqtrade 回测引擎自身的 shift(1)(open[t+1]),
    本层不加额外 shift。
    """
    
    import sys
    from pathlib import Path
    
    from pandas import DataFrame
    
>   from freqtrade.enums import RunMode
E   ModuleNotFoundError: No module named 'freqtrade'

user_data/strategies/RouteCStrategy.py:35: ModuleNotFoundError
__ TestProductionRuntimeIdentity.test_plan_binds_runtime_config_and_boundary ___

self = <test_curriculum261_r2_protocol.TestProductionRuntimeIdentity object at 0x7550510d31d0>

    def test_plan_binds_runtime_config_and_boundary(self):
        from rl_curriculum.curriculum261_plan import build_plan
        from rl_curriculum.curriculum261_production_obs import (
            curriculum_preprocessing_boundary,
            production_runtime_config_identity,
        )
    
>       plan = build_plan(
            baseline_commit="a" * 40, vendor_pin="b" * 40,
            frozen_contracts={}, robustness_gate=_gate_pass())

tests/route_c_stage2_6_1/test_curriculum261_r2_protocol.py:224: 
_ _ _ _ _ _ _ _ _ _ _ _ _ _ _ _ _ _ _ _ _ _ _ _ _ _ _ _ _ _ _ _ _ _ _ _ _ _ _ _ 
src/rl_curriculum/curriculum261_plan.py:118: in build_plan
    "production_observation_identity": production_observation_identity(),
                                       ^^^^^^^^^^^^^^^^^^^^^^^^^^^^^^^^^
src/rl_curriculum/curriculum261_production_obs.py:200: in production_observation_identity
    identity: dict[str, Any] = dict(route_c_strategy_identity())
                                    ^^^^^^^^^^^^^^^^^^^^^^^^^^^
src/rl_curriculum/curriculum261_production_obs.py:141: in route_c_strategy_identity
    cls = load_route_c_strategy_class()
          ^^^^^^^^^^^^^^^^^^^^^^^^^^^^^
src/rl_curriculum/curriculum261_production_obs.py:124: in load_route_c_strategy_class
    spec.loader.exec_module(module)
<frozen importlib._bootstrap_external>:940: in exec_module
    ???
<frozen importlib._bootstrap>:241: in _call_with_frames_removed
    ???
_ _ _ _ _ _ _ _ _ _ _ _ _ _ _ _ _ _ _ _ _ _ _ _ _ _ _ _ _ _ _ _ _ _ _ _ _ _ _ _ 

    """阶段 2.5.2a 路线 C:Freqtrade 策略薄适配层(execution_mode=market_open_causal)。
    
    特征:少量因果特征(收益/滚动波动率/价格相对均值/原始 OHLC 供环境用),
    全部只使用当前及过去数据;目标仓位列 &-target_position 由 RouteCModel
    顺序推理填充。
    
    阶段 2.5.2a 改造(工作包 B):
    - 订单类型改为 market(入场/退出均市场订单):成交价由回测器/交易所决定,
      回测中市场单以执行 bar 的 open 成交(backtesting.py:1039-1057 仅 limit
      分支调用 custom_entry_price;:596 exit_signal 的 close_rate=row[OPEN_IDX];
      :551-567 信号 shift(1)),与环境 market_open_causal 合同在
      simulated_slippage_bps=0 时逐笔对齐;
    - 移除 custom_entry_price / custom_exit_price / _route_c_bars 执行 K 线
      high/low 缓存(阶段 2.5.2 bar 内调价合同依赖执行 K 线最终 high/low,
      属未来信息,已废弃为 legacy_noncausal_not_for_training);
    - simulated_slippage_bps 只属于训练与离线压力环境,不得改变 live 市场订单
      价格;Freqtrade live 使用交易所真实回报价格;
    - amount_epsilon 与 RouteCModel 从同一最终配置 freqai.route_c.amount_epsilon
      读取(工作包 E),所有执行状态读取都通过 route_c_amount_epsilon 传参。
    
    保留(阶段 2.5.2 工作包 B):
    - live 只处理最新一行(signal_convert.latest_row_signals);
    - adjust_entry_price / adjust_exit_price 官方扩展点的目标反转取消
      (None = 取消且不替换);do_predict != 1 时维持挂单。
    
    成交时机完全交给 Freqtrade 回测引擎自身的 shift(1)(open[t+1]),
    本层不加额外 shift。
    """
    
    import sys
    from pathlib import Path
    
    from pandas import DataFrame
    
>   from freqtrade.enums import RunMode
E   ModuleNotFoundError: No module named 'freqtrade'

user_data/strategies/RouteCStrategy.py:35: ModuleNotFoundError
__________________ test_vendor_pipeline_steps_match_expected ___________________

    def test_vendor_pipeline_steps_match_expected():
>       audit = production_preprocessing_audit()
                ^^^^^^^^^^^^^^^^^^^^^^^^^^^^^^^^

tests/route_c_stage2_6_1/test_curriculum261_r3_preprocessing.py:66: 
_ _ _ _ _ _ _ _ _ _ _ _ _ _ _ _ _ _ _ _ _ _ _ _ _ _ _ _ _ _ _ _ _ _ _ _ _ _ _ _ 

    def production_preprocessing_audit() -> dict[str, Any]:
        """WP-A:pinned vendor + runtime config 的 preprocessing 事实审计。
    
        全部字段从实际文件/对象读取(不假设);若真实路径与预期不同,
        以本函数记录的事实为准。
        """
        import sklearn
>       import datasieve
E       ModuleNotFoundError: No module named 'datasieve'

src/rl_curriculum/curriculum261_r3_preprocessing.py:144: ModuleNotFoundError
_________________ test_zero_variance_column_removed_by_vendor __________________

    def test_zero_variance_column_removed_by_vendor():
        """vendor VarianceThreshold(threshold=0) 只删常数列(独立探测)。"""
>       vendor = build_vendor_feature_pipeline()
                 ^^^^^^^^^^^^^^^^^^^^^^^^^^^^^^^

tests/route_c_stage2_6_1/test_curriculum261_r3_preprocessing.py:100: 
_ _ _ _ _ _ _ _ _ _ _ _ _ _ _ _ _ _ _ _ _ _ _ _ _ _ _ _ _ _ _ _ _ _ _ _ _ _ _ _ 

freqai_info = None

    def build_vendor_feature_pipeline(
        freqai_info: dict[str, Any] | None = None,
    ) -> Any:
        """直接复用 pinned vendor 的 production feature-pipeline builder。
    
        调用 IFreqaiModel.define_data_pipeline 的 vendor 代码本体(未绑定
        方式 + 最小 shim 提供 freqai_info),不重新实现任何 scaler。参数
        来自真实 runtime config —— 当前 Route C 配置下
        PCA/SVM/DI/DBSCAN/noise 全部关闭,pipeline 恰为两步:
    
            ds.VarianceThreshold(threshold=0)
            -> SKLearnWrapper(MinMaxScaler(feature_range=(-1, 1)))
        """
>       from freqtrade.freqai.freqai_interface import IFreqaiModel
E       ModuleNotFoundError: No module named 'freqtrade'

src/rl_curriculum/curriculum261_r3_preprocessing.py:123: ModuleNotFoundError
_______________ test_plan_digest_stable_and_created_utc_excluded _______________

    def test_plan_digest_stable_and_created_utc_excluded():
>       plan = build_plan_r3(**_plan_kwargs())
               ^^^^^^^^^^^^^^^^^^^^^^^^^^^^^^^

tests/route_c_stage2_6_1/test_curriculum261_r3_protocol.py:58: 
_ _ _ _ _ _ _ _ _ _ _ _ _ _ _ _ _ _ _ _ _ _ _ _ _ _ _ _ _ _ _ _ _ _ _ _ _ _ _ _ 
src/rl_curriculum/curriculum261_r3_plan.py:197: in build_plan_r3
    "code_identity": _code_identity_r3(),
                     ^^^^^^^^^^^^^^^^^^^
src/rl_curriculum/curriculum261_r3_plan.py:64: in _code_identity_r3
    ident = route_c_strategy_identity()
            ^^^^^^^^^^^^^^^^^^^^^^^^^^^
src/rl_curriculum/curriculum261_production_obs.py:141: in route_c_strategy_identity
    cls = load_route_c_strategy_class()
          ^^^^^^^^^^^^^^^^^^^^^^^^^^^^^
src/rl_curriculum/curriculum261_production_obs.py:124: in load_route_c_strategy_class
    spec.loader.exec_module(module)
<frozen importlib._bootstrap_external>:940: in exec_module
    ???
<frozen importlib._bootstrap>:241: in _call_with_frames_removed
    ???
_ _ _ _ _ _ _ _ _ _ _ _ _ _ _ _ _ _ _ _ _ _ _ _ _ _ _ _ _ _ _ _ _ _ _ _ _ _ _ _ 

    """阶段 2.5.2a 路线 C:Freqtrade 策略薄适配层(execution_mode=market_open_causal)。
    
    特征:少量因果特征(收益/滚动波动率/价格相对均值/原始 OHLC 供环境用),
    全部只使用当前及过去数据;目标仓位列 &-target_position 由 RouteCModel
    顺序推理填充。
    
    阶段 2.5.2a 改造(工作包 B):
    - 订单类型改为 market(入场/退出均市场订单):成交价由回测器/交易所决定,
      回测中市场单以执行 bar 的 open 成交(backtesting.py:1039-1057 仅 limit
      分支调用 custom_entry_price;:596 exit_signal 的 close_rate=row[OPEN_IDX];
      :551-567 信号 shift(1)),与环境 market_open_causal 合同在
      simulated_slippage_bps=0 时逐笔对齐;
    - 移除 custom_entry_price / custom_exit_price / _route_c_bars 执行 K 线
      high/low 缓存(阶段 2.5.2 bar 内调价合同依赖执行 K 线最终 high/low,
      属未来信息,已废弃为 legacy_noncausal_not_for_training);
    - simulated_slippage_bps 只属于训练与离线压力环境,不得改变 live 市场订单
      价格;Freqtrade live 使用交易所真实回报价格;
    - amount_epsilon 与 RouteCModel 从同一最终配置 freqai.route_c.amount_epsilon
      读取(工作包 E),所有执行状态读取都通过 route_c_amount_epsilon 传参。
    
    保留(阶段 2.5.2 工作包 B):
    - live 只处理最新一行(signal_convert.latest_row_signals);
    - adjust_entry_price / adjust_exit_price 官方扩展点的目标反转取消
      (None = 取消且不替换);do_predict != 1 时维持挂单。
    
    成交时机完全交给 Freqtrade 回测引擎自身的 shift(1)(open[t+1]),
    本层不加额外 shift。
    """
    
    import sys
    from pathlib import Path
    
    from pandas import DataFrame
    
>   from freqtrade.enums import RunMode
E   ModuleNotFoundError: No module named 'freqtrade'

user_data/strategies/RouteCStrategy.py:35: ModuleNotFoundError
______________________ test_plan_digest_detects_tampering ______________________

    def test_plan_digest_detects_tampering():
>       plan = build_plan_r3(**_plan_kwargs())
               ^^^^^^^^^^^^^^^^^^^^^^^^^^^^^^^

tests/route_c_stage2_6_1/test_curriculum261_r3_protocol.py:66: 
_ _ _ _ _ _ _ _ _ _ _ _ _ _ _ _ _ _ _ _ _ _ _ _ _ _ _ _ _ _ _ _ _ _ _ _ _ _ _ _ 
src/rl_curriculum/curriculum261_r3_plan.py:197: in build_plan_r3
    "code_identity": _code_identity_r3(),
                     ^^^^^^^^^^^^^^^^^^^
src/rl_curriculum/curriculum261_r3_plan.py:64: in _code_identity_r3
    ident = route_c_strategy_identity()
            ^^^^^^^^^^^^^^^^^^^^^^^^^^^
src/rl_curriculum/curriculum261_production_obs.py:141: in route_c_strategy_identity
    cls = load_route_c_strategy_class()
          ^^^^^^^^^^^^^^^^^^^^^^^^^^^^^
src/rl_curriculum/curriculum261_production_obs.py:124: in load_route_c_strategy_class
    spec.loader.exec_module(module)
<frozen importlib._bootstrap_external>:940: in exec_module
    ???
<frozen importlib._bootstrap>:241: in _call_with_frames_removed
    ???
_ _ _ _ _ _ _ _ _ _ _ _ _ _ _ _ _ _ _ _ _ _ _ _ _ _ _ _ _ _ _ _ _ _ _ _ _ _ _ _ 

    """阶段 2.5.2a 路线 C:Freqtrade 策略薄适配层(execution_mode=market_open_causal)。
    
    特征:少量因果特征(收益/滚动波动率/价格相对均值/原始 OHLC 供环境用),
    全部只使用当前及过去数据;目标仓位列 &-target_position 由 RouteCModel
    顺序推理填充。
    
    阶段 2.5.2a 改造(工作包 B):
    - 订单类型改为 market(入场/退出均市场订单):成交价由回测器/交易所决定,
      回测中市场单以执行 bar 的 open 成交(backtesting.py:1039-1057 仅 limit
      分支调用 custom_entry_price;:596 exit_signal 的 close_rate=row[OPEN_IDX];
      :551-567 信号 shift(1)),与环境 market_open_causal 合同在
      simulated_slippage_bps=0 时逐笔对齐;
    - 移除 custom_entry_price / custom_exit_price / _route_c_bars 执行 K 线
      high/low 缓存(阶段 2.5.2 bar 内调价合同依赖执行 K 线最终 high/low,
      属未来信息,已废弃为 legacy_noncausal_not_for_training);
    - simulated_slippage_bps 只属于训练与离线压力环境,不得改变 live 市场订单
      价格;Freqtrade live 使用交易所真实回报价格;
    - amount_epsilon 与 RouteCModel 从同一最终配置 freqai.route_c.amount_epsilon
      读取(工作包 E),所有执行状态读取都通过 route_c_amount_epsilon 传参。
    
    保留(阶段 2.5.2 工作包 B):
    - live 只处理最新一行(signal_convert.latest_row_signals);
    - adjust_entry_price / adjust_exit_price 官方扩展点的目标反转取消
      (None = 取消且不替换);do_predict != 1 时维持挂单。
    
    成交时机完全交给 Freqtrade 回测引擎自身的 shift(1)(open[t+1]),
    本层不加额外 shift。
    """
    
    import sys
    from pathlib import Path
    
    from pandas import DataFrame
    
>   from freqtrade.enums import RunMode
E   ModuleNotFoundError: No module named 'freqtrade'

user_data/strategies/RouteCStrategy.py:35: ModuleNotFoundError
____________ TestQualificationR3Guard.test_plan_alone_insufficient _____________

self = <test_curriculum261_r3_protocol.TestQualificationR3Guard object at 0x7550510ebe10>
tmp_path = PosixPath('/tmp/pytest-of-cryptorl/pytest-0/test_plan_alone_insufficient0')
monkeypatch = <_pytest.monkeypatch.MonkeyPatch object at 0x754f74d97850>

    def test_plan_alone_insufficient(self, tmp_path, monkeypatch):
        monkeypatch.setenv("CURRICULUM261_R3_LOCK_DIR", str(tmp_path))
>       plan = build_plan_r3(**_plan_kwargs())
               ^^^^^^^^^^^^^^^^^^^^^^^^^^^^^^^

tests/route_c_stage2_6_1/test_curriculum261_r3_protocol.py:82: 
_ _ _ _ _ _ _ _ _ _ _ _ _ _ _ _ _ _ _ _ _ _ _ _ _ _ _ _ _ _ _ _ _ _ _ _ _ _ _ _ 
src/rl_curriculum/curriculum261_r3_plan.py:197: in build_plan_r3
    "code_identity": _code_identity_r3(),
                     ^^^^^^^^^^^^^^^^^^^
src/rl_curriculum/curriculum261_r3_plan.py:64: in _code_identity_r3
    ident = route_c_strategy_identity()
            ^^^^^^^^^^^^^^^^^^^^^^^^^^^
src/rl_curriculum/curriculum261_production_obs.py:141: in route_c_strategy_identity
    cls = load_route_c_strategy_class()
          ^^^^^^^^^^^^^^^^^^^^^^^^^^^^^
src/rl_curriculum/curriculum261_production_obs.py:124: in load_route_c_strategy_class
    spec.loader.exec_module(module)
<frozen importlib._bootstrap_external>:940: in exec_module
    ???
<frozen importlib._bootstrap>:241: in _call_with_frames_removed
    ???
_ _ _ _ _ _ _ _ _ _ _ _ _ _ _ _ _ _ _ _ _ _ _ _ _ _ _ _ _ _ _ _ _ _ _ _ _ _ _ _ 

    """阶段 2.5.2a 路线 C:Freqtrade 策略薄适配层(execution_mode=market_open_causal)。
    
    特征:少量因果特征(收益/滚动波动率/价格相对均值/原始 OHLC 供环境用),
    全部只使用当前及过去数据;目标仓位列 &-target_position 由 RouteCModel
    顺序推理填充。
    
    阶段 2.5.2a 改造(工作包 B):
    - 订单类型改为 market(入场/退出均市场订单):成交价由回测器/交易所决定,
      回测中市场单以执行 bar 的 open 成交(backtesting.py:1039-1057 仅 limit
      分支调用 custom_entry_price;:596 exit_signal 的 close_rate=row[OPEN_IDX];
      :551-567 信号 shift(1)),与环境 market_open_causal 合同在
      simulated_slippage_bps=0 时逐笔对齐;
    - 移除 custom_entry_price / custom_exit_price / _route_c_bars 执行 K 线
      high/low 缓存(阶段 2.5.2 bar 内调价合同依赖执行 K 线最终 high/low,
      属未来信息,已废弃为 legacy_noncausal_not_for_training);
    - simulated_slippage_bps 只属于训练与离线压力环境,不得改变 live 市场订单
      价格;Freqtrade live 使用交易所真实回报价格;
    - amount_epsilon 与 RouteCModel 从同一最终配置 freqai.route_c.amount_epsilon
      读取(工作包 E),所有执行状态读取都通过 route_c_amount_epsilon 传参。
    
    保留(阶段 2.5.2 工作包 B):
    - live 只处理最新一行(signal_convert.latest_row_signals);
    - adjust_entry_price / adjust_exit_price 官方扩展点的目标反转取消
      (None = 取消且不替换);do_predict != 1 时维持挂单。
    
    成交时机完全交给 Freqtrade 回测引擎自身的 shift(1)(open[t+1]),
    本层不加额外 shift。
    """
    
    import sys
    from pathlib import Path
    
    from pandas import DataFrame
    
>   from freqtrade.enums import RunMode
E   ModuleNotFoundError: No module named 'freqtrade'

user_data/strategies/RouteCStrategy.py:35: ModuleNotFoundError
_________ TestQualificationR3Guard.test_plan_and_digest_but_gate_false _________

self = <test_curriculum261_r3_protocol.TestQualificationR3Guard object at 0x7550510f4450>
tmp_path = PosixPath('/tmp/pytest-of-cryptorl/pytest-0/test_plan_and_digest_but_gate_0')
monkeypatch = <_pytest.monkeypatch.MonkeyPatch object at 0x754f74c69750>

    def test_plan_and_digest_but_gate_false(self, tmp_path, monkeypatch):
        monkeypatch.setenv("CURRICULUM261_R3_LOCK_DIR", str(tmp_path))
>       plan = build_plan_r3(**_plan_kwargs())
               ^^^^^^^^^^^^^^^^^^^^^^^^^^^^^^^

tests/route_c_stage2_6_1/test_curriculum261_r3_protocol.py:89: 
_ _ _ _ _ _ _ _ _ _ _ _ _ _ _ _ _ _ _ _ _ _ _ _ _ _ _ _ _ _ _ _ _ _ _ _ _ _ _ _ 
src/rl_curriculum/curriculum261_r3_plan.py:197: in build_plan_r3
    "code_identity": _code_identity_r3(),
                     ^^^^^^^^^^^^^^^^^^^
src/rl_curriculum/curriculum261_r3_plan.py:64: in _code_identity_r3
    ident = route_c_strategy_identity()
            ^^^^^^^^^^^^^^^^^^^^^^^^^^^
src/rl_curriculum/curriculum261_production_obs.py:141: in route_c_strategy_identity
    cls = load_route_c_strategy_class()
          ^^^^^^^^^^^^^^^^^^^^^^^^^^^^^
src/rl_curriculum/curriculum261_production_obs.py:124: in load_route_c_strategy_class
    spec.loader.exec_module(module)
<frozen importlib._bootstrap_external>:940: in exec_module
    ???
<frozen importlib._bootstrap>:241: in _call_with_frames_removed
    ???
_ _ _ _ _ _ _ _ _ _ _ _ _ _ _ _ _ _ _ _ _ _ _ _ _ _ _ _ _ _ _ _ _ _ _ _ _ _ _ _ 

    """阶段 2.5.2a 路线 C:Freqtrade 策略薄适配层(execution_mode=market_open_causal)。
    
    特征:少量因果特征(收益/滚动波动率/价格相对均值/原始 OHLC 供环境用),
    全部只使用当前及过去数据;目标仓位列 &-target_position 由 RouteCModel
    顺序推理填充。
    
    阶段 2.5.2a 改造(工作包 B):
    - 订单类型改为 market(入场/退出均市场订单):成交价由回测器/交易所决定,
      回测中市场单以执行 bar 的 open 成交(backtesting.py:1039-1057 仅 limit
      分支调用 custom_entry_price;:596 exit_signal 的 close_rate=row[OPEN_IDX];
      :551-567 信号 shift(1)),与环境 market_open_causal 合同在
      simulated_slippage_bps=0 时逐笔对齐;
    - 移除 custom_entry_price / custom_exit_price / _route_c_bars 执行 K 线
      high/low 缓存(阶段 2.5.2 bar 内调价合同依赖执行 K 线最终 high/low,
      属未来信息,已废弃为 legacy_noncausal_not_for_training);
    - simulated_slippage_bps 只属于训练与离线压力环境,不得改变 live 市场订单
      价格;Freqtrade live 使用交易所真实回报价格;
    - amount_epsilon 与 RouteCModel 从同一最终配置 freqai.route_c.amount_epsilon
      读取(工作包 E),所有执行状态读取都通过 route_c_amount_epsilon 传参。
    
    保留(阶段 2.5.2 工作包 B):
    - live 只处理最新一行(signal_convert.latest_row_signals);
    - adjust_entry_price / adjust_exit_price 官方扩展点的目标反转取消
      (None = 取消且不替换);do_predict != 1 时维持挂单。
    
    成交时机完全交给 Freqtrade 回测引擎自身的 shift(1)(open[t+1]),
    本层不加额外 shift。
    """
    
    import sys
    from pathlib import Path
    
    from pandas import DataFrame
    
>   from freqtrade.enums import RunMode
E   ModuleNotFoundError: No module named 'freqtrade'

user_data/strategies/RouteCStrategy.py:35: ModuleNotFoundError
____________ TestQualificationR3Guard.test_digest_mismatch_rejected ____________

self = <test_curriculum261_r3_protocol.TestQualificationR3Guard object at 0x7550510f4a90>
tmp_path = PosixPath('/tmp/pytest-of-cryptorl/pytest-0/test_digest_mismatch_rejected0')
monkeypatch = <_pytest.monkeypatch.MonkeyPatch object at 0x75505c85cf90>

    def test_digest_mismatch_rejected(self, tmp_path, monkeypatch):
        monkeypatch.setenv("CURRICULUM261_R3_LOCK_DIR", str(tmp_path))
>       plan = build_plan_r3(**_plan_kwargs())
               ^^^^^^^^^^^^^^^^^^^^^^^^^^^^^^^

tests/route_c_stage2_6_1/test_curriculum261_r3_protocol.py:103: 
_ _ _ _ _ _ _ _ _ _ _ _ _ _ _ _ _ _ _ _ _ _ _ _ _ _ _ _ _ _ _ _ _ _ _ _ _ _ _ _ 
src/rl_curriculum/curriculum261_r3_plan.py:197: in build_plan_r3
    "code_identity": _code_identity_r3(),
                     ^^^^^^^^^^^^^^^^^^^
src/rl_curriculum/curriculum261_r3_plan.py:64: in _code_identity_r3
    ident = route_c_strategy_identity()
            ^^^^^^^^^^^^^^^^^^^^^^^^^^^
src/rl_curriculum/curriculum261_production_obs.py:141: in route_c_strategy_identity
    cls = load_route_c_strategy_class()
          ^^^^^^^^^^^^^^^^^^^^^^^^^^^^^
src/rl_curriculum/curriculum261_production_obs.py:124: in load_route_c_strategy_class
    spec.loader.exec_module(module)
<frozen importlib._bootstrap_external>:940: in exec_module
    ???
<frozen importlib._bootstrap>:241: in _call_with_frames_removed
    ???
_ _ _ _ _ _ _ _ _ _ _ _ _ _ _ _ _ _ _ _ _ _ _ _ _ _ _ _ _ _ _ _ _ _ _ _ _ _ _ _ 

    """阶段 2.5.2a 路线 C:Freqtrade 策略薄适配层(execution_mode=market_open_causal)。
    
    特征:少量因果特征(收益/滚动波动率/价格相对均值/原始 OHLC 供环境用),
    全部只使用当前及过去数据;目标仓位列 &-target_position 由 RouteCModel
    顺序推理填充。
    
    阶段 2.5.2a 改造(工作包 B):
    - 订单类型改为 market(入场/退出均市场订单):成交价由回测器/交易所决定,
      回测中市场单以执行 bar 的 open 成交(backtesting.py:1039-1057 仅 limit
      分支调用 custom_entry_price;:596 exit_signal 的 close_rate=row[OPEN_IDX];
      :551-567 信号 shift(1)),与环境 market_open_causal 合同在
      simulated_slippage_bps=0 时逐笔对齐;
    - 移除 custom_entry_price / custom_exit_price / _route_c_bars 执行 K 线
      high/low 缓存(阶段 2.5.2 bar 内调价合同依赖执行 K 线最终 high/low,
      属未来信息,已废弃为 legacy_noncausal_not_for_training);
    - simulated_slippage_bps 只属于训练与离线压力环境,不得改变 live 市场订单
      价格;Freqtrade live 使用交易所真实回报价格;
    - amount_epsilon 与 RouteCModel 从同一最终配置 freqai.route_c.amount_epsilon
      读取(工作包 E),所有执行状态读取都通过 route_c_amount_epsilon 传参。
    
    保留(阶段 2.5.2 工作包 B):
    - live 只处理最新一行(signal_convert.latest_row_signals);
    - adjust_entry_price / adjust_exit_price 官方扩展点的目标反转取消
      (None = 取消且不替换);do_predict != 1 时维持挂单。
    
    成交时机完全交给 Freqtrade 回测引擎自身的 shift(1)(open[t+1]),
    本层不加额外 shift。
    """
    
    import sys
    from pathlib import Path
    
    from pandas import DataFrame
    
>   from freqtrade.enums import RunMode
E   ModuleNotFoundError: No module named 'freqtrade'

user_data/strategies/RouteCStrategy.py:35: ModuleNotFoundError
____________ TestQualificationR3Guard.test_full_valid_lock_unlocks _____________

self = <test_curriculum261_r3_protocol.TestQualificationR3Guard object at 0x7550510f5090>
tmp_path = PosixPath('/tmp/pytest-of-cryptorl/pytest-0/test_full_valid_lock_unlocks0')
monkeypatch = <_pytest.monkeypatch.MonkeyPatch object at 0x75505c7f2d90>

    def test_full_valid_lock_unlocks(self, tmp_path, monkeypatch):
        monkeypatch.setenv("CURRICULUM261_R3_LOCK_DIR", str(tmp_path))
        from rl_curriculum.curriculum261_r3_plan import lock_plan_r3
        from rl_curriculum.curriculum261_r3_namespaces import (
            qualification_r3_plan_path,
        )
    
>       plan = build_plan_r3(**_plan_kwargs())
               ^^^^^^^^^^^^^^^^^^^^^^^^^^^^^^^

tests/route_c_stage2_6_1/test_curriculum261_r3_protocol.py:117: 
_ _ _ _ _ _ _ _ _ _ _ _ _ _ _ _ _ _ _ _ _ _ _ _ _ _ _ _ _ _ _ _ _ _ _ _ _ _ _ _ 
src/rl_curriculum/curriculum261_r3_plan.py:197: in build_plan_r3
    "code_identity": _code_identity_r3(),
                     ^^^^^^^^^^^^^^^^^^^
src/rl_curriculum/curriculum261_r3_plan.py:64: in _code_identity_r3
    ident = route_c_strategy_identity()
            ^^^^^^^^^^^^^^^^^^^^^^^^^^^
src/rl_curriculum/curriculum261_production_obs.py:141: in route_c_strategy_identity
    cls = load_route_c_strategy_class()
          ^^^^^^^^^^^^^^^^^^^^^^^^^^^^^
src/rl_curriculum/curriculum261_production_obs.py:124: in load_route_c_strategy_class
    spec.loader.exec_module(module)
<frozen importlib._bootstrap_external>:940: in exec_module
    ???
<frozen importlib._bootstrap>:241: in _call_with_frames_removed
    ???
_ _ _ _ _ _ _ _ _ _ _ _ _ _ _ _ _ _ _ _ _ _ _ _ _ _ _ _ _ _ _ _ _ _ _ _ _ _ _ _ 

    """阶段 2.5.2a 路线 C:Freqtrade 策略薄适配层(execution_mode=market_open_causal)。
    
    特征:少量因果特征(收益/滚动波动率/价格相对均值/原始 OHLC 供环境用),
    全部只使用当前及过去数据;目标仓位列 &-target_position 由 RouteCModel
    顺序推理填充。
    
    阶段 2.5.2a 改造(工作包 B):
    - 订单类型改为 market(入场/退出均市场订单):成交价由回测器/交易所决定,
      回测中市场单以执行 bar 的 open 成交(backtesting.py:1039-1057 仅 limit
      分支调用 custom_entry_price;:596 exit_signal 的 close_rate=row[OPEN_IDX];
      :551-567 信号 shift(1)),与环境 market_open_causal 合同在
      simulated_slippage_bps=0 时逐笔对齐;
    - 移除 custom_entry_price / custom_exit_price / _route_c_bars 执行 K 线
      high/low 缓存(阶段 2.5.2 bar 内调价合同依赖执行 K 线最终 high/low,
      属未来信息,已废弃为 legacy_noncausal_not_for_training);
    - simulated_slippage_bps 只属于训练与离线压力环境,不得改变 live 市场订单
      价格;Freqtrade live 使用交易所真实回报价格;
    - amount_epsilon 与 RouteCModel 从同一最终配置 freqai.route_c.amount_epsilon
      读取(工作包 E),所有执行状态读取都通过 route_c_amount_epsilon 传参。
    
    保留(阶段 2.5.2 工作包 B):
    - live 只处理最新一行(signal_convert.latest_row_signals);
    - adjust_entry_price / adjust_exit_price 官方扩展点的目标反转取消
      (None = 取消且不替换);do_predict != 1 时维持挂单。
    
    成交时机完全交给 Freqtrade 回测引擎自身的 shift(1)(open[t+1]),
    本层不加额外 shift。
    """
    
    import sys
    from pathlib import Path
    
    from pandas import DataFrame
    
>   from freqtrade.enums import RunMode
E   ModuleNotFoundError: No module named 'freqtrade'

user_data/strategies/RouteCStrategy.py:35: ModuleNotFoundError
______ TestQualificationR3Guard.test_qualification_seed_guard_after_lock _______

self = <test_curriculum261_r3_protocol.TestQualificationR3Guard object at 0x7550510f5690>
tmp_path = PosixPath('/tmp/pytest-of-cryptorl/pytest-0/test_qualification_seed_guard_0')
monkeypatch = <_pytest.monkeypatch.MonkeyPatch object at 0x754f74c07c50>

    def test_qualification_seed_guard_after_lock(self, tmp_path,
                                                 monkeypatch):
        monkeypatch.setenv("CURRICULUM261_R3_LOCK_DIR", str(tmp_path))
        from rl_curriculum.curriculum261_api import derive261_seed
    
        with pytest.raises(Exception):
            derive261_seed("qualification_r3", "c1_opportunity",
                           "D0", 0, 0)
        from rl_curriculum.curriculum261_r3_plan import lock_plan_r3
    
>       lock_plan_r3(build_plan_r3(**_plan_kwargs()))
                     ^^^^^^^^^^^^^^^^^^^^^^^^^^^^^^^

tests/route_c_stage2_6_1/test_curriculum261_r3_protocol.py:133: 
_ _ _ _ _ _ _ _ _ _ _ _ _ _ _ _ _ _ _ _ _ _ _ _ _ _ _ _ _ _ _ _ _ _ _ _ _ _ _ _ 
src/rl_curriculum/curriculum261_r3_plan.py:197: in build_plan_r3
    "code_identity": _code_identity_r3(),
                     ^^^^^^^^^^^^^^^^^^^
src/rl_curriculum/curriculum261_r3_plan.py:64: in _code_identity_r3
    ident = route_c_strategy_identity()
            ^^^^^^^^^^^^^^^^^^^^^^^^^^^
src/rl_curriculum/curriculum261_production_obs.py:141: in route_c_strategy_identity
    cls = load_route_c_strategy_class()
          ^^^^^^^^^^^^^^^^^^^^^^^^^^^^^
src/rl_curriculum/curriculum261_production_obs.py:124: in load_route_c_strategy_class
    spec.loader.exec_module(module)
<frozen importlib._bootstrap_external>:940: in exec_module
    ???
<frozen importlib._bootstrap>:241: in _call_with_frames_removed
    ???
_ _ _ _ _ _ _ _ _ _ _ _ _ _ _ _ _ _ _ _ _ _ _ _ _ _ _ _ _ _ _ _ _ _ _ _ _ _ _ _ 

    """阶段 2.5.2a 路线 C:Freqtrade 策略薄适配层(execution_mode=market_open_causal)。
    
    特征:少量因果特征(收益/滚动波动率/价格相对均值/原始 OHLC 供环境用),
    全部只使用当前及过去数据;目标仓位列 &-target_position 由 RouteCModel
    顺序推理填充。
    
    阶段 2.5.2a 改造(工作包 B):
    - 订单类型改为 market(入场/退出均市场订单):成交价由回测器/交易所决定,
      回测中市场单以执行 bar 的 open 成交(backtesting.py:1039-1057 仅 limit
      分支调用 custom_entry_price;:596 exit_signal 的 close_rate=row[OPEN_IDX];
      :551-567 信号 shift(1)),与环境 market_open_causal 合同在
      simulated_slippage_bps=0 时逐笔对齐;
    - 移除 custom_entry_price / custom_exit_price / _route_c_bars 执行 K 线
      high/low 缓存(阶段 2.5.2 bar 内调价合同依赖执行 K 线最终 high/low,
      属未来信息,已废弃为 legacy_noncausal_not_for_training);
    - simulated_slippage_bps 只属于训练与离线压力环境,不得改变 live 市场订单
      价格;Freqtrade live 使用交易所真实回报价格;
    - amount_epsilon 与 RouteCModel 从同一最终配置 freqai.route_c.amount_epsilon
      读取(工作包 E),所有执行状态读取都通过 route_c_amount_epsilon 传参。
    
    保留(阶段 2.5.2 工作包 B):
    - live 只处理最新一行(signal_convert.latest_row_signals);
    - adjust_entry_price / adjust_exit_price 官方扩展点的目标反转取消
      (None = 取消且不替换);do_predict != 1 时维持挂单。
    
    成交时机完全交给 Freqtrade 回测引擎自身的 shift(1)(open[t+1]),
    本层不加额外 shift。
    """
    
    import sys
    from pathlib import Path
    
    from pandas import DataFrame
    
>   from freqtrade.enums import RunMode
E   ModuleNotFoundError: No module named 'freqtrade'

user_data/strategies/RouteCStrategy.py:35: ModuleNotFoundError
_______________ test_r3_namespace_golden_episode_hash_unchanged ________________

    def test_r3_namespace_golden_episode_hash_unchanged():
        """calibration_r3 C1-D3 pair0 的 episode hash 与 R3 artifact 一致。"""
        summary_path = R3_DIR / "calibration_summary.json"
        if not summary_path.is_file():
            pytest.skip("R3 calibration artifact 不存在")
        summary = json.loads(summary_path.read_text(encoding="utf-8"))
>       rec = generate_pair("c1_opportunity", "D3", 0,
                            namespace="calibration_r3")

tests/route_c_stage2_6_1/test_curriculum261_r4_param_pack.py:129: 
_ _ _ _ _ _ _ _ _ _ _ _ _ _ _ _ _ _ _ _ _ _ _ _ _ _ _ _ _ _ _ _ _ _ _ _ _ _ _ _ 
src/rl_curriculum/curriculum261_pairs.py:114: in generate_pair
    episodes, log = generate_pair_with_attempts(
src/rl_curriculum/curriculum261_api.py:1504: in generate_pair_with_attempts
    episodes[side] = generator.generate(
src/rl_curriculum/generator_api.py:186: in generate
    df = self._attach_features(df)
         ^^^^^^^^^^^^^^^^^^^^^^^^^
src/rl_curriculum/curriculum261_api.py:1267: in _attach_features
    return attach_production_features(df)
           ^^^^^^^^^^^^^^^^^^^^^^^^^^^^^^
src/rl_curriculum/curriculum261_production_obs.py:160: in attach_production_features
    cls = load_route_c_strategy_class()
          ^^^^^^^^^^^^^^^^^^^^^^^^^^^^^
src/rl_curriculum/curriculum261_production_obs.py:124: in load_route_c_strategy_class
    spec.loader.exec_module(module)
<frozen importlib._bootstrap_external>:940: in exec_module
    ???
<frozen importlib._bootstrap>:241: in _call_with_frames_removed
    ???
_ _ _ _ _ _ _ _ _ _ _ _ _ _ _ _ _ _ _ _ _ _ _ _ _ _ _ _ _ _ _ _ _ _ _ _ _ _ _ _ 

    """阶段 2.5.2a 路线 C:Freqtrade 策略薄适配层(execution_mode=market_open_causal)。
    
    特征:少量因果特征(收益/滚动波动率/价格相对均值/原始 OHLC 供环境用),
    全部只使用当前及过去数据;目标仓位列 &-target_position 由 RouteCModel
    顺序推理填充。
    
    阶段 2.5.2a 改造(工作包 B):
    - 订单类型改为 market(入场/退出均市场订单):成交价由回测器/交易所决定,
      回测中市场单以执行 bar 的 open 成交(backtesting.py:1039-1057 仅 limit
      分支调用 custom_entry_price;:596 exit_signal 的 close_rate=row[OPEN_IDX];
      :551-567 信号 shift(1)),与环境 market_open_causal 合同在
      simulated_slippage_bps=0 时逐笔对齐;
    - 移除 custom_entry_price / custom_exit_price / _route_c_bars 执行 K 线
      high/low 缓存(阶段 2.5.2 bar 内调价合同依赖执行 K 线最终 high/low,
      属未来信息,已废弃为 legacy_noncausal_not_for_training);
    - simulated_slippage_bps 只属于训练与离线压力环境,不得改变 live 市场订单
      价格;Freqtrade live 使用交易所真实回报价格;
    - amount_epsilon 与 RouteCModel 从同一最终配置 freqai.route_c.amount_epsilon
      读取(工作包 E),所有执行状态读取都通过 route_c_amount_epsilon 传参。
    
    保留(阶段 2.5.2 工作包 B):
    - live 只处理最新一行(signal_convert.latest_row_signals);
    - adjust_entry_price / adjust_exit_price 官方扩展点的目标反转取消
      (None = 取消且不替换);do_predict != 1 时维持挂单。
    
    成交时机完全交给 Freqtrade 回测引擎自身的 shift(1)(open[t+1]),
    本层不加额外 shift。
    """
    
    import sys
    from pathlib import Path
    
    from pandas import DataFrame
    
>   from freqtrade.enums import RunMode
E   ModuleNotFoundError: No module named 'freqtrade'

user_data/strategies/RouteCStrategy.py:35: ModuleNotFoundError
_____________________ test_override_only_changes_d3_not_d2 _____________________

    def test_override_only_changes_d3_not_d2():
        ov = {"D3": dict(C1_D3_CANDIDATES["c1_b_edge_up2"])}
>       with_ov = generate_pair("c1_opportunity", "D2", 0,
                                namespace="design_r4",
                                rung_params_override=ov)

tests/route_c_stage2_6_1/test_curriculum261_r4_param_pack.py:142: 
_ _ _ _ _ _ _ _ _ _ _ _ _ _ _ _ _ _ _ _ _ _ _ _ _ _ _ _ _ _ _ _ _ _ _ _ _ _ _ _ 
src/rl_curriculum/curriculum261_pairs.py:114: in generate_pair
    episodes, log = generate_pair_with_attempts(
src/rl_curriculum/curriculum261_api.py:1504: in generate_pair_with_attempts
    episodes[side] = generator.generate(
src/rl_curriculum/generator_api.py:186: in generate
    df = self._attach_features(df)
         ^^^^^^^^^^^^^^^^^^^^^^^^^
src/rl_curriculum/curriculum261_api.py:1267: in _attach_features
    return attach_production_features(df)
           ^^^^^^^^^^^^^^^^^^^^^^^^^^^^^^
src/rl_curriculum/curriculum261_production_obs.py:160: in attach_production_features
    cls = load_route_c_strategy_class()
          ^^^^^^^^^^^^^^^^^^^^^^^^^^^^^
src/rl_curriculum/curriculum261_production_obs.py:124: in load_route_c_strategy_class
    spec.loader.exec_module(module)
<frozen importlib._bootstrap_external>:940: in exec_module
    ???
<frozen importlib._bootstrap>:241: in _call_with_frames_removed
    ???
_ _ _ _ _ _ _ _ _ _ _ _ _ _ _ _ _ _ _ _ _ _ _ _ _ _ _ _ _ _ _ _ _ _ _ _ _ _ _ _ 

    """阶段 2.5.2a 路线 C:Freqtrade 策略薄适配层(execution_mode=market_open_causal)。
    
    特征:少量因果特征(收益/滚动波动率/价格相对均值/原始 OHLC 供环境用),
    全部只使用当前及过去数据;目标仓位列 &-target_position 由 RouteCModel
    顺序推理填充。
    
    阶段 2.5.2a 改造(工作包 B):
    - 订单类型改为 market(入场/退出均市场订单):成交价由回测器/交易所决定,
      回测中市场单以执行 bar 的 open 成交(backtesting.py:1039-1057 仅 limit
      分支调用 custom_entry_price;:596 exit_signal 的 close_rate=row[OPEN_IDX];
      :551-567 信号 shift(1)),与环境 market_open_causal 合同在
      simulated_slippage_bps=0 时逐笔对齐;
    - 移除 custom_entry_price / custom_exit_price / _route_c_bars 执行 K 线
      high/low 缓存(阶段 2.5.2 bar 内调价合同依赖执行 K 线最终 high/low,
      属未来信息,已废弃为 legacy_noncausal_not_for_training);
    - simulated_slippage_bps 只属于训练与离线压力环境,不得改变 live 市场订单
      价格;Freqtrade live 使用交易所真实回报价格;
    - amount_epsilon 与 RouteCModel 从同一最终配置 freqai.route_c.amount_epsilon
      读取(工作包 E),所有执行状态读取都通过 route_c_amount_epsilon 传参。
    
    保留(阶段 2.5.2 工作包 B):
    - live 只处理最新一行(signal_convert.latest_row_signals);
    - adjust_entry_price / adjust_exit_price 官方扩展点的目标反转取消
      (None = 取消且不替换);do_predict != 1 时维持挂单。
    
    成交时机完全交给 Freqtrade 回测引擎自身的 shift(1)(open[t+1]),
    本层不加额外 shift。
    """
    
    import sys
    from pathlib import Path
    
    from pandas import DataFrame
    
>   from freqtrade.enums import RunMode
E   ModuleNotFoundError: No module named 'freqtrade'

user_data/strategies/RouteCStrategy.py:35: ModuleNotFoundError
_________________ test_r2_qualification_golden_hash_unchanged __________________

    def test_r2_qualification_golden_hash_unchanged():
        """qualification_r2 C3-D3 pair0 与 R2 final raw 记录一致
        (pack/R4 代码不影响 R2 namespace 派生)。"""
        raw_path = (ARTIFACTS / "route_c_stage2_6_1_repair2"
                    / "qualification_raw.json")
        if not raw_path.is_file():
            pytest.skip("R2 qualification raw 不存在")
        raw = json.loads(raw_path.read_text(encoding="utf-8"))
        recs = [r for r in raw.get("c3_cost", [])
                if r.get("rung") == "D3" and r.get("pair_index") == 0]
        if not recs:
            pytest.skip("R2 raw 无 c3 D3 pair0 记录")
        hashes = recs[0]["attempt_log"]["output_episode_hashes"]
>       rec = generate_pair("c3_cost", "D3", 0,
                            namespace="qualification_r2")

tests/route_c_stage2_6_1/test_curriculum261_r4_param_pack.py:172: 
_ _ _ _ _ _ _ _ _ _ _ _ _ _ _ _ _ _ _ _ _ _ _ _ _ _ _ _ _ _ _ _ _ _ _ _ _ _ _ _ 
src/rl_curriculum/curriculum261_pairs.py:114: in generate_pair
    episodes, log = generate_pair_with_attempts(
src/rl_curriculum/curriculum261_api.py:1504: in generate_pair_with_attempts
    episodes[side] = generator.generate(
src/rl_curriculum/generator_api.py:186: in generate
    df = self._attach_features(df)
         ^^^^^^^^^^^^^^^^^^^^^^^^^
src/rl_curriculum/curriculum261_api.py:1267: in _attach_features
    return attach_production_features(df)
           ^^^^^^^^^^^^^^^^^^^^^^^^^^^^^^
src/rl_curriculum/curriculum261_production_obs.py:160: in attach_production_features
    cls = load_route_c_strategy_class()
          ^^^^^^^^^^^^^^^^^^^^^^^^^^^^^
src/rl_curriculum/curriculum261_production_obs.py:124: in load_route_c_strategy_class
    spec.loader.exec_module(module)
<frozen importlib._bootstrap_external>:940: in exec_module
    ???
<frozen importlib._bootstrap>:241: in _call_with_frames_removed
    ???
_ _ _ _ _ _ _ _ _ _ _ _ _ _ _ _ _ _ _ _ _ _ _ _ _ _ _ _ _ _ _ _ _ _ _ _ _ _ _ _ 

    """阶段 2.5.2a 路线 C:Freqtrade 策略薄适配层(execution_mode=market_open_causal)。
    
    特征:少量因果特征(收益/滚动波动率/价格相对均值/原始 OHLC 供环境用),
    全部只使用当前及过去数据;目标仓位列 &-target_position 由 RouteCModel
    顺序推理填充。
    
    阶段 2.5.2a 改造(工作包 B):
    - 订单类型改为 market(入场/退出均市场订单):成交价由回测器/交易所决定,
      回测中市场单以执行 bar 的 open 成交(backtesting.py:1039-1057 仅 limit
      分支调用 custom_entry_price;:596 exit_signal 的 close_rate=row[OPEN_IDX];
      :551-567 信号 shift(1)),与环境 market_open_causal 合同在
      simulated_slippage_bps=0 时逐笔对齐;
    - 移除 custom_entry_price / custom_exit_price / _route_c_bars 执行 K 线
      high/low 缓存(阶段 2.5.2 bar 内调价合同依赖执行 K 线最终 high/low,
      属未来信息,已废弃为 legacy_noncausal_not_for_training);
    - simulated_slippage_bps 只属于训练与离线压力环境,不得改变 live 市场订单
      价格;Freqtrade live 使用交易所真实回报价格;
    - amount_epsilon 与 RouteCModel 从同一最终配置 freqai.route_c.amount_epsilon
      读取(工作包 E),所有执行状态读取都通过 route_c_amount_epsilon 传参。
    
    保留(阶段 2.5.2 工作包 B):
    - live 只处理最新一行(signal_convert.latest_row_signals);
    - adjust_entry_price / adjust_exit_price 官方扩展点的目标反转取消
      (None = 取消且不替换);do_predict != 1 时维持挂单。
    
    成交时机完全交给 Freqtrade 回测引擎自身的 shift(1)(open[t+1]),
    本层不加额外 shift。
    """
    
    import sys
    from pathlib import Path
    
    from pandas import DataFrame
    
>   from freqtrade.enums import RunMode
E   ModuleNotFoundError: No module named 'freqtrade'

user_data/strategies/RouteCStrategy.py:35: ModuleNotFoundError
_______________________ test_plan_digest_drift_rejected ________________________

_lock_dir = PosixPath('/tmp/pytest-of-cryptorl/pytest-0/test_plan_digest_drift_rejecte0')
monkeypatch = <_pytest.monkeypatch.MonkeyPatch object at 0x754f74d97b50>

    def test_plan_digest_drift_rejected(_lock_dir, monkeypatch):
>       plan = build_plan_r4(**_plan_kwargs())
               ^^^^^^^^^^^^^^^^^^^^^^^^^^^^^^^

tests/route_c_stage2_6_1/test_curriculum261_r4_power_gate.py:111: 
_ _ _ _ _ _ _ _ _ _ _ _ _ _ _ _ _ _ _ _ _ _ _ _ _ _ _ _ _ _ _ _ _ _ _ _ _ _ _ _ 
src/rl_curriculum/curriculum261_r4_plan.py:173: in build_plan_r4
    feature_construction_identity_light(),
    ^^^^^^^^^^^^^^^^^^^^^^^^^^^^^^^^^^^^^
src/rl_curriculum/curriculum261_r4_preprocessing.py:255: in feature_construction_identity_light
    ident = route_c_strategy_identity()
            ^^^^^^^^^^^^^^^^^^^^^^^^^^^
src/rl_curriculum/curriculum261_production_obs.py:141: in route_c_strategy_identity
    cls = load_route_c_strategy_class()
          ^^^^^^^^^^^^^^^^^^^^^^^^^^^^^
src/rl_curriculum/curriculum261_production_obs.py:124: in load_route_c_strategy_class
    spec.loader.exec_module(module)
<frozen importlib._bootstrap_external>:940: in exec_module
    ???
<frozen importlib._bootstrap>:241: in _call_with_frames_removed
    ???
_ _ _ _ _ _ _ _ _ _ _ _ _ _ _ _ _ _ _ _ _ _ _ _ _ _ _ _ _ _ _ _ _ _ _ _ _ _ _ _ 

    """阶段 2.5.2a 路线 C:Freqtrade 策略薄适配层(execution_mode=market_open_causal)。
    
    特征:少量因果特征(收益/滚动波动率/价格相对均值/原始 OHLC 供环境用),
    全部只使用当前及过去数据;目标仓位列 &-target_position 由 RouteCModel
    顺序推理填充。
    
    阶段 2.5.2a 改造(工作包 B):
    - 订单类型改为 market(入场/退出均市场订单):成交价由回测器/交易所决定,
      回测中市场单以执行 bar 的 open 成交(backtesting.py:1039-1057 仅 limit
      分支调用 custom_entry_price;:596 exit_signal 的 close_rate=row[OPEN_IDX];
      :551-567 信号 shift(1)),与环境 market_open_causal 合同在
      simulated_slippage_bps=0 时逐笔对齐;
    - 移除 custom_entry_price / custom_exit_price / _route_c_bars 执行 K 线
      high/low 缓存(阶段 2.5.2 bar 内调价合同依赖执行 K 线最终 high/low,
      属未来信息,已废弃为 legacy_noncausal_not_for_training);
    - simulated_slippage_bps 只属于训练与离线压力环境,不得改变 live 市场订单
      价格;Freqtrade live 使用交易所真实回报价格;
    - amount_epsilon 与 RouteCModel 从同一最终配置 freqai.route_c.amount_epsilon
      读取(工作包 E),所有执行状态读取都通过 route_c_amount_epsilon 传参。
    
    保留(阶段 2.5.2 工作包 B):
    - live 只处理最新一行(signal_convert.latest_row_signals);
    - adjust_entry_price / adjust_exit_price 官方扩展点的目标反转取消
      (None = 取消且不替换);do_predict != 1 时维持挂单。
    
    成交时机完全交给 Freqtrade 回测引擎自身的 shift(1)(open[t+1]),
    本层不加额外 shift。
    """
    
    import sys
    from pathlib import Path
    
    from pandas import DataFrame
    
>   from freqtrade.enums import RunMode
E   ModuleNotFoundError: No module named 'freqtrade'

user_data/strategies/RouteCStrategy.py:35: ModuleNotFoundError
____________________ test_plan_digest_excludes_created_utc _____________________

_lock_dir = PosixPath('/tmp/pytest-of-cryptorl/pytest-0/test_plan_digest_excludes_crea0')

    def test_plan_digest_excludes_created_utc(_lock_dir):
>       plan = build_plan_r4(**_plan_kwargs())
               ^^^^^^^^^^^^^^^^^^^^^^^^^^^^^^^

tests/route_c_stage2_6_1/test_curriculum261_r4_power_gate.py:125: 
_ _ _ _ _ _ _ _ _ _ _ _ _ _ _ _ _ _ _ _ _ _ _ _ _ _ _ _ _ _ _ _ _ _ _ _ _ _ _ _ 
src/rl_curriculum/curriculum261_r4_plan.py:173: in build_plan_r4
    feature_construction_identity_light(),
    ^^^^^^^^^^^^^^^^^^^^^^^^^^^^^^^^^^^^^
src/rl_curriculum/curriculum261_r4_preprocessing.py:255: in feature_construction_identity_light
    ident = route_c_strategy_identity()
            ^^^^^^^^^^^^^^^^^^^^^^^^^^^
src/rl_curriculum/curriculum261_production_obs.py:141: in route_c_strategy_identity
    cls = load_route_c_strategy_class()
          ^^^^^^^^^^^^^^^^^^^^^^^^^^^^^
src/rl_curriculum/curriculum261_production_obs.py:124: in load_route_c_strategy_class
    spec.loader.exec_module(module)
<frozen importlib._bootstrap_external>:940: in exec_module
    ???
<frozen importlib._bootstrap>:241: in _call_with_frames_removed
    ???
_ _ _ _ _ _ _ _ _ _ _ _ _ _ _ _ _ _ _ _ _ _ _ _ _ _ _ _ _ _ _ _ _ _ _ _ _ _ _ _ 

    """阶段 2.5.2a 路线 C:Freqtrade 策略薄适配层(execution_mode=market_open_causal)。
    
    特征:少量因果特征(收益/滚动波动率/价格相对均值/原始 OHLC 供环境用),
    全部只使用当前及过去数据;目标仓位列 &-target_position 由 RouteCModel
    顺序推理填充。
    
    阶段 2.5.2a 改造(工作包 B):
    - 订单类型改为 market(入场/退出均市场订单):成交价由回测器/交易所决定,
      回测中市场单以执行 bar 的 open 成交(backtesting.py:1039-1057 仅 limit
      分支调用 custom_entry_price;:596 exit_signal 的 close_rate=row[OPEN_IDX];
      :551-567 信号 shift(1)),与环境 market_open_causal 合同在
      simulated_slippage_bps=0 时逐笔对齐;
    - 移除 custom_entry_price / custom_exit_price / _route_c_bars 执行 K 线
      high/low 缓存(阶段 2.5.2 bar 内调价合同依赖执行 K 线最终 high/low,
      属未来信息,已废弃为 legacy_noncausal_not_for_training);
    - simulated_slippage_bps 只属于训练与离线压力环境,不得改变 live 市场订单
      价格;Freqtrade live 使用交易所真实回报价格;
    - amount_epsilon 与 RouteCModel 从同一最终配置 freqai.route_c.amount_epsilon
      读取(工作包 E),所有执行状态读取都通过 route_c_amount_epsilon 传参。
    
    保留(阶段 2.5.2 工作包 B):
    - live 只处理最新一行(signal_convert.latest_row_signals);
    - adjust_entry_price / adjust_exit_price 官方扩展点的目标反转取消
      (None = 取消且不替换);do_predict != 1 时维持挂单。
    
    成交时机完全交给 Freqtrade 回测引擎自身的 shift(1)(open[t+1]),
    本层不加额外 shift。
    """
    
    import sys
    from pathlib import Path
    
    from pandas import DataFrame
    
>   from freqtrade.enums import RunMode
E   ModuleNotFoundError: No module named 'freqtrade'

user_data/strategies/RouteCStrategy.py:35: ModuleNotFoundError
__________________ test_override_does_not_touch_frozen_rungs ___________________

    def test_override_does_not_touch_frozen_rungs():
        """override 范围之外的 rung episode 逐位不变(R5 namespace 内)。"""
        pack = _pack_tier_a()
        ov = r5_override_for("c2_context", pack)
>       r_hist = generate_pair("c2_context", "D2", 3,
                               namespace="ppo_smoke_r5")

tests/route_c_stage2_6_1/test_curriculum261_r5_param_pack.py:123: 
_ _ _ _ _ _ _ _ _ _ _ _ _ _ _ _ _ _ _ _ _ _ _ _ _ _ _ _ _ _ _ _ _ _ _ _ _ _ _ _ 
src/rl_curriculum/curriculum261_pairs.py:114: in generate_pair
    episodes, log = generate_pair_with_attempts(
src/rl_curriculum/curriculum261_api.py:1504: in generate_pair_with_attempts
    episodes[side] = generator.generate(
src/rl_curriculum/generator_api.py:186: in generate
    df = self._attach_features(df)
         ^^^^^^^^^^^^^^^^^^^^^^^^^
src/rl_curriculum/curriculum261_api.py:1267: in _attach_features
    return attach_production_features(df)
           ^^^^^^^^^^^^^^^^^^^^^^^^^^^^^^
src/rl_curriculum/curriculum261_production_obs.py:160: in attach_production_features
    cls = load_route_c_strategy_class()
          ^^^^^^^^^^^^^^^^^^^^^^^^^^^^^
src/rl_curriculum/curriculum261_production_obs.py:124: in load_route_c_strategy_class
    spec.loader.exec_module(module)
<frozen importlib._bootstrap_external>:940: in exec_module
    ???
<frozen importlib._bootstrap>:241: in _call_with_frames_removed
    ???
_ _ _ _ _ _ _ _ _ _ _ _ _ _ _ _ _ _ _ _ _ _ _ _ _ _ _ _ _ _ _ _ _ _ _ _ _ _ _ _ 

    """阶段 2.5.2a 路线 C:Freqtrade 策略薄适配层(execution_mode=market_open_causal)。
    
    特征:少量因果特征(收益/滚动波动率/价格相对均值/原始 OHLC 供环境用),
    全部只使用当前及过去数据;目标仓位列 &-target_position 由 RouteCModel
    顺序推理填充。
    
    阶段 2.5.2a 改造(工作包 B):
    - 订单类型改为 market(入场/退出均市场订单):成交价由回测器/交易所决定,
      回测中市场单以执行 bar 的 open 成交(backtesting.py:1039-1057 仅 limit
      分支调用 custom_entry_price;:596 exit_signal 的 close_rate=row[OPEN_IDX];
      :551-567 信号 shift(1)),与环境 market_open_causal 合同在
      simulated_slippage_bps=0 时逐笔对齐;
    - 移除 custom_entry_price / custom_exit_price / _route_c_bars 执行 K 线
      high/low 缓存(阶段 2.5.2 bar 内调价合同依赖执行 K 线最终 high/low,
      属未来信息,已废弃为 legacy_noncausal_not_for_training);
    - simulated_slippage_bps 只属于训练与离线压力环境,不得改变 live 市场订单
      价格;Freqtrade live 使用交易所真实回报价格;
    - amount_epsilon 与 RouteCModel 从同一最终配置 freqai.route_c.amount_epsilon
      读取(工作包 E),所有执行状态读取都通过 route_c_amount_epsilon 传参。
    
    保留(阶段 2.5.2 工作包 B):
    - live 只处理最新一行(signal_convert.latest_row_signals);
    - adjust_entry_price / adjust_exit_price 官方扩展点的目标反转取消
      (None = 取消且不替换);do_predict != 1 时维持挂单。
    
    成交时机完全交给 Freqtrade 回测引擎自身的 shift(1)(open[t+1]),
    本层不加额外 shift。
    """
    
    import sys
    from pathlib import Path
    
    from pandas import DataFrame
    
>   from freqtrade.enums import RunMode
E   ModuleNotFoundError: No module named 'freqtrade'

user_data/strategies/RouteCStrategy.py:35: ModuleNotFoundError
__________________ test_sealed_preflight_no_final_seed_access __________________

monkeypatch = <_pytest.monkeypatch.MonkeyPatch object at 0x75505c7e40d0>
tmp_path = PosixPath('/tmp/pytest-of-cryptorl/pytest-0/test_sealed_preflight_no_final0')
seed_call_recorder = []

    def test_sealed_preflight_no_final_seed_access(
            monkeypatch, tmp_path, seed_call_recorder):
        monkeypatch.setenv("CURRICULUM261_R5_LOCK_DIR", str(tmp_path))
        out = tmp_path
>       digest = _build_and_lock_plan(out)
                 ^^^^^^^^^^^^^^^^^^^^^^^^^

tests/route_c_stage2_6_1/test_curriculum261_r5_preflight.py:107: 
_ _ _ _ _ _ _ _ _ _ _ _ _ _ _ _ _ _ _ _ _ _ _ _ _ _ _ _ _ _ _ _ _ _ _ _ _ _ _ _ 
tests/route_c_stage2_6_1/test_curriculum261_r5_preflight.py:78: in _build_and_lock_plan
    preprocessing_v2_contract_digest()),
    ^^^^^^^^^^^^^^^^^^^^^^^^^^^^^^^^^^
src/rl_curriculum/curriculum261_r4_preprocessing.py:681: in preprocessing_v2_contract_digest
    "strategy_identity": route_c_strategy_identity(),
                         ^^^^^^^^^^^^^^^^^^^^^^^^^^^
src/rl_curriculum/curriculum261_production_obs.py:141: in route_c_strategy_identity
    cls = load_route_c_strategy_class()
          ^^^^^^^^^^^^^^^^^^^^^^^^^^^^^
src/rl_curriculum/curriculum261_production_obs.py:124: in load_route_c_strategy_class
    spec.loader.exec_module(module)
<frozen importlib._bootstrap_external>:940: in exec_module
    ???
<frozen importlib._bootstrap>:241: in _call_with_frames_removed
    ???
_ _ _ _ _ _ _ _ _ _ _ _ _ _ _ _ _ _ _ _ _ _ _ _ _ _ _ _ _ _ _ _ _ _ _ _ _ _ _ _ 

    """阶段 2.5.2a 路线 C:Freqtrade 策略薄适配层(execution_mode=market_open_causal)。
    
    特征:少量因果特征(收益/滚动波动率/价格相对均值/原始 OHLC 供环境用),
    全部只使用当前及过去数据;目标仓位列 &-target_position 由 RouteCModel
    顺序推理填充。
    
    阶段 2.5.2a 改造(工作包 B):
    - 订单类型改为 market(入场/退出均市场订单):成交价由回测器/交易所决定,
      回测中市场单以执行 bar 的 open 成交(backtesting.py:1039-1057 仅 limit
      分支调用 custom_entry_price;:596 exit_signal 的 close_rate=row[OPEN_IDX];
      :551-567 信号 shift(1)),与环境 market_open_causal 合同在
      simulated_slippage_bps=0 时逐笔对齐;
    - 移除 custom_entry_price / custom_exit_price / _route_c_bars 执行 K 线
      high/low 缓存(阶段 2.5.2 bar 内调价合同依赖执行 K 线最终 high/low,
      属未来信息,已废弃为 legacy_noncausal_not_for_training);
    - simulated_slippage_bps 只属于训练与离线压力环境,不得改变 live 市场订单
      价格;Freqtrade live 使用交易所真实回报价格;
    - amount_epsilon 与 RouteCModel 从同一最终配置 freqai.route_c.amount_epsilon
      读取(工作包 E),所有执行状态读取都通过 route_c_amount_epsilon 传参。
    
    保留(阶段 2.5.2 工作包 B):
    - live 只处理最新一行(signal_convert.latest_row_signals);
    - adjust_entry_price / adjust_exit_price 官方扩展点的目标反转取消
      (None = 取消且不替换);do_predict != 1 时维持挂单。
    
    成交时机完全交给 Freqtrade 回测引擎自身的 shift(1)(open[t+1]),
    本层不加额外 shift。
    """
    
    import sys
    from pathlib import Path
    
    from pandas import DataFrame
    
>   from freqtrade.enums import RunMode
E   ModuleNotFoundError: No module named 'freqtrade'

user_data/strategies/RouteCStrategy.py:35: ModuleNotFoundError
_______________ test_sealed_preflight_fails_on_missing_evidence ________________

monkeypatch = <_pytest.monkeypatch.MonkeyPatch object at 0x754f74cebe50>
tmp_path = PosixPath('/tmp/pytest-of-cryptorl/pytest-0/test_sealed_preflight_fails_on0')
seed_call_recorder = []

    def test_sealed_preflight_fails_on_missing_evidence(
            monkeypatch, tmp_path, seed_call_recorder):
        monkeypatch.setenv("CURRICULUM261_R5_LOCK_DIR", str(tmp_path))
        out = tmp_path
>       _build_and_lock_plan(out)

tests/route_c_stage2_6_1/test_curriculum261_r5_preflight.py:142: 
_ _ _ _ _ _ _ _ _ _ _ _ _ _ _ _ _ _ _ _ _ _ _ _ _ _ _ _ _ _ _ _ _ _ _ _ _ _ _ _ 
tests/route_c_stage2_6_1/test_curriculum261_r5_preflight.py:78: in _build_and_lock_plan
    preprocessing_v2_contract_digest()),
    ^^^^^^^^^^^^^^^^^^^^^^^^^^^^^^^^^^
src/rl_curriculum/curriculum261_r4_preprocessing.py:681: in preprocessing_v2_contract_digest
    "strategy_identity": route_c_strategy_identity(),
                         ^^^^^^^^^^^^^^^^^^^^^^^^^^^
src/rl_curriculum/curriculum261_production_obs.py:141: in route_c_strategy_identity
    cls = load_route_c_strategy_class()
          ^^^^^^^^^^^^^^^^^^^^^^^^^^^^^
src/rl_curriculum/curriculum261_production_obs.py:124: in load_route_c_strategy_class
    spec.loader.exec_module(module)
<frozen importlib._bootstrap_external>:940: in exec_module
    ???
<frozen importlib._bootstrap>:241: in _call_with_frames_removed
    ???
_ _ _ _ _ _ _ _ _ _ _ _ _ _ _ _ _ _ _ _ _ _ _ _ _ _ _ _ _ _ _ _ _ _ _ _ _ _ _ _ 

    """阶段 2.5.2a 路线 C:Freqtrade 策略薄适配层(execution_mode=market_open_causal)。
    
    特征:少量因果特征(收益/滚动波动率/价格相对均值/原始 OHLC 供环境用),
    全部只使用当前及过去数据;目标仓位列 &-target_position 由 RouteCModel
    顺序推理填充。
    
    阶段 2.5.2a 改造(工作包 B):
    - 订单类型改为 market(入场/退出均市场订单):成交价由回测器/交易所决定,
      回测中市场单以执行 bar 的 open 成交(backtesting.py:1039-1057 仅 limit
      分支调用 custom_entry_price;:596 exit_signal 的 close_rate=row[OPEN_IDX];
      :551-567 信号 shift(1)),与环境 market_open_causal 合同在
      simulated_slippage_bps=0 时逐笔对齐;
    - 移除 custom_entry_price / custom_exit_price / _route_c_bars 执行 K 线
      high/low 缓存(阶段 2.5.2 bar 内调价合同依赖执行 K 线最终 high/low,
      属未来信息,已废弃为 legacy_noncausal_not_for_training);
    - simulated_slippage_bps 只属于训练与离线压力环境,不得改变 live 市场订单
      价格;Freqtrade live 使用交易所真实回报价格;
    - amount_epsilon 与 RouteCModel 从同一最终配置 freqai.route_c.amount_epsilon
      读取(工作包 E),所有执行状态读取都通过 route_c_amount_epsilon 传参。
    
    保留(阶段 2.5.2 工作包 B):
    - live 只处理最新一行(signal_convert.latest_row_signals);
    - adjust_entry_price / adjust_exit_price 官方扩展点的目标反转取消
      (None = 取消且不替换);do_predict != 1 时维持挂单。
    
    成交时机完全交给 Freqtrade 回测引擎自身的 shift(1)(open[t+1]),
    本层不加额外 shift。
    """
    
    import sys
    from pathlib import Path
    
    from pandas import DataFrame
    
>   from freqtrade.enums import RunMode
E   ModuleNotFoundError: No module named 'freqtrade'

user_data/strategies/RouteCStrategy.py:35: ModuleNotFoundError
________________ test_static_preflight_uses_no_final_namespace _________________

monkeypatch = <_pytest.monkeypatch.MonkeyPatch object at 0x75505c533390>
tmp_path = PosixPath('/tmp/pytest-of-cryptorl/pytest-0/test_static_preflight_uses_no_0')
seed_call_recorder = []

    def test_static_preflight_uses_no_final_namespace(
            monkeypatch, tmp_path, seed_call_recorder):
        """§26A:static preflight 全部使用非 final namespace(ppo_smoke_r5)。"""
        monkeypatch.setenv("CURRICULUM261_R5_LOCK_DIR",
                           str(tmp_path / "lockdir"))
        out = tmp_path / "static_out"
>       result = pf.run_prelock_static_preflight(
            out, "52bc96f4480b1a0da6a9b455bd00b17fbb6786a5")

tests/route_c_stage2_6_1/test_curriculum261_r5_preflight.py:173: 
_ _ _ _ _ _ _ _ _ _ _ _ _ _ _ _ _ _ _ _ _ _ _ _ _ _ _ _ _ _ _ _ _ _ _ _ _ _ _ _ 
src/rl_curriculum/curriculum261_r5_preflight.py:148: in run_prelock_static_preflight
    checks["code_identity"] = _code_identity_digest()
                              ^^^^^^^^^^^^^^^^^^^^^^^
src/rl_curriculum/curriculum261_r5_preflight.py:119: in _code_identity_digest
    ident = _code_identity_r5()
            ^^^^^^^^^^^^^^^^^^^
src/rl_curriculum/curriculum261_r5_plan.py:77: in _code_identity_r5
    ident = route_c_strategy_identity()
            ^^^^^^^^^^^^^^^^^^^^^^^^^^^
src/rl_curriculum/curriculum261_production_obs.py:141: in route_c_strategy_identity
    cls = load_route_c_strategy_class()
          ^^^^^^^^^^^^^^^^^^^^^^^^^^^^^
src/rl_curriculum/curriculum261_production_obs.py:124: in load_route_c_strategy_class
    spec.loader.exec_module(module)
<frozen importlib._bootstrap_external>:940: in exec_module
    ???
<frozen importlib._bootstrap>:241: in _call_with_frames_removed
    ???
_ _ _ _ _ _ _ _ _ _ _ _ _ _ _ _ _ _ _ _ _ _ _ _ _ _ _ _ _ _ _ _ _ _ _ _ _ _ _ _ 

    """阶段 2.5.2a 路线 C:Freqtrade 策略薄适配层(execution_mode=market_open_causal)。
    
    特征:少量因果特征(收益/滚动波动率/价格相对均值/原始 OHLC 供环境用),
    全部只使用当前及过去数据;目标仓位列 &-target_position 由 RouteCModel
    顺序推理填充。
    
    阶段 2.5.2a 改造(工作包 B):
    - 订单类型改为 market(入场/退出均市场订单):成交价由回测器/交易所决定,
      回测中市场单以执行 bar 的 open 成交(backtesting.py:1039-1057 仅 limit
      分支调用 custom_entry_price;:596 exit_signal 的 close_rate=row[OPEN_IDX];
      :551-567 信号 shift(1)),与环境 market_open_causal 合同在
      simulated_slippage_bps=0 时逐笔对齐;
    - 移除 custom_entry_price / custom_exit_price / _route_c_bars 执行 K 线
      high/low 缓存(阶段 2.5.2 bar 内调价合同依赖执行 K 线最终 high/low,
      属未来信息,已废弃为 legacy_noncausal_not_for_training);
    - simulated_slippage_bps 只属于训练与离线压力环境,不得改变 live 市场订单
      价格;Freqtrade live 使用交易所真实回报价格;
    - amount_epsilon 与 RouteCModel 从同一最终配置 freqai.route_c.amount_epsilon
      读取(工作包 E),所有执行状态读取都通过 route_c_amount_epsilon 传参。
    
    保留(阶段 2.5.2 工作包 B):
    - live 只处理最新一行(signal_convert.latest_row_signals);
    - adjust_entry_price / adjust_exit_price 官方扩展点的目标反转取消
      (None = 取消且不替换);do_predict != 1 时维持挂单。
    
    成交时机完全交给 Freqtrade 回测引擎自身的 shift(1)(open[t+1]),
    本层不加额外 shift。
    """
    
    import sys
    from pathlib import Path
    
    from pandas import DataFrame
    
>   from freqtrade.enums import RunMode
E   ModuleNotFoundError: No module named 'freqtrade'

user_data/strategies/RouteCStrategy.py:35: ModuleNotFoundError
__________________ test_v2_contract_digest_unchanged_from_r4 ___________________

    def test_v2_contract_digest_unchanged_from_r4():
        """V2 合同 digest 与 R4 锁定值一致(数值实现未被 R5 修改)。"""
        import hashlib
        from rl_curriculum.curriculum261_r4_preprocessing import (
            OBSERVATION_SPACE_SEMANTICS_V2, POSITION_SLOT_SEMANTICS_V2,
            ROUTE_C_FEATURE_PREPROCESSING_V2,
        )
    
        assert ROUTE_C_FEATURE_PREPROCESSING_V2 == \
            "RouteCFeaturePreprocessing-v2"
>       digest = preprocessing_v2_contract_digest()
                 ^^^^^^^^^^^^^^^^^^^^^^^^^^^^^^^^^^

tests/route_c_stage2_6_1/test_curriculum261_r5_preprocessing.py:61: 
_ _ _ _ _ _ _ _ _ _ _ _ _ _ _ _ _ _ _ _ _ _ _ _ _ _ _ _ _ _ _ _ _ _ _ _ _ _ _ _ 
src/rl_curriculum/curriculum261_r4_preprocessing.py:681: in preprocessing_v2_contract_digest
    "strategy_identity": route_c_strategy_identity(),
                         ^^^^^^^^^^^^^^^^^^^^^^^^^^^
src/rl_curriculum/curriculum261_production_obs.py:141: in route_c_strategy_identity
    cls = load_route_c_strategy_class()
          ^^^^^^^^^^^^^^^^^^^^^^^^^^^^^
src/rl_curriculum/curriculum261_production_obs.py:124: in load_route_c_strategy_class
    spec.loader.exec_module(module)
<frozen importlib._bootstrap_external>:940: in exec_module
    ???
<frozen importlib._bootstrap>:241: in _call_with_frames_removed
    ???
_ _ _ _ _ _ _ _ _ _ _ _ _ _ _ _ _ _ _ _ _ _ _ _ _ _ _ _ _ _ _ _ _ _ _ _ _ _ _ _ 

    """阶段 2.5.2a 路线 C:Freqtrade 策略薄适配层(execution_mode=market_open_causal)。
    
    特征:少量因果特征(收益/滚动波动率/价格相对均值/原始 OHLC 供环境用),
    全部只使用当前及过去数据;目标仓位列 &-target_position 由 RouteCModel
    顺序推理填充。
    
    阶段 2.5.2a 改造(工作包 B):
    - 订单类型改为 market(入场/退出均市场订单):成交价由回测器/交易所决定,
      回测中市场单以执行 bar 的 open 成交(backtesting.py:1039-1057 仅 limit
      分支调用 custom_entry_price;:596 exit_signal 的 close_rate=row[OPEN_IDX];
      :551-567 信号 shift(1)),与环境 market_open_causal 合同在
      simulated_slippage_bps=0 时逐笔对齐;
    - 移除 custom_entry_price / custom_exit_price / _route_c_bars 执行 K 线
      high/low 缓存(阶段 2.5.2 bar 内调价合同依赖执行 K 线最终 high/low,
      属未来信息,已废弃为 legacy_noncausal_not_for_training);
    - simulated_slippage_bps 只属于训练与离线压力环境,不得改变 live 市场订单
      价格;Freqtrade live 使用交易所真实回报价格;
    - amount_epsilon 与 RouteCModel 从同一最终配置 freqai.route_c.amount_epsilon
      读取(工作包 E),所有执行状态读取都通过 route_c_amount_epsilon 传参。
    
    保留(阶段 2.5.2 工作包 B):
    - live 只处理最新一行(signal_convert.latest_row_signals);
    - adjust_entry_price / adjust_exit_price 官方扩展点的目标反转取消
      (None = 取消且不替换);do_predict != 1 时维持挂单。
    
    成交时机完全交给 Freqtrade 回测引擎自身的 shift(1)(open[t+1]),
    本层不加额外 shift。
    """
    
    import sys
    from pathlib import Path
    
    from pandas import DataFrame
    
>   from freqtrade.enums import RunMode
E   ModuleNotFoundError: No module named 'freqtrade'

user_data/strategies/RouteCStrategy.py:35: ModuleNotFoundError
________________ test_ladder_helper_matches_rung_report_bitwise ________________

    def test_ladder_helper_matches_rung_report_bitwise():
        """evaluator 与 gate 同源:_ladder_from_table 复算 rung_report_r4
        的 ladder/margins/gaps 逐数值一致(真实小语料,ppo_smoke_r5)。"""
        specs = family_specs()[FAMILY_C2]
        thresholds = dict(specs.reference_defaults)
>       records = [generate_pair(FAMILY_C2, rung, idx,
                                 namespace="ppo_smoke_r5")
                   for rung in RUNGS for idx in range(2)]

tests/route_c_stage2_6_1/test_curriculum261_r5_statistics.py:121: 
_ _ _ _ _ _ _ _ _ _ _ _ _ _ _ _ _ _ _ _ _ _ _ _ _ _ _ _ _ _ _ _ _ _ _ _ _ _ _ _ 
tests/route_c_stage2_6_1/test_curriculum261_r5_statistics.py:121: in <listcomp>
    records = [generate_pair(FAMILY_C2, rung, idx,
src/rl_curriculum/curriculum261_pairs.py:114: in generate_pair
    episodes, log = generate_pair_with_attempts(
src/rl_curriculum/curriculum261_api.py:1504: in generate_pair_with_attempts
    episodes[side] = generator.generate(
src/rl_curriculum/generator_api.py:186: in generate
    df = self._attach_features(df)
         ^^^^^^^^^^^^^^^^^^^^^^^^^
src/rl_curriculum/curriculum261_api.py:1267: in _attach_features
    return attach_production_features(df)
           ^^^^^^^^^^^^^^^^^^^^^^^^^^^^^^
src/rl_curriculum/curriculum261_production_obs.py:160: in attach_production_features
    cls = load_route_c_strategy_class()
          ^^^^^^^^^^^^^^^^^^^^^^^^^^^^^
src/rl_curriculum/curriculum261_production_obs.py:124: in load_route_c_strategy_class
    spec.loader.exec_module(module)
<frozen importlib._bootstrap_external>:940: in exec_module
    ???
<frozen importlib._bootstrap>:241: in _call_with_frames_removed
    ???
_ _ _ _ _ _ _ _ _ _ _ _ _ _ _ _ _ _ _ _ _ _ _ _ _ _ _ _ _ _ _ _ _ _ _ _ _ _ _ _ 

    """阶段 2.5.2a 路线 C:Freqtrade 策略薄适配层(execution_mode=market_open_causal)。
    
    特征:少量因果特征(收益/滚动波动率/价格相对均值/原始 OHLC 供环境用),
    全部只使用当前及过去数据;目标仓位列 &-target_position 由 RouteCModel
    顺序推理填充。
    
    阶段 2.5.2a 改造(工作包 B):
    - 订单类型改为 market(入场/退出均市场订单):成交价由回测器/交易所决定,
      回测中市场单以执行 bar 的 open 成交(backtesting.py:1039-1057 仅 limit
      分支调用 custom_entry_price;:596 exit_signal 的 close_rate=row[OPEN_IDX];
      :551-567 信号 shift(1)),与环境 market_open_causal 合同在
      simulated_slippage_bps=0 时逐笔对齐;
    - 移除 custom_entry_price / custom_exit_price / _route_c_bars 执行 K 线
      high/low 缓存(阶段 2.5.2 bar 内调价合同依赖执行 K 线最终 high/low,
      属未来信息,已废弃为 legacy_noncausal_not_for_training);
    - simulated_slippage_bps 只属于训练与离线压力环境,不得改变 live 市场订单
      价格;Freqtrade live 使用交易所真实回报价格;
    - amount_epsilon 与 RouteCModel 从同一最终配置 freqai.route_c.amount_epsilon
      读取(工作包 E),所有执行状态读取都通过 route_c_amount_epsilon 传参。
    
    保留(阶段 2.5.2 工作包 B):
    - live 只处理最新一行(signal_convert.latest_row_signals);
    - adjust_entry_price / adjust_exit_price 官方扩展点的目标反转取消
      (None = 取消且不替换);do_predict != 1 时维持挂单。
    
    成交时机完全交给 Freqtrade 回测引擎自身的 shift(1)(open[t+1]),
    本层不加额外 shift。
    """
    
    import sys
    from pathlib import Path
    
    from pandas import DataFrame
    
>   from freqtrade.enums import RunMode
E   ModuleNotFoundError: No module named 'freqtrade'

user_data/strategies/RouteCStrategy.py:35: ModuleNotFoundError
__________________ test_sealed_preflight_no_final_seed_access __________________

tmp_path = PosixPath('/tmp/pytest-of-cryptorl/pytest-0/test_sealed_preflight_no_final1')
monkeypatch = <_pytest.monkeypatch.MonkeyPatch object at 0x754f74c74650>
lock_env = PosixPath('/tmp/pytest-of-cryptorl/pytest-0/test_sealed_preflight_no_final1')

    def test_sealed_preflight_no_final_seed_access(tmp_path, monkeypatch,
                                                   lock_env):
        recorder = SeedCallRecorder(monkeypatch)
>       _build_and_lock_plan(lock_env)

tests/route_c_stage2_6_1/test_curriculum261_r6_preflight.py:106: 
_ _ _ _ _ _ _ _ _ _ _ _ _ _ _ _ _ _ _ _ _ _ _ _ _ _ _ _ _ _ _ _ _ _ _ _ _ _ _ _ 
tests/route_c_stage2_6_1/test_curriculum261_r6_preflight.py:56: in _build_and_lock_plan
    preprocessing_v2_contract_digest=preprocessing_v2_contract_digest(),
                                     ^^^^^^^^^^^^^^^^^^^^^^^^^^^^^^^^^^
src/rl_curriculum/curriculum261_r4_preprocessing.py:681: in preprocessing_v2_contract_digest
    "strategy_identity": route_c_strategy_identity(),
                         ^^^^^^^^^^^^^^^^^^^^^^^^^^^
src/rl_curriculum/curriculum261_production_obs.py:141: in route_c_strategy_identity
    cls = load_route_c_strategy_class()
          ^^^^^^^^^^^^^^^^^^^^^^^^^^^^^
src/rl_curriculum/curriculum261_production_obs.py:124: in load_route_c_strategy_class
    spec.loader.exec_module(module)
<frozen importlib._bootstrap_external>:940: in exec_module
    ???
<frozen importlib._bootstrap>:241: in _call_with_frames_removed
    ???
_ _ _ _ _ _ _ _ _ _ _ _ _ _ _ _ _ _ _ _ _ _ _ _ _ _ _ _ _ _ _ _ _ _ _ _ _ _ _ _ 

    """阶段 2.5.2a 路线 C:Freqtrade 策略薄适配层(execution_mode=market_open_causal)。
    
    特征:少量因果特征(收益/滚动波动率/价格相对均值/原始 OHLC 供环境用),
    全部只使用当前及过去数据;目标仓位列 &-target_position 由 RouteCModel
    顺序推理填充。
    
    阶段 2.5.2a 改造(工作包 B):
    - 订单类型改为 market(入场/退出均市场订单):成交价由回测器/交易所决定,
      回测中市场单以执行 bar 的 open 成交(backtesting.py:1039-1057 仅 limit
      分支调用 custom_entry_price;:596 exit_signal 的 close_rate=row[OPEN_IDX];
      :551-567 信号 shift(1)),与环境 market_open_causal 合同在
      simulated_slippage_bps=0 时逐笔对齐;
    - 移除 custom_entry_price / custom_exit_price / _route_c_bars 执行 K 线
      high/low 缓存(阶段 2.5.2 bar 内调价合同依赖执行 K 线最终 high/low,
      属未来信息,已废弃为 legacy_noncausal_not_for_training);
    - simulated_slippage_bps 只属于训练与离线压力环境,不得改变 live 市场订单
      价格;Freqtrade live 使用交易所真实回报价格;
    - amount_epsilon 与 RouteCModel 从同一最终配置 freqai.route_c.amount_epsilon
      读取(工作包 E),所有执行状态读取都通过 route_c_amount_epsilon 传参。
    
    保留(阶段 2.5.2 工作包 B):
    - live 只处理最新一行(signal_convert.latest_row_signals);
    - adjust_entry_price / adjust_exit_price 官方扩展点的目标反转取消
      (None = 取消且不替换);do_predict != 1 时维持挂单。
    
    成交时机完全交给 Freqtrade 回测引擎自身的 shift(1)(open[t+1]),
    本层不加额外 shift。
    """
    
    import sys
    from pathlib import Path
    
    from pandas import DataFrame
    
>   from freqtrade.enums import RunMode
E   ModuleNotFoundError: No module named 'freqtrade'

user_data/strategies/RouteCStrategy.py:35: ModuleNotFoundError
______________________ test_sealed_attestation_binds_plan ______________________

tmp_path = PosixPath('/tmp/pytest-of-cryptorl/pytest-0/test_sealed_attestation_binds_0')
lock_env = PosixPath('/tmp/pytest-of-cryptorl/pytest-0/test_sealed_attestation_binds_0')

    def test_sealed_attestation_binds_plan(tmp_path, lock_env):
>       _build_and_lock_plan(lock_env)

tests/route_c_stage2_6_1/test_curriculum261_r6_preflight.py:131: 
_ _ _ _ _ _ _ _ _ _ _ _ _ _ _ _ _ _ _ _ _ _ _ _ _ _ _ _ _ _ _ _ _ _ _ _ _ _ _ _ 
tests/route_c_stage2_6_1/test_curriculum261_r6_preflight.py:56: in _build_and_lock_plan
    preprocessing_v2_contract_digest=preprocessing_v2_contract_digest(),
                                     ^^^^^^^^^^^^^^^^^^^^^^^^^^^^^^^^^^
src/rl_curriculum/curriculum261_r4_preprocessing.py:681: in preprocessing_v2_contract_digest
    "strategy_identity": route_c_strategy_identity(),
                         ^^^^^^^^^^^^^^^^^^^^^^^^^^^
src/rl_curriculum/curriculum261_production_obs.py:141: in route_c_strategy_identity
    cls = load_route_c_strategy_class()
          ^^^^^^^^^^^^^^^^^^^^^^^^^^^^^
src/rl_curriculum/curriculum261_production_obs.py:124: in load_route_c_strategy_class
    spec.loader.exec_module(module)
<frozen importlib._bootstrap_external>:940: in exec_module
    ???
<frozen importlib._bootstrap>:241: in _call_with_frames_removed
    ???
_ _ _ _ _ _ _ _ _ _ _ _ _ _ _ _ _ _ _ _ _ _ _ _ _ _ _ _ _ _ _ _ _ _ _ _ _ _ _ _ 

    """阶段 2.5.2a 路线 C:Freqtrade 策略薄适配层(execution_mode=market_open_causal)。
    
    特征:少量因果特征(收益/滚动波动率/价格相对均值/原始 OHLC 供环境用),
    全部只使用当前及过去数据;目标仓位列 &-target_position 由 RouteCModel
    顺序推理填充。
    
    阶段 2.5.2a 改造(工作包 B):
    - 订单类型改为 market(入场/退出均市场订单):成交价由回测器/交易所决定,
      回测中市场单以执行 bar 的 open 成交(backtesting.py:1039-1057 仅 limit
      分支调用 custom_entry_price;:596 exit_signal 的 close_rate=row[OPEN_IDX];
      :551-567 信号 shift(1)),与环境 market_open_causal 合同在
      simulated_slippage_bps=0 时逐笔对齐;
    - 移除 custom_entry_price / custom_exit_price / _route_c_bars 执行 K 线
      high/low 缓存(阶段 2.5.2 bar 内调价合同依赖执行 K 线最终 high/low,
      属未来信息,已废弃为 legacy_noncausal_not_for_training);
    - simulated_slippage_bps 只属于训练与离线压力环境,不得改变 live 市场订单
      价格;Freqtrade live 使用交易所真实回报价格;
    - amount_epsilon 与 RouteCModel 从同一最终配置 freqai.route_c.amount_epsilon
      读取(工作包 E),所有执行状态读取都通过 route_c_amount_epsilon 传参。
    
    保留(阶段 2.5.2 工作包 B):
    - live 只处理最新一行(signal_convert.latest_row_signals);
    - adjust_entry_price / adjust_exit_price 官方扩展点的目标反转取消
      (None = 取消且不替换);do_predict != 1 时维持挂单。
    
    成交时机完全交给 Freqtrade 回测引擎自身的 shift(1)(open[t+1]),
    本层不加额外 shift。
    """
    
    import sys
    from pathlib import Path
    
    from pandas import DataFrame
    
>   from freqtrade.enums import RunMode
E   ModuleNotFoundError: No module named 'freqtrade'

user_data/strategies/RouteCStrategy.py:35: ModuleNotFoundError
________________________ test_sealed_requires_evidence _________________________

tmp_path = PosixPath('/tmp/pytest-of-cryptorl/pytest-0/test_sealed_requires_evidence0')
lock_env = PosixPath('/tmp/pytest-of-cryptorl/pytest-0/test_sealed_requires_evidence0')

    def test_sealed_requires_evidence(tmp_path, lock_env):
>       _build_and_lock_plan(lock_env)

tests/route_c_stage2_6_1/test_curriculum261_r6_preflight.py:155: 
_ _ _ _ _ _ _ _ _ _ _ _ _ _ _ _ _ _ _ _ _ _ _ _ _ _ _ _ _ _ _ _ _ _ _ _ _ _ _ _ 
tests/route_c_stage2_6_1/test_curriculum261_r6_preflight.py:56: in _build_and_lock_plan
    preprocessing_v2_contract_digest=preprocessing_v2_contract_digest(),
                                     ^^^^^^^^^^^^^^^^^^^^^^^^^^^^^^^^^^
src/rl_curriculum/curriculum261_r4_preprocessing.py:681: in preprocessing_v2_contract_digest
    "strategy_identity": route_c_strategy_identity(),
                         ^^^^^^^^^^^^^^^^^^^^^^^^^^^
src/rl_curriculum/curriculum261_production_obs.py:141: in route_c_strategy_identity
    cls = load_route_c_strategy_class()
          ^^^^^^^^^^^^^^^^^^^^^^^^^^^^^
src/rl_curriculum/curriculum261_production_obs.py:124: in load_route_c_strategy_class
    spec.loader.exec_module(module)
<frozen importlib._bootstrap_external>:940: in exec_module
    ???
<frozen importlib._bootstrap>:241: in _call_with_frames_removed
    ???
_ _ _ _ _ _ _ _ _ _ _ _ _ _ _ _ _ _ _ _ _ _ _ _ _ _ _ _ _ _ _ _ _ _ _ _ _ _ _ _ 

    """阶段 2.5.2a 路线 C:Freqtrade 策略薄适配层(execution_mode=market_open_causal)。
    
    特征:少量因果特征(收益/滚动波动率/价格相对均值/原始 OHLC 供环境用),
    全部只使用当前及过去数据;目标仓位列 &-target_position 由 RouteCModel
    顺序推理填充。
    
    阶段 2.5.2a 改造(工作包 B):
    - 订单类型改为 market(入场/退出均市场订单):成交价由回测器/交易所决定,
      回测中市场单以执行 bar 的 open 成交(backtesting.py:1039-1057 仅 limit
      分支调用 custom_entry_price;:596 exit_signal 的 close_rate=row[OPEN_IDX];
      :551-567 信号 shift(1)),与环境 market_open_causal 合同在
      simulated_slippage_bps=0 时逐笔对齐;
    - 移除 custom_entry_price / custom_exit_price / _route_c_bars 执行 K 线
      high/low 缓存(阶段 2.5.2 bar 内调价合同依赖执行 K 线最终 high/low,
      属未来信息,已废弃为 legacy_noncausal_not_for_training);
    - simulated_slippage_bps 只属于训练与离线压力环境,不得改变 live 市场订单
      价格;Freqtrade live 使用交易所真实回报价格;
    - amount_epsilon 与 RouteCModel 从同一最终配置 freqai.route_c.amount_epsilon
      读取(工作包 E),所有执行状态读取都通过 route_c_amount_epsilon 传参。
    
    保留(阶段 2.5.2 工作包 B):
    - live 只处理最新一行(signal_convert.latest_row_signals);
    - adjust_entry_price / adjust_exit_price 官方扩展点的目标反转取消
      (None = 取消且不替换);do_predict != 1 时维持挂单。
    
    成交时机完全交给 Freqtrade 回测引擎自身的 shift(1)(open[t+1]),
    本层不加额外 shift。
    """
    
    import sys
    from pathlib import Path
    
    from pandas import DataFrame
    
>   from freqtrade.enums import RunMode
E   ModuleNotFoundError: No module named 'freqtrade'

user_data/strategies/RouteCStrategy.py:35: ModuleNotFoundError
____________________ test_sealed_binds_selected_block_count ____________________

tmp_path = PosixPath('/tmp/pytest-of-cryptorl/pytest-0/test_sealed_binds_selected_blo0')
lock_env = PosixPath('/tmp/pytest-of-cryptorl/pytest-0/test_sealed_binds_selected_blo0')

    def test_sealed_binds_selected_block_count(tmp_path, lock_env):
>       _build_and_lock_plan(lock_env, block_count=10)

tests/route_c_stage2_6_1/test_curriculum261_r6_preflight.py:166: 
_ _ _ _ _ _ _ _ _ _ _ _ _ _ _ _ _ _ _ _ _ _ _ _ _ _ _ _ _ _ _ _ _ _ _ _ _ _ _ _ 
tests/route_c_stage2_6_1/test_curriculum261_r6_preflight.py:56: in _build_and_lock_plan
    preprocessing_v2_contract_digest=preprocessing_v2_contract_digest(),
                                     ^^^^^^^^^^^^^^^^^^^^^^^^^^^^^^^^^^
src/rl_curriculum/curriculum261_r4_preprocessing.py:681: in preprocessing_v2_contract_digest
    "strategy_identity": route_c_strategy_identity(),
                         ^^^^^^^^^^^^^^^^^^^^^^^^^^^
src/rl_curriculum/curriculum261_production_obs.py:141: in route_c_strategy_identity
    cls = load_route_c_strategy_class()
          ^^^^^^^^^^^^^^^^^^^^^^^^^^^^^
src/rl_curriculum/curriculum261_production_obs.py:124: in load_route_c_strategy_class
    spec.loader.exec_module(module)
<frozen importlib._bootstrap_external>:940: in exec_module
    ???
<frozen importlib._bootstrap>:241: in _call_with_frames_removed
    ???
_ _ _ _ _ _ _ _ _ _ _ _ _ _ _ _ _ _ _ _ _ _ _ _ _ _ _ _ _ _ _ _ _ _ _ _ _ _ _ _ 

    """阶段 2.5.2a 路线 C:Freqtrade 策略薄适配层(execution_mode=market_open_causal)。
    
    特征:少量因果特征(收益/滚动波动率/价格相对均值/原始 OHLC 供环境用),
    全部只使用当前及过去数据;目标仓位列 &-target_position 由 RouteCModel
    顺序推理填充。
    
    阶段 2.5.2a 改造(工作包 B):
    - 订单类型改为 market(入场/退出均市场订单):成交价由回测器/交易所决定,
      回测中市场单以执行 bar 的 open 成交(backtesting.py:1039-1057 仅 limit
      分支调用 custom_entry_price;:596 exit_signal 的 close_rate=row[OPEN_IDX];
      :551-567 信号 shift(1)),与环境 market_open_causal 合同在
      simulated_slippage_bps=0 时逐笔对齐;
    - 移除 custom_entry_price / custom_exit_price / _route_c_bars 执行 K 线
      high/low 缓存(阶段 2.5.2 bar 内调价合同依赖执行 K 线最终 high/low,
      属未来信息,已废弃为 legacy_noncausal_not_for_training);
    - simulated_slippage_bps 只属于训练与离线压力环境,不得改变 live 市场订单
      价格;Freqtrade live 使用交易所真实回报价格;
    - amount_epsilon 与 RouteCModel 从同一最终配置 freqai.route_c.amount_epsilon
      读取(工作包 E),所有执行状态读取都通过 route_c_amount_epsilon 传参。
    
    保留(阶段 2.5.2 工作包 B):
    - live 只处理最新一行(signal_convert.latest_row_signals);
    - adjust_entry_price / adjust_exit_price 官方扩展点的目标反转取消
      (None = 取消且不替换);do_predict != 1 时维持挂单。
    
    成交时机完全交给 Freqtrade 回测引擎自身的 shift(1)(open[t+1]),
    本层不加额外 shift。
    """
    
    import sys
    from pathlib import Path
    
    from pandas import DataFrame
    
>   from freqtrade.enums import RunMode
E   ModuleNotFoundError: No module named 'freqtrade'

user_data/strategies/RouteCStrategy.py:35: ModuleNotFoundError
_________________ test_static_preflight_touches_only_smoke_ns __________________

tmp_path = PosixPath('/tmp/pytest-of-cryptorl/pytest-0/test_static_preflight_touches_0')
lock_env = PosixPath('/tmp/pytest-of-cryptorl/pytest-0/test_static_preflight_touches_0')
monkeypatch = <_pytest.monkeypatch.MonkeyPatch object at 0x754f74d84e90>

    def test_static_preflight_touches_only_smoke_ns(tmp_path, lock_env,
                                                    monkeypatch):
        """pre-lock static preflight 只触碰 ppo_smoke_r6(非 final)。"""
        recorder = SeedCallRecorder(monkeypatch)
        from rl_curriculum.curriculum261_r6_preflight import (
            run_prelock_static_preflight,
        )
    
>       result = run_prelock_static_preflight(
            tmp_path, "52bc96f4480b1a0da6a9b455bd00b17fbb6786a5")

tests/route_c_stage2_6_1/test_curriculum261_r6_preflight.py:200: 
_ _ _ _ _ _ _ _ _ _ _ _ _ _ _ _ _ _ _ _ _ _ _ _ _ _ _ _ _ _ _ _ _ _ _ _ _ _ _ _ 
src/rl_curriculum/curriculum261_r6_preflight.py:186: in run_prelock_static_preflight
    checks["code_identity"] = _code_identity_digest()
                              ^^^^^^^^^^^^^^^^^^^^^^^
src/rl_curriculum/curriculum261_r6_preflight.py:123: in _code_identity_digest
    ident = _code_identity_r6()
            ^^^^^^^^^^^^^^^^^^^
src/rl_curriculum/curriculum261_r6_plan.py:77: in _code_identity_r6
    ident = route_c_strategy_identity()
            ^^^^^^^^^^^^^^^^^^^^^^^^^^^
src/rl_curriculum/curriculum261_production_obs.py:141: in route_c_strategy_identity
    cls = load_route_c_strategy_class()
          ^^^^^^^^^^^^^^^^^^^^^^^^^^^^^
src/rl_curriculum/curriculum261_production_obs.py:124: in load_route_c_strategy_class
    spec.loader.exec_module(module)
<frozen importlib._bootstrap_external>:940: in exec_module
    ???
<frozen importlib._bootstrap>:241: in _call_with_frames_removed
    ???
_ _ _ _ _ _ _ _ _ _ _ _ _ _ _ _ _ _ _ _ _ _ _ _ _ _ _ _ _ _ _ _ _ _ _ _ _ _ _ _ 

    """阶段 2.5.2a 路线 C:Freqtrade 策略薄适配层(execution_mode=market_open_causal)。
    
    特征:少量因果特征(收益/滚动波动率/价格相对均值/原始 OHLC 供环境用),
    全部只使用当前及过去数据;目标仓位列 &-target_position 由 RouteCModel
    顺序推理填充。
    
    阶段 2.5.2a 改造(工作包 B):
    - 订单类型改为 market(入场/退出均市场订单):成交价由回测器/交易所决定,
      回测中市场单以执行 bar 的 open 成交(backtesting.py:1039-1057 仅 limit
      分支调用 custom_entry_price;:596 exit_signal 的 close_rate=row[OPEN_IDX];
      :551-567 信号 shift(1)),与环境 market_open_causal 合同在
      simulated_slippage_bps=0 时逐笔对齐;
    - 移除 custom_entry_price / custom_exit_price / _route_c_bars 执行 K 线
      high/low 缓存(阶段 2.5.2 bar 内调价合同依赖执行 K 线最终 high/low,
      属未来信息,已废弃为 legacy_noncausal_not_for_training);
    - simulated_slippage_bps 只属于训练与离线压力环境,不得改变 live 市场订单
      价格;Freqtrade live 使用交易所真实回报价格;
    - amount_epsilon 与 RouteCModel 从同一最终配置 freqai.route_c.amount_epsilon
      读取(工作包 E),所有执行状态读取都通过 route_c_amount_epsilon 传参。
    
    保留(阶段 2.5.2 工作包 B):
    - live 只处理最新一行(signal_convert.latest_row_signals);
    - adjust_entry_price / adjust_exit_price 官方扩展点的目标反转取消
      (None = 取消且不替换);do_predict != 1 时维持挂单。
    
    成交时机完全交给 Freqtrade 回测引擎自身的 shift(1)(open[t+1]),
    本层不加额外 shift。
    """
    
    import sys
    from pathlib import Path
    
    from pandas import DataFrame
    
>   from freqtrade.enums import RunMode
E   ModuleNotFoundError: No module named 'freqtrade'

user_data/strategies/RouteCStrategy.py:35: ModuleNotFoundError
___________________ test_plan_code_drift_rejected_after_lock ___________________

tmp_path = PosixPath('/tmp/pytest-of-cryptorl/pytest-0/test_plan_code_drift_rejected_0')
lock_env = PosixPath('/tmp/pytest-of-cryptorl/pytest-0/test_plan_code_drift_rejected_0')

    def test_plan_code_drift_rejected_after_lock(tmp_path, lock_env):
        """plan 锁后 code 漂移 -> sealed preflight code_identity 拒绝。"""
        import shutil
    
>       _build_and_lock_plan(lock_env)

tests/route_c_stage2_6_1/test_curriculum261_r6_preflight.py:216: 
_ _ _ _ _ _ _ _ _ _ _ _ _ _ _ _ _ _ _ _ _ _ _ _ _ _ _ _ _ _ _ _ _ _ _ _ _ _ _ _ 
tests/route_c_stage2_6_1/test_curriculum261_r6_preflight.py:56: in _build_and_lock_plan
    preprocessing_v2_contract_digest=preprocessing_v2_contract_digest(),
                                     ^^^^^^^^^^^^^^^^^^^^^^^^^^^^^^^^^^
src/rl_curriculum/curriculum261_r4_preprocessing.py:681: in preprocessing_v2_contract_digest
    "strategy_identity": route_c_strategy_identity(),
                         ^^^^^^^^^^^^^^^^^^^^^^^^^^^
src/rl_curriculum/curriculum261_production_obs.py:141: in route_c_strategy_identity
    cls = load_route_c_strategy_class()
          ^^^^^^^^^^^^^^^^^^^^^^^^^^^^^
src/rl_curriculum/curriculum261_production_obs.py:124: in load_route_c_strategy_class
    spec.loader.exec_module(module)
<frozen importlib._bootstrap_external>:940: in exec_module
    ???
<frozen importlib._bootstrap>:241: in _call_with_frames_removed
    ???
_ _ _ _ _ _ _ _ _ _ _ _ _ _ _ _ _ _ _ _ _ _ _ _ _ _ _ _ _ _ _ _ _ _ _ _ _ _ _ _ 

    """阶段 2.5.2a 路线 C:Freqtrade 策略薄适配层(execution_mode=market_open_causal)。
    
    特征:少量因果特征(收益/滚动波动率/价格相对均值/原始 OHLC 供环境用),
    全部只使用当前及过去数据;目标仓位列 &-target_position 由 RouteCModel
    顺序推理填充。
    
    阶段 2.5.2a 改造(工作包 B):
    - 订单类型改为 market(入场/退出均市场订单):成交价由回测器/交易所决定,
      回测中市场单以执行 bar 的 open 成交(backtesting.py:1039-1057 仅 limit
      分支调用 custom_entry_price;:596 exit_signal 的 close_rate=row[OPEN_IDX];
      :551-567 信号 shift(1)),与环境 market_open_causal 合同在
      simulated_slippage_bps=0 时逐笔对齐;
    - 移除 custom_entry_price / custom_exit_price / _route_c_bars 执行 K 线
      high/low 缓存(阶段 2.5.2 bar 内调价合同依赖执行 K 线最终 high/low,
      属未来信息,已废弃为 legacy_noncausal_not_for_training);
    - simulated_slippage_bps 只属于训练与离线压力环境,不得改变 live 市场订单
      价格;Freqtrade live 使用交易所真实回报价格;
    - amount_epsilon 与 RouteCModel 从同一最终配置 freqai.route_c.amount_epsilon
      读取(工作包 E),所有执行状态读取都通过 route_c_amount_epsilon 传参。
    
    保留(阶段 2.5.2 工作包 B):
    - live 只处理最新一行(signal_convert.latest_row_signals);
    - adjust_entry_price / adjust_exit_price 官方扩展点的目标反转取消
      (None = 取消且不替换);do_predict != 1 时维持挂单。
    
    成交时机完全交给 Freqtrade 回测引擎自身的 shift(1)(open[t+1]),
    本层不加额外 shift。
    """
    
    import sys
    from pathlib import Path
    
    from pandas import DataFrame
    
>   from freqtrade.enums import RunMode
E   ModuleNotFoundError: No module named 'freqtrade'

user_data/strategies/RouteCStrategy.py:35: ModuleNotFoundError
______________________ test_two_level_tables_same_source _______________________

block_fixture = None

    def test_two_level_tables_same_source(block_fixture=None):
        """两级表同源:block 表的 pair_metrics 数值 = pair 表(A/B 均值)
        重建(evaluator 与 gate 同源;§14)。"""
        from rl_curriculum.curriculum261_c2 import FAMILY_C2
        from rl_curriculum.curriculum261_pairs import family_specs
        from rl_curriculum.curriculum261_r4_pairs import (
            build_pair_evidence_table,
            evaluate_pair_corpus_r4,
        )
        from rl_curriculum.curriculum261_r6_param_pack import (
            C2_LADDER_CANDIDATES,
            r6_family_rung_params,
        )
        from rl_curriculum.curriculum261_r6_tape import (
            generate_matched_block_with_attempts,
        )
    
        ladder = C2_LADDER_CANDIDATES["c2l_balanced"]
>       blocks = [generate_matched_block_with_attempts(
            ladder, namespace="ppo_smoke_r6", block_index=i)
            for i in range(2)]

tests/route_c_stage2_6_1/test_curriculum261_r6_statistics.py:196: 
_ _ _ _ _ _ _ _ _ _ _ _ _ _ _ _ _ _ _ _ _ _ _ _ _ _ _ _ _ _ _ _ _ _ _ _ _ _ _ _ 
tests/route_c_stage2_6_1/test_curriculum261_r6_statistics.py:196: in <listcomp>
    blocks = [generate_matched_block_with_attempts(
src/rl_curriculum/curriculum261_r6_tape.py:393: in generate_matched_block_with_attempts
    episodes = generate_matched_block_once(
src/rl_curriculum/curriculum261_r6_tape.py:246: in generate_matched_block_once
    sides[side] = gen.generate(
src/rl_curriculum/generator_api.py:186: in generate
    df = self._attach_features(df)
         ^^^^^^^^^^^^^^^^^^^^^^^^^
src/rl_curriculum/curriculum261_api.py:1267: in _attach_features
    return attach_production_features(df)
           ^^^^^^^^^^^^^^^^^^^^^^^^^^^^^^
src/rl_curriculum/curriculum261_production_obs.py:160: in attach_production_features
    cls = load_route_c_strategy_class()
          ^^^^^^^^^^^^^^^^^^^^^^^^^^^^^
src/rl_curriculum/curriculum261_production_obs.py:124: in load_route_c_strategy_class
    spec.loader.exec_module(module)
<frozen importlib._bootstrap_external>:940: in exec_module
    ???
<frozen importlib._bootstrap>:241: in _call_with_frames_removed
    ???
_ _ _ _ _ _ _ _ _ _ _ _ _ _ _ _ _ _ _ _ _ _ _ _ _ _ _ _ _ _ _ _ _ _ _ _ _ _ _ _ 

    """阶段 2.5.2a 路线 C:Freqtrade 策略薄适配层(execution_mode=market_open_causal)。
    
    特征:少量因果特征(收益/滚动波动率/价格相对均值/原始 OHLC 供环境用),
    全部只使用当前及过去数据;目标仓位列 &-target_position 由 RouteCModel
    顺序推理填充。
    
    阶段 2.5.2a 改造(工作包 B):
    - 订单类型改为 market(入场/退出均市场订单):成交价由回测器/交易所决定,
      回测中市场单以执行 bar 的 open 成交(backtesting.py:1039-1057 仅 limit
      分支调用 custom_entry_price;:596 exit_signal 的 close_rate=row[OPEN_IDX];
      :551-567 信号 shift(1)),与环境 market_open_causal 合同在
      simulated_slippage_bps=0 时逐笔对齐;
    - 移除 custom_entry_price / custom_exit_price / _route_c_bars 执行 K 线
      high/low 缓存(阶段 2.5.2 bar 内调价合同依赖执行 K 线最终 high/low,
      属未来信息,已废弃为 legacy_noncausal_not_for_training);
    - simulated_slippage_bps 只属于训练与离线压力环境,不得改变 live 市场订单
      价格;Freqtrade live 使用交易所真实回报价格;
    - amount_epsilon 与 RouteCModel 从同一最终配置 freqai.route_c.amount_epsilon
      读取(工作包 E),所有执行状态读取都通过 route_c_amount_epsilon 传参。
    
    保留(阶段 2.5.2 工作包 B):
    - live 只处理最新一行(signal_convert.latest_row_signals);
    - adjust_entry_price / adjust_exit_price 官方扩展点的目标反转取消
      (None = 取消且不替换);do_predict != 1 时维持挂单。
    
    成交时机完全交给 Freqtrade 回测引擎自身的 shift(1)(open[t+1]),
    本层不加额外 shift。
    """
    
    import sys
    from pathlib import Path
    
    from pandas import DataFrame
    
>   from freqtrade.enums import RunMode
E   ModuleNotFoundError: No module named 'freqtrade'

user_data/strategies/RouteCStrategy.py:35: ModuleNotFoundError
_____________________ test_cue_payoff_separation_synthetic _____________________

    def test_cue_payoff_separation_synthetic():
        """合成 C2 records:正常 ladder 分离通过;高 alpha(82)端候选按预注册
        阈值机械裁决。"""
        from rl_curriculum.curriculum261_c2 import FAMILY_C2
        from rl_curriculum.curriculum261_pairs import family_specs, generate_pair
    
>       records = [generate_pair(FAMILY_C2, r, i, namespace="ppo_smoke_r6")
                   for r in ("D1", "D3") for i in range(2)]

tests/route_c_stage2_6_1/test_curriculum261_r6_statistics.py:227: 
_ _ _ _ _ _ _ _ _ _ _ _ _ _ _ _ _ _ _ _ _ _ _ _ _ _ _ _ _ _ _ _ _ _ _ _ _ _ _ _ 
tests/route_c_stage2_6_1/test_curriculum261_r6_statistics.py:227: in <listcomp>
    records = [generate_pair(FAMILY_C2, r, i, namespace="ppo_smoke_r6")
               ^^^^^^^^^^^^^^^^^^^^^^^^^^^^^^^^^^^^^^^^^^^^^^^^^^^^^^^^
src/rl_curriculum/curriculum261_pairs.py:114: in generate_pair
    episodes, log = generate_pair_with_attempts(
src/rl_curriculum/curriculum261_api.py:1504: in generate_pair_with_attempts
    episodes[side] = generator.generate(
src/rl_curriculum/generator_api.py:186: in generate
    df = self._attach_features(df)
         ^^^^^^^^^^^^^^^^^^^^^^^^^
src/rl_curriculum/curriculum261_api.py:1267: in _attach_features
    return attach_production_features(df)
           ^^^^^^^^^^^^^^^^^^^^^^^^^^^^^^
src/rl_curriculum/curriculum261_production_obs.py:160: in attach_production_features
    cls = load_route_c_strategy_class()
          ^^^^^^^^^^^^^^^^^^^^^^^^^^^^^
src/rl_curriculum/curriculum261_production_obs.py:124: in load_route_c_strategy_class
    spec.loader.exec_module(module)
<frozen importlib._bootstrap_external>:940: in exec_module
    ???
<frozen importlib._bootstrap>:241: in _call_with_frames_removed
    ???
_ _ _ _ _ _ _ _ _ _ _ _ _ _ _ _ _ _ _ _ _ _ _ _ _ _ _ _ _ _ _ _ _ _ _ _ _ _ _ _ 

    """阶段 2.5.2a 路线 C:Freqtrade 策略薄适配层(execution_mode=market_open_causal)。
    
    特征:少量因果特征(收益/滚动波动率/价格相对均值/原始 OHLC 供环境用),
    全部只使用当前及过去数据;目标仓位列 &-target_position 由 RouteCModel
    顺序推理填充。
    
    阶段 2.5.2a 改造(工作包 B):
    - 订单类型改为 market(入场/退出均市场订单):成交价由回测器/交易所决定,
      回测中市场单以执行 bar 的 open 成交(backtesting.py:1039-1057 仅 limit
      分支调用 custom_entry_price;:596 exit_signal 的 close_rate=row[OPEN_IDX];
      :551-567 信号 shift(1)),与环境 market_open_causal 合同在
      simulated_slippage_bps=0 时逐笔对齐;
    - 移除 custom_entry_price / custom_exit_price / _route_c_bars 执行 K 线
      high/low 缓存(阶段 2.5.2 bar 内调价合同依赖执行 K 线最终 high/low,
      属未来信息,已废弃为 legacy_noncausal_not_for_training);
    - simulated_slippage_bps 只属于训练与离线压力环境,不得改变 live 市场订单
      价格;Freqtrade live 使用交易所真实回报价格;
    - amount_epsilon 与 RouteCModel 从同一最终配置 freqai.route_c.amount_epsilon
      读取(工作包 E),所有执行状态读取都通过 route_c_amount_epsilon 传参。
    
    保留(阶段 2.5.2 工作包 B):
    - live 只处理最新一行(signal_convert.latest_row_signals);
    - adjust_entry_price / adjust_exit_price 官方扩展点的目标反转取消
      (None = 取消且不替换);do_predict != 1 时维持挂单。
    
    成交时机完全交给 Freqtrade 回测引擎自身的 shift(1)(open[t+1]),
    本层不加额外 shift。
    """
    
    import sys
    from pathlib import Path
    
    from pandas import DataFrame
    
>   from freqtrade.enums import RunMode
E   ModuleNotFoundError: No module named 'freqtrade'

user_data/strategies/RouteCStrategy.py:35: ModuleNotFoundError
__________________ test_matched_default_off_bitwise_unchanged __________________

    def test_matched_default_off_bitwise_unchanged():
        """默认实例(非 matched)同 seed 两次生成逐位一致,且与 matched 实例
        的输出不同(流派生不同)——历史路径行为不变由 2.6.1 全套黄金回归
        (reproducibility/families)锁定。"""
        g = C2ContextGatingGenerator()
        assert getattr(g, "_matched_tape_excludes", ()) == ()
        params = g.base_params(dict(C2_RUNG_PARAMS["D1"]), "A")
        seed = derive261_block_seed(TEST_NS, 0, 0)
>       e1 = g.generate(params, seed, split=f"curriculum261_{TEST_NS}",
                        timeframe="15m")

tests/route_c_stage2_6_1/test_curriculum261_r6_tape.py:54: 
_ _ _ _ _ _ _ _ _ _ _ _ _ _ _ _ _ _ _ _ _ _ _ _ _ _ _ _ _ _ _ _ _ _ _ _ _ _ _ _ 
src/rl_curriculum/generator_api.py:186: in generate
    df = self._attach_features(df)
         ^^^^^^^^^^^^^^^^^^^^^^^^^
src/rl_curriculum/curriculum261_api.py:1267: in _attach_features
    return attach_production_features(df)
           ^^^^^^^^^^^^^^^^^^^^^^^^^^^^^^
src/rl_curriculum/curriculum261_production_obs.py:160: in attach_production_features
    cls = load_route_c_strategy_class()
          ^^^^^^^^^^^^^^^^^^^^^^^^^^^^^
src/rl_curriculum/curriculum261_production_obs.py:124: in load_route_c_strategy_class
    spec.loader.exec_module(module)
<frozen importlib._bootstrap_external>:940: in exec_module
    ???
<frozen importlib._bootstrap>:241: in _call_with_frames_removed
    ???
_ _ _ _ _ _ _ _ _ _ _ _ _ _ _ _ _ _ _ _ _ _ _ _ _ _ _ _ _ _ _ _ _ _ _ _ _ _ _ _ 

    """阶段 2.5.2a 路线 C:Freqtrade 策略薄适配层(execution_mode=market_open_causal)。
    
    特征:少量因果特征(收益/滚动波动率/价格相对均值/原始 OHLC 供环境用),
    全部只使用当前及过去数据;目标仓位列 &-target_position 由 RouteCModel
    顺序推理填充。
    
    阶段 2.5.2a 改造(工作包 B):
    - 订单类型改为 market(入场/退出均市场订单):成交价由回测器/交易所决定,
      回测中市场单以执行 bar 的 open 成交(backtesting.py:1039-1057 仅 limit
      分支调用 custom_entry_price;:596 exit_signal 的 close_rate=row[OPEN_IDX];
      :551-567 信号 shift(1)),与环境 market_open_causal 合同在
      simulated_slippage_bps=0 时逐笔对齐;
    - 移除 custom_entry_price / custom_exit_price / _route_c_bars 执行 K 线
      high/low 缓存(阶段 2.5.2 bar 内调价合同依赖执行 K 线最终 high/low,
      属未来信息,已废弃为 legacy_noncausal_not_for_training);
    - simulated_slippage_bps 只属于训练与离线压力环境,不得改变 live 市场订单
      价格;Freqtrade live 使用交易所真实回报价格;
    - amount_epsilon 与 RouteCModel 从同一最终配置 freqai.route_c.amount_epsilon
      读取(工作包 E),所有执行状态读取都通过 route_c_amount_epsilon 传参。
    
    保留(阶段 2.5.2 工作包 B):
    - live 只处理最新一行(signal_convert.latest_row_signals);
    - adjust_entry_price / adjust_exit_price 官方扩展点的目标反转取消
      (None = 取消且不替换);do_predict != 1 时维持挂单。
    
    成交时机完全交给 Freqtrade 回测引擎自身的 shift(1)(open[t+1]),
    本层不加额外 shift。
    """
    
    import sys
    from pathlib import Path
    
    from pandas import DataFrame
    
>   from freqtrade.enums import RunMode
E   ModuleNotFoundError: No module named 'freqtrade'

user_data/strategies/RouteCStrategy.py:35: ModuleNotFoundError
_____________________ test_r6_override_only_r6_namespaces ______________________

    def test_r6_override_only_r6_namespaces():
        """r6 pack override 只在显式传入 rung_params_override 时生效;
        普通 generate_pair(namespace=...) 不带 override = 历史参数。"""
        from rl_curriculum.curriculum261_pairs import generate_pair
        from rl_curriculum.curriculum261_r6_param_pack import (
            r6_override_for,
        )
    
>       rec_plain = generate_pair(FAMILY_C2, "D3", 0, namespace=TEST_NS)
                    ^^^^^^^^^^^^^^^^^^^^^^^^^^^^^^^^^^^^^^^^^^^^^^^^^^^^

tests/route_c_stage2_6_1/test_curriculum261_r6_tape.py:85: 
_ _ _ _ _ _ _ _ _ _ _ _ _ _ _ _ _ _ _ _ _ _ _ _ _ _ _ _ _ _ _ _ _ _ _ _ _ _ _ _ 
src/rl_curriculum/curriculum261_pairs.py:114: in generate_pair
    episodes, log = generate_pair_with_attempts(
src/rl_curriculum/curriculum261_api.py:1504: in generate_pair_with_attempts
    episodes[side] = generator.generate(
src/rl_curriculum/generator_api.py:186: in generate
    df = self._attach_features(df)
         ^^^^^^^^^^^^^^^^^^^^^^^^^
src/rl_curriculum/curriculum261_api.py:1267: in _attach_features
    return attach_production_features(df)
           ^^^^^^^^^^^^^^^^^^^^^^^^^^^^^^
src/rl_curriculum/curriculum261_production_obs.py:160: in attach_production_features
    cls = load_route_c_strategy_class()
          ^^^^^^^^^^^^^^^^^^^^^^^^^^^^^
src/rl_curriculum/curriculum261_production_obs.py:124: in load_route_c_strategy_class
    spec.loader.exec_module(module)
<frozen importlib._bootstrap_external>:940: in exec_module
    ???
<frozen importlib._bootstrap>:241: in _call_with_frames_removed
    ???
_ _ _ _ _ _ _ _ _ _ _ _ _ _ _ _ _ _ _ _ _ _ _ _ _ _ _ _ _ _ _ _ _ _ _ _ _ _ _ _ 

    """阶段 2.5.2a 路线 C:Freqtrade 策略薄适配层(execution_mode=market_open_causal)。
    
    特征:少量因果特征(收益/滚动波动率/价格相对均值/原始 OHLC 供环境用),
    全部只使用当前及过去数据;目标仓位列 &-target_position 由 RouteCModel
    顺序推理填充。
    
    阶段 2.5.2a 改造(工作包 B):
    - 订单类型改为 market(入场/退出均市场订单):成交价由回测器/交易所决定,
      回测中市场单以执行 bar 的 open 成交(backtesting.py:1039-1057 仅 limit
      分支调用 custom_entry_price;:596 exit_signal 的 close_rate=row[OPEN_IDX];
      :551-567 信号 shift(1)),与环境 market_open_causal 合同在
      simulated_slippage_bps=0 时逐笔对齐;
    - 移除 custom_entry_price / custom_exit_price / _route_c_bars 执行 K 线
      high/low 缓存(阶段 2.5.2 bar 内调价合同依赖执行 K 线最终 high/low,
      属未来信息,已废弃为 legacy_noncausal_not_for_training);
    - simulated_slippage_bps 只属于训练与离线压力环境,不得改变 live 市场订单
      价格;Freqtrade live 使用交易所真实回报价格;
    - amount_epsilon 与 RouteCModel 从同一最终配置 freqai.route_c.amount_epsilon
      读取(工作包 E),所有执行状态读取都通过 route_c_amount_epsilon 传参。
    
    保留(阶段 2.5.2 工作包 B):
    - live 只处理最新一行(signal_convert.latest_row_signals);
    - adjust_entry_price / adjust_exit_price 官方扩展点的目标反转取消
      (None = 取消且不替换);do_predict != 1 时维持挂单。
    
    成交时机完全交给 Freqtrade 回测引擎自身的 shift(1)(open[t+1]),
    本层不加额外 shift。
    """
    
    import sys
    from pathlib import Path
    
    from pandas import DataFrame
    
>   from freqtrade.enums import RunMode
E   ModuleNotFoundError: No module named 'freqtrade'

user_data/strategies/RouteCStrategy.py:35: ModuleNotFoundError
_______________________ test_matching_violation_detected _______________________

    def test_matching_violation_detected():
        """params 差异面出现非法键(结构参数)时 cross-rung matching 拒绝。"""
        bad = {r: dict(LADDER[r]) for r in CURRICULUM261_RUNGS}
        bad["D3"]["vol_bps"] = 25.0  # 结构参数(§7 冻结)
        seed = derive261_block_seed(TEST_NS, 99, 0)
>       episodes = generate_matched_block_once(LADDER, seed, TEST_NS)
                   ^^^^^^^^^^^^^^^^^^^^^^^^^^^^^^^^^^^^^^^^^^^^^^^^^^

tests/route_c_stage2_6_1/test_curriculum261_r6_tape.py:152: 
_ _ _ _ _ _ _ _ _ _ _ _ _ _ _ _ _ _ _ _ _ _ _ _ _ _ _ _ _ _ _ _ _ _ _ _ _ _ _ _ 
src/rl_curriculum/curriculum261_r6_tape.py:246: in generate_matched_block_once
    sides[side] = gen.generate(
src/rl_curriculum/generator_api.py:186: in generate
    df = self._attach_features(df)
         ^^^^^^^^^^^^^^^^^^^^^^^^^
src/rl_curriculum/curriculum261_api.py:1267: in _attach_features
    return attach_production_features(df)
           ^^^^^^^^^^^^^^^^^^^^^^^^^^^^^^
src/rl_curriculum/curriculum261_production_obs.py:160: in attach_production_features
    cls = load_route_c_strategy_class()
          ^^^^^^^^^^^^^^^^^^^^^^^^^^^^^
src/rl_curriculum/curriculum261_production_obs.py:124: in load_route_c_strategy_class
    spec.loader.exec_module(module)
<frozen importlib._bootstrap_external>:940: in exec_module
    ???
<frozen importlib._bootstrap>:241: in _call_with_frames_removed
    ???
_ _ _ _ _ _ _ _ _ _ _ _ _ _ _ _ _ _ _ _ _ _ _ _ _ _ _ _ _ _ _ _ _ _ _ _ _ _ _ _ 

    """阶段 2.5.2a 路线 C:Freqtrade 策略薄适配层(execution_mode=market_open_causal)。
    
    特征:少量因果特征(收益/滚动波动率/价格相对均值/原始 OHLC 供环境用),
    全部只使用当前及过去数据;目标仓位列 &-target_position 由 RouteCModel
    顺序推理填充。
    
    阶段 2.5.2a 改造(工作包 B):
    - 订单类型改为 market(入场/退出均市场订单):成交价由回测器/交易所决定,
      回测中市场单以执行 bar 的 open 成交(backtesting.py:1039-1057 仅 limit
      分支调用 custom_entry_price;:596 exit_signal 的 close_rate=row[OPEN_IDX];
      :551-567 信号 shift(1)),与环境 market_open_causal 合同在
      simulated_slippage_bps=0 时逐笔对齐;
    - 移除 custom_entry_price / custom_exit_price / _route_c_bars 执行 K 线
      high/low 缓存(阶段 2.5.2 bar 内调价合同依赖执行 K 线最终 high/low,
      属未来信息,已废弃为 legacy_noncausal_not_for_training);
    - simulated_slippage_bps 只属于训练与离线压力环境,不得改变 live 市场订单
      价格;Freqtrade live 使用交易所真实回报价格;
    - amount_epsilon 与 RouteCModel 从同一最终配置 freqai.route_c.amount_epsilon
      读取(工作包 E),所有执行状态读取都通过 route_c_amount_epsilon 传参。
    
    保留(阶段 2.5.2 工作包 B):
    - live 只处理最新一行(signal_convert.latest_row_signals);
    - adjust_entry_price / adjust_exit_price 官方扩展点的目标反转取消
      (None = 取消且不替换);do_predict != 1 时维持挂单。
    
    成交时机完全交给 Freqtrade 回测引擎自身的 shift(1)(open[t+1]),
    本层不加额外 shift。
    """
    
    import sys
    from pathlib import Path
    
    from pandas import DataFrame
    
>   from freqtrade.enums import RunMode
E   ModuleNotFoundError: No module named 'freqtrade'

user_data/strategies/RouteCStrategy.py:35: ModuleNotFoundError
______________________ test_whole_block_retry_on_failure _______________________

monkeypatch = <_pytest.monkeypatch.MonkeyPatch object at 0x754f74c44650>

    def test_whole_block_retry_on_failure(monkeypatch):
        """单 rung 失败 → 整 block 重试(不允许只重采样失败 rung):
        monkeypatch contract 使 attempt 0 全部拒绝、attempt 1 通过。"""
        import rl_curriculum.curriculum261_r6_tape as tape
    
        calls = {"n": 0}
        real_gen = tape.generate_matched_block_once
    
        def flaky(rung_params, seed, namespace):
            calls["n"] += 1
            return real_gen(rung_params, seed, namespace)
    
        monkeypatch.setattr(tape, "generate_matched_block_once", flaky)
        real_verify = tape.verify_cross_rung_matching
        gate = {"fail_first": True}
    
        def flaky_verify(episodes, params):
            if gate["fail_first"]:
                gate["fail_first"] = False
                return ["cross_rung_matching_failed:volume:D0/A"]
            return real_verify(episodes, params)
    
        monkeypatch.setattr(tape, "verify_cross_rung_matching", flaky_verify)
>       blk = tape.generate_matched_block_with_attempts(
            LADDER, namespace=TEST_NS, block_index=7)

tests/route_c_stage2_6_1/test_curriculum261_r6_tape.py:241: 
_ _ _ _ _ _ _ _ _ _ _ _ _ _ _ _ _ _ _ _ _ _ _ _ _ _ _ _ _ _ _ _ _ _ _ _ _ _ _ _ 
src/rl_curriculum/curriculum261_r6_tape.py:393: in generate_matched_block_with_attempts
    episodes = generate_matched_block_once(
tests/route_c_stage2_6_1/test_curriculum261_r6_tape.py:228: in flaky
    return real_gen(rung_params, seed, namespace)
           ^^^^^^^^^^^^^^^^^^^^^^^^^^^^^^^^^^^^^^
src/rl_curriculum/curriculum261_r6_tape.py:246: in generate_matched_block_once
    sides[side] = gen.generate(
src/rl_curriculum/generator_api.py:186: in generate
    df = self._attach_features(df)
         ^^^^^^^^^^^^^^^^^^^^^^^^^
src/rl_curriculum/curriculum261_api.py:1267: in _attach_features
    return attach_production_features(df)
           ^^^^^^^^^^^^^^^^^^^^^^^^^^^^^^
src/rl_curriculum/curriculum261_production_obs.py:160: in attach_production_features
    cls = load_route_c_strategy_class()
          ^^^^^^^^^^^^^^^^^^^^^^^^^^^^^
src/rl_curriculum/curriculum261_production_obs.py:124: in load_route_c_strategy_class
    spec.loader.exec_module(module)
<frozen importlib._bootstrap_external>:940: in exec_module
    ???
<frozen importlib._bootstrap>:241: in _call_with_frames_removed
    ???
_ _ _ _ _ _ _ _ _ _ _ _ _ _ _ _ _ _ _ _ _ _ _ _ _ _ _ _ _ _ _ _ _ _ _ _ _ _ _ _ 

    """阶段 2.5.2a 路线 C:Freqtrade 策略薄适配层(execution_mode=market_open_causal)。
    
    特征:少量因果特征(收益/滚动波动率/价格相对均值/原始 OHLC 供环境用),
    全部只使用当前及过去数据;目标仓位列 &-target_position 由 RouteCModel
    顺序推理填充。
    
    阶段 2.5.2a 改造(工作包 B):
    - 订单类型改为 market(入场/退出均市场订单):成交价由回测器/交易所决定,
      回测中市场单以执行 bar 的 open 成交(backtesting.py:1039-1057 仅 limit
      分支调用 custom_entry_price;:596 exit_signal 的 close_rate=row[OPEN_IDX];
      :551-567 信号 shift(1)),与环境 market_open_causal 合同在
      simulated_slippage_bps=0 时逐笔对齐;
    - 移除 custom_entry_price / custom_exit_price / _route_c_bars 执行 K 线
      high/low 缓存(阶段 2.5.2 bar 内调价合同依赖执行 K 线最终 high/low,
      属未来信息,已废弃为 legacy_noncausal_not_for_training);
    - simulated_slippage_bps 只属于训练与离线压力环境,不得改变 live 市场订单
      价格;Freqtrade live 使用交易所真实回报价格;
    - amount_epsilon 与 RouteCModel 从同一最终配置 freqai.route_c.amount_epsilon
      读取(工作包 E),所有执行状态读取都通过 route_c_amount_epsilon 传参。
    
    保留(阶段 2.5.2 工作包 B):
    - live 只处理最新一行(signal_convert.latest_row_signals);
    - adjust_entry_price / adjust_exit_price 官方扩展点的目标反转取消
      (None = 取消且不替换);do_predict != 1 时维持挂单。
    
    成交时机完全交给 Freqtrade 回测引擎自身的 shift(1)(open[t+1]),
    本层不加额外 shift。
    """
    
    import sys
    from pathlib import Path
    
    from pandas import DataFrame
    
>   from freqtrade.enums import RunMode
E   ModuleNotFoundError: No module named 'freqtrade'

user_data/strategies/RouteCStrategy.py:35: ModuleNotFoundError
__________________ test_candidate_grid_shares_block_schedule ___________________

    def test_candidate_grid_shares_block_schedule():
        """不同 candidate 同 block_index 结构带逐位一致(§20)。"""
>       blk_a = generate_matched_block_with_attempts(
            C2_LADDER_CANDIDATES["c2l_balanced"],
            namespace=TEST_NS, block_index=3)

tests/route_c_stage2_6_1/test_curriculum261_r6_tape.py:267: 
_ _ _ _ _ _ _ _ _ _ _ _ _ _ _ _ _ _ _ _ _ _ _ _ _ _ _ _ _ _ _ _ _ _ _ _ _ _ _ _ 
src/rl_curriculum/curriculum261_r6_tape.py:393: in generate_matched_block_with_attempts
    episodes = generate_matched_block_once(
src/rl_curriculum/curriculum261_r6_tape.py:246: in generate_matched_block_once
    sides[side] = gen.generate(
src/rl_curriculum/generator_api.py:186: in generate
    df = self._attach_features(df)
         ^^^^^^^^^^^^^^^^^^^^^^^^^
src/rl_curriculum/curriculum261_api.py:1267: in _attach_features
    return attach_production_features(df)
           ^^^^^^^^^^^^^^^^^^^^^^^^^^^^^^
src/rl_curriculum/curriculum261_production_obs.py:160: in attach_production_features
    cls = load_route_c_strategy_class()
          ^^^^^^^^^^^^^^^^^^^^^^^^^^^^^
src/rl_curriculum/curriculum261_production_obs.py:124: in load_route_c_strategy_class
    spec.loader.exec_module(module)
<frozen importlib._bootstrap_external>:940: in exec_module
    ???
<frozen importlib._bootstrap>:241: in _call_with_frames_removed
    ???
_ _ _ _ _ _ _ _ _ _ _ _ _ _ _ _ _ _ _ _ _ _ _ _ _ _ _ _ _ _ _ _ _ _ _ _ _ _ _ _ 

    """阶段 2.5.2a 路线 C:Freqtrade 策略薄适配层(execution_mode=market_open_causal)。
    
    特征:少量因果特征(收益/滚动波动率/价格相对均值/原始 OHLC 供环境用),
    全部只使用当前及过去数据;目标仓位列 &-target_position 由 RouteCModel
    顺序推理填充。
    
    阶段 2.5.2a 改造(工作包 B):
    - 订单类型改为 market(入场/退出均市场订单):成交价由回测器/交易所决定,
      回测中市场单以执行 bar 的 open 成交(backtesting.py:1039-1057 仅 limit
      分支调用 custom_entry_price;:596 exit_signal 的 close_rate=row[OPEN_IDX];
      :551-567 信号 shift(1)),与环境 market_open_causal 合同在
      simulated_slippage_bps=0 时逐笔对齐;
    - 移除 custom_entry_price / custom_exit_price / _route_c_bars 执行 K 线
      high/low 缓存(阶段 2.5.2 bar 内调价合同依赖执行 K 线最终 high/low,
      属未来信息,已废弃为 legacy_noncausal_not_for_training);
    - simulated_slippage_bps 只属于训练与离线压力环境,不得改变 live 市场订单
      价格;Freqtrade live 使用交易所真实回报价格;
    - amount_epsilon 与 RouteCModel 从同一最终配置 freqai.route_c.amount_epsilon
      读取(工作包 E),所有执行状态读取都通过 route_c_amount_epsilon 传参。
    
    保留(阶段 2.5.2 工作包 B):
    - live 只处理最新一行(signal_convert.latest_row_signals);
    - adjust_entry_price / adjust_exit_price 官方扩展点的目标反转取消
      (None = 取消且不替换);do_predict != 1 时维持挂单。
    
    成交时机完全交给 Freqtrade 回测引擎自身的 shift(1)(open[t+1]),
    本层不加额外 shift。
    """
    
    import sys
    from pathlib import Path
    
    from pandas import DataFrame
    
>   from freqtrade.enums import RunMode
E   ModuleNotFoundError: No module named 'freqtrade'

user_data/strategies/RouteCStrategy.py:35: ModuleNotFoundError
_________________ test_audit_reproducible_and_namespaces_clean _________________

monkeypatch = <_pytest.monkeypatch.MonkeyPatch object at 0x754f74c90050>
tmp_path = PosixPath('/tmp/pytest-of-cryptorl/pytest-0/test_audit_reproducible_and_na0')

    def test_audit_reproducible_and_namespaces_clean(monkeypatch, tmp_path):
        """audit 完整运行(monkeypatch 缩小规模):同配置两次输出逐位一致;
        audit 过程不派生任何 design/calibration/holdout/final namespace
        seed;audit digest 稳定。"""
        import rl_curriculum.curriculum261_r7_cue_contract as mod
    
        monkeypatch.setattr(mod, "AUDIT_BRIDGE_BLOCKS", 3)
        monkeypatch.setattr(mod, "AUDIT_N_EVENTS", 20000)
        derived: list[str] = []
        orig = derive261_seed
    
        def spy(namespace, *a, **k):
            derived.append(namespace)
            return orig(namespace, *a, **k)
    
        import rl_curriculum.curriculum261_api as api
    
        monkeypatch.setattr(api, "derive261_seed", spy)
>       r1 = run_cue_contract_audit()
             ^^^^^^^^^^^^^^^^^^^^^^^^

tests/route_c_stage2_6_1/test_curriculum261_r7_cue_contract.py:102: 
_ _ _ _ _ _ _ _ _ _ _ _ _ _ _ _ _ _ _ _ _ _ _ _ _ _ _ _ _ _ _ _ _ _ _ _ _ _ _ _ 
src/rl_curriculum/curriculum261_r7_cue_contract.py:189: in run_cue_contract_audit
    episodes = generate_matched_block_once(
src/rl_curriculum/curriculum261_r6_tape.py:246: in generate_matched_block_once
    sides[side] = gen.generate(
src/rl_curriculum/generator_api.py:186: in generate
    df = self._attach_features(df)
         ^^^^^^^^^^^^^^^^^^^^^^^^^
src/rl_curriculum/curriculum261_api.py:1267: in _attach_features
    return attach_production_features(df)
           ^^^^^^^^^^^^^^^^^^^^^^^^^^^^^^
src/rl_curriculum/curriculum261_production_obs.py:160: in attach_production_features
    cls = load_route_c_strategy_class()
          ^^^^^^^^^^^^^^^^^^^^^^^^^^^^^
src/rl_curriculum/curriculum261_production_obs.py:124: in load_route_c_strategy_class
    spec.loader.exec_module(module)
<frozen importlib._bootstrap_external>:940: in exec_module
    ???
<frozen importlib._bootstrap>:241: in _call_with_frames_removed
    ???
_ _ _ _ _ _ _ _ _ _ _ _ _ _ _ _ _ _ _ _ _ _ _ _ _ _ _ _ _ _ _ _ _ _ _ _ _ _ _ _ 

    """阶段 2.5.2a 路线 C:Freqtrade 策略薄适配层(execution_mode=market_open_causal)。
    
    特征:少量因果特征(收益/滚动波动率/价格相对均值/原始 OHLC 供环境用),
    全部只使用当前及过去数据;目标仓位列 &-target_position 由 RouteCModel
    顺序推理填充。
    
    阶段 2.5.2a 改造(工作包 B):
    - 订单类型改为 market(入场/退出均市场订单):成交价由回测器/交易所决定,
      回测中市场单以执行 bar 的 open 成交(backtesting.py:1039-1057 仅 limit
      分支调用 custom_entry_price;:596 exit_signal 的 close_rate=row[OPEN_IDX];
      :551-567 信号 shift(1)),与环境 market_open_causal 合同在
      simulated_slippage_bps=0 时逐笔对齐;
    - 移除 custom_entry_price / custom_exit_price / _route_c_bars 执行 K 线
      high/low 缓存(阶段 2.5.2 bar 内调价合同依赖执行 K 线最终 high/low,
      属未来信息,已废弃为 legacy_noncausal_not_for_training);
    - simulated_slippage_bps 只属于训练与离线压力环境,不得改变 live 市场订单
      价格;Freqtrade live 使用交易所真实回报价格;
    - amount_epsilon 与 RouteCModel 从同一最终配置 freqai.route_c.amount_epsilon
      读取(工作包 E),所有执行状态读取都通过 route_c_amount_epsilon 传参。
    
    保留(阶段 2.5.2 工作包 B):
    - live 只处理最新一行(signal_convert.latest_row_signals);
    - adjust_entry_price / adjust_exit_price 官方扩展点的目标反转取消
      (None = 取消且不替换);do_predict != 1 时维持挂单。
    
    成交时机完全交给 Freqtrade 回测引擎自身的 shift(1)(open[t+1]),
    本层不加额外 shift。
    """
    
    import sys
    from pathlib import Path
    
    from pandas import DataFrame
    
>   from freqtrade.enums import RunMode
E   ModuleNotFoundError: No module named 'freqtrade'

user_data/strategies/RouteCStrategy.py:35: ModuleNotFoundError
__________________________ test_audit_writes_artifact __________________________

monkeypatch = <_pytest.monkeypatch.MonkeyPatch object at 0x754f74c1b890>
tmp_path = PosixPath('/tmp/pytest-of-cryptorl/pytest-0/test_audit_writes_artifact0')

    def test_audit_writes_artifact(monkeypatch, tmp_path):
        import rl_curriculum.curriculum261_r7_cue_contract as mod
    
        monkeypatch.setattr(mod, "AUDIT_BRIDGE_BLOCKS", 2)
        monkeypatch.setattr(mod, "AUDIT_N_EVENTS", 5000)
>       report = run_cue_contract_audit(tmp_path)
                 ^^^^^^^^^^^^^^^^^^^^^^^^^^^^^^^^

tests/route_c_stage2_6_1/test_curriculum261_r7_cue_contract.py:127: 
_ _ _ _ _ _ _ _ _ _ _ _ _ _ _ _ _ _ _ _ _ _ _ _ _ _ _ _ _ _ _ _ _ _ _ _ _ _ _ _ 
src/rl_curriculum/curriculum261_r7_cue_contract.py:189: in run_cue_contract_audit
    episodes = generate_matched_block_once(
src/rl_curriculum/curriculum261_r6_tape.py:246: in generate_matched_block_once
    sides[side] = gen.generate(
src/rl_curriculum/generator_api.py:186: in generate
    df = self._attach_features(df)
         ^^^^^^^^^^^^^^^^^^^^^^^^^
src/rl_curriculum/curriculum261_api.py:1267: in _attach_features
    return attach_production_features(df)
           ^^^^^^^^^^^^^^^^^^^^^^^^^^^^^^
src/rl_curriculum/curriculum261_production_obs.py:160: in attach_production_features
    cls = load_route_c_strategy_class()
          ^^^^^^^^^^^^^^^^^^^^^^^^^^^^^
src/rl_curriculum/curriculum261_production_obs.py:124: in load_route_c_strategy_class
    spec.loader.exec_module(module)
<frozen importlib._bootstrap_external>:940: in exec_module
    ???
<frozen importlib._bootstrap>:241: in _call_with_frames_removed
    ???
_ _ _ _ _ _ _ _ _ _ _ _ _ _ _ _ _ _ _ _ _ _ _ _ _ _ _ _ _ _ _ _ _ _ _ _ _ _ _ _ 

    """阶段 2.5.2a 路线 C:Freqtrade 策略薄适配层(execution_mode=market_open_causal)。
    
    特征:少量因果特征(收益/滚动波动率/价格相对均值/原始 OHLC 供环境用),
    全部只使用当前及过去数据;目标仓位列 &-target_position 由 RouteCModel
    顺序推理填充。
    
    阶段 2.5.2a 改造(工作包 B):
    - 订单类型改为 market(入场/退出均市场订单):成交价由回测器/交易所决定,
      回测中市场单以执行 bar 的 open 成交(backtesting.py:1039-1057 仅 limit
      分支调用 custom_entry_price;:596 exit_signal 的 close_rate=row[OPEN_IDX];
      :551-567 信号 shift(1)),与环境 market_open_causal 合同在
      simulated_slippage_bps=0 时逐笔对齐;
    - 移除 custom_entry_price / custom_exit_price / _route_c_bars 执行 K 线
      high/low 缓存(阶段 2.5.2 bar 内调价合同依赖执行 K 线最终 high/low,
      属未来信息,已废弃为 legacy_noncausal_not_for_training);
    - simulated_slippage_bps 只属于训练与离线压力环境,不得改变 live 市场订单
      价格;Freqtrade live 使用交易所真实回报价格;
    - amount_epsilon 与 RouteCModel 从同一最终配置 freqai.route_c.amount_epsilon
      读取(工作包 E),所有执行状态读取都通过 route_c_amount_epsilon 传参。
    
    保留(阶段 2.5.2 工作包 B):
    - live 只处理最新一行(signal_convert.latest_row_signals);
    - adjust_entry_price / adjust_exit_price 官方扩展点的目标反转取消
      (None = 取消且不替换);do_predict != 1 时维持挂单。
    
    成交时机完全交给 Freqtrade 回测引擎自身的 shift(1)(open[t+1]),
    本层不加额外 shift。
    """
    
    import sys
    from pathlib import Path
    
    from pandas import DataFrame
    
>   from freqtrade.enums import RunMode
E   ModuleNotFoundError: No module named 'freqtrade'

user_data/strategies/RouteCStrategy.py:35: ModuleNotFoundError
_____________________ test_independent_cue_semantics_runs ______________________

monkeypatch = <_pytest.monkeypatch.MonkeyPatch object at 0x754f74de0090>

    def test_independent_cue_semantics_runs(monkeypatch):
        """independent 语料(pair cluster)evaluator:小规模真实生成。"""
        from rl_curriculum.curriculum261_pairs import generate_pair
        from rl_curriculum.curriculum261_c2 import C2_RUNG_PARAMS
    
>       records = [generate_pair("c2_context", rung, 0,
                                 namespace="preplan_smoke_r7")
                   for rung in ("D0", "D1", "D2", "D3")]

tests/route_c_stage2_6_1/test_curriculum261_r7_cue_eval.py:169: 
_ _ _ _ _ _ _ _ _ _ _ _ _ _ _ _ _ _ _ _ _ _ _ _ _ _ _ _ _ _ _ _ _ _ _ _ _ _ _ _ 
tests/route_c_stage2_6_1/test_curriculum261_r7_cue_eval.py:169: in <listcomp>
    records = [generate_pair("c2_context", rung, 0,
src/rl_curriculum/curriculum261_pairs.py:114: in generate_pair
    episodes, log = generate_pair_with_attempts(
src/rl_curriculum/curriculum261_api.py:1504: in generate_pair_with_attempts
    episodes[side] = generator.generate(
src/rl_curriculum/generator_api.py:186: in generate
    df = self._attach_features(df)
         ^^^^^^^^^^^^^^^^^^^^^^^^^
src/rl_curriculum/curriculum261_api.py:1267: in _attach_features
    return attach_production_features(df)
           ^^^^^^^^^^^^^^^^^^^^^^^^^^^^^^
src/rl_curriculum/curriculum261_production_obs.py:160: in attach_production_features
    cls = load_route_c_strategy_class()
          ^^^^^^^^^^^^^^^^^^^^^^^^^^^^^
src/rl_curriculum/curriculum261_production_obs.py:124: in load_route_c_strategy_class
    spec.loader.exec_module(module)
<frozen importlib._bootstrap_external>:940: in exec_module
    ???
<frozen importlib._bootstrap>:241: in _call_with_frames_removed
    ???
_ _ _ _ _ _ _ _ _ _ _ _ _ _ _ _ _ _ _ _ _ _ _ _ _ _ _ _ _ _ _ _ _ _ _ _ _ _ _ _ 

    """阶段 2.5.2a 路线 C:Freqtrade 策略薄适配层(execution_mode=market_open_causal)。
    
    特征:少量因果特征(收益/滚动波动率/价格相对均值/原始 OHLC 供环境用),
    全部只使用当前及过去数据;目标仓位列 &-target_position 由 RouteCModel
    顺序推理填充。
    
    阶段 2.5.2a 改造(工作包 B):
    - 订单类型改为 market(入场/退出均市场订单):成交价由回测器/交易所决定,
      回测中市场单以执行 bar 的 open 成交(backtesting.py:1039-1057 仅 limit
      分支调用 custom_entry_price;:596 exit_signal 的 close_rate=row[OPEN_IDX];
      :551-567 信号 shift(1)),与环境 market_open_causal 合同在
      simulated_slippage_bps=0 时逐笔对齐;
    - 移除 custom_entry_price / custom_exit_price / _route_c_bars 执行 K 线
      high/low 缓存(阶段 2.5.2 bar 内调价合同依赖执行 K 线最终 high/low,
      属未来信息,已废弃为 legacy_noncausal_not_for_training);
    - simulated_slippage_bps 只属于训练与离线压力环境,不得改变 live 市场订单
      价格;Freqtrade live 使用交易所真实回报价格;
    - amount_epsilon 与 RouteCModel 从同一最终配置 freqai.route_c.amount_epsilon
      读取(工作包 E),所有执行状态读取都通过 route_c_amount_epsilon 传参。
    
    保留(阶段 2.5.2 工作包 B):
    - live 只处理最新一行(signal_convert.latest_row_signals);
    - adjust_entry_price / adjust_exit_price 官方扩展点的目标反转取消
      (None = 取消且不替换);do_predict != 1 时维持挂单。
    
    成交时机完全交给 Freqtrade 回测引擎自身的 shift(1)(open[t+1]),
    本层不加额外 shift。
    """
    
    import sys
    from pathlib import Path
    
    from pandas import DataFrame
    
>   from freqtrade.enums import RunMode
E   ModuleNotFoundError: No module named 'freqtrade'

user_data/strategies/RouteCStrategy.py:35: ModuleNotFoundError
____________________ test_sealed_preflight_zero_final_seed _____________________

r7_lock_dir = PosixPath('/tmp/pytest-of-cryptorl/pytest-0/test_sealed_preflight_zero_fin0')
monkeypatch = <_pytest.monkeypatch.MonkeyPatch object at 0x754f74d24d90>

    def test_sealed_preflight_zero_final_seed(r7_lock_dir, monkeypatch):
        """§25.2:sealed preflight 不派生任何 final namespace seed。"""
        from rl_curriculum.curriculum261_api import derive261_seed
        from rl_curriculum.curriculum261_r7_preflight import (
            run_postlock_sealed_preflight_r7,
        )
    
        _write_evidence(r7_lock_dir)
        pack = _make_pack(r7_lock_dir)
>       _lock_plan(r7_lock_dir, pack, r7_lock_dir)

tests/route_c_stage2_6_1/test_curriculum261_r7_preflight.py:153: 
_ _ _ _ _ _ _ _ _ _ _ _ _ _ _ _ _ _ _ _ _ _ _ _ _ _ _ _ _ _ _ _ _ _ _ _ _ _ _ _ 
tests/route_c_stage2_6_1/test_curriculum261_r7_preflight.py:64: in _lock_plan
    plan = build_plan_r7(
src/rl_curriculum/curriculum261_r7_plan.py:333: in build_plan_r7
    "code_identity": _code_identity_r7(),
                     ^^^^^^^^^^^^^^^^^^^
src/rl_curriculum/curriculum261_r7_plan.py:91: in _code_identity_r7
    ident = route_c_strategy_identity()
            ^^^^^^^^^^^^^^^^^^^^^^^^^^^
src/rl_curriculum/curriculum261_production_obs.py:141: in route_c_strategy_identity
    cls = load_route_c_strategy_class()
          ^^^^^^^^^^^^^^^^^^^^^^^^^^^^^
src/rl_curriculum/curriculum261_production_obs.py:124: in load_route_c_strategy_class
    spec.loader.exec_module(module)
<frozen importlib._bootstrap_external>:940: in exec_module
    ???
<frozen importlib._bootstrap>:241: in _call_with_frames_removed
    ???
_ _ _ _ _ _ _ _ _ _ _ _ _ _ _ _ _ _ _ _ _ _ _ _ _ _ _ _ _ _ _ _ _ _ _ _ _ _ _ _ 

    """阶段 2.5.2a 路线 C:Freqtrade 策略薄适配层(execution_mode=market_open_causal)。
    
    特征:少量因果特征(收益/滚动波动率/价格相对均值/原始 OHLC 供环境用),
    全部只使用当前及过去数据;目标仓位列 &-target_position 由 RouteCModel
    顺序推理填充。
    
    阶段 2.5.2a 改造(工作包 B):
    - 订单类型改为 market(入场/退出均市场订单):成交价由回测器/交易所决定,
      回测中市场单以执行 bar 的 open 成交(backtesting.py:1039-1057 仅 limit
      分支调用 custom_entry_price;:596 exit_signal 的 close_rate=row[OPEN_IDX];
      :551-567 信号 shift(1)),与环境 market_open_causal 合同在
      simulated_slippage_bps=0 时逐笔对齐;
    - 移除 custom_entry_price / custom_exit_price / _route_c_bars 执行 K 线
      high/low 缓存(阶段 2.5.2 bar 内调价合同依赖执行 K 线最终 high/low,
      属未来信息,已废弃为 legacy_noncausal_not_for_training);
    - simulated_slippage_bps 只属于训练与离线压力环境,不得改变 live 市场订单
      价格;Freqtrade live 使用交易所真实回报价格;
    - amount_epsilon 与 RouteCModel 从同一最终配置 freqai.route_c.amount_epsilon
      读取(工作包 E),所有执行状态读取都通过 route_c_amount_epsilon 传参。
    
    保留(阶段 2.5.2 工作包 B):
    - live 只处理最新一行(signal_convert.latest_row_signals);
    - adjust_entry_price / adjust_exit_price 官方扩展点的目标反转取消
      (None = 取消且不替换);do_predict != 1 时维持挂单。
    
    成交时机完全交给 Freqtrade 回测引擎自身的 shift(1)(open[t+1]),
    本层不加额外 shift。
    """
    
    import sys
    from pathlib import Path
    
    from pandas import DataFrame
    
>   from freqtrade.enums import RunMode
E   ModuleNotFoundError: No module named 'freqtrade'

user_data/strategies/RouteCStrategy.py:35: ModuleNotFoundError
______________________ test_sealed_attestation_binds_plan ______________________

r7_lock_dir = PosixPath('/tmp/pytest-of-cryptorl/pytest-0/test_sealed_attestation_binds_1')

    def test_sealed_attestation_binds_plan(r7_lock_dir):
        """attestation 的 plan_digest 与锁定 plan 一致;篡改即拒。"""
        from rl_curriculum.curriculum261_r7_preflight import (
            run_postlock_sealed_preflight_r7,
            sealed_preflight_digest,
            verify_sealed_attestation,
        )
        from rl_curriculum.curriculum261_r6_preflight import (
            _vendor_state, vendor_dir_default,
        )
    
        _write_evidence(r7_lock_dir)
        pack = _make_pack(r7_lock_dir)
>       plan = _lock_plan(r7_lock_dir, pack, r7_lock_dir)
               ^^^^^^^^^^^^^^^^^^^^^^^^^^^^^^^^^^^^^^^^^^

tests/route_c_stage2_6_1/test_curriculum261_r7_preflight.py:188: 
_ _ _ _ _ _ _ _ _ _ _ _ _ _ _ _ _ _ _ _ _ _ _ _ _ _ _ _ _ _ _ _ _ _ _ _ _ _ _ _ 
tests/route_c_stage2_6_1/test_curriculum261_r7_preflight.py:64: in _lock_plan
    plan = build_plan_r7(
src/rl_curriculum/curriculum261_r7_plan.py:333: in build_plan_r7
    "code_identity": _code_identity_r7(),
                     ^^^^^^^^^^^^^^^^^^^
src/rl_curriculum/curriculum261_r7_plan.py:91: in _code_identity_r7
    ident = route_c_strategy_identity()
            ^^^^^^^^^^^^^^^^^^^^^^^^^^^
src/rl_curriculum/curriculum261_production_obs.py:141: in route_c_strategy_identity
    cls = load_route_c_strategy_class()
          ^^^^^^^^^^^^^^^^^^^^^^^^^^^^^
src/rl_curriculum/curriculum261_production_obs.py:124: in load_route_c_strategy_class
    spec.loader.exec_module(module)
<frozen importlib._bootstrap_external>:940: in exec_module
    ???
<frozen importlib._bootstrap>:241: in _call_with_frames_removed
    ???
_ _ _ _ _ _ _ _ _ _ _ _ _ _ _ _ _ _ _ _ _ _ _ _ _ _ _ _ _ _ _ _ _ _ _ _ _ _ _ _ 

    """阶段 2.5.2a 路线 C:Freqtrade 策略薄适配层(execution_mode=market_open_causal)。
    
    特征:少量因果特征(收益/滚动波动率/价格相对均值/原始 OHLC 供环境用),
    全部只使用当前及过去数据;目标仓位列 &-target_position 由 RouteCModel
    顺序推理填充。
    
    阶段 2.5.2a 改造(工作包 B):
    - 订单类型改为 market(入场/退出均市场订单):成交价由回测器/交易所决定,
      回测中市场单以执行 bar 的 open 成交(backtesting.py:1039-1057 仅 limit
      分支调用 custom_entry_price;:596 exit_signal 的 close_rate=row[OPEN_IDX];
      :551-567 信号 shift(1)),与环境 market_open_causal 合同在
      simulated_slippage_bps=0 时逐笔对齐;
    - 移除 custom_entry_price / custom_exit_price / _route_c_bars 执行 K 线
      high/low 缓存(阶段 2.5.2 bar 内调价合同依赖执行 K 线最终 high/low,
      属未来信息,已废弃为 legacy_noncausal_not_for_training);
    - simulated_slippage_bps 只属于训练与离线压力环境,不得改变 live 市场订单
      价格;Freqtrade live 使用交易所真实回报价格;
    - amount_epsilon 与 RouteCModel 从同一最终配置 freqai.route_c.amount_epsilon
      读取(工作包 E),所有执行状态读取都通过 route_c_amount_epsilon 传参。
    
    保留(阶段 2.5.2 工作包 B):
    - live 只处理最新一行(signal_convert.latest_row_signals);
    - adjust_entry_price / adjust_exit_price 官方扩展点的目标反转取消
      (None = 取消且不替换);do_predict != 1 时维持挂单。
    
    成交时机完全交给 Freqtrade 回测引擎自身的 shift(1)(open[t+1]),
    本层不加额外 shift。
    """
    
    import sys
    from pathlib import Path
    
    from pandas import DataFrame
    
>   from freqtrade.enums import RunMode
E   ModuleNotFoundError: No module named 'freqtrade'

user_data/strategies/RouteCStrategy.py:35: ModuleNotFoundError
________________ test_sealed_preflight_rejects_missing_evidence ________________

r7_lock_dir = PosixPath('/tmp/pytest-of-cryptorl/pytest-0/test_sealed_preflight_rejects_0')

    def test_sealed_preflight_rejects_missing_evidence(r7_lock_dir):
        from rl_curriculum.curriculum261_r7_preflight import (
            run_postlock_sealed_preflight_r7,
        )
    
        out = r7_lock_dir
        pack = _make_pack(r7_lock_dir)
>       _lock_plan(r7_lock_dir, pack, out)

tests/route_c_stage2_6_1/test_curriculum261_r7_preflight.py:216: 
_ _ _ _ _ _ _ _ _ _ _ _ _ _ _ _ _ _ _ _ _ _ _ _ _ _ _ _ _ _ _ _ _ _ _ _ _ _ _ _ 
tests/route_c_stage2_6_1/test_curriculum261_r7_preflight.py:64: in _lock_plan
    plan = build_plan_r7(
src/rl_curriculum/curriculum261_r7_plan.py:333: in build_plan_r7
    "code_identity": _code_identity_r7(),
                     ^^^^^^^^^^^^^^^^^^^
src/rl_curriculum/curriculum261_r7_plan.py:91: in _code_identity_r7
    ident = route_c_strategy_identity()
            ^^^^^^^^^^^^^^^^^^^^^^^^^^^
src/rl_curriculum/curriculum261_production_obs.py:141: in route_c_strategy_identity
    cls = load_route_c_strategy_class()
          ^^^^^^^^^^^^^^^^^^^^^^^^^^^^^
src/rl_curriculum/curriculum261_production_obs.py:124: in load_route_c_strategy_class
    spec.loader.exec_module(module)
<frozen importlib._bootstrap_external>:940: in exec_module
    ???
<frozen importlib._bootstrap>:241: in _call_with_frames_removed
    ???
_ _ _ _ _ _ _ _ _ _ _ _ _ _ _ _ _ _ _ _ _ _ _ _ _ _ _ _ _ _ _ _ _ _ _ _ _ _ _ _ 

    """阶段 2.5.2a 路线 C:Freqtrade 策略薄适配层(execution_mode=market_open_causal)。
    
    特征:少量因果特征(收益/滚动波动率/价格相对均值/原始 OHLC 供环境用),
    全部只使用当前及过去数据;目标仓位列 &-target_position 由 RouteCModel
    顺序推理填充。
    
    阶段 2.5.2a 改造(工作包 B):
    - 订单类型改为 market(入场/退出均市场订单):成交价由回测器/交易所决定,
      回测中市场单以执行 bar 的 open 成交(backtesting.py:1039-1057 仅 limit
      分支调用 custom_entry_price;:596 exit_signal 的 close_rate=row[OPEN_IDX];
      :551-567 信号 shift(1)),与环境 market_open_causal 合同在
      simulated_slippage_bps=0 时逐笔对齐;
    - 移除 custom_entry_price / custom_exit_price / _route_c_bars 执行 K 线
      high/low 缓存(阶段 2.5.2 bar 内调价合同依赖执行 K 线最终 high/low,
      属未来信息,已废弃为 legacy_noncausal_not_for_training);
    - simulated_slippage_bps 只属于训练与离线压力环境,不得改变 live 市场订单
      价格;Freqtrade live 使用交易所真实回报价格;
    - amount_epsilon 与 RouteCModel 从同一最终配置 freqai.route_c.amount_epsilon
      读取(工作包 E),所有执行状态读取都通过 route_c_amount_epsilon 传参。
    
    保留(阶段 2.5.2 工作包 B):
    - live 只处理最新一行(signal_convert.latest_row_signals);
    - adjust_entry_price / adjust_exit_price 官方扩展点的目标反转取消
      (None = 取消且不替换);do_predict != 1 时维持挂单。
    
    成交时机完全交给 Freqtrade 回测引擎自身的 shift(1)(open[t+1]),
    本层不加额外 shift。
    """
    
    import sys
    from pathlib import Path
    
    from pandas import DataFrame
    
>   from freqtrade.enums import RunMode
E   ModuleNotFoundError: No module named 'freqtrade'

user_data/strategies/RouteCStrategy.py:35: ModuleNotFoundError
______________ test_audit_small_reproducible_and_writes_artifacts ______________

tmp_path = PosixPath('/tmp/pytest-of-cryptorl/pytest-0/test_audit_small_reproducible_1')
monkeypatch = <_pytest.monkeypatch.MonkeyPatch object at 0x75505c8491d0>

    def test_audit_small_reproducible_and_writes_artifacts(
            tmp_path, monkeypatch):
        """小规模 audit(8 blocks/corpus):plumbing 完整 + 落盘 + 确定性。"""
        import rl_curriculum.curriculum261_r8_cue_contract as mod
    
        monkeypatch.setattr(mod, "AUDIT_BLOCKS_PER_CORPUS", 8)
        monkeypatch.setattr(mod, "AUDIT_N_EVENTS", 100000)
>       r1 = mod.run_cue_contract_audit(tmp_path)
             ^^^^^^^^^^^^^^^^^^^^^^^^^^^^^^^^^^^^

tests/route_c_stage2_6_1/test_curriculum261_r8_cue_contract.py:120: 
_ _ _ _ _ _ _ _ _ _ _ _ _ _ _ _ _ _ _ _ _ _ _ _ _ _ _ _ _ _ _ _ _ _ _ _ _ _ _ _ 
src/rl_curriculum/curriculum261_r8_cue_contract.py:270: in run_cue_contract_audit
    episodes = generate_matched_block_once(ladder, block_seed, ns)
               ^^^^^^^^^^^^^^^^^^^^^^^^^^^^^^^^^^^^^^^^^^^^^^^^^^^
src/rl_curriculum/curriculum261_r6_tape.py:246: in generate_matched_block_once
    sides[side] = gen.generate(
src/rl_curriculum/generator_api.py:186: in generate
    df = self._attach_features(df)
         ^^^^^^^^^^^^^^^^^^^^^^^^^
src/rl_curriculum/curriculum261_api.py:1267: in _attach_features
    return attach_production_features(df)
           ^^^^^^^^^^^^^^^^^^^^^^^^^^^^^^
src/rl_curriculum/curriculum261_production_obs.py:160: in attach_production_features
    cls = load_route_c_strategy_class()
          ^^^^^^^^^^^^^^^^^^^^^^^^^^^^^
src/rl_curriculum/curriculum261_production_obs.py:124: in load_route_c_strategy_class
    spec.loader.exec_module(module)
<frozen importlib._bootstrap_external>:940: in exec_module
    ???
<frozen importlib._bootstrap>:241: in _call_with_frames_removed
    ???
_ _ _ _ _ _ _ _ _ _ _ _ _ _ _ _ _ _ _ _ _ _ _ _ _ _ _ _ _ _ _ _ _ _ _ _ _ _ _ _ 

    """阶段 2.5.2a 路线 C:Freqtrade 策略薄适配层(execution_mode=market_open_causal)。
    
    特征:少量因果特征(收益/滚动波动率/价格相对均值/原始 OHLC 供环境用),
    全部只使用当前及过去数据;目标仓位列 &-target_position 由 RouteCModel
    顺序推理填充。
    
    阶段 2.5.2a 改造(工作包 B):
    - 订单类型改为 market(入场/退出均市场订单):成交价由回测器/交易所决定,
      回测中市场单以执行 bar 的 open 成交(backtesting.py:1039-1057 仅 limit
      分支调用 custom_entry_price;:596 exit_signal 的 close_rate=row[OPEN_IDX];
      :551-567 信号 shift(1)),与环境 market_open_causal 合同在
      simulated_slippage_bps=0 时逐笔对齐;
    - 移除 custom_entry_price / custom_exit_price / _route_c_bars 执行 K 线
      high/low 缓存(阶段 2.5.2 bar 内调价合同依赖执行 K 线最终 high/low,
      属未来信息,已废弃为 legacy_noncausal_not_for_training);
    - simulated_slippage_bps 只属于训练与离线压力环境,不得改变 live 市场订单
      价格;Freqtrade live 使用交易所真实回报价格;
    - amount_epsilon 与 RouteCModel 从同一最终配置 freqai.route_c.amount_epsilon
      读取(工作包 E),所有执行状态读取都通过 route_c_amount_epsilon 传参。
    
    保留(阶段 2.5.2 工作包 B):
    - live 只处理最新一行(signal_convert.latest_row_signals);
    - adjust_entry_price / adjust_exit_price 官方扩展点的目标反转取消
      (None = 取消且不替换);do_predict != 1 时维持挂单。
    
    成交时机完全交给 Freqtrade 回测引擎自身的 shift(1)(open[t+1]),
    本层不加额外 shift。
    """
    
    import sys
    from pathlib import Path
    
    from pandas import DataFrame
    
>   from freqtrade.enums import RunMode
E   ModuleNotFoundError: No module named 'freqtrade'

user_data/strategies/RouteCStrategy.py:35: ModuleNotFoundError
__________________ test_semantic_gate_real_blocks_dedup_and_k __________________

tmp_path = PosixPath('/tmp/pytest-of-cryptorl/pytest-0/test_semantic_gate_real_blocks1')

    def test_semantic_gate_real_blocks_dedup_and_k(tmp_path):
>       blocks = _real_blocks(3)
                 ^^^^^^^^^^^^^^^

tests/route_c_stage2_6_1/test_curriculum261_r8_cue_eval.py:80: 
_ _ _ _ _ _ _ _ _ _ _ _ _ _ _ _ _ _ _ _ _ _ _ _ _ _ _ _ _ _ _ _ _ _ _ _ _ _ _ _ 
tests/route_c_stage2_6_1/test_curriculum261_r8_cue_eval.py:45: in _real_blocks
    return [generate_matched_block_with_attempts(
tests/route_c_stage2_6_1/test_curriculum261_r8_cue_eval.py:45: in <listcomp>
    return [generate_matched_block_with_attempts(
src/rl_curriculum/curriculum261_r6_tape.py:393: in generate_matched_block_with_attempts
    episodes = generate_matched_block_once(
src/rl_curriculum/curriculum261_r6_tape.py:246: in generate_matched_block_once
    sides[side] = gen.generate(
src/rl_curriculum/generator_api.py:186: in generate
    df = self._attach_features(df)
         ^^^^^^^^^^^^^^^^^^^^^^^^^
src/rl_curriculum/curriculum261_api.py:1267: in _attach_features
    return attach_production_features(df)
           ^^^^^^^^^^^^^^^^^^^^^^^^^^^^^^
src/rl_curriculum/curriculum261_production_obs.py:160: in attach_production_features
    cls = load_route_c_strategy_class()
          ^^^^^^^^^^^^^^^^^^^^^^^^^^^^^
src/rl_curriculum/curriculum261_production_obs.py:124: in load_route_c_strategy_class
    spec.loader.exec_module(module)
<frozen importlib._bootstrap_external>:940: in exec_module
    ???
<frozen importlib._bootstrap>:241: in _call_with_frames_removed
    ???
_ _ _ _ _ _ _ _ _ _ _ _ _ _ _ _ _ _ _ _ _ _ _ _ _ _ _ _ _ _ _ _ _ _ _ _ _ _ _ _ 

    """阶段 2.5.2a 路线 C:Freqtrade 策略薄适配层(execution_mode=market_open_causal)。
    
    特征:少量因果特征(收益/滚动波动率/价格相对均值/原始 OHLC 供环境用),
    全部只使用当前及过去数据;目标仓位列 &-target_position 由 RouteCModel
    顺序推理填充。
    
    阶段 2.5.2a 改造(工作包 B):
    - 订单类型改为 market(入场/退出均市场订单):成交价由回测器/交易所决定,
      回测中市场单以执行 bar 的 open 成交(backtesting.py:1039-1057 仅 limit
      分支调用 custom_entry_price;:596 exit_signal 的 close_rate=row[OPEN_IDX];
      :551-567 信号 shift(1)),与环境 market_open_causal 合同在
      simulated_slippage_bps=0 时逐笔对齐;
    - 移除 custom_entry_price / custom_exit_price / _route_c_bars 执行 K 线
      high/low 缓存(阶段 2.5.2 bar 内调价合同依赖执行 K 线最终 high/low,
      属未来信息,已废弃为 legacy_noncausal_not_for_training);
    - simulated_slippage_bps 只属于训练与离线压力环境,不得改变 live 市场订单
      价格;Freqtrade live 使用交易所真实回报价格;
    - amount_epsilon 与 RouteCModel 从同一最终配置 freqai.route_c.amount_epsilon
      读取(工作包 E),所有执行状态读取都通过 route_c_amount_epsilon 传参。
    
    保留(阶段 2.5.2 工作包 B):
    - live 只处理最新一行(signal_convert.latest_row_signals);
    - adjust_entry_price / adjust_exit_price 官方扩展点的目标反转取消
      (None = 取消且不替换);do_predict != 1 时维持挂单。
    
    成交时机完全交给 Freqtrade 回测引擎自身的 shift(1)(open[t+1]),
    本层不加额外 shift。
    """
    
    import sys
    from pathlib import Path
    
    from pandas import DataFrame
    
>   from freqtrade.enums import RunMode
E   ModuleNotFoundError: No module named 'freqtrade'

user_data/strategies/RouteCStrategy.py:35: ModuleNotFoundError
__________________ test_semantic_gate_min_unique_3600_binding __________________

    def test_semantic_gate_min_unique_3600_binding():
>       blocks = _real_blocks(2)
                 ^^^^^^^^^^^^^^^

tests/route_c_stage2_6_1/test_curriculum261_r8_cue_eval.py:104: 
_ _ _ _ _ _ _ _ _ _ _ _ _ _ _ _ _ _ _ _ _ _ _ _ _ _ _ _ _ _ _ _ _ _ _ _ _ _ _ _ 
tests/route_c_stage2_6_1/test_curriculum261_r8_cue_eval.py:45: in _real_blocks
    return [generate_matched_block_with_attempts(
tests/route_c_stage2_6_1/test_curriculum261_r8_cue_eval.py:45: in <listcomp>
    return [generate_matched_block_with_attempts(
src/rl_curriculum/curriculum261_r6_tape.py:393: in generate_matched_block_with_attempts
    episodes = generate_matched_block_once(
src/rl_curriculum/curriculum261_r6_tape.py:246: in generate_matched_block_once
    sides[side] = gen.generate(
src/rl_curriculum/generator_api.py:186: in generate
    df = self._attach_features(df)
         ^^^^^^^^^^^^^^^^^^^^^^^^^
src/rl_curriculum/curriculum261_api.py:1267: in _attach_features
    return attach_production_features(df)
           ^^^^^^^^^^^^^^^^^^^^^^^^^^^^^^
src/rl_curriculum/curriculum261_production_obs.py:160: in attach_production_features
    cls = load_route_c_strategy_class()
          ^^^^^^^^^^^^^^^^^^^^^^^^^^^^^
src/rl_curriculum/curriculum261_production_obs.py:124: in load_route_c_strategy_class
    spec.loader.exec_module(module)
<frozen importlib._bootstrap_external>:940: in exec_module
    ???
<frozen importlib._bootstrap>:241: in _call_with_frames_removed
    ???
_ _ _ _ _ _ _ _ _ _ _ _ _ _ _ _ _ _ _ _ _ _ _ _ _ _ _ _ _ _ _ _ _ _ _ _ _ _ _ _ 

    """阶段 2.5.2a 路线 C:Freqtrade 策略薄适配层(execution_mode=market_open_causal)。
    
    特征:少量因果特征(收益/滚动波动率/价格相对均值/原始 OHLC 供环境用),
    全部只使用当前及过去数据;目标仓位列 &-target_position 由 RouteCModel
    顺序推理填充。
    
    阶段 2.5.2a 改造(工作包 B):
    - 订单类型改为 market(入场/退出均市场订单):成交价由回测器/交易所决定,
      回测中市场单以执行 bar 的 open 成交(backtesting.py:1039-1057 仅 limit
      分支调用 custom_entry_price;:596 exit_signal 的 close_rate=row[OPEN_IDX];
      :551-567 信号 shift(1)),与环境 market_open_causal 合同在
      simulated_slippage_bps=0 时逐笔对齐;
    - 移除 custom_entry_price / custom_exit_price / _route_c_bars 执行 K 线
      high/low 缓存(阶段 2.5.2 bar 内调价合同依赖执行 K 线最终 high/low,
      属未来信息,已废弃为 legacy_noncausal_not_for_training);
    - simulated_slippage_bps 只属于训练与离线压力环境,不得改变 live 市场订单
      价格;Freqtrade live 使用交易所真实回报价格;
    - amount_epsilon 与 RouteCModel 从同一最终配置 freqai.route_c.amount_epsilon
      读取(工作包 E),所有执行状态读取都通过 route_c_amount_epsilon 传参。
    
    保留(阶段 2.5.2 工作包 B):
    - live 只处理最新一行(signal_convert.latest_row_signals);
    - adjust_entry_price / adjust_exit_price 官方扩展点的目标反转取消
      (None = 取消且不替换);do_predict != 1 时维持挂单。
    
    成交时机完全交给 Freqtrade 回测引擎自身的 shift(1)(open[t+1]),
    本层不加额外 shift。
    """
    
    import sys
    from pathlib import Path
    
    from pandas import DataFrame
    
>   from freqtrade.enums import RunMode
E   ModuleNotFoundError: No module named 'freqtrade'

user_data/strategies/RouteCStrategy.py:35: ModuleNotFoundError
___________________ test_semantic_gate_recall_floor_binding ____________________

    def test_semantic_gate_recall_floor_binding():
>       blocks = _real_blocks(3)
                 ^^^^^^^^^^^^^^^

tests/route_c_stage2_6_1/test_curriculum261_r8_cue_eval.py:113: 
_ _ _ _ _ _ _ _ _ _ _ _ _ _ _ _ _ _ _ _ _ _ _ _ _ _ _ _ _ _ _ _ _ _ _ _ _ _ _ _ 
tests/route_c_stage2_6_1/test_curriculum261_r8_cue_eval.py:45: in _real_blocks
    return [generate_matched_block_with_attempts(
tests/route_c_stage2_6_1/test_curriculum261_r8_cue_eval.py:45: in <listcomp>
    return [generate_matched_block_with_attempts(
src/rl_curriculum/curriculum261_r6_tape.py:393: in generate_matched_block_with_attempts
    episodes = generate_matched_block_once(
src/rl_curriculum/curriculum261_r6_tape.py:246: in generate_matched_block_once
    sides[side] = gen.generate(
src/rl_curriculum/generator_api.py:186: in generate
    df = self._attach_features(df)
         ^^^^^^^^^^^^^^^^^^^^^^^^^
src/rl_curriculum/curriculum261_api.py:1267: in _attach_features
    return attach_production_features(df)
           ^^^^^^^^^^^^^^^^^^^^^^^^^^^^^^
src/rl_curriculum/curriculum261_production_obs.py:160: in attach_production_features
    cls = load_route_c_strategy_class()
          ^^^^^^^^^^^^^^^^^^^^^^^^^^^^^
src/rl_curriculum/curriculum261_production_obs.py:124: in load_route_c_strategy_class
    spec.loader.exec_module(module)
<frozen importlib._bootstrap_external>:940: in exec_module
    ???
<frozen importlib._bootstrap>:241: in _call_with_frames_removed
    ???
_ _ _ _ _ _ _ _ _ _ _ _ _ _ _ _ _ _ _ _ _ _ _ _ _ _ _ _ _ _ _ _ _ _ _ _ _ _ _ _ 

    """阶段 2.5.2a 路线 C:Freqtrade 策略薄适配层(execution_mode=market_open_causal)。
    
    特征:少量因果特征(收益/滚动波动率/价格相对均值/原始 OHLC 供环境用),
    全部只使用当前及过去数据;目标仓位列 &-target_position 由 RouteCModel
    顺序推理填充。
    
    阶段 2.5.2a 改造(工作包 B):
    - 订单类型改为 market(入场/退出均市场订单):成交价由回测器/交易所决定,
      回测中市场单以执行 bar 的 open 成交(backtesting.py:1039-1057 仅 limit
      分支调用 custom_entry_price;:596 exit_signal 的 close_rate=row[OPEN_IDX];
      :551-567 信号 shift(1)),与环境 market_open_causal 合同在
      simulated_slippage_bps=0 时逐笔对齐;
    - 移除 custom_entry_price / custom_exit_price / _route_c_bars 执行 K 线
      high/low 缓存(阶段 2.5.2 bar 内调价合同依赖执行 K 线最终 high/low,
      属未来信息,已废弃为 legacy_noncausal_not_for_training);
    - simulated_slippage_bps 只属于训练与离线压力环境,不得改变 live 市场订单
      价格;Freqtrade live 使用交易所真实回报价格;
    - amount_epsilon 与 RouteCModel 从同一最终配置 freqai.route_c.amount_epsilon
      读取(工作包 E),所有执行状态读取都通过 route_c_amount_epsilon 传参。
    
    保留(阶段 2.5.2 工作包 B):
    - live 只处理最新一行(signal_convert.latest_row_signals);
    - adjust_entry_price / adjust_exit_price 官方扩展点的目标反转取消
      (None = 取消且不替换);do_predict != 1 时维持挂单。
    
    成交时机完全交给 Freqtrade 回测引擎自身的 shift(1)(open[t+1]),
    本层不加额外 shift。
    """
    
    import sys
    from pathlib import Path
    
    from pandas import DataFrame
    
>   from freqtrade.enums import RunMode
E   ModuleNotFoundError: No module named 'freqtrade'

user_data/strategies/RouteCStrategy.py:35: ModuleNotFoundError
______________ test_replay_block_matches_real_generator_episodes _______________

    def test_replay_block_matches_real_generator_episodes():
        """完整链路:block seed → 真实生成 → replay 反解对拍 ≤1e-12。"""
        for bi in range(2):
            block_seed = derive261_block_seed(NS, bi + 50, 0)
>           episodes = generate_matched_block_once(LADDER, block_seed, NS)
                       ^^^^^^^^^^^^^^^^^^^^^^^^^^^^^^^^^^^^^^^^^^^^^^^^^^^

tests/route_c_stage2_6_1/test_curriculum261_r8_noise_replay.py:120: 
_ _ _ _ _ _ _ _ _ _ _ _ _ _ _ _ _ _ _ _ _ _ _ _ _ _ _ _ _ _ _ _ _ _ _ _ _ _ _ _ 
src/rl_curriculum/curriculum261_r6_tape.py:246: in generate_matched_block_once
    sides[side] = gen.generate(
src/rl_curriculum/generator_api.py:186: in generate
    df = self._attach_features(df)
         ^^^^^^^^^^^^^^^^^^^^^^^^^
src/rl_curriculum/curriculum261_api.py:1267: in _attach_features
    return attach_production_features(df)
           ^^^^^^^^^^^^^^^^^^^^^^^^^^^^^^
src/rl_curriculum/curriculum261_production_obs.py:160: in attach_production_features
    cls = load_route_c_strategy_class()
          ^^^^^^^^^^^^^^^^^^^^^^^^^^^^^
src/rl_curriculum/curriculum261_production_obs.py:124: in load_route_c_strategy_class
    spec.loader.exec_module(module)
<frozen importlib._bootstrap_external>:940: in exec_module
    ???
<frozen importlib._bootstrap>:241: in _call_with_frames_removed
    ???
_ _ _ _ _ _ _ _ _ _ _ _ _ _ _ _ _ _ _ _ _ _ _ _ _ _ _ _ _ _ _ _ _ _ _ _ _ _ _ _ 

    """阶段 2.5.2a 路线 C:Freqtrade 策略薄适配层(execution_mode=market_open_causal)。
    
    特征:少量因果特征(收益/滚动波动率/价格相对均值/原始 OHLC 供环境用),
    全部只使用当前及过去数据;目标仓位列 &-target_position 由 RouteCModel
    顺序推理填充。
    
    阶段 2.5.2a 改造(工作包 B):
    - 订单类型改为 market(入场/退出均市场订单):成交价由回测器/交易所决定,
      回测中市场单以执行 bar 的 open 成交(backtesting.py:1039-1057 仅 limit
      分支调用 custom_entry_price;:596 exit_signal 的 close_rate=row[OPEN_IDX];
      :551-567 信号 shift(1)),与环境 market_open_causal 合同在
      simulated_slippage_bps=0 时逐笔对齐;
    - 移除 custom_entry_price / custom_exit_price / _route_c_bars 执行 K 线
      high/low 缓存(阶段 2.5.2 bar 内调价合同依赖执行 K 线最终 high/low,
      属未来信息,已废弃为 legacy_noncausal_not_for_training);
    - simulated_slippage_bps 只属于训练与离线压力环境,不得改变 live 市场订单
      价格;Freqtrade live 使用交易所真实回报价格;
    - amount_epsilon 与 RouteCModel 从同一最终配置 freqai.route_c.amount_epsilon
      读取(工作包 E),所有执行状态读取都通过 route_c_amount_epsilon 传参。
    
    保留(阶段 2.5.2 工作包 B):
    - live 只处理最新一行(signal_convert.latest_row_signals);
    - adjust_entry_price / adjust_exit_price 官方扩展点的目标反转取消
      (None = 取消且不替换);do_predict != 1 时维持挂单。
    
    成交时机完全交给 Freqtrade 回测引擎自身的 shift(1)(open[t+1]),
    本层不加额外 shift。
    """
    
    import sys
    from pathlib import Path
    
    from pandas import DataFrame
    
>   from freqtrade.enums import RunMode
E   ModuleNotFoundError: No module named 'freqtrade'

user_data/strategies/RouteCStrategy.py:35: ModuleNotFoundError
_______________ test_cue_event_trace_k_and_bounds_on_real_blocks _______________

    def test_cue_event_trace_k_and_bounds_on_real_blocks():
        """per-event K 提取 + 修正边界逐事件成立 + aggregate 复算。"""
        events = []
        for bi in range(3):
            block_seed = derive261_block_seed(NS, bi + 60, 0)
>           episodes = generate_matched_block_once(LADDER, block_seed, NS)
                       ^^^^^^^^^^^^^^^^^^^^^^^^^^^^^^^^^^^^^^^^^^^^^^^^^^^

tests/route_c_stage2_6_1/test_curriculum261_r8_noise_replay.py:136: 
_ _ _ _ _ _ _ _ _ _ _ _ _ _ _ _ _ _ _ _ _ _ _ _ _ _ _ _ _ _ _ _ _ _ _ _ _ _ _ _ 
src/rl_curriculum/curriculum261_r6_tape.py:246: in generate_matched_block_once
    sides[side] = gen.generate(
src/rl_curriculum/generator_api.py:186: in generate
    df = self._attach_features(df)
         ^^^^^^^^^^^^^^^^^^^^^^^^^
src/rl_curriculum/curriculum261_api.py:1267: in _attach_features
    return attach_production_features(df)
           ^^^^^^^^^^^^^^^^^^^^^^^^^^^^^^
src/rl_curriculum/curriculum261_production_obs.py:160: in attach_production_features
    cls = load_route_c_strategy_class()
          ^^^^^^^^^^^^^^^^^^^^^^^^^^^^^
src/rl_curriculum/curriculum261_production_obs.py:124: in load_route_c_strategy_class
    spec.loader.exec_module(module)
<frozen importlib._bootstrap_external>:940: in exec_module
    ???
<frozen importlib._bootstrap>:241: in _call_with_frames_removed
    ???
_ _ _ _ _ _ _ _ _ _ _ _ _ _ _ _ _ _ _ _ _ _ _ _ _ _ _ _ _ _ _ _ _ _ _ _ _ _ _ _ 

    """阶段 2.5.2a 路线 C:Freqtrade 策略薄适配层(execution_mode=market_open_causal)。
    
    特征:少量因果特征(收益/滚动波动率/价格相对均值/原始 OHLC 供环境用),
    全部只使用当前及过去数据;目标仓位列 &-target_position 由 RouteCModel
    顺序推理填充。
    
    阶段 2.5.2a 改造(工作包 B):
    - 订单类型改为 market(入场/退出均市场订单):成交价由回测器/交易所决定,
      回测中市场单以执行 bar 的 open 成交(backtesting.py:1039-1057 仅 limit
      分支调用 custom_entry_price;:596 exit_signal 的 close_rate=row[OPEN_IDX];
      :551-567 信号 shift(1)),与环境 market_open_causal 合同在
      simulated_slippage_bps=0 时逐笔对齐;
    - 移除 custom_entry_price / custom_exit_price / _route_c_bars 执行 K 线
      high/low 缓存(阶段 2.5.2 bar 内调价合同依赖执行 K 线最终 high/low,
      属未来信息,已废弃为 legacy_noncausal_not_for_training);
    - simulated_slippage_bps 只属于训练与离线压力环境,不得改变 live 市场订单
      价格;Freqtrade live 使用交易所真实回报价格;
    - amount_epsilon 与 RouteCModel 从同一最终配置 freqai.route_c.amount_epsilon
      读取(工作包 E),所有执行状态读取都通过 route_c_amount_epsilon 传参。
    
    保留(阶段 2.5.2 工作包 B):
    - live 只处理最新一行(signal_convert.latest_row_signals);
    - adjust_entry_price / adjust_exit_price 官方扩展点的目标反转取消
      (None = 取消且不替换);do_predict != 1 时维持挂单。
    
    成交时机完全交给 Freqtrade 回测引擎自身的 shift(1)(open[t+1]),
    本层不加额外 shift。
    """
    
    import sys
    from pathlib import Path
    
    from pandas import DataFrame
    
>   from freqtrade.enums import RunMode
E   ModuleNotFoundError: No module named 'freqtrade'

user_data/strategies/RouteCStrategy.py:35: ModuleNotFoundError
________________________ test_prelock_static_preflight _________________________

tmp_path = PosixPath('/tmp/pytest-of-cryptorl/pytest-0/test_prelock_static_preflight1')
monkeypatch = <_pytest.monkeypatch.MonkeyPatch object at 0x75505c554910>

    def test_prelock_static_preflight(tmp_path, monkeypatch):
        from rl_curriculum.curriculum261_r8_preflight import (
            run_prelock_static_preflight_r8,
        )
    
        monkeypatch.setenv("CURRICULUM261_R8_LOCK_DIR", str(tmp_path / "lock"))
>       result = run_prelock_static_preflight_r8(
            tmp_path, "52bc96f4480b1a0da6a9b455bd00b17fbb6786a5")

tests/route_c_stage2_6_1/test_curriculum261_r8_preflight.py:24: 
_ _ _ _ _ _ _ _ _ _ _ _ _ _ _ _ _ _ _ _ _ _ _ _ _ _ _ _ _ _ _ _ _ _ _ _ _ _ _ _ 
src/rl_curriculum/curriculum261_r8_preflight.py:164: in run_prelock_static_preflight_r8
    checks["code_identity"] = _code_identity_digest_r8()
                              ^^^^^^^^^^^^^^^^^^^^^^^^^^
src/rl_curriculum/curriculum261_r8_preflight.py:71: in _code_identity_digest_r8
    ident = _code_identity_r8()
            ^^^^^^^^^^^^^^^^^^^
src/rl_curriculum/curriculum261_r8_plan.py:92: in _code_identity_r8
    ident = route_c_strategy_identity()
            ^^^^^^^^^^^^^^^^^^^^^^^^^^^
src/rl_curriculum/curriculum261_production_obs.py:141: in route_c_strategy_identity
    cls = load_route_c_strategy_class()
          ^^^^^^^^^^^^^^^^^^^^^^^^^^^^^
src/rl_curriculum/curriculum261_production_obs.py:124: in load_route_c_strategy_class
    spec.loader.exec_module(module)
<frozen importlib._bootstrap_external>:940: in exec_module
    ???
<frozen importlib._bootstrap>:241: in _call_with_frames_removed
    ???
_ _ _ _ _ _ _ _ _ _ _ _ _ _ _ _ _ _ _ _ _ _ _ _ _ _ _ _ _ _ _ _ _ _ _ _ _ _ _ _ 

    """阶段 2.5.2a 路线 C:Freqtrade 策略薄适配层(execution_mode=market_open_causal)。
    
    特征:少量因果特征(收益/滚动波动率/价格相对均值/原始 OHLC 供环境用),
    全部只使用当前及过去数据;目标仓位列 &-target_position 由 RouteCModel
    顺序推理填充。
    
    阶段 2.5.2a 改造(工作包 B):
    - 订单类型改为 market(入场/退出均市场订单):成交价由回测器/交易所决定,
      回测中市场单以执行 bar 的 open 成交(backtesting.py:1039-1057 仅 limit
      分支调用 custom_entry_price;:596 exit_signal 的 close_rate=row[OPEN_IDX];
      :551-567 信号 shift(1)),与环境 market_open_causal 合同在
      simulated_slippage_bps=0 时逐笔对齐;
    - 移除 custom_entry_price / custom_exit_price / _route_c_bars 执行 K 线
      high/low 缓存(阶段 2.5.2 bar 内调价合同依赖执行 K 线最终 high/low,
      属未来信息,已废弃为 legacy_noncausal_not_for_training);
    - simulated_slippage_bps 只属于训练与离线压力环境,不得改变 live 市场订单
      价格;Freqtrade live 使用交易所真实回报价格;
    - amount_epsilon 与 RouteCModel 从同一最终配置 freqai.route_c.amount_epsilon
      读取(工作包 E),所有执行状态读取都通过 route_c_amount_epsilon 传参。
    
    保留(阶段 2.5.2 工作包 B):
    - live 只处理最新一行(signal_convert.latest_row_signals);
    - adjust_entry_price / adjust_exit_price 官方扩展点的目标反转取消
      (None = 取消且不替换);do_predict != 1 时维持挂单。
    
    成交时机完全交给 Freqtrade 回测引擎自身的 shift(1)(open[t+1]),
    本层不加额外 shift。
    """
    
    import sys
    from pathlib import Path
    
    from pandas import DataFrame
    
>   from freqtrade.enums import RunMode
E   ModuleNotFoundError: No module named 'freqtrade'

user_data/strategies/RouteCStrategy.py:35: ModuleNotFoundError
______________________ test_cli_plan_roundtrip_subcommand ______________________

tmp_path = PosixPath('/tmp/pytest-of-cryptorl/pytest-0/test_cli_plan_roundtrip_subcom1')
monkeypatch = <_pytest.monkeypatch.MonkeyPatch object at 0x754f74aceb10>

    def test_cli_plan_roundtrip_subcommand(tmp_path, monkeypatch):
        """§8.3:CLI plan-roundtrip 在临时目录执行真实生产路径。"""
        import pathlib
    
        from rl_curriculum.curriculum261_r8_cli import main
    
        monkeypatch.setenv("CURRICULUM261_R8_LOCK_DIR",
                           str(tmp_path / "lock"))
        out = tmp_path / "art"
        _write_preplan_inputs(out)
>       rc = main(["plan-roundtrip", "--out-dir", str(out)])
             ^^^^^^^^^^^^^^^^^^^^^^^^^^^^^^^^^^^^^^^^^^^^^^^

tests/route_c_stage2_6_1/test_curriculum261_r8_preflight.py:96: 
_ _ _ _ _ _ _ _ _ _ _ _ _ _ _ _ _ _ _ _ _ _ _ _ _ _ _ _ _ _ _ _ _ _ _ _ _ _ _ _ 
src/rl_curriculum/curriculum261_r8_cli.py:1252: in main
    return handlers[args.cmd](args)
           ^^^^^^^^^^^^^^^^^^^^^^^^
src/rl_curriculum/curriculum261_r8_cli.py:447: in cmd_plan_roundtrip
    v2_contract_digest=preprocessing_v2_contract_digest(),
                       ^^^^^^^^^^^^^^^^^^^^^^^^^^^^^^^^^^
src/rl_curriculum/curriculum261_r4_preprocessing.py:681: in preprocessing_v2_contract_digest
    "strategy_identity": route_c_strategy_identity(),
                         ^^^^^^^^^^^^^^^^^^^^^^^^^^^
src/rl_curriculum/curriculum261_production_obs.py:141: in route_c_strategy_identity
    cls = load_route_c_strategy_class()
          ^^^^^^^^^^^^^^^^^^^^^^^^^^^^^
src/rl_curriculum/curriculum261_production_obs.py:124: in load_route_c_strategy_class
    spec.loader.exec_module(module)
<frozen importlib._bootstrap_external>:940: in exec_module
    ???
<frozen importlib._bootstrap>:241: in _call_with_frames_removed
    ???
_ _ _ _ _ _ _ _ _ _ _ _ _ _ _ _ _ _ _ _ _ _ _ _ _ _ _ _ _ _ _ _ _ _ _ _ _ _ _ _ 

    """阶段 2.5.2a 路线 C:Freqtrade 策略薄适配层(execution_mode=market_open_causal)。
    
    特征:少量因果特征(收益/滚动波动率/价格相对均值/原始 OHLC 供环境用),
    全部只使用当前及过去数据;目标仓位列 &-target_position 由 RouteCModel
    顺序推理填充。
    
    阶段 2.5.2a 改造(工作包 B):
    - 订单类型改为 market(入场/退出均市场订单):成交价由回测器/交易所决定,
      回测中市场单以执行 bar 的 open 成交(backtesting.py:1039-1057 仅 limit
      分支调用 custom_entry_price;:596 exit_signal 的 close_rate=row[OPEN_IDX];
      :551-567 信号 shift(1)),与环境 market_open_causal 合同在
      simulated_slippage_bps=0 时逐笔对齐;
    - 移除 custom_entry_price / custom_exit_price / _route_c_bars 执行 K 线
      high/low 缓存(阶段 2.5.2 bar 内调价合同依赖执行 K 线最终 high/low,
      属未来信息,已废弃为 legacy_noncausal_not_for_training);
    - simulated_slippage_bps 只属于训练与离线压力环境,不得改变 live 市场订单
      价格;Freqtrade live 使用交易所真实回报价格;
    - amount_epsilon 与 RouteCModel 从同一最终配置 freqai.route_c.amount_epsilon
      读取(工作包 E),所有执行状态读取都通过 route_c_amount_epsilon 传参。
    
    保留(阶段 2.5.2 工作包 B):
    - live 只处理最新一行(signal_convert.latest_row_signals);
    - adjust_entry_price / adjust_exit_price 官方扩展点的目标反转取消
      (None = 取消且不替换);do_predict != 1 时维持挂单。
    
    成交时机完全交给 Freqtrade 回测引擎自身的 shift(1)(open[t+1]),
    本层不加额外 shift。
    """
    
    import sys
    from pathlib import Path
    
    from pandas import DataFrame
    
>   from freqtrade.enums import RunMode
E   ModuleNotFoundError: No module named 'freqtrade'

user_data/strategies/RouteCStrategy.py:35: ModuleNotFoundError
______________ test_audit_small_reproducible_and_writes_artifacts ______________

tmp_path = PosixPath('/tmp/pytest-of-cryptorl/pytest-0/test_audit_small_reproducible_2')
monkeypatch = <_pytest.monkeypatch.MonkeyPatch object at 0x754f74dbf190>

    def test_audit_small_reproducible_and_writes_artifacts(
            tmp_path, monkeypatch):
        """小规模 audit(8 blocks/corpus):plumbing 完整 + 落盘 + 确定性。"""
        import rl_curriculum.curriculum261_r9_cue_contract as mod
    
        monkeypatch.setattr(mod, "AUDIT_BLOCKS_PER_CORPUS", 8)
        monkeypatch.setattr(mod, "AUDIT_N_EVENTS", 100000)
>       r1 = mod.run_cue_contract_audit(tmp_path)
             ^^^^^^^^^^^^^^^^^^^^^^^^^^^^^^^^^^^^

tests/route_c_stage2_6_1/test_curriculum261_r9_cue_contract.py:120: 
_ _ _ _ _ _ _ _ _ _ _ _ _ _ _ _ _ _ _ _ _ _ _ _ _ _ _ _ _ _ _ _ _ _ _ _ _ _ _ _ 
src/rl_curriculum/curriculum261_r9_cue_contract.py:459: in run_cue_contract_audit
    episodes = generate_matched_block_once(
src/rl_curriculum/curriculum261_r6_tape.py:246: in generate_matched_block_once
    sides[side] = gen.generate(
src/rl_curriculum/generator_api.py:186: in generate
    df = self._attach_features(df)
         ^^^^^^^^^^^^^^^^^^^^^^^^^
src/rl_curriculum/curriculum261_api.py:1267: in _attach_features
    return attach_production_features(df)
           ^^^^^^^^^^^^^^^^^^^^^^^^^^^^^^
src/rl_curriculum/curriculum261_production_obs.py:160: in attach_production_features
    cls = load_route_c_strategy_class()
          ^^^^^^^^^^^^^^^^^^^^^^^^^^^^^
src/rl_curriculum/curriculum261_production_obs.py:124: in load_route_c_strategy_class
    spec.loader.exec_module(module)
<frozen importlib._bootstrap_external>:940: in exec_module
    ???
<frozen importlib._bootstrap>:241: in _call_with_frames_removed
    ???
_ _ _ _ _ _ _ _ _ _ _ _ _ _ _ _ _ _ _ _ _ _ _ _ _ _ _ _ _ _ _ _ _ _ _ _ _ _ _ _ 

    """阶段 2.5.2a 路线 C:Freqtrade 策略薄适配层(execution_mode=market_open_causal)。
    
    特征:少量因果特征(收益/滚动波动率/价格相对均值/原始 OHLC 供环境用),
    全部只使用当前及过去数据;目标仓位列 &-target_position 由 RouteCModel
    顺序推理填充。
    
    阶段 2.5.2a 改造(工作包 B):
    - 订单类型改为 market(入场/退出均市场订单):成交价由回测器/交易所决定,
      回测中市场单以执行 bar 的 open 成交(backtesting.py:1039-1057 仅 limit
      分支调用 custom_entry_price;:596 exit_signal 的 close_rate=row[OPEN_IDX];
      :551-567 信号 shift(1)),与环境 market_open_causal 合同在
      simulated_slippage_bps=0 时逐笔对齐;
    - 移除 custom_entry_price / custom_exit_price / _route_c_bars 执行 K 线
      high/low 缓存(阶段 2.5.2 bar 内调价合同依赖执行 K 线最终 high/low,
      属未来信息,已废弃为 legacy_noncausal_not_for_training);
    - simulated_slippage_bps 只属于训练与离线压力环境,不得改变 live 市场订单
      价格;Freqtrade live 使用交易所真实回报价格;
    - amount_epsilon 与 RouteCModel 从同一最终配置 freqai.route_c.amount_epsilon
      读取(工作包 E),所有执行状态读取都通过 route_c_amount_epsilon 传参。
    
    保留(阶段 2.5.2 工作包 B):
    - live 只处理最新一行(signal_convert.latest_row_signals);
    - adjust_entry_price / adjust_exit_price 官方扩展点的目标反转取消
      (None = 取消且不替换);do_predict != 1 时维持挂单。
    
    成交时机完全交给 Freqtrade 回测引擎自身的 shift(1)(open[t+1]),
    本层不加额外 shift。
    """
    
    import sys
    from pathlib import Path
    
    from pandas import DataFrame
    
>   from freqtrade.enums import RunMode
E   ModuleNotFoundError: No module named 'freqtrade'

user_data/strategies/RouteCStrategy.py:35: ModuleNotFoundError
__________________ test_semantic_gate_real_blocks_dedup_and_k __________________

tmp_path = PosixPath('/tmp/pytest-of-cryptorl/pytest-0/test_semantic_gate_real_blocks2')

    def test_semantic_gate_real_blocks_dedup_and_k(tmp_path):
>       blocks = _real_blocks(3)
                 ^^^^^^^^^^^^^^^

tests/route_c_stage2_6_1/test_curriculum261_r9_cue_eval.py:80: 
_ _ _ _ _ _ _ _ _ _ _ _ _ _ _ _ _ _ _ _ _ _ _ _ _ _ _ _ _ _ _ _ _ _ _ _ _ _ _ _ 
tests/route_c_stage2_6_1/test_curriculum261_r9_cue_eval.py:45: in _real_blocks
    return [generate_matched_block_with_attempts(
tests/route_c_stage2_6_1/test_curriculum261_r9_cue_eval.py:45: in <listcomp>
    return [generate_matched_block_with_attempts(
src/rl_curriculum/curriculum261_r6_tape.py:393: in generate_matched_block_with_attempts
    episodes = generate_matched_block_once(
src/rl_curriculum/curriculum261_r6_tape.py:246: in generate_matched_block_once
    sides[side] = gen.generate(
src/rl_curriculum/generator_api.py:186: in generate
    df = self._attach_features(df)
         ^^^^^^^^^^^^^^^^^^^^^^^^^
src/rl_curriculum/curriculum261_api.py:1267: in _attach_features
    return attach_production_features(df)
           ^^^^^^^^^^^^^^^^^^^^^^^^^^^^^^
src/rl_curriculum/curriculum261_production_obs.py:160: in attach_production_features
    cls = load_route_c_strategy_class()
          ^^^^^^^^^^^^^^^^^^^^^^^^^^^^^
src/rl_curriculum/curriculum261_production_obs.py:124: in load_route_c_strategy_class
    spec.loader.exec_module(module)
<frozen importlib._bootstrap_external>:940: in exec_module
    ???
<frozen importlib._bootstrap>:241: in _call_with_frames_removed
    ???
_ _ _ _ _ _ _ _ _ _ _ _ _ _ _ _ _ _ _ _ _ _ _ _ _ _ _ _ _ _ _ _ _ _ _ _ _ _ _ _ 

    """阶段 2.5.2a 路线 C:Freqtrade 策略薄适配层(execution_mode=market_open_causal)。
    
    特征:少量因果特征(收益/滚动波动率/价格相对均值/原始 OHLC 供环境用),
    全部只使用当前及过去数据;目标仓位列 &-target_position 由 RouteCModel
    顺序推理填充。
    
    阶段 2.5.2a 改造(工作包 B):
    - 订单类型改为 market(入场/退出均市场订单):成交价由回测器/交易所决定,
      回测中市场单以执行 bar 的 open 成交(backtesting.py:1039-1057 仅 limit
      分支调用 custom_entry_price;:596 exit_signal 的 close_rate=row[OPEN_IDX];
      :551-567 信号 shift(1)),与环境 market_open_causal 合同在
      simulated_slippage_bps=0 时逐笔对齐;
    - 移除 custom_entry_price / custom_exit_price / _route_c_bars 执行 K 线
      high/low 缓存(阶段 2.5.2 bar 内调价合同依赖执行 K 线最终 high/low,
      属未来信息,已废弃为 legacy_noncausal_not_for_training);
    - simulated_slippage_bps 只属于训练与离线压力环境,不得改变 live 市场订单
      价格;Freqtrade live 使用交易所真实回报价格;
    - amount_epsilon 与 RouteCModel 从同一最终配置 freqai.route_c.amount_epsilon
      读取(工作包 E),所有执行状态读取都通过 route_c_amount_epsilon 传参。
    
    保留(阶段 2.5.2 工作包 B):
    - live 只处理最新一行(signal_convert.latest_row_signals);
    - adjust_entry_price / adjust_exit_price 官方扩展点的目标反转取消
      (None = 取消且不替换);do_predict != 1 时维持挂单。
    
    成交时机完全交给 Freqtrade 回测引擎自身的 shift(1)(open[t+1]),
    本层不加额外 shift。
    """
    
    import sys
    from pathlib import Path
    
    from pandas import DataFrame
    
>   from freqtrade.enums import RunMode
E   ModuleNotFoundError: No module named 'freqtrade'

user_data/strategies/RouteCStrategy.py:35: ModuleNotFoundError
__________________ test_semantic_gate_min_unique_3600_binding __________________

    def test_semantic_gate_min_unique_3600_binding():
>       blocks = _real_blocks(2)
                 ^^^^^^^^^^^^^^^

tests/route_c_stage2_6_1/test_curriculum261_r9_cue_eval.py:104: 
_ _ _ _ _ _ _ _ _ _ _ _ _ _ _ _ _ _ _ _ _ _ _ _ _ _ _ _ _ _ _ _ _ _ _ _ _ _ _ _ 
tests/route_c_stage2_6_1/test_curriculum261_r9_cue_eval.py:45: in _real_blocks
    return [generate_matched_block_with_attempts(
tests/route_c_stage2_6_1/test_curriculum261_r9_cue_eval.py:45: in <listcomp>
    return [generate_matched_block_with_attempts(
src/rl_curriculum/curriculum261_r6_tape.py:393: in generate_matched_block_with_attempts
    episodes = generate_matched_block_once(
src/rl_curriculum/curriculum261_r6_tape.py:246: in generate_matched_block_once
    sides[side] = gen.generate(
src/rl_curriculum/generator_api.py:186: in generate
    df = self._attach_features(df)
         ^^^^^^^^^^^^^^^^^^^^^^^^^
src/rl_curriculum/curriculum261_api.py:1267: in _attach_features
    return attach_production_features(df)
           ^^^^^^^^^^^^^^^^^^^^^^^^^^^^^^
src/rl_curriculum/curriculum261_production_obs.py:160: in attach_production_features
    cls = load_route_c_strategy_class()
          ^^^^^^^^^^^^^^^^^^^^^^^^^^^^^
src/rl_curriculum/curriculum261_production_obs.py:124: in load_route_c_strategy_class
    spec.loader.exec_module(module)
<frozen importlib._bootstrap_external>:940: in exec_module
    ???
<frozen importlib._bootstrap>:241: in _call_with_frames_removed
    ???
_ _ _ _ _ _ _ _ _ _ _ _ _ _ _ _ _ _ _ _ _ _ _ _ _ _ _ _ _ _ _ _ _ _ _ _ _ _ _ _ 

    """阶段 2.5.2a 路线 C:Freqtrade 策略薄适配层(execution_mode=market_open_causal)。
    
    特征:少量因果特征(收益/滚动波动率/价格相对均值/原始 OHLC 供环境用),
    全部只使用当前及过去数据;目标仓位列 &-target_position 由 RouteCModel
    顺序推理填充。
    
    阶段 2.5.2a 改造(工作包 B):
    - 订单类型改为 market(入场/退出均市场订单):成交价由回测器/交易所决定,
      回测中市场单以执行 bar 的 open 成交(backtesting.py:1039-1057 仅 limit
      分支调用 custom_entry_price;:596 exit_signal 的 close_rate=row[OPEN_IDX];
      :551-567 信号 shift(1)),与环境 market_open_causal 合同在
      simulated_slippage_bps=0 时逐笔对齐;
    - 移除 custom_entry_price / custom_exit_price / _route_c_bars 执行 K 线
      high/low 缓存(阶段 2.5.2 bar 内调价合同依赖执行 K 线最终 high/low,
      属未来信息,已废弃为 legacy_noncausal_not_for_training);
    - simulated_slippage_bps 只属于训练与离线压力环境,不得改变 live 市场订单
      价格;Freqtrade live 使用交易所真实回报价格;
    - amount_epsilon 与 RouteCModel 从同一最终配置 freqai.route_c.amount_epsilon
      读取(工作包 E),所有执行状态读取都通过 route_c_amount_epsilon 传参。
    
    保留(阶段 2.5.2 工作包 B):
    - live 只处理最新一行(signal_convert.latest_row_signals);
    - adjust_entry_price / adjust_exit_price 官方扩展点的目标反转取消
      (None = 取消且不替换);do_predict != 1 时维持挂单。
    
    成交时机完全交给 Freqtrade 回测引擎自身的 shift(1)(open[t+1]),
    本层不加额外 shift。
    """
    
    import sys
    from pathlib import Path
    
    from pandas import DataFrame
    
>   from freqtrade.enums import RunMode
E   ModuleNotFoundError: No module named 'freqtrade'

user_data/strategies/RouteCStrategy.py:35: ModuleNotFoundError
___________________ test_semantic_gate_recall_floor_binding ____________________

    def test_semantic_gate_recall_floor_binding():
>       blocks = _real_blocks(3)
                 ^^^^^^^^^^^^^^^

tests/route_c_stage2_6_1/test_curriculum261_r9_cue_eval.py:113: 
_ _ _ _ _ _ _ _ _ _ _ _ _ _ _ _ _ _ _ _ _ _ _ _ _ _ _ _ _ _ _ _ _ _ _ _ _ _ _ _ 
tests/route_c_stage2_6_1/test_curriculum261_r9_cue_eval.py:45: in _real_blocks
    return [generate_matched_block_with_attempts(
tests/route_c_stage2_6_1/test_curriculum261_r9_cue_eval.py:45: in <listcomp>
    return [generate_matched_block_with_attempts(
src/rl_curriculum/curriculum261_r6_tape.py:393: in generate_matched_block_with_attempts
    episodes = generate_matched_block_once(
src/rl_curriculum/curriculum261_r6_tape.py:246: in generate_matched_block_once
    sides[side] = gen.generate(
src/rl_curriculum/generator_api.py:186: in generate
    df = self._attach_features(df)
         ^^^^^^^^^^^^^^^^^^^^^^^^^
src/rl_curriculum/curriculum261_api.py:1267: in _attach_features
    return attach_production_features(df)
           ^^^^^^^^^^^^^^^^^^^^^^^^^^^^^^
src/rl_curriculum/curriculum261_production_obs.py:160: in attach_production_features
    cls = load_route_c_strategy_class()
          ^^^^^^^^^^^^^^^^^^^^^^^^^^^^^
src/rl_curriculum/curriculum261_production_obs.py:124: in load_route_c_strategy_class
    spec.loader.exec_module(module)
<frozen importlib._bootstrap_external>:940: in exec_module
    ???
<frozen importlib._bootstrap>:241: in _call_with_frames_removed
    ???
_ _ _ _ _ _ _ _ _ _ _ _ _ _ _ _ _ _ _ _ _ _ _ _ _ _ _ _ _ _ _ _ _ _ _ _ _ _ _ _ 

    """阶段 2.5.2a 路线 C:Freqtrade 策略薄适配层(execution_mode=market_open_causal)。
    
    特征:少量因果特征(收益/滚动波动率/价格相对均值/原始 OHLC 供环境用),
    全部只使用当前及过去数据;目标仓位列 &-target_position 由 RouteCModel
    顺序推理填充。
    
    阶段 2.5.2a 改造(工作包 B):
    - 订单类型改为 market(入场/退出均市场订单):成交价由回测器/交易所决定,
      回测中市场单以执行 bar 的 open 成交(backtesting.py:1039-1057 仅 limit
      分支调用 custom_entry_price;:596 exit_signal 的 close_rate=row[OPEN_IDX];
      :551-567 信号 shift(1)),与环境 market_open_causal 合同在
      simulated_slippage_bps=0 时逐笔对齐;
    - 移除 custom_entry_price / custom_exit_price / _route_c_bars 执行 K 线
      high/low 缓存(阶段 2.5.2 bar 内调价合同依赖执行 K 线最终 high/low,
      属未来信息,已废弃为 legacy_noncausal_not_for_training);
    - simulated_slippage_bps 只属于训练与离线压力环境,不得改变 live 市场订单
      价格;Freqtrade live 使用交易所真实回报价格;
    - amount_epsilon 与 RouteCModel 从同一最终配置 freqai.route_c.amount_epsilon
      读取(工作包 E),所有执行状态读取都通过 route_c_amount_epsilon 传参。
    
    保留(阶段 2.5.2 工作包 B):
    - live 只处理最新一行(signal_convert.latest_row_signals);
    - adjust_entry_price / adjust_exit_price 官方扩展点的目标反转取消
      (None = 取消且不替换);do_predict != 1 时维持挂单。
    
    成交时机完全交给 Freqtrade 回测引擎自身的 shift(1)(open[t+1]),
    本层不加额外 shift。
    """
    
    import sys
    from pathlib import Path
    
    from pandas import DataFrame
    
>   from freqtrade.enums import RunMode
E   ModuleNotFoundError: No module named 'freqtrade'

user_data/strategies/RouteCStrategy.py:35: ModuleNotFoundError
___________ test_real_candidate_evaluator_full_chain_no_monkeypatch ____________

tmp_path = PosixPath('/tmp/pytest-of-cryptorl/pytest-0/test_real_candidate_evaluator_1')

    def test_real_candidate_evaluator_full_chain_no_monkeypatch(tmp_path):
        """§7/§31:不 monkeypatch 的完整 candidate 评估集成测试(plan lock
        的硬前置;R8 ImportError 的爆发路径)。"""
        from rl_curriculum.curriculum261_r9_design import (
            _evaluate_candidate_matched_r9,
        )
    
        ladder = {r: dict(p) for r, p in C2_RUNG_PARAMS.items()}
        thresholds = dict(family_specs()[FAMILY_C2].reference_defaults)
>       blocks = [generate_matched_block_with_attempts(
            ladder, namespace="preplan_candidate_eval_r9", block_index=i)
            for i in range(2)]

tests/route_c_stage2_6_1/test_curriculum261_r9_integration.py:89: 
_ _ _ _ _ _ _ _ _ _ _ _ _ _ _ _ _ _ _ _ _ _ _ _ _ _ _ _ _ _ _ _ _ _ _ _ _ _ _ _ 
tests/route_c_stage2_6_1/test_curriculum261_r9_integration.py:89: in <listcomp>
    blocks = [generate_matched_block_with_attempts(
src/rl_curriculum/curriculum261_r6_tape.py:393: in generate_matched_block_with_attempts
    episodes = generate_matched_block_once(
src/rl_curriculum/curriculum261_r6_tape.py:246: in generate_matched_block_once
    sides[side] = gen.generate(
src/rl_curriculum/generator_api.py:186: in generate
    df = self._attach_features(df)
         ^^^^^^^^^^^^^^^^^^^^^^^^^
src/rl_curriculum/curriculum261_api.py:1267: in _attach_features
    return attach_production_features(df)
           ^^^^^^^^^^^^^^^^^^^^^^^^^^^^^^
src/rl_curriculum/curriculum261_production_obs.py:160: in attach_production_features
    cls = load_route_c_strategy_class()
          ^^^^^^^^^^^^^^^^^^^^^^^^^^^^^
src/rl_curriculum/curriculum261_production_obs.py:124: in load_route_c_strategy_class
    spec.loader.exec_module(module)
<frozen importlib._bootstrap_external>:940: in exec_module
    ???
<frozen importlib._bootstrap>:241: in _call_with_frames_removed
    ???
_ _ _ _ _ _ _ _ _ _ _ _ _ _ _ _ _ _ _ _ _ _ _ _ _ _ _ _ _ _ _ _ _ _ _ _ _ _ _ _ 

    """阶段 2.5.2a 路线 C:Freqtrade 策略薄适配层(execution_mode=market_open_causal)。
    
    特征:少量因果特征(收益/滚动波动率/价格相对均值/原始 OHLC 供环境用),
    全部只使用当前及过去数据;目标仓位列 &-target_position 由 RouteCModel
    顺序推理填充。
    
    阶段 2.5.2a 改造(工作包 B):
    - 订单类型改为 market(入场/退出均市场订单):成交价由回测器/交易所决定,
      回测中市场单以执行 bar 的 open 成交(backtesting.py:1039-1057 仅 limit
      分支调用 custom_entry_price;:596 exit_signal 的 close_rate=row[OPEN_IDX];
      :551-567 信号 shift(1)),与环境 market_open_causal 合同在
      simulated_slippage_bps=0 时逐笔对齐;
    - 移除 custom_entry_price / custom_exit_price / _route_c_bars 执行 K 线
      high/low 缓存(阶段 2.5.2 bar 内调价合同依赖执行 K 线最终 high/low,
      属未来信息,已废弃为 legacy_noncausal_not_for_training);
    - simulated_slippage_bps 只属于训练与离线压力环境,不得改变 live 市场订单
      价格;Freqtrade live 使用交易所真实回报价格;
    - amount_epsilon 与 RouteCModel 从同一最终配置 freqai.route_c.amount_epsilon
      读取(工作包 E),所有执行状态读取都通过 route_c_amount_epsilon 传参。
    
    保留(阶段 2.5.2 工作包 B):
    - live 只处理最新一行(signal_convert.latest_row_signals);
    - adjust_entry_price / adjust_exit_price 官方扩展点的目标反转取消
      (None = 取消且不替换);do_predict != 1 时维持挂单。
    
    成交时机完全交给 Freqtrade 回测引擎自身的 shift(1)(open[t+1]),
    本层不加额外 shift。
    """
    
    import sys
    from pathlib import Path
    
    from pandas import DataFrame
    
>   from freqtrade.enums import RunMode
E   ModuleNotFoundError: No module named 'freqtrade'

user_data/strategies/RouteCStrategy.py:35: ModuleNotFoundError
____________________ test_preplan_evaluator_smoke_artifact _____________________

tmp_path = PosixPath('/tmp/pytest-of-cryptorl/pytest-0/test_preplan_evaluator_smoke_a1')

    def test_preplan_evaluator_smoke_artifact(tmp_path):
        """§7:candidate_evaluator_integration_smoke 真实 artifact。"""
        from rl_curriculum.curriculum261_r9_preplan import (
            run_candidate_evaluator_integration_smoke_r9,
        )
    
>       report = run_candidate_evaluator_integration_smoke_r9(
            tmp_path, n_blocks=2)

tests/route_c_stage2_6_1/test_curriculum261_r9_integration.py:116: 
_ _ _ _ _ _ _ _ _ _ _ _ _ _ _ _ _ _ _ _ _ _ _ _ _ _ _ _ _ _ _ _ _ _ _ _ _ _ _ _ 
src/rl_curriculum/curriculum261_r9_preplan.py:92: in run_candidate_evaluator_integration_smoke_r9
    blocks = [generate_matched_block_with_attempts(
src/rl_curriculum/curriculum261_r9_preplan.py:92: in <listcomp>
    blocks = [generate_matched_block_with_attempts(
src/rl_curriculum/curriculum261_r6_tape.py:393: in generate_matched_block_with_attempts
    episodes = generate_matched_block_once(
src/rl_curriculum/curriculum261_r6_tape.py:246: in generate_matched_block_once
    sides[side] = gen.generate(
src/rl_curriculum/generator_api.py:186: in generate
    df = self._attach_features(df)
         ^^^^^^^^^^^^^^^^^^^^^^^^^
src/rl_curriculum/curriculum261_api.py:1267: in _attach_features
    return attach_production_features(df)
           ^^^^^^^^^^^^^^^^^^^^^^^^^^^^^^
src/rl_curriculum/curriculum261_production_obs.py:160: in attach_production_features
    cls = load_route_c_strategy_class()
          ^^^^^^^^^^^^^^^^^^^^^^^^^^^^^
src/rl_curriculum/curriculum261_production_obs.py:124: in load_route_c_strategy_class
    spec.loader.exec_module(module)
<frozen importlib._bootstrap_external>:940: in exec_module
    ???
<frozen importlib._bootstrap>:241: in _call_with_frames_removed
    ???
_ _ _ _ _ _ _ _ _ _ _ _ _ _ _ _ _ _ _ _ _ _ _ _ _ _ _ _ _ _ _ _ _ _ _ _ _ _ _ _ 

    """阶段 2.5.2a 路线 C:Freqtrade 策略薄适配层(execution_mode=market_open_causal)。
    
    特征:少量因果特征(收益/滚动波动率/价格相对均值/原始 OHLC 供环境用),
    全部只使用当前及过去数据;目标仓位列 &-target_position 由 RouteCModel
    顺序推理填充。
    
    阶段 2.5.2a 改造(工作包 B):
    - 订单类型改为 market(入场/退出均市场订单):成交价由回测器/交易所决定,
      回测中市场单以执行 bar 的 open 成交(backtesting.py:1039-1057 仅 limit
      分支调用 custom_entry_price;:596 exit_signal 的 close_rate=row[OPEN_IDX];
      :551-567 信号 shift(1)),与环境 market_open_causal 合同在
      simulated_slippage_bps=0 时逐笔对齐;
    - 移除 custom_entry_price / custom_exit_price / _route_c_bars 执行 K 线
      high/low 缓存(阶段 2.5.2 bar 内调价合同依赖执行 K 线最终 high/low,
      属未来信息,已废弃为 legacy_noncausal_not_for_training);
    - simulated_slippage_bps 只属于训练与离线压力环境,不得改变 live 市场订单
      价格;Freqtrade live 使用交易所真实回报价格;
    - amount_epsilon 与 RouteCModel 从同一最终配置 freqai.route_c.amount_epsilon
      读取(工作包 E),所有执行状态读取都通过 route_c_amount_epsilon 传参。
    
    保留(阶段 2.5.2 工作包 B):
    - live 只处理最新一行(signal_convert.latest_row_signals);
    - adjust_entry_price / adjust_exit_price 官方扩展点的目标反转取消
      (None = 取消且不替换);do_predict != 1 时维持挂单。
    
    成交时机完全交给 Freqtrade 回测引擎自身的 shift(1)(open[t+1]),
    本层不加额外 shift。
    """
    
    import sys
    from pathlib import Path
    
    from pandas import DataFrame
    
>   from freqtrade.enums import RunMode
E   ModuleNotFoundError: No module named 'freqtrade'

user_data/strategies/RouteCStrategy.py:35: ModuleNotFoundError
______________________ test_preplan_rehearsal_end_to_end _______________________

tmp_path = PosixPath('/tmp/pytest-of-cryptorl/pytest-0/test_preplan_rehearsal_end_to_1')

    def test_preplan_rehearsal_end_to_end(tmp_path):
        """§9:完整工程 rehearsal(真实 evaluator/writer/mini audit/
        marker;全部非正式 namespace)。"""
        from rl_curriculum.curriculum261_r9_preplan import (
            run_preplan_rehearsal_r9,
        )
    
>       report = run_preplan_rehearsal_r9(tmp_path)
                 ^^^^^^^^^^^^^^^^^^^^^^^^^^^^^^^^^^

tests/route_c_stage2_6_1/test_curriculum261_r9_integration.py:331: 
_ _ _ _ _ _ _ _ _ _ _ _ _ _ _ _ _ _ _ _ _ _ _ _ _ _ _ _ _ _ _ _ _ _ _ _ _ _ _ _ 
src/rl_curriculum/curriculum261_r9_preplan.py:405: in run_preplan_rehearsal_r9
    mini_audit = run_cue_contract_audit(
src/rl_curriculum/curriculum261_r9_cue_contract.py:459: in run_cue_contract_audit
    episodes = generate_matched_block_once(
src/rl_curriculum/curriculum261_r6_tape.py:246: in generate_matched_block_once
    sides[side] = gen.generate(
src/rl_curriculum/generator_api.py:186: in generate
    df = self._attach_features(df)
         ^^^^^^^^^^^^^^^^^^^^^^^^^
src/rl_curriculum/curriculum261_api.py:1267: in _attach_features
    return attach_production_features(df)
           ^^^^^^^^^^^^^^^^^^^^^^^^^^^^^^
src/rl_curriculum/curriculum261_production_obs.py:160: in attach_production_features
    cls = load_route_c_strategy_class()
          ^^^^^^^^^^^^^^^^^^^^^^^^^^^^^
src/rl_curriculum/curriculum261_production_obs.py:124: in load_route_c_strategy_class
    spec.loader.exec_module(module)
<frozen importlib._bootstrap_external>:940: in exec_module
    ???
<frozen importlib._bootstrap>:241: in _call_with_frames_removed
    ???
_ _ _ _ _ _ _ _ _ _ _ _ _ _ _ _ _ _ _ _ _ _ _ _ _ _ _ _ _ _ _ _ _ _ _ _ _ _ _ _ 

    """阶段 2.5.2a 路线 C:Freqtrade 策略薄适配层(execution_mode=market_open_causal)。
    
    特征:少量因果特征(收益/滚动波动率/价格相对均值/原始 OHLC 供环境用),
    全部只使用当前及过去数据;目标仓位列 &-target_position 由 RouteCModel
    顺序推理填充。
    
    阶段 2.5.2a 改造(工作包 B):
    - 订单类型改为 market(入场/退出均市场订单):成交价由回测器/交易所决定,
      回测中市场单以执行 bar 的 open 成交(backtesting.py:1039-1057 仅 limit
      分支调用 custom_entry_price;:596 exit_signal 的 close_rate=row[OPEN_IDX];
      :551-567 信号 shift(1)),与环境 market_open_causal 合同在
      simulated_slippage_bps=0 时逐笔对齐;
    - 移除 custom_entry_price / custom_exit_price / _route_c_bars 执行 K 线
      high/low 缓存(阶段 2.5.2 bar 内调价合同依赖执行 K 线最终 high/low,
      属未来信息,已废弃为 legacy_noncausal_not_for_training);
    - simulated_slippage_bps 只属于训练与离线压力环境,不得改变 live 市场订单
      价格;Freqtrade live 使用交易所真实回报价格;
    - amount_epsilon 与 RouteCModel 从同一最终配置 freqai.route_c.amount_epsilon
      读取(工作包 E),所有执行状态读取都通过 route_c_amount_epsilon 传参。
    
    保留(阶段 2.5.2 工作包 B):
    - live 只处理最新一行(signal_convert.latest_row_signals);
    - adjust_entry_price / adjust_exit_price 官方扩展点的目标反转取消
      (None = 取消且不替换);do_predict != 1 时维持挂单。
    
    成交时机完全交给 Freqtrade 回测引擎自身的 shift(1)(open[t+1]),
    本层不加额外 shift。
    """
    
    import sys
    from pathlib import Path
    
    from pandas import DataFrame
    
>   from freqtrade.enums import RunMode
E   ModuleNotFoundError: No module named 'freqtrade'

user_data/strategies/RouteCStrategy.py:35: ModuleNotFoundError
______________ test_replay_block_matches_real_generator_episodes _______________

    def test_replay_block_matches_real_generator_episodes():
        """完整链路:block seed → 真实生成 → replay 反解对拍 ≤1e-12。"""
        for bi in range(2):
            block_seed = derive261_block_seed(NS, bi + 50, 0)
>           episodes = generate_matched_block_once(LADDER, block_seed, NS)
                       ^^^^^^^^^^^^^^^^^^^^^^^^^^^^^^^^^^^^^^^^^^^^^^^^^^^

tests/route_c_stage2_6_1/test_curriculum261_r9_noise_replay.py:120: 
_ _ _ _ _ _ _ _ _ _ _ _ _ _ _ _ _ _ _ _ _ _ _ _ _ _ _ _ _ _ _ _ _ _ _ _ _ _ _ _ 
src/rl_curriculum/curriculum261_r6_tape.py:246: in generate_matched_block_once
    sides[side] = gen.generate(
src/rl_curriculum/generator_api.py:186: in generate
    df = self._attach_features(df)
         ^^^^^^^^^^^^^^^^^^^^^^^^^
src/rl_curriculum/curriculum261_api.py:1267: in _attach_features
    return attach_production_features(df)
           ^^^^^^^^^^^^^^^^^^^^^^^^^^^^^^
src/rl_curriculum/curriculum261_production_obs.py:160: in attach_production_features
    cls = load_route_c_strategy_class()
          ^^^^^^^^^^^^^^^^^^^^^^^^^^^^^
src/rl_curriculum/curriculum261_production_obs.py:124: in load_route_c_strategy_class
    spec.loader.exec_module(module)
<frozen importlib._bootstrap_external>:940: in exec_module
    ???
<frozen importlib._bootstrap>:241: in _call_with_frames_removed
    ???
_ _ _ _ _ _ _ _ _ _ _ _ _ _ _ _ _ _ _ _ _ _ _ _ _ _ _ _ _ _ _ _ _ _ _ _ _ _ _ _ 

    """阶段 2.5.2a 路线 C:Freqtrade 策略薄适配层(execution_mode=market_open_causal)。
    
    特征:少量因果特征(收益/滚动波动率/价格相对均值/原始 OHLC 供环境用),
    全部只使用当前及过去数据;目标仓位列 &-target_position 由 RouteCModel
    顺序推理填充。
    
    阶段 2.5.2a 改造(工作包 B):
    - 订单类型改为 market(入场/退出均市场订单):成交价由回测器/交易所决定,
      回测中市场单以执行 bar 的 open 成交(backtesting.py:1039-1057 仅 limit
      分支调用 custom_entry_price;:596 exit_signal 的 close_rate=row[OPEN_IDX];
      :551-567 信号 shift(1)),与环境 market_open_causal 合同在
      simulated_slippage_bps=0 时逐笔对齐;
    - 移除 custom_entry_price / custom_exit_price / _route_c_bars 执行 K 线
      high/low 缓存(阶段 2.5.2 bar 内调价合同依赖执行 K 线最终 high/low,
      属未来信息,已废弃为 legacy_noncausal_not_for_training);
    - simulated_slippage_bps 只属于训练与离线压力环境,不得改变 live 市场订单
      价格;Freqtrade live 使用交易所真实回报价格;
    - amount_epsilon 与 RouteCModel 从同一最终配置 freqai.route_c.amount_epsilon
      读取(工作包 E),所有执行状态读取都通过 route_c_amount_epsilon 传参。
    
    保留(阶段 2.5.2 工作包 B):
    - live 只处理最新一行(signal_convert.latest_row_signals);
    - adjust_entry_price / adjust_exit_price 官方扩展点的目标反转取消
      (None = 取消且不替换);do_predict != 1 时维持挂单。
    
    成交时机完全交给 Freqtrade 回测引擎自身的 shift(1)(open[t+1]),
    本层不加额外 shift。
    """
    
    import sys
    from pathlib import Path
    
    from pandas import DataFrame
    
>   from freqtrade.enums import RunMode
E   ModuleNotFoundError: No module named 'freqtrade'

user_data/strategies/RouteCStrategy.py:35: ModuleNotFoundError
_______________ test_cue_event_trace_k_and_bounds_on_real_blocks _______________

    def test_cue_event_trace_k_and_bounds_on_real_blocks():
        """per-event K 提取 + 修正边界逐事件成立 + aggregate 复算。"""
        events = []
        for bi in range(3):
            block_seed = derive261_block_seed(NS, bi + 60, 0)
>           episodes = generate_matched_block_once(LADDER, block_seed, NS)
                       ^^^^^^^^^^^^^^^^^^^^^^^^^^^^^^^^^^^^^^^^^^^^^^^^^^^

tests/route_c_stage2_6_1/test_curriculum261_r9_noise_replay.py:136: 
_ _ _ _ _ _ _ _ _ _ _ _ _ _ _ _ _ _ _ _ _ _ _ _ _ _ _ _ _ _ _ _ _ _ _ _ _ _ _ _ 
src/rl_curriculum/curriculum261_r6_tape.py:246: in generate_matched_block_once
    sides[side] = gen.generate(
src/rl_curriculum/generator_api.py:186: in generate
    df = self._attach_features(df)
         ^^^^^^^^^^^^^^^^^^^^^^^^^
src/rl_curriculum/curriculum261_api.py:1267: in _attach_features
    return attach_production_features(df)
           ^^^^^^^^^^^^^^^^^^^^^^^^^^^^^^
src/rl_curriculum/curriculum261_production_obs.py:160: in attach_production_features
    cls = load_route_c_strategy_class()
          ^^^^^^^^^^^^^^^^^^^^^^^^^^^^^
src/rl_curriculum/curriculum261_production_obs.py:124: in load_route_c_strategy_class
    spec.loader.exec_module(module)
<frozen importlib._bootstrap_external>:940: in exec_module
    ???
<frozen importlib._bootstrap>:241: in _call_with_frames_removed
    ???
_ _ _ _ _ _ _ _ _ _ _ _ _ _ _ _ _ _ _ _ _ _ _ _ _ _ _ _ _ _ _ _ _ _ _ _ _ _ _ _ 

    """阶段 2.5.2a 路线 C:Freqtrade 策略薄适配层(execution_mode=market_open_causal)。
    
    特征:少量因果特征(收益/滚动波动率/价格相对均值/原始 OHLC 供环境用),
    全部只使用当前及过去数据;目标仓位列 &-target_position 由 RouteCModel
    顺序推理填充。
    
    阶段 2.5.2a 改造(工作包 B):
    - 订单类型改为 market(入场/退出均市场订单):成交价由回测器/交易所决定,
      回测中市场单以执行 bar 的 open 成交(backtesting.py:1039-1057 仅 limit
      分支调用 custom_entry_price;:596 exit_signal 的 close_rate=row[OPEN_IDX];
      :551-567 信号 shift(1)),与环境 market_open_causal 合同在
      simulated_slippage_bps=0 时逐笔对齐;
    - 移除 custom_entry_price / custom_exit_price / _route_c_bars 执行 K 线
      high/low 缓存(阶段 2.5.2 bar 内调价合同依赖执行 K 线最终 high/low,
      属未来信息,已废弃为 legacy_noncausal_not_for_training);
    - simulated_slippage_bps 只属于训练与离线压力环境,不得改变 live 市场订单
      价格;Freqtrade live 使用交易所真实回报价格;
    - amount_epsilon 与 RouteCModel 从同一最终配置 freqai.route_c.amount_epsilon
      读取(工作包 E),所有执行状态读取都通过 route_c_amount_epsilon 传参。
    
    保留(阶段 2.5.2 工作包 B):
    - live 只处理最新一行(signal_convert.latest_row_signals);
    - adjust_entry_price / adjust_exit_price 官方扩展点的目标反转取消
      (None = 取消且不替换);do_predict != 1 时维持挂单。
    
    成交时机完全交给 Freqtrade 回测引擎自身的 shift(1)(open[t+1]),
    本层不加额外 shift。
    """
    
    import sys
    from pathlib import Path
    
    from pandas import DataFrame
    
>   from freqtrade.enums import RunMode
E   ModuleNotFoundError: No module named 'freqtrade'

user_data/strategies/RouteCStrategy.py:35: ModuleNotFoundError
________________________ test_prelock_static_preflight _________________________

tmp_path = PosixPath('/tmp/pytest-of-cryptorl/pytest-0/test_prelock_static_preflight2')
monkeypatch = <_pytest.monkeypatch.MonkeyPatch object at 0x75505c485390>

    def test_prelock_static_preflight(tmp_path, monkeypatch):
        from rl_curriculum.curriculum261_r9_preflight import (
            run_prelock_static_preflight_r9,
        )
    
        monkeypatch.setenv("CURRICULUM261_R9_LOCK_DIR", str(tmp_path / "lock"))
>       result = run_prelock_static_preflight_r9(
            tmp_path, "52bc96f4480b1a0da6a9b455bd00b17fbb6786a5")

tests/route_c_stage2_6_1/test_curriculum261_r9_preflight.py:24: 
_ _ _ _ _ _ _ _ _ _ _ _ _ _ _ _ _ _ _ _ _ _ _ _ _ _ _ _ _ _ _ _ _ _ _ _ _ _ _ _ 
src/rl_curriculum/curriculum261_r9_preflight.py:200: in run_prelock_static_preflight_r9
    checks["code_identity"] = _code_identity_digest_r9()
                              ^^^^^^^^^^^^^^^^^^^^^^^^^^
src/rl_curriculum/curriculum261_r9_preflight.py:84: in _code_identity_digest_r9
    ident = _code_identity_r9()
            ^^^^^^^^^^^^^^^^^^^
src/rl_curriculum/curriculum261_r9_plan.py:94: in _code_identity_r9
    ident = route_c_strategy_identity()
            ^^^^^^^^^^^^^^^^^^^^^^^^^^^
src/rl_curriculum/curriculum261_production_obs.py:141: in route_c_strategy_identity
    cls = load_route_c_strategy_class()
          ^^^^^^^^^^^^^^^^^^^^^^^^^^^^^
src/rl_curriculum/curriculum261_production_obs.py:124: in load_route_c_strategy_class
    spec.loader.exec_module(module)
<frozen importlib._bootstrap_external>:940: in exec_module
    ???
<frozen importlib._bootstrap>:241: in _call_with_frames_removed
    ???
_ _ _ _ _ _ _ _ _ _ _ _ _ _ _ _ _ _ _ _ _ _ _ _ _ _ _ _ _ _ _ _ _ _ _ _ _ _ _ _ 

    """阶段 2.5.2a 路线 C:Freqtrade 策略薄适配层(execution_mode=market_open_causal)。
    
    特征:少量因果特征(收益/滚动波动率/价格相对均值/原始 OHLC 供环境用),
    全部只使用当前及过去数据;目标仓位列 &-target_position 由 RouteCModel
    顺序推理填充。
    
    阶段 2.5.2a 改造(工作包 B):
    - 订单类型改为 market(入场/退出均市场订单):成交价由回测器/交易所决定,
      回测中市场单以执行 bar 的 open 成交(backtesting.py:1039-1057 仅 limit
      分支调用 custom_entry_price;:596 exit_signal 的 close_rate=row[OPEN_IDX];
      :551-567 信号 shift(1)),与环境 market_open_causal 合同在
      simulated_slippage_bps=0 时逐笔对齐;
    - 移除 custom_entry_price / custom_exit_price / _route_c_bars 执行 K 线
      high/low 缓存(阶段 2.5.2 bar 内调价合同依赖执行 K 线最终 high/low,
      属未来信息,已废弃为 legacy_noncausal_not_for_training);
    - simulated_slippage_bps 只属于训练与离线压力环境,不得改变 live 市场订单
      价格;Freqtrade live 使用交易所真实回报价格;
    - amount_epsilon 与 RouteCModel 从同一最终配置 freqai.route_c.amount_epsilon
      读取(工作包 E),所有执行状态读取都通过 route_c_amount_epsilon 传参。
    
    保留(阶段 2.5.2 工作包 B):
    - live 只处理最新一行(signal_convert.latest_row_signals);
    - adjust_entry_price / adjust_exit_price 官方扩展点的目标反转取消
      (None = 取消且不替换);do_predict != 1 时维持挂单。
    
    成交时机完全交给 Freqtrade 回测引擎自身的 shift(1)(open[t+1]),
    本层不加额外 shift。
    """
    
    import sys
    from pathlib import Path
    
    from pandas import DataFrame
    
>   from freqtrade.enums import RunMode
E   ModuleNotFoundError: No module named 'freqtrade'

user_data/strategies/RouteCStrategy.py:35: ModuleNotFoundError
______________________ test_cli_plan_roundtrip_subcommand ______________________

tmp_path = PosixPath('/tmp/pytest-of-cryptorl/pytest-0/test_cli_plan_roundtrip_subcom2')
monkeypatch = <_pytest.monkeypatch.MonkeyPatch object at 0x754f74d3f910>

    def test_cli_plan_roundtrip_subcommand(tmp_path, monkeypatch):
        """§8.3:CLI plan-roundtrip 在临时目录执行真实生产路径。"""
        import pathlib
    
        from rl_curriculum.curriculum261_r9_cli import main
    
        monkeypatch.setenv("CURRICULUM261_R9_LOCK_DIR",
                           str(tmp_path / "lock"))
        out = tmp_path / "art"
        _write_preplan_inputs(out)
>       rc = main(["plan-roundtrip", "--out-dir", str(out)])
             ^^^^^^^^^^^^^^^^^^^^^^^^^^^^^^^^^^^^^^^^^^^^^^^

tests/route_c_stage2_6_1/test_curriculum261_r9_preflight.py:100: 
_ _ _ _ _ _ _ _ _ _ _ _ _ _ _ _ _ _ _ _ _ _ _ _ _ _ _ _ _ _ _ _ _ _ _ _ _ _ _ _ 
src/rl_curriculum/curriculum261_r9_cli.py:1446: in main
    return handlers[args.cmd](args)
           ^^^^^^^^^^^^^^^^^^^^^^^^
src/rl_curriculum/curriculum261_r9_cli.py:592: in cmd_plan_roundtrip
    v2_contract_digest=preprocessing_v2_contract_digest(),
                       ^^^^^^^^^^^^^^^^^^^^^^^^^^^^^^^^^^
src/rl_curriculum/curriculum261_r4_preprocessing.py:681: in preprocessing_v2_contract_digest
    "strategy_identity": route_c_strategy_identity(),
                         ^^^^^^^^^^^^^^^^^^^^^^^^^^^
src/rl_curriculum/curriculum261_production_obs.py:141: in route_c_strategy_identity
    cls = load_route_c_strategy_class()
          ^^^^^^^^^^^^^^^^^^^^^^^^^^^^^
src/rl_curriculum/curriculum261_production_obs.py:124: in load_route_c_strategy_class
    spec.loader.exec_module(module)
<frozen importlib._bootstrap_external>:940: in exec_module
    ???
<frozen importlib._bootstrap>:241: in _call_with_frames_removed
    ???
_ _ _ _ _ _ _ _ _ _ _ _ _ _ _ _ _ _ _ _ _ _ _ _ _ _ _ _ _ _ _ _ _ _ _ _ _ _ _ _ 

    """阶段 2.5.2a 路线 C:Freqtrade 策略薄适配层(execution_mode=market_open_causal)。
    
    特征:少量因果特征(收益/滚动波动率/价格相对均值/原始 OHLC 供环境用),
    全部只使用当前及过去数据;目标仓位列 &-target_position 由 RouteCModel
    顺序推理填充。
    
    阶段 2.5.2a 改造(工作包 B):
    - 订单类型改为 market(入场/退出均市场订单):成交价由回测器/交易所决定,
      回测中市场单以执行 bar 的 open 成交(backtesting.py:1039-1057 仅 limit
      分支调用 custom_entry_price;:596 exit_signal 的 close_rate=row[OPEN_IDX];
      :551-567 信号 shift(1)),与环境 market_open_causal 合同在
      simulated_slippage_bps=0 时逐笔对齐;
    - 移除 custom_entry_price / custom_exit_price / _route_c_bars 执行 K 线
      high/low 缓存(阶段 2.5.2 bar 内调价合同依赖执行 K 线最终 high/low,
      属未来信息,已废弃为 legacy_noncausal_not_for_training);
    - simulated_slippage_bps 只属于训练与离线压力环境,不得改变 live 市场订单
      价格;Freqtrade live 使用交易所真实回报价格;
    - amount_epsilon 与 RouteCModel 从同一最终配置 freqai.route_c.amount_epsilon
      读取(工作包 E),所有执行状态读取都通过 route_c_amount_epsilon 传参。
    
    保留(阶段 2.5.2 工作包 B):
    - live 只处理最新一行(signal_convert.latest_row_signals);
    - adjust_entry_price / adjust_exit_price 官方扩展点的目标反转取消
      (None = 取消且不替换);do_predict != 1 时维持挂单。
    
    成交时机完全交给 Freqtrade 回测引擎自身的 shift(1)(open[t+1]),
    本层不加额外 shift。
    """
    
    import sys
    from pathlib import Path
    
    from pandas import DataFrame
    
>   from freqtrade.enums import RunMode
E   ModuleNotFoundError: No module named 'freqtrade'

user_data/strategies/RouteCStrategy.py:35: ModuleNotFoundError
_______ TestReproducibility.test_same_seed_same_episode[c1_opportunity] ________

self = <test_curriculum261_reproducibility.TestReproducibility object at 0x755050f4a0d0>
family = 'c1_opportunity'

    @pytest.mark.parametrize("family", FAMILIES)
    def test_same_seed_same_episode(self, family):
>       rec1 = generate_pair(family, "D1", 0, namespace="calibration_r2")
               ^^^^^^^^^^^^^^^^^^^^^^^^^^^^^^^^^^^^^^^^^^^^^^^^^^^^^^^^^^

tests/route_c_stage2_6_1/test_curriculum261_reproducibility.py:27: 
_ _ _ _ _ _ _ _ _ _ _ _ _ _ _ _ _ _ _ _ _ _ _ _ _ _ _ _ _ _ _ _ _ _ _ _ _ _ _ _ 
src/rl_curriculum/curriculum261_pairs.py:114: in generate_pair
    episodes, log = generate_pair_with_attempts(
src/rl_curriculum/curriculum261_api.py:1504: in generate_pair_with_attempts
    episodes[side] = generator.generate(
src/rl_curriculum/generator_api.py:186: in generate
    df = self._attach_features(df)
         ^^^^^^^^^^^^^^^^^^^^^^^^^
src/rl_curriculum/curriculum261_api.py:1267: in _attach_features
    return attach_production_features(df)
           ^^^^^^^^^^^^^^^^^^^^^^^^^^^^^^
src/rl_curriculum/curriculum261_production_obs.py:160: in attach_production_features
    cls = load_route_c_strategy_class()
          ^^^^^^^^^^^^^^^^^^^^^^^^^^^^^
src/rl_curriculum/curriculum261_production_obs.py:124: in load_route_c_strategy_class
    spec.loader.exec_module(module)
<frozen importlib._bootstrap_external>:940: in exec_module
    ???
<frozen importlib._bootstrap>:241: in _call_with_frames_removed
    ???
_ _ _ _ _ _ _ _ _ _ _ _ _ _ _ _ _ _ _ _ _ _ _ _ _ _ _ _ _ _ _ _ _ _ _ _ _ _ _ _ 

    """阶段 2.5.2a 路线 C:Freqtrade 策略薄适配层(execution_mode=market_open_causal)。
    
    特征:少量因果特征(收益/滚动波动率/价格相对均值/原始 OHLC 供环境用),
    全部只使用当前及过去数据;目标仓位列 &-target_position 由 RouteCModel
    顺序推理填充。
    
    阶段 2.5.2a 改造(工作包 B):
    - 订单类型改为 market(入场/退出均市场订单):成交价由回测器/交易所决定,
      回测中市场单以执行 bar 的 open 成交(backtesting.py:1039-1057 仅 limit
      分支调用 custom_entry_price;:596 exit_signal 的 close_rate=row[OPEN_IDX];
      :551-567 信号 shift(1)),与环境 market_open_causal 合同在
      simulated_slippage_bps=0 时逐笔对齐;
    - 移除 custom_entry_price / custom_exit_price / _route_c_bars 执行 K 线
      high/low 缓存(阶段 2.5.2 bar 内调价合同依赖执行 K 线最终 high/low,
      属未来信息,已废弃为 legacy_noncausal_not_for_training);
    - simulated_slippage_bps 只属于训练与离线压力环境,不得改变 live 市场订单
      价格;Freqtrade live 使用交易所真实回报价格;
    - amount_epsilon 与 RouteCModel 从同一最终配置 freqai.route_c.amount_epsilon
      读取(工作包 E),所有执行状态读取都通过 route_c_amount_epsilon 传参。
    
    保留(阶段 2.5.2 工作包 B):
    - live 只处理最新一行(signal_convert.latest_row_signals);
    - adjust_entry_price / adjust_exit_price 官方扩展点的目标反转取消
      (None = 取消且不替换);do_predict != 1 时维持挂单。
    
    成交时机完全交给 Freqtrade 回测引擎自身的 shift(1)(open[t+1]),
    本层不加额外 shift。
    """
    
    import sys
    from pathlib import Path
    
    from pandas import DataFrame
    
>   from freqtrade.enums import RunMode
E   ModuleNotFoundError: No module named 'freqtrade'

user_data/strategies/RouteCStrategy.py:35: ModuleNotFoundError
_________ TestReproducibility.test_same_seed_same_episode[c2_context] __________

self = <test_curriculum261_reproducibility.TestReproducibility object at 0x755050f4a210>
family = 'c2_context'

    @pytest.mark.parametrize("family", FAMILIES)
    def test_same_seed_same_episode(self, family):
>       rec1 = generate_pair(family, "D1", 0, namespace="calibration_r2")
               ^^^^^^^^^^^^^^^^^^^^^^^^^^^^^^^^^^^^^^^^^^^^^^^^^^^^^^^^^^

tests/route_c_stage2_6_1/test_curriculum261_reproducibility.py:27: 
_ _ _ _ _ _ _ _ _ _ _ _ _ _ _ _ _ _ _ _ _ _ _ _ _ _ _ _ _ _ _ _ _ _ _ _ _ _ _ _ 
src/rl_curriculum/curriculum261_pairs.py:114: in generate_pair
    episodes, log = generate_pair_with_attempts(
src/rl_curriculum/curriculum261_api.py:1504: in generate_pair_with_attempts
    episodes[side] = generator.generate(
src/rl_curriculum/generator_api.py:186: in generate
    df = self._attach_features(df)
         ^^^^^^^^^^^^^^^^^^^^^^^^^
src/rl_curriculum/curriculum261_api.py:1267: in _attach_features
    return attach_production_features(df)
           ^^^^^^^^^^^^^^^^^^^^^^^^^^^^^^
src/rl_curriculum/curriculum261_production_obs.py:160: in attach_production_features
    cls = load_route_c_strategy_class()
          ^^^^^^^^^^^^^^^^^^^^^^^^^^^^^
src/rl_curriculum/curriculum261_production_obs.py:124: in load_route_c_strategy_class
    spec.loader.exec_module(module)
<frozen importlib._bootstrap_external>:940: in exec_module
    ???
<frozen importlib._bootstrap>:241: in _call_with_frames_removed
    ???
_ _ _ _ _ _ _ _ _ _ _ _ _ _ _ _ _ _ _ _ _ _ _ _ _ _ _ _ _ _ _ _ _ _ _ _ _ _ _ _ 

    """阶段 2.5.2a 路线 C:Freqtrade 策略薄适配层(execution_mode=market_open_causal)。
    
    特征:少量因果特征(收益/滚动波动率/价格相对均值/原始 OHLC 供环境用),
    全部只使用当前及过去数据;目标仓位列 &-target_position 由 RouteCModel
    顺序推理填充。
    
    阶段 2.5.2a 改造(工作包 B):
    - 订单类型改为 market(入场/退出均市场订单):成交价由回测器/交易所决定,
      回测中市场单以执行 bar 的 open 成交(backtesting.py:1039-1057 仅 limit
      分支调用 custom_entry_price;:596 exit_signal 的 close_rate=row[OPEN_IDX];
      :551-567 信号 shift(1)),与环境 market_open_causal 合同在
      simulated_slippage_bps=0 时逐笔对齐;
    - 移除 custom_entry_price / custom_exit_price / _route_c_bars 执行 K 线
      high/low 缓存(阶段 2.5.2 bar 内调价合同依赖执行 K 线最终 high/low,
      属未来信息,已废弃为 legacy_noncausal_not_for_training);
    - simulated_slippage_bps 只属于训练与离线压力环境,不得改变 live 市场订单
      价格;Freqtrade live 使用交易所真实回报价格;
    - amount_epsilon 与 RouteCModel 从同一最终配置 freqai.route_c.amount_epsilon
      读取(工作包 E),所有执行状态读取都通过 route_c_amount_epsilon 传参。
    
    保留(阶段 2.5.2 工作包 B):
    - live 只处理最新一行(signal_convert.latest_row_signals);
    - adjust_entry_price / adjust_exit_price 官方扩展点的目标反转取消
      (None = 取消且不替换);do_predict != 1 时维持挂单。
    
    成交时机完全交给 Freqtrade 回测引擎自身的 shift(1)(open[t+1]),
    本层不加额外 shift。
    """
    
    import sys
    from pathlib import Path
    
    from pandas import DataFrame
    
>   from freqtrade.enums import RunMode
E   ModuleNotFoundError: No module named 'freqtrade'

user_data/strategies/RouteCStrategy.py:35: ModuleNotFoundError
___________ TestReproducibility.test_same_seed_same_episode[c3_cost] ___________

self = <test_curriculum261_reproducibility.TestReproducibility object at 0x755050f4a350>
family = 'c3_cost'

    @pytest.mark.parametrize("family", FAMILIES)
    def test_same_seed_same_episode(self, family):
>       rec1 = generate_pair(family, "D1", 0, namespace="calibration_r2")
               ^^^^^^^^^^^^^^^^^^^^^^^^^^^^^^^^^^^^^^^^^^^^^^^^^^^^^^^^^^

tests/route_c_stage2_6_1/test_curriculum261_reproducibility.py:27: 
_ _ _ _ _ _ _ _ _ _ _ _ _ _ _ _ _ _ _ _ _ _ _ _ _ _ _ _ _ _ _ _ _ _ _ _ _ _ _ _ 
src/rl_curriculum/curriculum261_pairs.py:114: in generate_pair
    episodes, log = generate_pair_with_attempts(
src/rl_curriculum/curriculum261_api.py:1504: in generate_pair_with_attempts
    episodes[side] = generator.generate(
src/rl_curriculum/generator_api.py:186: in generate
    df = self._attach_features(df)
         ^^^^^^^^^^^^^^^^^^^^^^^^^
src/rl_curriculum/curriculum261_api.py:1267: in _attach_features
    return attach_production_features(df)
           ^^^^^^^^^^^^^^^^^^^^^^^^^^^^^^
src/rl_curriculum/curriculum261_production_obs.py:160: in attach_production_features
    cls = load_route_c_strategy_class()
          ^^^^^^^^^^^^^^^^^^^^^^^^^^^^^
src/rl_curriculum/curriculum261_production_obs.py:124: in load_route_c_strategy_class
    spec.loader.exec_module(module)
<frozen importlib._bootstrap_external>:940: in exec_module
    ???
<frozen importlib._bootstrap>:241: in _call_with_frames_removed
    ???
_ _ _ _ _ _ _ _ _ _ _ _ _ _ _ _ _ _ _ _ _ _ _ _ _ _ _ _ _ _ _ _ _ _ _ _ _ _ _ _ 

    """阶段 2.5.2a 路线 C:Freqtrade 策略薄适配层(execution_mode=market_open_causal)。
    
    特征:少量因果特征(收益/滚动波动率/价格相对均值/原始 OHLC 供环境用),
    全部只使用当前及过去数据;目标仓位列 &-target_position 由 RouteCModel
    顺序推理填充。
    
    阶段 2.5.2a 改造(工作包 B):
    - 订单类型改为 market(入场/退出均市场订单):成交价由回测器/交易所决定,
      回测中市场单以执行 bar 的 open 成交(backtesting.py:1039-1057 仅 limit
      分支调用 custom_entry_price;:596 exit_signal 的 close_rate=row[OPEN_IDX];
      :551-567 信号 shift(1)),与环境 market_open_causal 合同在
      simulated_slippage_bps=0 时逐笔对齐;
    - 移除 custom_entry_price / custom_exit_price / _route_c_bars 执行 K 线
      high/low 缓存(阶段 2.5.2 bar 内调价合同依赖执行 K 线最终 high/low,
      属未来信息,已废弃为 legacy_noncausal_not_for_training);
    - simulated_slippage_bps 只属于训练与离线压力环境,不得改变 live 市场订单
      价格;Freqtrade live 使用交易所真实回报价格;
    - amount_epsilon 与 RouteCModel 从同一最终配置 freqai.route_c.amount_epsilon
      读取(工作包 E),所有执行状态读取都通过 route_c_amount_epsilon 传参。
    
    保留(阶段 2.5.2 工作包 B):
    - live 只处理最新一行(signal_convert.latest_row_signals);
    - adjust_entry_price / adjust_exit_price 官方扩展点的目标反转取消
      (None = 取消且不替换);do_predict != 1 时维持挂单。
    
    成交时机完全交给 Freqtrade 回测引擎自身的 shift(1)(open[t+1]),
    本层不加额外 shift。
    """
    
    import sys
    from pathlib import Path
    
    from pandas import DataFrame
    
>   from freqtrade.enums import RunMode
E   ModuleNotFoundError: No module named 'freqtrade'

user_data/strategies/RouteCStrategy.py:35: ModuleNotFoundError
__ TestReproducibility.test_different_seed_different_episode[c1_opportunity] ___

self = <test_curriculum261_reproducibility.TestReproducibility object at 0x755050f4ac10>
family = 'c1_opportunity'

    @pytest.mark.parametrize("family", FAMILIES)
    def test_different_seed_different_episode(self, family):
>       rec1 = generate_pair(family, "D1", 0, namespace="calibration_r2")
               ^^^^^^^^^^^^^^^^^^^^^^^^^^^^^^^^^^^^^^^^^^^^^^^^^^^^^^^^^^

tests/route_c_stage2_6_1/test_curriculum261_reproducibility.py:38: 
_ _ _ _ _ _ _ _ _ _ _ _ _ _ _ _ _ _ _ _ _ _ _ _ _ _ _ _ _ _ _ _ _ _ _ _ _ _ _ _ 
src/rl_curriculum/curriculum261_pairs.py:114: in generate_pair
    episodes, log = generate_pair_with_attempts(
src/rl_curriculum/curriculum261_api.py:1504: in generate_pair_with_attempts
    episodes[side] = generator.generate(
src/rl_curriculum/generator_api.py:186: in generate
    df = self._attach_features(df)
         ^^^^^^^^^^^^^^^^^^^^^^^^^
src/rl_curriculum/curriculum261_api.py:1267: in _attach_features
    return attach_production_features(df)
           ^^^^^^^^^^^^^^^^^^^^^^^^^^^^^^
src/rl_curriculum/curriculum261_production_obs.py:160: in attach_production_features
    cls = load_route_c_strategy_class()
          ^^^^^^^^^^^^^^^^^^^^^^^^^^^^^
src/rl_curriculum/curriculum261_production_obs.py:124: in load_route_c_strategy_class
    spec.loader.exec_module(module)
<frozen importlib._bootstrap_external>:940: in exec_module
    ???
<frozen importlib._bootstrap>:241: in _call_with_frames_removed
    ???
_ _ _ _ _ _ _ _ _ _ _ _ _ _ _ _ _ _ _ _ _ _ _ _ _ _ _ _ _ _ _ _ _ _ _ _ _ _ _ _ 

    """阶段 2.5.2a 路线 C:Freqtrade 策略薄适配层(execution_mode=market_open_causal)。
    
    特征:少量因果特征(收益/滚动波动率/价格相对均值/原始 OHLC 供环境用),
    全部只使用当前及过去数据;目标仓位列 &-target_position 由 RouteCModel
    顺序推理填充。
    
    阶段 2.5.2a 改造(工作包 B):
    - 订单类型改为 market(入场/退出均市场订单):成交价由回测器/交易所决定,
      回测中市场单以执行 bar 的 open 成交(backtesting.py:1039-1057 仅 limit
      分支调用 custom_entry_price;:596 exit_signal 的 close_rate=row[OPEN_IDX];
      :551-567 信号 shift(1)),与环境 market_open_causal 合同在
      simulated_slippage_bps=0 时逐笔对齐;
    - 移除 custom_entry_price / custom_exit_price / _route_c_bars 执行 K 线
      high/low 缓存(阶段 2.5.2 bar 内调价合同依赖执行 K 线最终 high/low,
      属未来信息,已废弃为 legacy_noncausal_not_for_training);
    - simulated_slippage_bps 只属于训练与离线压力环境,不得改变 live 市场订单
      价格;Freqtrade live 使用交易所真实回报价格;
    - amount_epsilon 与 RouteCModel 从同一最终配置 freqai.route_c.amount_epsilon
      读取(工作包 E),所有执行状态读取都通过 route_c_amount_epsilon 传参。
    
    保留(阶段 2.5.2 工作包 B):
    - live 只处理最新一行(signal_convert.latest_row_signals);
    - adjust_entry_price / adjust_exit_price 官方扩展点的目标反转取消
      (None = 取消且不替换);do_predict != 1 时维持挂单。
    
    成交时机完全交给 Freqtrade 回测引擎自身的 shift(1)(open[t+1]),
    本层不加额外 shift。
    """
    
    import sys
    from pathlib import Path
    
    from pandas import DataFrame
    
>   from freqtrade.enums import RunMode
E   ModuleNotFoundError: No module named 'freqtrade'

user_data/strategies/RouteCStrategy.py:35: ModuleNotFoundError
____ TestReproducibility.test_different_seed_different_episode[c2_context] _____

self = <test_curriculum261_reproducibility.TestReproducibility object at 0x755050f4ad50>
family = 'c2_context'

    @pytest.mark.parametrize("family", FAMILIES)
    def test_different_seed_different_episode(self, family):
>       rec1 = generate_pair(family, "D1", 0, namespace="calibration_r2")
               ^^^^^^^^^^^^^^^^^^^^^^^^^^^^^^^^^^^^^^^^^^^^^^^^^^^^^^^^^^

tests/route_c_stage2_6_1/test_curriculum261_reproducibility.py:38: 
_ _ _ _ _ _ _ _ _ _ _ _ _ _ _ _ _ _ _ _ _ _ _ _ _ _ _ _ _ _ _ _ _ _ _ _ _ _ _ _ 
src/rl_curriculum/curriculum261_pairs.py:114: in generate_pair
    episodes, log = generate_pair_with_attempts(
src/rl_curriculum/curriculum261_api.py:1504: in generate_pair_with_attempts
    episodes[side] = generator.generate(
src/rl_curriculum/generator_api.py:186: in generate
    df = self._attach_features(df)
         ^^^^^^^^^^^^^^^^^^^^^^^^^
src/rl_curriculum/curriculum261_api.py:1267: in _attach_features
    return attach_production_features(df)
           ^^^^^^^^^^^^^^^^^^^^^^^^^^^^^^
src/rl_curriculum/curriculum261_production_obs.py:160: in attach_production_features
    cls = load_route_c_strategy_class()
          ^^^^^^^^^^^^^^^^^^^^^^^^^^^^^
src/rl_curriculum/curriculum261_production_obs.py:124: in load_route_c_strategy_class
    spec.loader.exec_module(module)
<frozen importlib._bootstrap_external>:940: in exec_module
    ???
<frozen importlib._bootstrap>:241: in _call_with_frames_removed
    ???
_ _ _ _ _ _ _ _ _ _ _ _ _ _ _ _ _ _ _ _ _ _ _ _ _ _ _ _ _ _ _ _ _ _ _ _ _ _ _ _ 

    """阶段 2.5.2a 路线 C:Freqtrade 策略薄适配层(execution_mode=market_open_causal)。
    
    特征:少量因果特征(收益/滚动波动率/价格相对均值/原始 OHLC 供环境用),
    全部只使用当前及过去数据;目标仓位列 &-target_position 由 RouteCModel
    顺序推理填充。
    
    阶段 2.5.2a 改造(工作包 B):
    - 订单类型改为 market(入场/退出均市场订单):成交价由回测器/交易所决定,
      回测中市场单以执行 bar 的 open 成交(backtesting.py:1039-1057 仅 limit
      分支调用 custom_entry_price;:596 exit_signal 的 close_rate=row[OPEN_IDX];
      :551-567 信号 shift(1)),与环境 market_open_causal 合同在
      simulated_slippage_bps=0 时逐笔对齐;
    - 移除 custom_entry_price / custom_exit_price / _route_c_bars 执行 K 线
      high/low 缓存(阶段 2.5.2 bar 内调价合同依赖执行 K 线最终 high/low,
      属未来信息,已废弃为 legacy_noncausal_not_for_training);
    - simulated_slippage_bps 只属于训练与离线压力环境,不得改变 live 市场订单
      价格;Freqtrade live 使用交易所真实回报价格;
    - amount_epsilon 与 RouteCModel 从同一最终配置 freqai.route_c.amount_epsilon
      读取(工作包 E),所有执行状态读取都通过 route_c_amount_epsilon 传参。
    
    保留(阶段 2.5.2 工作包 B):
    - live 只处理最新一行(signal_convert.latest_row_signals);
    - adjust_entry_price / adjust_exit_price 官方扩展点的目标反转取消
      (None = 取消且不替换);do_predict != 1 时维持挂单。
    
    成交时机完全交给 Freqtrade 回测引擎自身的 shift(1)(open[t+1]),
    本层不加额外 shift。
    """
    
    import sys
    from pathlib import Path
    
    from pandas import DataFrame
    
>   from freqtrade.enums import RunMode
E   ModuleNotFoundError: No module named 'freqtrade'

user_data/strategies/RouteCStrategy.py:35: ModuleNotFoundError
______ TestReproducibility.test_different_seed_different_episode[c3_cost] ______

self = <test_curriculum261_reproducibility.TestReproducibility object at 0x755050f4ae90>
family = 'c3_cost'

    @pytest.mark.parametrize("family", FAMILIES)
    def test_different_seed_different_episode(self, family):
>       rec1 = generate_pair(family, "D1", 0, namespace="calibration_r2")
               ^^^^^^^^^^^^^^^^^^^^^^^^^^^^^^^^^^^^^^^^^^^^^^^^^^^^^^^^^^

tests/route_c_stage2_6_1/test_curriculum261_reproducibility.py:38: 
_ _ _ _ _ _ _ _ _ _ _ _ _ _ _ _ _ _ _ _ _ _ _ _ _ _ _ _ _ _ _ _ _ _ _ _ _ _ _ _ 
src/rl_curriculum/curriculum261_pairs.py:114: in generate_pair
    episodes, log = generate_pair_with_attempts(
src/rl_curriculum/curriculum261_api.py:1504: in generate_pair_with_attempts
    episodes[side] = generator.generate(
src/rl_curriculum/generator_api.py:186: in generate
    df = self._attach_features(df)
         ^^^^^^^^^^^^^^^^^^^^^^^^^
src/rl_curriculum/curriculum261_api.py:1267: in _attach_features
    return attach_production_features(df)
           ^^^^^^^^^^^^^^^^^^^^^^^^^^^^^^
src/rl_curriculum/curriculum261_production_obs.py:160: in attach_production_features
    cls = load_route_c_strategy_class()
          ^^^^^^^^^^^^^^^^^^^^^^^^^^^^^
src/rl_curriculum/curriculum261_production_obs.py:124: in load_route_c_strategy_class
    spec.loader.exec_module(module)
<frozen importlib._bootstrap_external>:940: in exec_module
    ???
<frozen importlib._bootstrap>:241: in _call_with_frames_removed
    ???
_ _ _ _ _ _ _ _ _ _ _ _ _ _ _ _ _ _ _ _ _ _ _ _ _ _ _ _ _ _ _ _ _ _ _ _ _ _ _ _ 

    """阶段 2.5.2a 路线 C:Freqtrade 策略薄适配层(execution_mode=market_open_causal)。
    
    特征:少量因果特征(收益/滚动波动率/价格相对均值/原始 OHLC 供环境用),
    全部只使用当前及过去数据;目标仓位列 &-target_position 由 RouteCModel
    顺序推理填充。
    
    阶段 2.5.2a 改造(工作包 B):
    - 订单类型改为 market(入场/退出均市场订单):成交价由回测器/交易所决定,
      回测中市场单以执行 bar 的 open 成交(backtesting.py:1039-1057 仅 limit
      分支调用 custom_entry_price;:596 exit_signal 的 close_rate=row[OPEN_IDX];
      :551-567 信号 shift(1)),与环境 market_open_causal 合同在
      simulated_slippage_bps=0 时逐笔对齐;
    - 移除 custom_entry_price / custom_exit_price / _route_c_bars 执行 K 线
      high/low 缓存(阶段 2.5.2 bar 内调价合同依赖执行 K 线最终 high/low,
      属未来信息,已废弃为 legacy_noncausal_not_for_training);
    - simulated_slippage_bps 只属于训练与离线压力环境,不得改变 live 市场订单
      价格;Freqtrade live 使用交易所真实回报价格;
    - amount_epsilon 与 RouteCModel 从同一最终配置 freqai.route_c.amount_epsilon
      读取(工作包 E),所有执行状态读取都通过 route_c_amount_epsilon 传参。
    
    保留(阶段 2.5.2 工作包 B):
    - live 只处理最新一行(signal_convert.latest_row_signals);
    - adjust_entry_price / adjust_exit_price 官方扩展点的目标反转取消
      (None = 取消且不替换);do_predict != 1 时维持挂单。
    
    成交时机完全交给 Freqtrade 回测引擎自身的 shift(1)(open[t+1]),
    本层不加额外 shift。
    """
    
    import sys
    from pathlib import Path
    
    from pandas import DataFrame
    
>   from freqtrade.enums import RunMode
E   ModuleNotFoundError: No module named 'freqtrade'

user_data/strategies/RouteCStrategy.py:35: ModuleNotFoundError
___ TestReproducibility.test_check_reproducibility_passes[c1_opportunity-D1] ___

self = <test_curriculum261_reproducibility.TestReproducibility object at 0x755050f58390>
family = 'c1_opportunity', rung = 'D1'

    @pytest.mark.parametrize("family,rung",
                             [(f, r) for f in FAMILIES for r in
                              ("D1", "D3")])
    def test_check_reproducibility_passes(self, family, rung):
>       result = check_reproducibility(family, rung, 0, "calibration")
                 ^^^^^^^^^^^^^^^^^^^^^^^^^^^^^^^^^^^^^^^^^^^^^^^^^^^^^

tests/route_c_stage2_6_1/test_curriculum261_reproducibility.py:46: 
_ _ _ _ _ _ _ _ _ _ _ _ _ _ _ _ _ _ _ _ _ _ _ _ _ _ _ _ _ _ _ _ _ _ _ _ _ _ _ _ 
src/rl_curriculum/curriculum261_qualification.py:370: in check_reproducibility
    rec1 = generate_pair(family, rung, pair_index, namespace=namespace)
           ^^^^^^^^^^^^^^^^^^^^^^^^^^^^^^^^^^^^^^^^^^^^^^^^^^^^^^^^^^^^
src/rl_curriculum/curriculum261_pairs.py:114: in generate_pair
    episodes, log = generate_pair_with_attempts(
src/rl_curriculum/curriculum261_api.py:1504: in generate_pair_with_attempts
    episodes[side] = generator.generate(
src/rl_curriculum/generator_api.py:186: in generate
    df = self._attach_features(df)
         ^^^^^^^^^^^^^^^^^^^^^^^^^
src/rl_curriculum/curriculum261_api.py:1267: in _attach_features
    return attach_production_features(df)
           ^^^^^^^^^^^^^^^^^^^^^^^^^^^^^^
src/rl_curriculum/curriculum261_production_obs.py:160: in attach_production_features
    cls = load_route_c_strategy_class()
          ^^^^^^^^^^^^^^^^^^^^^^^^^^^^^
src/rl_curriculum/curriculum261_production_obs.py:124: in load_route_c_strategy_class
    spec.loader.exec_module(module)
<frozen importlib._bootstrap_external>:940: in exec_module
    ???
<frozen importlib._bootstrap>:241: in _call_with_frames_removed
    ???
_ _ _ _ _ _ _ _ _ _ _ _ _ _ _ _ _ _ _ _ _ _ _ _ _ _ _ _ _ _ _ _ _ _ _ _ _ _ _ _ 

    """阶段 2.5.2a 路线 C:Freqtrade 策略薄适配层(execution_mode=market_open_causal)。
    
    特征:少量因果特征(收益/滚动波动率/价格相对均值/原始 OHLC 供环境用),
    全部只使用当前及过去数据;目标仓位列 &-target_position 由 RouteCModel
    顺序推理填充。
    
    阶段 2.5.2a 改造(工作包 B):
    - 订单类型改为 market(入场/退出均市场订单):成交价由回测器/交易所决定,
      回测中市场单以执行 bar 的 open 成交(backtesting.py:1039-1057 仅 limit
      分支调用 custom_entry_price;:596 exit_signal 的 close_rate=row[OPEN_IDX];
      :551-567 信号 shift(1)),与环境 market_open_causal 合同在
      simulated_slippage_bps=0 时逐笔对齐;
    - 移除 custom_entry_price / custom_exit_price / _route_c_bars 执行 K 线
      high/low 缓存(阶段 2.5.2 bar 内调价合同依赖执行 K 线最终 high/low,
      属未来信息,已废弃为 legacy_noncausal_not_for_training);
    - simulated_slippage_bps 只属于训练与离线压力环境,不得改变 live 市场订单
      价格;Freqtrade live 使用交易所真实回报价格;
    - amount_epsilon 与 RouteCModel 从同一最终配置 freqai.route_c.amount_epsilon
      读取(工作包 E),所有执行状态读取都通过 route_c_amount_epsilon 传参。
    
    保留(阶段 2.5.2 工作包 B):
    - live 只处理最新一行(signal_convert.latest_row_signals);
    - adjust_entry_price / adjust_exit_price 官方扩展点的目标反转取消
      (None = 取消且不替换);do_predict != 1 时维持挂单。
    
    成交时机完全交给 Freqtrade 回测引擎自身的 shift(1)(open[t+1]),
    本层不加额外 shift。
    """
    
    import sys
    from pathlib import Path
    
    from pandas import DataFrame
    
>   from freqtrade.enums import RunMode
E   ModuleNotFoundError: No module named 'freqtrade'

user_data/strategies/RouteCStrategy.py:35: ModuleNotFoundError
___ TestReproducibility.test_check_reproducibility_passes[c1_opportunity-D3] ___

self = <test_curriculum261_reproducibility.TestReproducibility object at 0x755050f585d0>
family = 'c1_opportunity', rung = 'D3'

    @pytest.mark.parametrize("family,rung",
                             [(f, r) for f in FAMILIES for r in
                              ("D1", "D3")])
    def test_check_reproducibility_passes(self, family, rung):
>       result = check_reproducibility(family, rung, 0, "calibration")
                 ^^^^^^^^^^^^^^^^^^^^^^^^^^^^^^^^^^^^^^^^^^^^^^^^^^^^^

tests/route_c_stage2_6_1/test_curriculum261_reproducibility.py:46: 
_ _ _ _ _ _ _ _ _ _ _ _ _ _ _ _ _ _ _ _ _ _ _ _ _ _ _ _ _ _ _ _ _ _ _ _ _ _ _ _ 
src/rl_curriculum/curriculum261_qualification.py:370: in check_reproducibility
    rec1 = generate_pair(family, rung, pair_index, namespace=namespace)
           ^^^^^^^^^^^^^^^^^^^^^^^^^^^^^^^^^^^^^^^^^^^^^^^^^^^^^^^^^^^^
src/rl_curriculum/curriculum261_pairs.py:114: in generate_pair
    episodes, log = generate_pair_with_attempts(
src/rl_curriculum/curriculum261_api.py:1504: in generate_pair_with_attempts
    episodes[side] = generator.generate(
src/rl_curriculum/generator_api.py:186: in generate
    df = self._attach_features(df)
         ^^^^^^^^^^^^^^^^^^^^^^^^^
src/rl_curriculum/curriculum261_api.py:1267: in _attach_features
    return attach_production_features(df)
           ^^^^^^^^^^^^^^^^^^^^^^^^^^^^^^
src/rl_curriculum/curriculum261_production_obs.py:160: in attach_production_features
    cls = load_route_c_strategy_class()
          ^^^^^^^^^^^^^^^^^^^^^^^^^^^^^
src/rl_curriculum/curriculum261_production_obs.py:124: in load_route_c_strategy_class
    spec.loader.exec_module(module)
<frozen importlib._bootstrap_external>:940: in exec_module
    ???
<frozen importlib._bootstrap>:241: in _call_with_frames_removed
    ???
_ _ _ _ _ _ _ _ _ _ _ _ _ _ _ _ _ _ _ _ _ _ _ _ _ _ _ _ _ _ _ _ _ _ _ _ _ _ _ _ 

    """阶段 2.5.2a 路线 C:Freqtrade 策略薄适配层(execution_mode=market_open_causal)。
    
    特征:少量因果特征(收益/滚动波动率/价格相对均值/原始 OHLC 供环境用),
    全部只使用当前及过去数据;目标仓位列 &-target_position 由 RouteCModel
    顺序推理填充。
    
    阶段 2.5.2a 改造(工作包 B):
    - 订单类型改为 market(入场/退出均市场订单):成交价由回测器/交易所决定,
      回测中市场单以执行 bar 的 open 成交(backtesting.py:1039-1057 仅 limit
      分支调用 custom_entry_price;:596 exit_signal 的 close_rate=row[OPEN_IDX];
      :551-567 信号 shift(1)),与环境 market_open_causal 合同在
      simulated_slippage_bps=0 时逐笔对齐;
    - 移除 custom_entry_price / custom_exit_price / _route_c_bars 执行 K 线
      high/low 缓存(阶段 2.5.2 bar 内调价合同依赖执行 K 线最终 high/low,
      属未来信息,已废弃为 legacy_noncausal_not_for_training);
    - simulated_slippage_bps 只属于训练与离线压力环境,不得改变 live 市场订单
      价格;Freqtrade live 使用交易所真实回报价格;
    - amount_epsilon 与 RouteCModel 从同一最终配置 freqai.route_c.amount_epsilon
      读取(工作包 E),所有执行状态读取都通过 route_c_amount_epsilon 传参。
    
    保留(阶段 2.5.2 工作包 B):
    - live 只处理最新一行(signal_convert.latest_row_signals);
    - adjust_entry_price / adjust_exit_price 官方扩展点的目标反转取消
      (None = 取消且不替换);do_predict != 1 时维持挂单。
    
    成交时机完全交给 Freqtrade 回测引擎自身的 shift(1)(open[t+1]),
    本层不加额外 shift。
    """
    
    import sys
    from pathlib import Path
    
    from pandas import DataFrame
    
>   from freqtrade.enums import RunMode
E   ModuleNotFoundError: No module named 'freqtrade'

user_data/strategies/RouteCStrategy.py:35: ModuleNotFoundError
_____ TestReproducibility.test_check_reproducibility_passes[c2_context-D1] _____

self = <test_curriculum261_reproducibility.TestReproducibility object at 0x755050f58810>
family = 'c2_context', rung = 'D1'

    @pytest.mark.parametrize("family,rung",
                             [(f, r) for f in FAMILIES for r in
                              ("D1", "D3")])
    def test_check_reproducibility_passes(self, family, rung):
>       result = check_reproducibility(family, rung, 0, "calibration")
                 ^^^^^^^^^^^^^^^^^^^^^^^^^^^^^^^^^^^^^^^^^^^^^^^^^^^^^

tests/route_c_stage2_6_1/test_curriculum261_reproducibility.py:46: 
_ _ _ _ _ _ _ _ _ _ _ _ _ _ _ _ _ _ _ _ _ _ _ _ _ _ _ _ _ _ _ _ _ _ _ _ _ _ _ _ 
src/rl_curriculum/curriculum261_qualification.py:370: in check_reproducibility
    rec1 = generate_pair(family, rung, pair_index, namespace=namespace)
           ^^^^^^^^^^^^^^^^^^^^^^^^^^^^^^^^^^^^^^^^^^^^^^^^^^^^^^^^^^^^
src/rl_curriculum/curriculum261_pairs.py:114: in generate_pair
    episodes, log = generate_pair_with_attempts(
src/rl_curriculum/curriculum261_api.py:1504: in generate_pair_with_attempts
    episodes[side] = generator.generate(
src/rl_curriculum/generator_api.py:186: in generate
    df = self._attach_features(df)
         ^^^^^^^^^^^^^^^^^^^^^^^^^
src/rl_curriculum/curriculum261_api.py:1267: in _attach_features
    return attach_production_features(df)
           ^^^^^^^^^^^^^^^^^^^^^^^^^^^^^^
src/rl_curriculum/curriculum261_production_obs.py:160: in attach_production_features
    cls = load_route_c_strategy_class()
          ^^^^^^^^^^^^^^^^^^^^^^^^^^^^^
src/rl_curriculum/curriculum261_production_obs.py:124: in load_route_c_strategy_class
    spec.loader.exec_module(module)
<frozen importlib._bootstrap_external>:940: in exec_module
    ???
<frozen importlib._bootstrap>:241: in _call_with_frames_removed
    ???
_ _ _ _ _ _ _ _ _ _ _ _ _ _ _ _ _ _ _ _ _ _ _ _ _ _ _ _ _ _ _ _ _ _ _ _ _ _ _ _ 

    """阶段 2.5.2a 路线 C:Freqtrade 策略薄适配层(execution_mode=market_open_causal)。
    
    特征:少量因果特征(收益/滚动波动率/价格相对均值/原始 OHLC 供环境用),
    全部只使用当前及过去数据;目标仓位列 &-target_position 由 RouteCModel
    顺序推理填充。
    
    阶段 2.5.2a 改造(工作包 B):
    - 订单类型改为 market(入场/退出均市场订单):成交价由回测器/交易所决定,
      回测中市场单以执行 bar 的 open 成交(backtesting.py:1039-1057 仅 limit
      分支调用 custom_entry_price;:596 exit_signal 的 close_rate=row[OPEN_IDX];
      :551-567 信号 shift(1)),与环境 market_open_causal 合同在
      simulated_slippage_bps=0 时逐笔对齐;
    - 移除 custom_entry_price / custom_exit_price / _route_c_bars 执行 K 线
      high/low 缓存(阶段 2.5.2 bar 内调价合同依赖执行 K 线最终 high/low,
      属未来信息,已废弃为 legacy_noncausal_not_for_training);
    - simulated_slippage_bps 只属于训练与离线压力环境,不得改变 live 市场订单
      价格;Freqtrade live 使用交易所真实回报价格;
    - amount_epsilon 与 RouteCModel 从同一最终配置 freqai.route_c.amount_epsilon
      读取(工作包 E),所有执行状态读取都通过 route_c_amount_epsilon 传参。
    
    保留(阶段 2.5.2 工作包 B):
    - live 只处理最新一行(signal_convert.latest_row_signals);
    - adjust_entry_price / adjust_exit_price 官方扩展点的目标反转取消
      (None = 取消且不替换);do_predict != 1 时维持挂单。
    
    成交时机完全交给 Freqtrade 回测引擎自身的 shift(1)(open[t+1]),
    本层不加额外 shift。
    """
    
    import sys
    from pathlib import Path
    
    from pandas import DataFrame
    
>   from freqtrade.enums import RunMode
E   ModuleNotFoundError: No module named 'freqtrade'

user_data/strategies/RouteCStrategy.py:35: ModuleNotFoundError
_____ TestReproducibility.test_check_reproducibility_passes[c2_context-D3] _____

self = <test_curriculum261_reproducibility.TestReproducibility object at 0x755050f58a50>
family = 'c2_context', rung = 'D3'

    @pytest.mark.parametrize("family,rung",
                             [(f, r) for f in FAMILIES for r in
                              ("D1", "D3")])
    def test_check_reproducibility_passes(self, family, rung):
>       result = check_reproducibility(family, rung, 0, "calibration")
                 ^^^^^^^^^^^^^^^^^^^^^^^^^^^^^^^^^^^^^^^^^^^^^^^^^^^^^

tests/route_c_stage2_6_1/test_curriculum261_reproducibility.py:46: 
_ _ _ _ _ _ _ _ _ _ _ _ _ _ _ _ _ _ _ _ _ _ _ _ _ _ _ _ _ _ _ _ _ _ _ _ _ _ _ _ 
src/rl_curriculum/curriculum261_qualification.py:370: in check_reproducibility
    rec1 = generate_pair(family, rung, pair_index, namespace=namespace)
           ^^^^^^^^^^^^^^^^^^^^^^^^^^^^^^^^^^^^^^^^^^^^^^^^^^^^^^^^^^^^
src/rl_curriculum/curriculum261_pairs.py:114: in generate_pair
    episodes, log = generate_pair_with_attempts(
src/rl_curriculum/curriculum261_api.py:1504: in generate_pair_with_attempts
    episodes[side] = generator.generate(
src/rl_curriculum/generator_api.py:186: in generate
    df = self._attach_features(df)
         ^^^^^^^^^^^^^^^^^^^^^^^^^
src/rl_curriculum/curriculum261_api.py:1267: in _attach_features
    return attach_production_features(df)
           ^^^^^^^^^^^^^^^^^^^^^^^^^^^^^^
src/rl_curriculum/curriculum261_production_obs.py:160: in attach_production_features
    cls = load_route_c_strategy_class()
          ^^^^^^^^^^^^^^^^^^^^^^^^^^^^^
src/rl_curriculum/curriculum261_production_obs.py:124: in load_route_c_strategy_class
    spec.loader.exec_module(module)
<frozen importlib._bootstrap_external>:940: in exec_module
    ???
<frozen importlib._bootstrap>:241: in _call_with_frames_removed
    ???
_ _ _ _ _ _ _ _ _ _ _ _ _ _ _ _ _ _ _ _ _ _ _ _ _ _ _ _ _ _ _ _ _ _ _ _ _ _ _ _ 

    """阶段 2.5.2a 路线 C:Freqtrade 策略薄适配层(execution_mode=market_open_causal)。
    
    特征:少量因果特征(收益/滚动波动率/价格相对均值/原始 OHLC 供环境用),
    全部只使用当前及过去数据;目标仓位列 &-target_position 由 RouteCModel
    顺序推理填充。
    
    阶段 2.5.2a 改造(工作包 B):
    - 订单类型改为 market(入场/退出均市场订单):成交价由回测器/交易所决定,
      回测中市场单以执行 bar 的 open 成交(backtesting.py:1039-1057 仅 limit
      分支调用 custom_entry_price;:596 exit_signal 的 close_rate=row[OPEN_IDX];
      :551-567 信号 shift(1)),与环境 market_open_causal 合同在
      simulated_slippage_bps=0 时逐笔对齐;
    - 移除 custom_entry_price / custom_exit_price / _route_c_bars 执行 K 线
      high/low 缓存(阶段 2.5.2 bar 内调价合同依赖执行 K 线最终 high/low,
      属未来信息,已废弃为 legacy_noncausal_not_for_training);
    - simulated_slippage_bps 只属于训练与离线压力环境,不得改变 live 市场订单
      价格;Freqtrade live 使用交易所真实回报价格;
    - amount_epsilon 与 RouteCModel 从同一最终配置 freqai.route_c.amount_epsilon
      读取(工作包 E),所有执行状态读取都通过 route_c_amount_epsilon 传参。
    
    保留(阶段 2.5.2 工作包 B):
    - live 只处理最新一行(signal_convert.latest_row_signals);
    - adjust_entry_price / adjust_exit_price 官方扩展点的目标反转取消
      (None = 取消且不替换);do_predict != 1 时维持挂单。
    
    成交时机完全交给 Freqtrade 回测引擎自身的 shift(1)(open[t+1]),
    本层不加额外 shift。
    """
    
    import sys
    from pathlib import Path
    
    from pandas import DataFrame
    
>   from freqtrade.enums import RunMode
E   ModuleNotFoundError: No module named 'freqtrade'

user_data/strategies/RouteCStrategy.py:35: ModuleNotFoundError
______ TestReproducibility.test_check_reproducibility_passes[c3_cost-D1] _______

self = <test_curriculum261_reproducibility.TestReproducibility object at 0x755050f58c90>
family = 'c3_cost', rung = 'D1'

    @pytest.mark.parametrize("family,rung",
                             [(f, r) for f in FAMILIES for r in
                              ("D1", "D3")])
    def test_check_reproducibility_passes(self, family, rung):
>       result = check_reproducibility(family, rung, 0, "calibration")
                 ^^^^^^^^^^^^^^^^^^^^^^^^^^^^^^^^^^^^^^^^^^^^^^^^^^^^^

tests/route_c_stage2_6_1/test_curriculum261_reproducibility.py:46: 
_ _ _ _ _ _ _ _ _ _ _ _ _ _ _ _ _ _ _ _ _ _ _ _ _ _ _ _ _ _ _ _ _ _ _ _ _ _ _ _ 
src/rl_curriculum/curriculum261_qualification.py:370: in check_reproducibility
    rec1 = generate_pair(family, rung, pair_index, namespace=namespace)
           ^^^^^^^^^^^^^^^^^^^^^^^^^^^^^^^^^^^^^^^^^^^^^^^^^^^^^^^^^^^^
src/rl_curriculum/curriculum261_pairs.py:114: in generate_pair
    episodes, log = generate_pair_with_attempts(
src/rl_curriculum/curriculum261_api.py:1504: in generate_pair_with_attempts
    episodes[side] = generator.generate(
src/rl_curriculum/generator_api.py:186: in generate
    df = self._attach_features(df)
         ^^^^^^^^^^^^^^^^^^^^^^^^^
src/rl_curriculum/curriculum261_api.py:1267: in _attach_features
    return attach_production_features(df)
           ^^^^^^^^^^^^^^^^^^^^^^^^^^^^^^
src/rl_curriculum/curriculum261_production_obs.py:160: in attach_production_features
    cls = load_route_c_strategy_class()
          ^^^^^^^^^^^^^^^^^^^^^^^^^^^^^
src/rl_curriculum/curriculum261_production_obs.py:124: in load_route_c_strategy_class
    spec.loader.exec_module(module)
<frozen importlib._bootstrap_external>:940: in exec_module
    ???
<frozen importlib._bootstrap>:241: in _call_with_frames_removed
    ???
_ _ _ _ _ _ _ _ _ _ _ _ _ _ _ _ _ _ _ _ _ _ _ _ _ _ _ _ _ _ _ _ _ _ _ _ _ _ _ _ 

    """阶段 2.5.2a 路线 C:Freqtrade 策略薄适配层(execution_mode=market_open_causal)。
    
    特征:少量因果特征(收益/滚动波动率/价格相对均值/原始 OHLC 供环境用),
    全部只使用当前及过去数据;目标仓位列 &-target_position 由 RouteCModel
    顺序推理填充。
    
    阶段 2.5.2a 改造(工作包 B):
    - 订单类型改为 market(入场/退出均市场订单):成交价由回测器/交易所决定,
      回测中市场单以执行 bar 的 open 成交(backtesting.py:1039-1057 仅 limit
      分支调用 custom_entry_price;:596 exit_signal 的 close_rate=row[OPEN_IDX];
      :551-567 信号 shift(1)),与环境 market_open_causal 合同在
      simulated_slippage_bps=0 时逐笔对齐;
    - 移除 custom_entry_price / custom_exit_price / _route_c_bars 执行 K 线
      high/low 缓存(阶段 2.5.2 bar 内调价合同依赖执行 K 线最终 high/low,
      属未来信息,已废弃为 legacy_noncausal_not_for_training);
    - simulated_slippage_bps 只属于训练与离线压力环境,不得改变 live 市场订单
      价格;Freqtrade live 使用交易所真实回报价格;
    - amount_epsilon 与 RouteCModel 从同一最终配置 freqai.route_c.amount_epsilon
      读取(工作包 E),所有执行状态读取都通过 route_c_amount_epsilon 传参。
    
    保留(阶段 2.5.2 工作包 B):
    - live 只处理最新一行(signal_convert.latest_row_signals);
    - adjust_entry_price / adjust_exit_price 官方扩展点的目标反转取消
      (None = 取消且不替换);do_predict != 1 时维持挂单。
    
    成交时机完全交给 Freqtrade 回测引擎自身的 shift(1)(open[t+1]),
    本层不加额外 shift。
    """
    
    import sys
    from pathlib import Path
    
    from pandas import DataFrame
    
>   from freqtrade.enums import RunMode
E   ModuleNotFoundError: No module named 'freqtrade'

user_data/strategies/RouteCStrategy.py:35: ModuleNotFoundError
______ TestReproducibility.test_check_reproducibility_passes[c3_cost-D3] _______

self = <test_curriculum261_reproducibility.TestReproducibility object at 0x755050f58ed0>
family = 'c3_cost', rung = 'D3'

    @pytest.mark.parametrize("family,rung",
                             [(f, r) for f in FAMILIES for r in
                              ("D1", "D3")])
    def test_check_reproducibility_passes(self, family, rung):
>       result = check_reproducibility(family, rung, 0, "calibration")
                 ^^^^^^^^^^^^^^^^^^^^^^^^^^^^^^^^^^^^^^^^^^^^^^^^^^^^^

tests/route_c_stage2_6_1/test_curriculum261_reproducibility.py:46: 
_ _ _ _ _ _ _ _ _ _ _ _ _ _ _ _ _ _ _ _ _ _ _ _ _ _ _ _ _ _ _ _ _ _ _ _ _ _ _ _ 
src/rl_curriculum/curriculum261_qualification.py:370: in check_reproducibility
    rec1 = generate_pair(family, rung, pair_index, namespace=namespace)
           ^^^^^^^^^^^^^^^^^^^^^^^^^^^^^^^^^^^^^^^^^^^^^^^^^^^^^^^^^^^^
src/rl_curriculum/curriculum261_pairs.py:114: in generate_pair
    episodes, log = generate_pair_with_attempts(
src/rl_curriculum/curriculum261_api.py:1504: in generate_pair_with_attempts
    episodes[side] = generator.generate(
src/rl_curriculum/generator_api.py:186: in generate
    df = self._attach_features(df)
         ^^^^^^^^^^^^^^^^^^^^^^^^^
src/rl_curriculum/curriculum261_api.py:1267: in _attach_features
    return attach_production_features(df)
           ^^^^^^^^^^^^^^^^^^^^^^^^^^^^^^
src/rl_curriculum/curriculum261_production_obs.py:160: in attach_production_features
    cls = load_route_c_strategy_class()
          ^^^^^^^^^^^^^^^^^^^^^^^^^^^^^
src/rl_curriculum/curriculum261_production_obs.py:124: in load_route_c_strategy_class
    spec.loader.exec_module(module)
<frozen importlib._bootstrap_external>:940: in exec_module
    ???
<frozen importlib._bootstrap>:241: in _call_with_frames_removed
    ???
_ _ _ _ _ _ _ _ _ _ _ _ _ _ _ _ _ _ _ _ _ _ _ _ _ _ _ _ _ _ _ _ _ _ _ _ _ _ _ _ 

    """阶段 2.5.2a 路线 C:Freqtrade 策略薄适配层(execution_mode=market_open_causal)。
    
    特征:少量因果特征(收益/滚动波动率/价格相对均值/原始 OHLC 供环境用),
    全部只使用当前及过去数据;目标仓位列 &-target_position 由 RouteCModel
    顺序推理填充。
    
    阶段 2.5.2a 改造(工作包 B):
    - 订单类型改为 market(入场/退出均市场订单):成交价由回测器/交易所决定,
      回测中市场单以执行 bar 的 open 成交(backtesting.py:1039-1057 仅 limit
      分支调用 custom_entry_price;:596 exit_signal 的 close_rate=row[OPEN_IDX];
      :551-567 信号 shift(1)),与环境 market_open_causal 合同在
      simulated_slippage_bps=0 时逐笔对齐;
    - 移除 custom_entry_price / custom_exit_price / _route_c_bars 执行 K 线
      high/low 缓存(阶段 2.5.2 bar 内调价合同依赖执行 K 线最终 high/low,
      属未来信息,已废弃为 legacy_noncausal_not_for_training);
    - simulated_slippage_bps 只属于训练与离线压力环境,不得改变 live 市场订单
      价格;Freqtrade live 使用交易所真实回报价格;
    - amount_epsilon 与 RouteCModel 从同一最终配置 freqai.route_c.amount_epsilon
      读取(工作包 E),所有执行状态读取都通过 route_c_amount_epsilon 传参。
    
    保留(阶段 2.5.2 工作包 B):
    - live 只处理最新一行(signal_convert.latest_row_signals);
    - adjust_entry_price / adjust_exit_price 官方扩展点的目标反转取消
      (None = 取消且不替换);do_predict != 1 时维持挂单。
    
    成交时机完全交给 Freqtrade 回测引擎自身的 shift(1)(open[t+1]),
    本层不加额外 shift。
    """
    
    import sys
    from pathlib import Path
    
    from pandas import DataFrame
    
>   from freqtrade.enums import RunMode
E   ModuleNotFoundError: No module named 'freqtrade'

user_data/strategies/RouteCStrategy.py:35: ModuleNotFoundError
_________________ TestReproducibility.test_fresh_seed_validity _________________

self = <test_curriculum261_reproducibility.TestReproducibility object at 0x755050f593d0>

    def test_fresh_seed_validity(self):
        result = check_fresh_seed_validity(8)
>       assert result["pass"], result
E       AssertionError: {'n_checks': 8, 'n_valid': 0, 'details': [{'family': 'c1_opportunity', 'rung': 'D0', 'valid': False, 'error': "No modu...e'"}, {'family': 'c3_cost', 'rung': 'D1', 'valid': False, 'error': "No module named 'freqtrade'"}, ...], 'pass': False}
E       assert False

tests/route_c_stage2_6_1/test_curriculum261_reproducibility.py:51: AssertionError
____ TestEpisodeContract.test_episode_length_and_timeframe[c1_opportunity] _____

self = <test_curriculum261_reproducibility.TestEpisodeContract object at 0x755050f5be90>
family = 'c1_opportunity'

    @pytest.mark.parametrize("family", FAMILIES)
    def test_episode_length_and_timeframe(self, family):
>       rec = generate_pair(family, "D2", 0, namespace="calibration_r2")
              ^^^^^^^^^^^^^^^^^^^^^^^^^^^^^^^^^^^^^^^^^^^^^^^^^^^^^^^^^^

tests/route_c_stage2_6_1/test_curriculum261_reproducibility.py:117: 
_ _ _ _ _ _ _ _ _ _ _ _ _ _ _ _ _ _ _ _ _ _ _ _ _ _ _ _ _ _ _ _ _ _ _ _ _ _ _ _ 
src/rl_curriculum/curriculum261_pairs.py:114: in generate_pair
    episodes, log = generate_pair_with_attempts(
src/rl_curriculum/curriculum261_api.py:1504: in generate_pair_with_attempts
    episodes[side] = generator.generate(
src/rl_curriculum/generator_api.py:186: in generate
    df = self._attach_features(df)
         ^^^^^^^^^^^^^^^^^^^^^^^^^
src/rl_curriculum/curriculum261_api.py:1267: in _attach_features
    return attach_production_features(df)
           ^^^^^^^^^^^^^^^^^^^^^^^^^^^^^^
src/rl_curriculum/curriculum261_production_obs.py:160: in attach_production_features
    cls = load_route_c_strategy_class()
          ^^^^^^^^^^^^^^^^^^^^^^^^^^^^^
src/rl_curriculum/curriculum261_production_obs.py:124: in load_route_c_strategy_class
    spec.loader.exec_module(module)
<frozen importlib._bootstrap_external>:940: in exec_module
    ???
<frozen importlib._bootstrap>:241: in _call_with_frames_removed
    ???
_ _ _ _ _ _ _ _ _ _ _ _ _ _ _ _ _ _ _ _ _ _ _ _ _ _ _ _ _ _ _ _ _ _ _ _ _ _ _ _ 

    """阶段 2.5.2a 路线 C:Freqtrade 策略薄适配层(execution_mode=market_open_causal)。
    
    特征:少量因果特征(收益/滚动波动率/价格相对均值/原始 OHLC 供环境用),
    全部只使用当前及过去数据;目标仓位列 &-target_position 由 RouteCModel
    顺序推理填充。
    
    阶段 2.5.2a 改造(工作包 B):
    - 订单类型改为 market(入场/退出均市场订单):成交价由回测器/交易所决定,
      回测中市场单以执行 bar 的 open 成交(backtesting.py:1039-1057 仅 limit
      分支调用 custom_entry_price;:596 exit_signal 的 close_rate=row[OPEN_IDX];
      :551-567 信号 shift(1)),与环境 market_open_causal 合同在
      simulated_slippage_bps=0 时逐笔对齐;
    - 移除 custom_entry_price / custom_exit_price / _route_c_bars 执行 K 线
      high/low 缓存(阶段 2.5.2 bar 内调价合同依赖执行 K 线最终 high/low,
      属未来信息,已废弃为 legacy_noncausal_not_for_training);
    - simulated_slippage_bps 只属于训练与离线压力环境,不得改变 live 市场订单
      价格;Freqtrade live 使用交易所真实回报价格;
    - amount_epsilon 与 RouteCModel 从同一最终配置 freqai.route_c.amount_epsilon
      读取(工作包 E),所有执行状态读取都通过 route_c_amount_epsilon 传参。
    
    保留(阶段 2.5.2 工作包 B):
    - live 只处理最新一行(signal_convert.latest_row_signals);
    - adjust_entry_price / adjust_exit_price 官方扩展点的目标反转取消
      (None = 取消且不替换);do_predict != 1 时维持挂单。
    
    成交时机完全交给 Freqtrade 回测引擎自身的 shift(1)(open[t+1]),
    本层不加额外 shift。
    """
    
    import sys
    from pathlib import Path
    
    from pandas import DataFrame
    
>   from freqtrade.enums import RunMode
E   ModuleNotFoundError: No module named 'freqtrade'

user_data/strategies/RouteCStrategy.py:35: ModuleNotFoundError
______ TestEpisodeContract.test_episode_length_and_timeframe[c2_context] _______

self = <test_curriculum261_reproducibility.TestEpisodeContract object at 0x755050f68110>
family = 'c2_context'

    @pytest.mark.parametrize("family", FAMILIES)
    def test_episode_length_and_timeframe(self, family):
>       rec = generate_pair(family, "D2", 0, namespace="calibration_r2")
              ^^^^^^^^^^^^^^^^^^^^^^^^^^^^^^^^^^^^^^^^^^^^^^^^^^^^^^^^^^

tests/route_c_stage2_6_1/test_curriculum261_reproducibility.py:117: 
_ _ _ _ _ _ _ _ _ _ _ _ _ _ _ _ _ _ _ _ _ _ _ _ _ _ _ _ _ _ _ _ _ _ _ _ _ _ _ _ 
src/rl_curriculum/curriculum261_pairs.py:114: in generate_pair
    episodes, log = generate_pair_with_attempts(
src/rl_curriculum/curriculum261_api.py:1504: in generate_pair_with_attempts
    episodes[side] = generator.generate(
src/rl_curriculum/generator_api.py:186: in generate
    df = self._attach_features(df)
         ^^^^^^^^^^^^^^^^^^^^^^^^^
src/rl_curriculum/curriculum261_api.py:1267: in _attach_features
    return attach_production_features(df)
           ^^^^^^^^^^^^^^^^^^^^^^^^^^^^^^
src/rl_curriculum/curriculum261_production_obs.py:160: in attach_production_features
    cls = load_route_c_strategy_class()
          ^^^^^^^^^^^^^^^^^^^^^^^^^^^^^
src/rl_curriculum/curriculum261_production_obs.py:124: in load_route_c_strategy_class
    spec.loader.exec_module(module)
<frozen importlib._bootstrap_external>:940: in exec_module
    ???
<frozen importlib._bootstrap>:241: in _call_with_frames_removed
    ???
_ _ _ _ _ _ _ _ _ _ _ _ _ _ _ _ _ _ _ _ _ _ _ _ _ _ _ _ _ _ _ _ _ _ _ _ _ _ _ _ 

    """阶段 2.5.2a 路线 C:Freqtrade 策略薄适配层(execution_mode=market_open_causal)。
    
    特征:少量因果特征(收益/滚动波动率/价格相对均值/原始 OHLC 供环境用),
    全部只使用当前及过去数据;目标仓位列 &-target_position 由 RouteCModel
    顺序推理填充。
    
    阶段 2.5.2a 改造(工作包 B):
    - 订单类型改为 market(入场/退出均市场订单):成交价由回测器/交易所决定,
      回测中市场单以执行 bar 的 open 成交(backtesting.py:1039-1057 仅 limit
      分支调用 custom_entry_price;:596 exit_signal 的 close_rate=row[OPEN_IDX];
      :551-567 信号 shift(1)),与环境 market_open_causal 合同在
      simulated_slippage_bps=0 时逐笔对齐;
    - 移除 custom_entry_price / custom_exit_price / _route_c_bars 执行 K 线
      high/low 缓存(阶段 2.5.2 bar 内调价合同依赖执行 K 线最终 high/low,
      属未来信息,已废弃为 legacy_noncausal_not_for_training);
    - simulated_slippage_bps 只属于训练与离线压力环境,不得改变 live 市场订单
      价格;Freqtrade live 使用交易所真实回报价格;
    - amount_epsilon 与 RouteCModel 从同一最终配置 freqai.route_c.amount_epsilon
      读取(工作包 E),所有执行状态读取都通过 route_c_amount_epsilon 传参。
    
    保留(阶段 2.5.2 工作包 B):
    - live 只处理最新一行(signal_convert.latest_row_signals);
    - adjust_entry_price / adjust_exit_price 官方扩展点的目标反转取消
      (None = 取消且不替换);do_predict != 1 时维持挂单。
    
    成交时机完全交给 Freqtrade 回测引擎自身的 shift(1)(open[t+1]),
    本层不加额外 shift。
    """
    
    import sys
    from pathlib import Path
    
    from pandas import DataFrame
    
>   from freqtrade.enums import RunMode
E   ModuleNotFoundError: No module named 'freqtrade'

user_data/strategies/RouteCStrategy.py:35: ModuleNotFoundError
________ TestEpisodeContract.test_episode_length_and_timeframe[c3_cost] ________

self = <test_curriculum261_reproducibility.TestEpisodeContract object at 0x755050f68350>
family = 'c3_cost'

    @pytest.mark.parametrize("family", FAMILIES)
    def test_episode_length_and_timeframe(self, family):
>       rec = generate_pair(family, "D2", 0, namespace="calibration_r2")
              ^^^^^^^^^^^^^^^^^^^^^^^^^^^^^^^^^^^^^^^^^^^^^^^^^^^^^^^^^^

tests/route_c_stage2_6_1/test_curriculum261_reproducibility.py:117: 
_ _ _ _ _ _ _ _ _ _ _ _ _ _ _ _ _ _ _ _ _ _ _ _ _ _ _ _ _ _ _ _ _ _ _ _ _ _ _ _ 
src/rl_curriculum/curriculum261_pairs.py:114: in generate_pair
    episodes, log = generate_pair_with_attempts(
src/rl_curriculum/curriculum261_api.py:1504: in generate_pair_with_attempts
    episodes[side] = generator.generate(
src/rl_curriculum/generator_api.py:186: in generate
    df = self._attach_features(df)
         ^^^^^^^^^^^^^^^^^^^^^^^^^
src/rl_curriculum/curriculum261_api.py:1267: in _attach_features
    return attach_production_features(df)
           ^^^^^^^^^^^^^^^^^^^^^^^^^^^^^^
src/rl_curriculum/curriculum261_production_obs.py:160: in attach_production_features
    cls = load_route_c_strategy_class()
          ^^^^^^^^^^^^^^^^^^^^^^^^^^^^^
src/rl_curriculum/curriculum261_production_obs.py:124: in load_route_c_strategy_class
    spec.loader.exec_module(module)
<frozen importlib._bootstrap_external>:940: in exec_module
    ???
<frozen importlib._bootstrap>:241: in _call_with_frames_removed
    ???
_ _ _ _ _ _ _ _ _ _ _ _ _ _ _ _ _ _ _ _ _ _ _ _ _ _ _ _ _ _ _ _ _ _ _ _ _ _ _ _ 

    """阶段 2.5.2a 路线 C:Freqtrade 策略薄适配层(execution_mode=market_open_causal)。
    
    特征:少量因果特征(收益/滚动波动率/价格相对均值/原始 OHLC 供环境用),
    全部只使用当前及过去数据;目标仓位列 &-target_position 由 RouteCModel
    顺序推理填充。
    
    阶段 2.5.2a 改造(工作包 B):
    - 订单类型改为 market(入场/退出均市场订单):成交价由回测器/交易所决定,
      回测中市场单以执行 bar 的 open 成交(backtesting.py:1039-1057 仅 limit
      分支调用 custom_entry_price;:596 exit_signal 的 close_rate=row[OPEN_IDX];
      :551-567 信号 shift(1)),与环境 market_open_causal 合同在
      simulated_slippage_bps=0 时逐笔对齐;
    - 移除 custom_entry_price / custom_exit_price / _route_c_bars 执行 K 线
      high/low 缓存(阶段 2.5.2 bar 内调价合同依赖执行 K 线最终 high/low,
      属未来信息,已废弃为 legacy_noncausal_not_for_training);
    - simulated_slippage_bps 只属于训练与离线压力环境,不得改变 live 市场订单
      价格;Freqtrade live 使用交易所真实回报价格;
    - amount_epsilon 与 RouteCModel 从同一最终配置 freqai.route_c.amount_epsilon
      读取(工作包 E),所有执行状态读取都通过 route_c_amount_epsilon 传参。
    
    保留(阶段 2.5.2 工作包 B):
    - live 只处理最新一行(signal_convert.latest_row_signals);
    - adjust_entry_price / adjust_exit_price 官方扩展点的目标反转取消
      (None = 取消且不替换);do_predict != 1 时维持挂单。
    
    成交时机完全交给 Freqtrade 回测引擎自身的 shift(1)(open[t+1]),
    本层不加额外 shift。
    """
    
    import sys
    from pathlib import Path
    
    from pandas import DataFrame
    
>   from freqtrade.enums import RunMode
E   ModuleNotFoundError: No module named 'freqtrade'

user_data/strategies/RouteCStrategy.py:35: ModuleNotFoundError
__ TestEpisodeContract.test_observation_columns_match_schema[c1_opportunity] ___

self = <test_curriculum261_reproducibility.TestEpisodeContract object at 0x755050f691d0>
family = 'c1_opportunity'

    @pytest.mark.parametrize("family", FAMILIES)
    def test_observation_columns_match_schema(self, family):
        from rl_curriculum.curriculum261_production_obs import (
            production_observation_schema,
        )
        schema = production_observation_schema()
>       rec = generate_pair(family, "D0", 0, namespace="calibration_r2")
              ^^^^^^^^^^^^^^^^^^^^^^^^^^^^^^^^^^^^^^^^^^^^^^^^^^^^^^^^^^

tests/route_c_stage2_6_1/test_curriculum261_reproducibility.py:132: 
_ _ _ _ _ _ _ _ _ _ _ _ _ _ _ _ _ _ _ _ _ _ _ _ _ _ _ _ _ _ _ _ _ _ _ _ _ _ _ _ 
src/rl_curriculum/curriculum261_pairs.py:114: in generate_pair
    episodes, log = generate_pair_with_attempts(
src/rl_curriculum/curriculum261_api.py:1504: in generate_pair_with_attempts
    episodes[side] = generator.generate(
src/rl_curriculum/generator_api.py:186: in generate
    df = self._attach_features(df)
         ^^^^^^^^^^^^^^^^^^^^^^^^^
src/rl_curriculum/curriculum261_api.py:1267: in _attach_features
    return attach_production_features(df)
           ^^^^^^^^^^^^^^^^^^^^^^^^^^^^^^
src/rl_curriculum/curriculum261_production_obs.py:160: in attach_production_features
    cls = load_route_c_strategy_class()
          ^^^^^^^^^^^^^^^^^^^^^^^^^^^^^
src/rl_curriculum/curriculum261_production_obs.py:124: in load_route_c_strategy_class
    spec.loader.exec_module(module)
<frozen importlib._bootstrap_external>:940: in exec_module
    ???
<frozen importlib._bootstrap>:241: in _call_with_frames_removed
    ???
_ _ _ _ _ _ _ _ _ _ _ _ _ _ _ _ _ _ _ _ _ _ _ _ _ _ _ _ _ _ _ _ _ _ _ _ _ _ _ _ 

    """阶段 2.5.2a 路线 C:Freqtrade 策略薄适配层(execution_mode=market_open_causal)。
    
    特征:少量因果特征(收益/滚动波动率/价格相对均值/原始 OHLC 供环境用),
    全部只使用当前及过去数据;目标仓位列 &-target_position 由 RouteCModel
    顺序推理填充。
    
    阶段 2.5.2a 改造(工作包 B):
    - 订单类型改为 market(入场/退出均市场订单):成交价由回测器/交易所决定,
      回测中市场单以执行 bar 的 open 成交(backtesting.py:1039-1057 仅 limit
      分支调用 custom_entry_price;:596 exit_signal 的 close_rate=row[OPEN_IDX];
      :551-567 信号 shift(1)),与环境 market_open_causal 合同在
      simulated_slippage_bps=0 时逐笔对齐;
    - 移除 custom_entry_price / custom_exit_price / _route_c_bars 执行 K 线
      high/low 缓存(阶段 2.5.2 bar 内调价合同依赖执行 K 线最终 high/low,
      属未来信息,已废弃为 legacy_noncausal_not_for_training);
    - simulated_slippage_bps 只属于训练与离线压力环境,不得改变 live 市场订单
      价格;Freqtrade live 使用交易所真实回报价格;
    - amount_epsilon 与 RouteCModel 从同一最终配置 freqai.route_c.amount_epsilon
      读取(工作包 E),所有执行状态读取都通过 route_c_amount_epsilon 传参。
    
    保留(阶段 2.5.2 工作包 B):
    - live 只处理最新一行(signal_convert.latest_row_signals);
    - adjust_entry_price / adjust_exit_price 官方扩展点的目标反转取消
      (None = 取消且不替换);do_predict != 1 时维持挂单。
    
    成交时机完全交给 Freqtrade 回测引擎自身的 shift(1)(open[t+1]),
    本层不加额外 shift。
    """
    
    import sys
    from pathlib import Path
    
    from pandas import DataFrame
    
>   from freqtrade.enums import RunMode
E   ModuleNotFoundError: No module named 'freqtrade'

user_data/strategies/RouteCStrategy.py:35: ModuleNotFoundError
____ TestEpisodeContract.test_observation_columns_match_schema[c2_context] _____

self = <test_curriculum261_reproducibility.TestEpisodeContract object at 0x755050f69410>
family = 'c2_context'

    @pytest.mark.parametrize("family", FAMILIES)
    def test_observation_columns_match_schema(self, family):
        from rl_curriculum.curriculum261_production_obs import (
            production_observation_schema,
        )
        schema = production_observation_schema()
>       rec = generate_pair(family, "D0", 0, namespace="calibration_r2")
              ^^^^^^^^^^^^^^^^^^^^^^^^^^^^^^^^^^^^^^^^^^^^^^^^^^^^^^^^^^

tests/route_c_stage2_6_1/test_curriculum261_reproducibility.py:132: 
_ _ _ _ _ _ _ _ _ _ _ _ _ _ _ _ _ _ _ _ _ _ _ _ _ _ _ _ _ _ _ _ _ _ _ _ _ _ _ _ 
src/rl_curriculum/curriculum261_pairs.py:114: in generate_pair
    episodes, log = generate_pair_with_attempts(
src/rl_curriculum/curriculum261_api.py:1504: in generate_pair_with_attempts
    episodes[side] = generator.generate(
src/rl_curriculum/generator_api.py:186: in generate
    df = self._attach_features(df)
         ^^^^^^^^^^^^^^^^^^^^^^^^^
src/rl_curriculum/curriculum261_api.py:1267: in _attach_features
    return attach_production_features(df)
           ^^^^^^^^^^^^^^^^^^^^^^^^^^^^^^
src/rl_curriculum/curriculum261_production_obs.py:160: in attach_production_features
    cls = load_route_c_strategy_class()
          ^^^^^^^^^^^^^^^^^^^^^^^^^^^^^
src/rl_curriculum/curriculum261_production_obs.py:124: in load_route_c_strategy_class
    spec.loader.exec_module(module)
<frozen importlib._bootstrap_external>:940: in exec_module
    ???
<frozen importlib._bootstrap>:241: in _call_with_frames_removed
    ???
_ _ _ _ _ _ _ _ _ _ _ _ _ _ _ _ _ _ _ _ _ _ _ _ _ _ _ _ _ _ _ _ _ _ _ _ _ _ _ _ 

    """阶段 2.5.2a 路线 C:Freqtrade 策略薄适配层(execution_mode=market_open_causal)。
    
    特征:少量因果特征(收益/滚动波动率/价格相对均值/原始 OHLC 供环境用),
    全部只使用当前及过去数据;目标仓位列 &-target_position 由 RouteCModel
    顺序推理填充。
    
    阶段 2.5.2a 改造(工作包 B):
    - 订单类型改为 market(入场/退出均市场订单):成交价由回测器/交易所决定,
      回测中市场单以执行 bar 的 open 成交(backtesting.py:1039-1057 仅 limit
      分支调用 custom_entry_price;:596 exit_signal 的 close_rate=row[OPEN_IDX];
      :551-567 信号 shift(1)),与环境 market_open_causal 合同在
      simulated_slippage_bps=0 时逐笔对齐;
    - 移除 custom_entry_price / custom_exit_price / _route_c_bars 执行 K 线
      high/low 缓存(阶段 2.5.2 bar 内调价合同依赖执行 K 线最终 high/low,
      属未来信息,已废弃为 legacy_noncausal_not_for_training);
    - simulated_slippage_bps 只属于训练与离线压力环境,不得改变 live 市场订单
      价格;Freqtrade live 使用交易所真实回报价格;
    - amount_epsilon 与 RouteCModel 从同一最终配置 freqai.route_c.amount_epsilon
      读取(工作包 E),所有执行状态读取都通过 route_c_amount_epsilon 传参。
    
    保留(阶段 2.5.2 工作包 B):
    - live 只处理最新一行(signal_convert.latest_row_signals);
    - adjust_entry_price / adjust_exit_price 官方扩展点的目标反转取消
      (None = 取消且不替换);do_predict != 1 时维持挂单。
    
    成交时机完全交给 Freqtrade 回测引擎自身的 shift(1)(open[t+1]),
    本层不加额外 shift。
    """
    
    import sys
    from pathlib import Path
    
    from pandas import DataFrame
    
>   from freqtrade.enums import RunMode
E   ModuleNotFoundError: No module named 'freqtrade'

user_data/strategies/RouteCStrategy.py:35: ModuleNotFoundError
______ TestEpisodeContract.test_observation_columns_match_schema[c3_cost] ______

self = <test_curriculum261_reproducibility.TestEpisodeContract object at 0x755050f69650>
family = 'c3_cost'

    @pytest.mark.parametrize("family", FAMILIES)
    def test_observation_columns_match_schema(self, family):
        from rl_curriculum.curriculum261_production_obs import (
            production_observation_schema,
        )
        schema = production_observation_schema()
>       rec = generate_pair(family, "D0", 0, namespace="calibration_r2")
              ^^^^^^^^^^^^^^^^^^^^^^^^^^^^^^^^^^^^^^^^^^^^^^^^^^^^^^^^^^

tests/route_c_stage2_6_1/test_curriculum261_reproducibility.py:132: 
_ _ _ _ _ _ _ _ _ _ _ _ _ _ _ _ _ _ _ _ _ _ _ _ _ _ _ _ _ _ _ _ _ _ _ _ _ _ _ _ 
src/rl_curriculum/curriculum261_pairs.py:114: in generate_pair
    episodes, log = generate_pair_with_attempts(
src/rl_curriculum/curriculum261_api.py:1504: in generate_pair_with_attempts
    episodes[side] = generator.generate(
src/rl_curriculum/generator_api.py:186: in generate
    df = self._attach_features(df)
         ^^^^^^^^^^^^^^^^^^^^^^^^^
src/rl_curriculum/curriculum261_api.py:1267: in _attach_features
    return attach_production_features(df)
           ^^^^^^^^^^^^^^^^^^^^^^^^^^^^^^
src/rl_curriculum/curriculum261_production_obs.py:160: in attach_production_features
    cls = load_route_c_strategy_class()
          ^^^^^^^^^^^^^^^^^^^^^^^^^^^^^
src/rl_curriculum/curriculum261_production_obs.py:124: in load_route_c_strategy_class
    spec.loader.exec_module(module)
<frozen importlib._bootstrap_external>:940: in exec_module
    ???
<frozen importlib._bootstrap>:241: in _call_with_frames_removed
    ???
_ _ _ _ _ _ _ _ _ _ _ _ _ _ _ _ _ _ _ _ _ _ _ _ _ _ _ _ _ _ _ _ _ _ _ _ _ _ _ _ 

    """阶段 2.5.2a 路线 C:Freqtrade 策略薄适配层(execution_mode=market_open_causal)。
    
    特征:少量因果特征(收益/滚动波动率/价格相对均值/原始 OHLC 供环境用),
    全部只使用当前及过去数据;目标仓位列 &-target_position 由 RouteCModel
    顺序推理填充。
    
    阶段 2.5.2a 改造(工作包 B):
    - 订单类型改为 market(入场/退出均市场订单):成交价由回测器/交易所决定,
      回测中市场单以执行 bar 的 open 成交(backtesting.py:1039-1057 仅 limit
      分支调用 custom_entry_price;:596 exit_signal 的 close_rate=row[OPEN_IDX];
      :551-567 信号 shift(1)),与环境 market_open_causal 合同在
      simulated_slippage_bps=0 时逐笔对齐;
    - 移除 custom_entry_price / custom_exit_price / _route_c_bars 执行 K 线
      high/low 缓存(阶段 2.5.2 bar 内调价合同依赖执行 K 线最终 high/low,
      属未来信息,已废弃为 legacy_noncausal_not_for_training);
    - simulated_slippage_bps 只属于训练与离线压力环境,不得改变 live 市场订单
      价格;Freqtrade live 使用交易所真实回报价格;
    - amount_epsilon 与 RouteCModel 从同一最终配置 freqai.route_c.amount_epsilon
      读取(工作包 E),所有执行状态读取都通过 route_c_amount_epsilon 传参。
    
    保留(阶段 2.5.2 工作包 B):
    - live 只处理最新一行(signal_convert.latest_row_signals);
    - adjust_entry_price / adjust_exit_price 官方扩展点的目标反转取消
      (None = 取消且不替换);do_predict != 1 时维持挂单。
    
    成交时机完全交给 Freqtrade 回测引擎自身的 shift(1)(open[t+1]),
    本层不加额外 shift。
    """
    
    import sys
    from pathlib import Path
    
    from pandas import DataFrame
    
>   from freqtrade.enums import RunMode
E   ModuleNotFoundError: No module named 'freqtrade'

user_data/strategies/RouteCStrategy.py:35: ModuleNotFoundError
=============================== warnings summary ===============================
tests/route_c_stage2_6_1/test_curriculum261_r10_rehearsal.py:18
  /home/cryptorl/projects/crypto_rl/tests/route_c_stage2_6_1/test_curriculum261_r10_rehearsal.py:18: PytestUnknownMarkWarning: Unknown pytest.mark.slow - is this a typo?  You can register custom marks to avoid this warning - for details, see https://docs.pytest.org/en/stable/how-to/mark.html
    @pytest.mark.slow

tests/route_c_stage2_6_1/test_curriculum261_r10_rehearsal.py:61
  /home/cryptorl/projects/crypto_rl/tests/route_c_stage2_6_1/test_curriculum261_r10_rehearsal.py:61: PytestUnknownMarkWarning: Unknown pytest.mark.slow - is this a typo?  You can register custom marks to avoid this warning - for details, see https://docs.pytest.org/en/stable/how-to/mark.html
    @pytest.mark.slow

tests/route_c_stage2_6_1/test_curriculum261_r7_selection.py::test_shared_gate_not_repeated_per_candidate
  /home/cryptorl/miniforge3/envs/crypto-rl/lib/python3.11/site-packages/numpy/_core/_methods.py:219: RuntimeWarning: Degrees of freedom <= 0 for slice
    ret = _var(a, axis=axis, dtype=dtype, out=out, ddof=ddof,

tests/route_c_stage2_6_1/test_curriculum261_r7_selection.py::test_shared_gate_not_repeated_per_candidate
  /home/cryptorl/miniforge3/envs/crypto-rl/lib/python3.11/site-packages/numpy/_core/_methods.py:178: RuntimeWarning: invalid value encountered in divide
    arrmean = um.true_divide(arrmean, div, out=arrmean,

tests/route_c_stage2_6_1/test_curriculum261_r7_selection.py::test_shared_gate_not_repeated_per_candidate
  /home/cryptorl/miniforge3/envs/crypto-rl/lib/python3.11/site-packages/numpy/_core/_methods.py:211: RuntimeWarning: invalid value encountered in scalar divide
    ret = ret.dtype.type(ret / rcount)

tests/route_c_stage2_6_1/test_curriculum261_r7_selection.py::test_shared_gate_not_repeated_per_candidate
  /home/cryptorl/miniforge3/envs/crypto-rl/lib/python3.11/site-packages/numpy/_core/fromnumeric.py:3824: RuntimeWarning: Mean of empty slice
    return _methods._mean(a, axis=axis, dtype=dtype,

tests/route_c_stage2_6_1/test_curriculum261_r7_selection.py::test_shared_gate_not_repeated_per_candidate
  /home/cryptorl/miniforge3/envs/crypto-rl/lib/python3.11/site-packages/numpy/_core/_methods.py:142: RuntimeWarning: invalid value encountered in scalar divide
    ret = ret.dtype.type(ret / rcount)

-- Docs: https://docs.pytest.org/en/stable/how-to/capture-warnings.html
=========================== short test summary info ============================
FAILED tests/route_c_stage2_6_1/test_curriculum261_attempts_plan.py::TestAttemptPolicy::test_real_generation_attempts_are_structural_only
FAILED tests/route_c_stage2_6_1/test_curriculum261_attempts_plan.py::TestAttemptPolicy::test_all_attempts_fail_raises_no_silent_retry
FAILED tests/route_c_stage2_6_1/test_curriculum261_attempts_plan.py::TestDifficultyMetric::test_metric_math_on_report
FAILED tests/route_c_stage2_6_1/test_curriculum261_attempts_plan.py::TestPlanLock::test_build_lock_load_roundtrip
FAILED tests/route_c_stage2_6_1/test_curriculum261_attempts_plan.py::TestPlanLock::test_tampered_plan_detected
FAILED tests/route_c_stage2_6_1/test_curriculum261_attempts_plan.py::TestPlanLock::test_code_identity_binds_modules
FAILED tests/route_c_stage2_6_1/test_curriculum261_attempts_plan.py::TestPpoSmoke::test_256_step_smoke_passes
FAILED tests/route_c_stage2_6_1/test_curriculum261_causality.py::TestObservationCausality::test_future_noise_mutation_keeps_prefix_observation[c1_opportunity]
FAILED tests/route_c_stage2_6_1/test_curriculum261_causality.py::TestObservationCausality::test_future_noise_mutation_keeps_prefix_observation[c2_context]
FAILED tests/route_c_stage2_6_1/test_curriculum261_causality.py::TestObservationCausality::test_future_noise_mutation_keeps_prefix_observation[c3_cost]
FAILED tests/route_c_stage2_6_1/test_curriculum261_causality.py::TestProductionFeatureEquivalence::test_features_equal_real_strategy_rebuild[c1_opportunity]
FAILED tests/route_c_stage2_6_1/test_curriculum261_causality.py::TestProductionFeatureEquivalence::test_features_equal_real_strategy_rebuild[c2_context]
FAILED tests/route_c_stage2_6_1/test_curriculum261_causality.py::TestProductionFeatureEquivalence::test_features_equal_real_strategy_rebuild[c3_cost]
FAILED tests/route_c_stage2_6_1/test_curriculum261_causality.py::TestProductionFeatureEquivalence::test_features_are_prefix_recomputable
FAILED tests/route_c_stage2_6_1/test_curriculum261_causality.py::TestLatentIsolation::test_sidecar_never_enters_observation
FAILED tests/route_c_stage2_6_1/test_curriculum261_causality.py::TestPairIntegrity::test_pairs_pass_integrity[c1_opportunity]
FAILED tests/route_c_stage2_6_1/test_curriculum261_causality.py::TestPairIntegrity::test_pairs_pass_integrity[c2_context]
FAILED tests/route_c_stage2_6_1/test_curriculum261_causality.py::TestPairIntegrity::test_pairs_pass_integrity[c3_cost]
FAILED tests/route_c_stage2_6_1/test_curriculum261_causality.py::TestPairIntegrity::test_pair_shares_nuisance_tables[c1_opportunity]
FAILED tests/route_c_stage2_6_1/test_curriculum261_causality.py::TestPairIntegrity::test_pair_shares_nuisance_tables[c2_context]
FAILED tests/route_c_stage2_6_1/test_curriculum261_causality.py::TestPairIntegrity::test_pair_shares_nuisance_tables[c3_cost]
FAILED tests/route_c_stage2_6_1/test_curriculum261_causality.py::TestPairIntegrity::test_pair_is_not_two_random_episodes[c1_opportunity]
FAILED tests/route_c_stage2_6_1/test_curriculum261_causality.py::TestPairIntegrity::test_pair_is_not_two_random_episodes[c2_context]
FAILED tests/route_c_stage2_6_1/test_curriculum261_causality.py::TestPairIntegrity::test_pair_is_not_two_random_episodes[c3_cost]
FAILED tests/route_c_stage2_6_1/test_curriculum261_families.py::TestC1::test_both_opportunity_and_flat_regions_exist
FAILED tests/route_c_stage2_6_1/test_curriculum261_families.py::TestC1::test_always_long_not_universal_on_a_side
FAILED tests/route_c_stage2_6_1/test_curriculum261_families.py::TestC1::test_reference_beats_constants_on_mini_corpus
FAILED tests/route_c_stage2_6_1/test_curriculum261_families.py::TestC2::test_local_cue_gating_structure_exists
FAILED tests/route_c_stage2_6_1/test_curriculum261_families.py::TestC2::test_gate_binding_swaps_between_variants
FAILED tests/route_c_stage2_6_1/test_curriculum261_families.py::TestC2::test_local_only_is_limited
FAILED tests/route_c_stage2_6_1/test_curriculum261_families.py::TestC3::test_above_and_below_cost_signals_exist_on_a
FAILED tests/route_c_stage2_6_1/test_curriculum261_families.py::TestC3::test_b_variant_all_below_cost_and_decoupled
FAILED tests/route_c_stage2_6_1/test_curriculum261_families.py::TestC3::test_cost_aware_beats_cost_ignorant
FAILED tests/route_c_stage2_6_1/test_curriculum261_families.py::TestAlwaysFlat::test_always_flat_is_exactly_zero[c1_opportunity]
FAILED tests/route_c_stage2_6_1/test_curriculum261_families.py::TestAlwaysFlat::test_always_flat_is_exactly_zero[c2_context]
FAILED tests/route_c_stage2_6_1/test_curriculum261_families.py::TestAlwaysFlat::test_always_flat_is_exactly_zero[c3_cost]
FAILED tests/route_c_stage2_6_1/test_curriculum261_production_obs.py::TestProductionFeaturePath::test_features_come_from_real_strategy_code
FAILED tests/route_c_stage2_6_1/test_curriculum261_production_obs.py::TestProductionFeaturePath::test_strategy_identity_records_source_hashes
FAILED tests/route_c_stage2_6_1/test_curriculum261_production_obs.py::TestProductionFeaturePath::test_all_families_bind_production_observation[c1_opportunity]
FAILED tests/route_c_stage2_6_1/test_curriculum261_production_obs.py::TestProductionFeaturePath::test_all_families_bind_production_observation[c2_context]
FAILED tests/route_c_stage2_6_1/test_curriculum261_production_obs.py::TestProductionFeaturePath::test_all_families_bind_production_observation[c3_cost]
FAILED tests/route_c_stage2_6_1/test_curriculum261_production_obs.py::TestProductionFeaturePath::test_feature_equivalence_check_passes[c1_opportunity]
FAILED tests/route_c_stage2_6_1/test_curriculum261_production_obs.py::TestProductionFeaturePath::test_feature_equivalence_check_passes[c2_context]
FAILED tests/route_c_stage2_6_1/test_curriculum261_production_obs.py::TestProductionFeaturePath::test_feature_equivalence_check_passes[c3_cost]
FAILED tests/route_c_stage2_6_1/test_curriculum261_production_obs.py::TestProductionFeaturePath::test_binding_fails_on_tampered_features
FAILED tests/route_c_stage2_6_1/test_curriculum261_production_obs.py::TestObservationFromFrozenEnv::test_reset_observation_equals_feature_row_plus_position
FAILED tests/route_c_stage2_6_1/test_curriculum261_production_obs.py::TestObservationFromFrozenEnv::test_raw_price_features_inside_observation_box[c1_opportunity]
FAILED tests/route_c_stage2_6_1/test_curriculum261_production_obs.py::TestObservationFromFrozenEnv::test_raw_price_features_inside_observation_box[c2_context]
FAILED tests/route_c_stage2_6_1/test_curriculum261_production_obs.py::TestObservationFromFrozenEnv::test_raw_price_features_inside_observation_box[c3_cost]
FAILED tests/route_c_stage2_6_1/test_curriculum261_r10_cue_contract.py::test_audit_small_reproducible_and_writes_artifacts
FAILED tests/route_c_stage2_6_1/test_curriculum261_r10_cue_eval.py::test_semantic_gate_real_blocks_dedup_and_k
FAILED tests/route_c_stage2_6_1/test_curriculum261_r10_cue_eval.py::test_semantic_gate_min_unique_3600_binding
FAILED tests/route_c_stage2_6_1/test_curriculum261_r10_cue_eval.py::test_semantic_gate_recall_floor_binding
FAILED tests/route_c_stage2_6_1/test_curriculum261_r10_integration.py::test_real_candidate_evaluator_full_chain_no_monkeypatch
FAILED tests/route_c_stage2_6_1/test_curriculum261_r10_integration.py::test_preplan_evaluator_smoke_artifact
FAILED tests/route_c_stage2_6_1/test_curriculum261_r10_integration.py::test_preplan_rehearsal_end_to_end
FAILED tests/route_c_stage2_6_1/test_curriculum261_r10_noise_replay.py::test_replay_block_matches_real_generator_episodes
FAILED tests/route_c_stage2_6_1/test_curriculum261_r10_noise_replay.py::test_cue_event_trace_k_and_bounds_on_real_blocks
FAILED tests/route_c_stage2_6_1/test_curriculum261_r10_preflight.py::test_prelock_static_preflight
FAILED tests/route_c_stage2_6_1/test_curriculum261_r10_preflight.py::test_cli_plan_roundtrip_subcommand
FAILED tests/route_c_stage2_6_1/test_curriculum261_r10_rehearsal.py::test_full_pipeline_rehearsal_end_to_end_no_monkeypatch
FAILED tests/route_c_stage2_6_1/test_curriculum261_r10_rehearsal.py::test_reference_root_cause_diagnosis_branch_b
FAILED tests/route_c_stage2_6_1/test_curriculum261_r11_determinism.py::test_same_invocation_after_preprocessing_battery
FAILED tests/route_c_stage2_6_1/test_curriculum261_r11_determinism.py::test_same_invocation_after_main_holdout_bundle
FAILED tests/route_c_stage2_6_1/test_curriculum261_r11_determinism.py::test_family_specs_singleton_not_polluted_by_calls
FAILED tests/route_c_stage2_6_1/test_curriculum261_r11_determinism.py::test_r10_five_attempt_seeds_replay
FAILED tests/route_c_stage2_6_1/test_curriculum261_r11_determinism.py::test_stress_r11_target_seeds_derivable
FAILED tests/route_c_stage2_6_1/test_curriculum261_r11_envelope.py::test_envelope_canonical_roundtrip
FAILED tests/route_c_stage2_6_1/test_curriculum261_r11_envelope.py::test_call_envelope_roundtrip
FAILED tests/route_c_stage2_6_1/test_curriculum261_r11_envelope.py::test_envelope_tamper_rejected
FAILED tests/route_c_stage2_6_1/test_curriculum261_r11_envelope.py::test_envelope_digest_recompute_detects_field_change
FAILED tests/route_c_stage2_6_1/test_curriculum261_r11_envelope.py::test_generator_source_identity_recorded_and_stable
FAILED tests/route_c_stage2_6_1/test_curriculum261_r11_envelope.py::test_generator_state_change_detectable
FAILED tests/route_c_stage2_6_1/test_curriculum261_r11_envelope.py::test_envelope_records_state_unchanged_in_clean_path
FAILED tests/route_c_stage2_6_1/test_curriculum261_r11_envelope.py::test_generator_call_does_not_mutate_input_params[c1_opportunity]
FAILED tests/route_c_stage2_6_1/test_curriculum261_r11_envelope.py::test_generator_call_does_not_mutate_input_params[c2_context]
FAILED tests/route_c_stage2_6_1/test_curriculum261_r11_envelope.py::test_generator_call_does_not_mutate_input_params[c3_cost]
FAILED tests/route_c_stage2_6_1/test_curriculum261_r11_envelope.py::test_replay_call_envelopes_bitwise_consistent
FAILED tests/route_c_stage2_6_1/test_curriculum261_r11_envelope.py::test_failure_evidence_saved_before_raise
FAILED tests/route_c_stage2_6_1/test_curriculum261_r11_envelope.py::test_recorder_exception_never_breaks_generation
FAILED tests/route_c_stage2_6_1/test_curriculum261_r11_envelope.py::test_ledger_sink_records_all_attempts
FAILED tests/route_c_stage2_6_1/test_curriculum261_r11_envelope.py::test_no_sink_no_ledger
FAILED tests/route_c_stage2_6_1/test_curriculum261_r11_governance.py::test_calibrate_wrapper_writes_aborted_and_dumps_evidence
FAILED tests/route_c_stage2_6_1/test_curriculum261_r12_determinism.py::test_same_invocation_after_preprocessing_battery
FAILED tests/route_c_stage2_6_1/test_curriculum261_r12_determinism.py::test_same_invocation_after_main_holdout_bundle
FAILED tests/route_c_stage2_6_1/test_curriculum261_r12_determinism.py::test_family_specs_singleton_not_polluted_by_calls
FAILED tests/route_c_stage2_6_1/test_curriculum261_r12_determinism.py::test_r10_five_attempt_seeds_replay
FAILED tests/route_c_stage2_6_1/test_curriculum261_r12_determinism.py::test_stress_r12_target_seeds_derivable
FAILED tests/route_c_stage2_6_1/test_curriculum261_r12_envelope.py::test_envelope_canonical_roundtrip
FAILED tests/route_c_stage2_6_1/test_curriculum261_r12_envelope.py::test_call_envelope_roundtrip
FAILED tests/route_c_stage2_6_1/test_curriculum261_r12_envelope.py::test_envelope_tamper_rejected
FAILED tests/route_c_stage2_6_1/test_curriculum261_r12_envelope.py::test_envelope_digest_recompute_detects_field_change
FAILED tests/route_c_stage2_6_1/test_curriculum261_r12_envelope.py::test_generator_source_identity_recorded_and_stable
FAILED tests/route_c_stage2_6_1/test_curriculum261_r12_envelope.py::test_generator_state_change_detectable
FAILED tests/route_c_stage2_6_1/test_curriculum261_r12_envelope.py::test_envelope_records_state_unchanged_in_clean_path
FAILED tests/route_c_stage2_6_1/test_curriculum261_r12_envelope.py::test_generator_call_does_not_mutate_input_params[c1_opportunity]
FAILED tests/route_c_stage2_6_1/test_curriculum261_r12_envelope.py::test_generator_call_does_not_mutate_input_params[c2_context]
FAILED tests/route_c_stage2_6_1/test_curriculum261_r12_envelope.py::test_generator_call_does_not_mutate_input_params[c3_cost]
FAILED tests/route_c_stage2_6_1/test_curriculum261_r12_envelope.py::test_replay_call_envelopes_bitwise_consistent
FAILED tests/route_c_stage2_6_1/test_curriculum261_r12_envelope.py::test_failure_evidence_saved_before_raise
FAILED tests/route_c_stage2_6_1/test_curriculum261_r12_envelope.py::test_recorder_exception_never_breaks_generation
FAILED tests/route_c_stage2_6_1/test_curriculum261_r12_envelope.py::test_ledger_sink_records_all_attempts
FAILED tests/route_c_stage2_6_1/test_curriculum261_r12_envelope.py::test_no_sink_no_ledger
FAILED tests/route_c_stage2_6_1/test_curriculum261_r12_governance.py::test_calibrate_wrapper_writes_aborted_and_dumps_evidence
FAILED tests/route_c_stage2_6_1/test_curriculum261_r14_identity.py::TestIdentityPrefixes::test_code_identity_prefix
FAILED tests/route_c_stage2_6_1/test_curriculum261_r15_identity.py::TestIdentityPrefixes::test_code_identity_prefix
FAILED tests/route_c_stage2_6_1/test_curriculum261_r2_protocol.py::TestGateEnforcement::test_build_plan_accepts_passed_gate_and_binds_digest
FAILED tests/route_c_stage2_6_1/test_curriculum261_r2_protocol.py::TestGateEnforcement::test_final_runner_fails_closed_on_gate_false
FAILED tests/route_c_stage2_6_1/test_curriculum261_r2_protocol.py::TestUnifiedPairContract::test_accepted_implies_final_integrity[c1_opportunity-D1]
FAILED tests/route_c_stage2_6_1/test_curriculum261_r2_protocol.py::TestUnifiedPairContract::test_accepted_implies_final_integrity[c2_context-D2]
FAILED tests/route_c_stage2_6_1/test_curriculum261_r2_protocol.py::TestUnifiedPairContract::test_accepted_implies_final_integrity[c3_cost-D1]
FAILED tests/route_c_stage2_6_1/test_curriculum261_r2_protocol.py::TestUnifiedPairContract::test_contract_detects_broken_pair
FAILED tests/route_c_stage2_6_1/test_curriculum261_r2_protocol.py::TestProductionRuntimeIdentity::test_plan_binds_runtime_config_and_boundary
FAILED tests/route_c_stage2_6_1/test_curriculum261_r3_preprocessing.py::test_vendor_pipeline_steps_match_expected
FAILED tests/route_c_stage2_6_1/test_curriculum261_r3_preprocessing.py::test_zero_variance_column_removed_by_vendor
FAILED tests/route_c_stage2_6_1/test_curriculum261_r3_protocol.py::test_plan_digest_stable_and_created_utc_excluded
FAILED tests/route_c_stage2_6_1/test_curriculum261_r3_protocol.py::test_plan_digest_detects_tampering
FAILED tests/route_c_stage2_6_1/test_curriculum261_r3_protocol.py::TestQualificationR3Guard::test_plan_alone_insufficient
FAILED tests/route_c_stage2_6_1/test_curriculum261_r3_protocol.py::TestQualificationR3Guard::test_plan_and_digest_but_gate_false
FAILED tests/route_c_stage2_6_1/test_curriculum261_r3_protocol.py::TestQualificationR3Guard::test_digest_mismatch_rejected
FAILED tests/route_c_stage2_6_1/test_curriculum261_r3_protocol.py::TestQualificationR3Guard::test_full_valid_lock_unlocks
FAILED tests/route_c_stage2_6_1/test_curriculum261_r3_protocol.py::TestQualificationR3Guard::test_qualification_seed_guard_after_lock
FAILED tests/route_c_stage2_6_1/test_curriculum261_r4_param_pack.py::test_r3_namespace_golden_episode_hash_unchanged
FAILED tests/route_c_stage2_6_1/test_curriculum261_r4_param_pack.py::test_override_only_changes_d3_not_d2
FAILED tests/route_c_stage2_6_1/test_curriculum261_r4_param_pack.py::test_r2_qualification_golden_hash_unchanged
FAILED tests/route_c_stage2_6_1/test_curriculum261_r4_power_gate.py::test_plan_digest_drift_rejected
FAILED tests/route_c_stage2_6_1/test_curriculum261_r4_power_gate.py::test_plan_digest_excludes_created_utc
FAILED tests/route_c_stage2_6_1/test_curriculum261_r5_param_pack.py::test_override_does_not_touch_frozen_rungs
FAILED tests/route_c_stage2_6_1/test_curriculum261_r5_preflight.py::test_sealed_preflight_no_final_seed_access
FAILED tests/route_c_stage2_6_1/test_curriculum261_r5_preflight.py::test_sealed_preflight_fails_on_missing_evidence
FAILED tests/route_c_stage2_6_1/test_curriculum261_r5_preflight.py::test_static_preflight_uses_no_final_namespace
FAILED tests/route_c_stage2_6_1/test_curriculum261_r5_preprocessing.py::test_v2_contract_digest_unchanged_from_r4
FAILED tests/route_c_stage2_6_1/test_curriculum261_r5_statistics.py::test_ladder_helper_matches_rung_report_bitwise
FAILED tests/route_c_stage2_6_1/test_curriculum261_r6_preflight.py::test_sealed_preflight_no_final_seed_access
FAILED tests/route_c_stage2_6_1/test_curriculum261_r6_preflight.py::test_sealed_attestation_binds_plan
FAILED tests/route_c_stage2_6_1/test_curriculum261_r6_preflight.py::test_sealed_requires_evidence
FAILED tests/route_c_stage2_6_1/test_curriculum261_r6_preflight.py::test_sealed_binds_selected_block_count
FAILED tests/route_c_stage2_6_1/test_curriculum261_r6_preflight.py::test_static_preflight_touches_only_smoke_ns
FAILED tests/route_c_stage2_6_1/test_curriculum261_r6_preflight.py::test_plan_code_drift_rejected_after_lock
FAILED tests/route_c_stage2_6_1/test_curriculum261_r6_statistics.py::test_two_level_tables_same_source
FAILED tests/route_c_stage2_6_1/test_curriculum261_r6_statistics.py::test_cue_payoff_separation_synthetic
FAILED tests/route_c_stage2_6_1/test_curriculum261_r6_tape.py::test_matched_default_off_bitwise_unchanged
FAILED tests/route_c_stage2_6_1/test_curriculum261_r6_tape.py::test_r6_override_only_r6_namespaces
FAILED tests/route_c_stage2_6_1/test_curriculum261_r6_tape.py::test_matching_violation_detected
FAILED tests/route_c_stage2_6_1/test_curriculum261_r6_tape.py::test_whole_block_retry_on_failure
FAILED tests/route_c_stage2_6_1/test_curriculum261_r6_tape.py::test_candidate_grid_shares_block_schedule
FAILED tests/route_c_stage2_6_1/test_curriculum261_r7_cue_contract.py::test_audit_reproducible_and_namespaces_clean
FAILED tests/route_c_stage2_6_1/test_curriculum261_r7_cue_contract.py::test_audit_writes_artifact
FAILED tests/route_c_stage2_6_1/test_curriculum261_r7_cue_eval.py::test_independent_cue_semantics_runs
FAILED tests/route_c_stage2_6_1/test_curriculum261_r7_preflight.py::test_sealed_preflight_zero_final_seed
FAILED tests/route_c_stage2_6_1/test_curriculum261_r7_preflight.py::test_sealed_attestation_binds_plan
FAILED tests/route_c_stage2_6_1/test_curriculum261_r7_preflight.py::test_sealed_preflight_rejects_missing_evidence
FAILED tests/route_c_stage2_6_1/test_curriculum261_r8_cue_contract.py::test_audit_small_reproducible_and_writes_artifacts
FAILED tests/route_c_stage2_6_1/test_curriculum261_r8_cue_eval.py::test_semantic_gate_real_blocks_dedup_and_k
FAILED tests/route_c_stage2_6_1/test_curriculum261_r8_cue_eval.py::test_semantic_gate_min_unique_3600_binding
FAILED tests/route_c_stage2_6_1/test_curriculum261_r8_cue_eval.py::test_semantic_gate_recall_floor_binding
FAILED tests/route_c_stage2_6_1/test_curriculum261_r8_noise_replay.py::test_replay_block_matches_real_generator_episodes
FAILED tests/route_c_stage2_6_1/test_curriculum261_r8_noise_replay.py::test_cue_event_trace_k_and_bounds_on_real_blocks
FAILED tests/route_c_stage2_6_1/test_curriculum261_r8_preflight.py::test_prelock_static_preflight
FAILED tests/route_c_stage2_6_1/test_curriculum261_r8_preflight.py::test_cli_plan_roundtrip_subcommand
FAILED tests/route_c_stage2_6_1/test_curriculum261_r9_cue_contract.py::test_audit_small_reproducible_and_writes_artifacts
FAILED tests/route_c_stage2_6_1/test_curriculum261_r9_cue_eval.py::test_semantic_gate_real_blocks_dedup_and_k
FAILED tests/route_c_stage2_6_1/test_curriculum261_r9_cue_eval.py::test_semantic_gate_min_unique_3600_binding
FAILED tests/route_c_stage2_6_1/test_curriculum261_r9_cue_eval.py::test_semantic_gate_recall_floor_binding
FAILED tests/route_c_stage2_6_1/test_curriculum261_r9_integration.py::test_real_candidate_evaluator_full_chain_no_monkeypatch
FAILED tests/route_c_stage2_6_1/test_curriculum261_r9_integration.py::test_preplan_evaluator_smoke_artifact
FAILED tests/route_c_stage2_6_1/test_curriculum261_r9_integration.py::test_preplan_rehearsal_end_to_end
FAILED tests/route_c_stage2_6_1/test_curriculum261_r9_noise_replay.py::test_replay_block_matches_real_generator_episodes
FAILED tests/route_c_stage2_6_1/test_curriculum261_r9_noise_replay.py::test_cue_event_trace_k_and_bounds_on_real_blocks
FAILED tests/route_c_stage2_6_1/test_curriculum261_r9_preflight.py::test_prelock_static_preflight
FAILED tests/route_c_stage2_6_1/test_curriculum261_r9_preflight.py::test_cli_plan_roundtrip_subcommand
FAILED tests/route_c_stage2_6_1/test_curriculum261_reproducibility.py::TestReproducibility::test_same_seed_same_episode[c1_opportunity]
FAILED tests/route_c_stage2_6_1/test_curriculum261_reproducibility.py::TestReproducibility::test_same_seed_same_episode[c2_context]
FAILED tests/route_c_stage2_6_1/test_curriculum261_reproducibility.py::TestReproducibility::test_same_seed_same_episode[c3_cost]
FAILED tests/route_c_stage2_6_1/test_curriculum261_reproducibility.py::TestReproducibility::test_different_seed_different_episode[c1_opportunity]
FAILED tests/route_c_stage2_6_1/test_curriculum261_reproducibility.py::TestReproducibility::test_different_seed_different_episode[c2_context]
FAILED tests/route_c_stage2_6_1/test_curriculum261_reproducibility.py::TestReproducibility::test_different_seed_different_episode[c3_cost]
FAILED tests/route_c_stage2_6_1/test_curriculum261_reproducibility.py::TestReproducibility::test_check_reproducibility_passes[c1_opportunity-D1]
FAILED tests/route_c_stage2_6_1/test_curriculum261_reproducibility.py::TestReproducibility::test_check_reproducibility_passes[c1_opportunity-D3]
FAILED tests/route_c_stage2_6_1/test_curriculum261_reproducibility.py::TestReproducibility::test_check_reproducibility_passes[c2_context-D1]
FAILED tests/route_c_stage2_6_1/test_curriculum261_reproducibility.py::TestReproducibility::test_check_reproducibility_passes[c2_context-D3]
FAILED tests/route_c_stage2_6_1/test_curriculum261_reproducibility.py::TestReproducibility::test_check_reproducibility_passes[c3_cost-D1]
FAILED tests/route_c_stage2_6_1/test_curriculum261_reproducibility.py::TestReproducibility::test_check_reproducibility_passes[c3_cost-D3]
FAILED tests/route_c_stage2_6_1/test_curriculum261_reproducibility.py::TestReproducibility::test_fresh_seed_validity
FAILED tests/route_c_stage2_6_1/test_curriculum261_reproducibility.py::TestEpisodeContract::test_episode_length_and_timeframe[c1_opportunity]
FAILED tests/route_c_stage2_6_1/test_curriculum261_reproducibility.py::TestEpisodeContract::test_episode_length_and_timeframe[c2_context]
FAILED tests/route_c_stage2_6_1/test_curriculum261_reproducibility.py::TestEpisodeContract::test_episode_length_and_timeframe[c3_cost]
FAILED tests/route_c_stage2_6_1/test_curriculum261_reproducibility.py::TestEpisodeContract::test_observation_columns_match_schema[c1_opportunity]
FAILED tests/route_c_stage2_6_1/test_curriculum261_reproducibility.py::TestEpisodeContract::test_observation_columns_match_schema[c2_context]
FAILED tests/route_c_stage2_6_1/test_curriculum261_reproducibility.py::TestEpisodeContract::test_observation_columns_match_schema[c3_cost]
ERROR tests/route_c_stage2_6_1/test_curriculum261_r10_labels.py::test_dataset_scaled_float32_inputs
ERROR tests/route_c_stage2_6_1/test_curriculum261_r10_labels.py::test_labels_are_canonical_reference_actions
ERROR tests/route_c_stage2_6_1/test_curriculum261_r10_labels.py::test_alignment_ok_action_and_position_replay
ERROR tests/route_c_stage2_6_1/test_curriculum261_r10_labels.py::test_evidence_fields_complete
ERROR tests/route_c_stage2_6_1/test_curriculum261_r10_labels.py::test_pair_identity_split_no_bar_shuffle
ERROR tests/route_c_stage2_6_1/test_curriculum261_r10_labels.py::test_raw_policy_never_receives_scaled_obs
ERROR tests/route_c_stage2_6_1/test_curriculum261_r10_labels.py::test_dataset_identity_summary
ERROR tests/route_c_stage2_6_1/test_curriculum261_r10_reference.py::test_float64_math_path_roundtrip_strict
ERROR tests/route_c_stage2_6_1/test_curriculum261_r10_reference.py::test_runtime_projection_deviation_within_float32_bound
ERROR tests/route_c_stage2_6_1/test_curriculum261_r10_reference.py::test_canonical_equals_wrapped_inverse_bitwise
ERROR tests/route_c_stage2_6_1/test_curriculum261_r10_reference.py::test_reference_equivalence_run_canonical_full
ERROR tests/route_c_stage2_6_1/test_curriculum261_r10_reference.py::test_canonical_episode_keeps_prices_untouched
ERROR tests/route_c_stage2_6_1/test_curriculum261_r10_reference.py::test_canonicalize_matches_definition
ERROR tests/route_c_stage2_6_1/test_curriculum261_r10_reference.py::test_policy_state_reset_semantics
ERROR tests/route_c_stage2_6_1/test_curriculum261_r10_reference.py::test_threshold_near_synthetic_mismatch_explainable
ERROR tests/route_c_stage2_6_1/test_curriculum261_r11_integration.py::test_tiny_supervised_runs_all_three_families
ERROR tests/route_c_stage2_6_1/test_curriculum261_r11_integration.py::test_alignment_aggregation_wired
ERROR tests/route_c_stage2_6_1/test_curriculum261_r11_integration.py::test_distinct_seed_gate_wired_and_recomputed
ERROR tests/route_c_stage2_6_1/test_curriculum261_r11_labels.py::test_b1_real_path_clean_alignment_aggregates_all
ERROR tests/route_c_stage2_6_1/test_curriculum261_r11_labels.py::test_b1_real_path_tampered_failure_flips_to_false
ERROR tests/route_c_stage2_6_1/test_curriculum261_r12_integration.py::test_tiny_supervised_runs_all_three_families
ERROR tests/route_c_stage2_6_1/test_curriculum261_r12_integration.py::test_alignment_aggregation_wired
ERROR tests/route_c_stage2_6_1/test_curriculum261_r12_integration.py::test_distinct_seed_gate_wired_and_recomputed
ERROR tests/route_c_stage2_6_1/test_curriculum261_r12_labels.py::test_b1_real_path_clean_alignment_aggregates_all
ERROR tests/route_c_stage2_6_1/test_curriculum261_r12_labels.py::test_b1_real_path_tampered_failure_flips_to_false
ERROR tests/route_c_stage2_6_1/test_curriculum261_r13_roundtrip.py::TestReadPreprocessorBundleHash::test_canonical_field_read_from_real_producer_output
ERROR tests/route_c_stage2_6_1/test_curriculum261_r13_roundtrip.py::TestReadPreprocessorBundleHash::test_identity_payload_has_no_legacy_key
ERROR tests/route_c_stage2_6_1/test_curriculum261_r13_roundtrip.py::TestReadPreprocessorBundleHash::test_missing_canonical_field_fail_closed
ERROR tests/route_c_stage2_6_1/test_curriculum261_r13_roundtrip.py::TestReadPreprocessorBundleHash::test_legacy_bundle_hash_key_cannot_impersonate
ERROR tests/route_c_stage2_6_1/test_curriculum261_r13_roundtrip.py::TestReadPreprocessorBundleHash::test_bad_value_fail_closed
ERROR tests/route_c_stage2_6_1/test_curriculum261_r13_roundtrip.py::TestReadPreprocessorBundleHash::test_subprocess_independent_read
ERROR tests/route_c_stage2_6_1/test_curriculum261_r14_roundtrip.py::TestReadPreprocessorBundleHash::test_canonical_field_read_from_real_producer_output
ERROR tests/route_c_stage2_6_1/test_curriculum261_r14_roundtrip.py::TestReadPreprocessorBundleHash::test_identity_payload_has_no_legacy_key
ERROR tests/route_c_stage2_6_1/test_curriculum261_r14_roundtrip.py::TestReadPreprocessorBundleHash::test_missing_canonical_field_fail_closed
ERROR tests/route_c_stage2_6_1/test_curriculum261_r14_roundtrip.py::TestReadPreprocessorBundleHash::test_legacy_bundle_hash_key_cannot_impersonate
ERROR tests/route_c_stage2_6_1/test_curriculum261_r14_roundtrip.py::TestReadPreprocessorBundleHash::test_bad_value_fail_closed
ERROR tests/route_c_stage2_6_1/test_curriculum261_r14_roundtrip.py::TestReadPreprocessorBundleHash::test_subprocess_independent_read
ERROR tests/route_c_stage2_6_1/test_curriculum261_r15_roundtrip.py::TestReadPreprocessorBundleHash::test_canonical_field_read_from_real_producer_output
ERROR tests/route_c_stage2_6_1/test_curriculum261_r15_roundtrip.py::TestReadPreprocessorBundleHash::test_identity_payload_has_no_legacy_key
ERROR tests/route_c_stage2_6_1/test_curriculum261_r15_roundtrip.py::TestReadPreprocessorBundleHash::test_missing_canonical_field_fail_closed
ERROR tests/route_c_stage2_6_1/test_curriculum261_r15_roundtrip.py::TestReadPreprocessorBundleHash::test_legacy_bundle_hash_key_cannot_impersonate
ERROR tests/route_c_stage2_6_1/test_curriculum261_r15_roundtrip.py::TestReadPreprocessorBundleHash::test_bad_value_fail_closed
ERROR tests/route_c_stage2_6_1/test_curriculum261_r15_roundtrip.py::TestReadPreprocessorBundleHash::test_subprocess_independent_read
ERROR tests/route_c_stage2_6_1/test_curriculum261_r2_protocol.py::TestC2Diagnostics::test_local_cue_context_independence
ERROR tests/route_c_stage2_6_1/test_curriculum261_r2_protocol.py::TestC2Diagnostics::test_context_observability_margin
ERROR tests/route_c_stage2_6_1/test_curriculum261_r3_preprocessing.py::test_numerical_equivalence_full
ERROR tests/route_c_stage2_6_1/test_curriculum261_r3_preprocessing.py::test_out_of_train_range_not_clipped
ERROR tests/route_c_stage2_6_1/test_curriculum261_r3_preprocessing.py::test_transform_does_not_mutate_fit_state
ERROR tests/route_c_stage2_6_1/test_curriculum261_r3_preprocessing.py::test_position_not_participating_in_fit
ERROR tests/route_c_stage2_6_1/test_curriculum261_r3_preprocessing.py::test_row_order_invariance
ERROR tests/route_c_stage2_6_1/test_curriculum261_r3_preprocessing.py::test_feature_survival_8_of_8
ERROR tests/route_c_stage2_6_1/test_curriculum261_r3_preprocessing.py::test_fit_rejects_extra_columns
ERROR tests/route_c_stage2_6_1/test_curriculum261_r3_preprocessing.py::test_single_preprocessor_shared_across_families
ERROR tests/route_c_stage2_6_1/test_curriculum261_r3_preprocessing.py::test_staged_mixed_same_multiset_same_state
ERROR tests/route_c_stage2_6_1/test_curriculum261_r3_preprocessing.py::test_observation_dim_9_position_last
ERROR tests/route_c_stage2_6_1/test_curriculum261_r3_preprocessing.py::test_position_identity_unscaled
ERROR tests/route_c_stage2_6_1/test_curriculum261_r3_preprocessing.py::test_observation_containment_and_no_nan
ERROR tests/route_c_stage2_6_1/test_curriculum261_r3_preprocessing.py::test_serialize_reload_new_process_equivalence
ERROR tests/route_c_stage2_6_1/test_curriculum261_r3_preprocessing.py::test_inverse_transform_precise
ERROR tests/route_c_stage2_6_1/test_curriculum261_r3_preprocessing.py::test_identity_binding
ERROR tests/route_c_stage2_6_1/test_curriculum261_r3_reference.py::test_reference_action_equivalence_per_bar[c1_opportunity]
ERROR tests/route_c_stage2_6_1/test_curriculum261_r3_reference.py::test_reference_action_equivalence_per_bar[c2_context]
ERROR tests/route_c_stage2_6_1/test_curriculum261_r3_reference.py::test_reference_action_equivalence_per_bar[c3_cost]
ERROR tests/route_c_stage2_6_1/test_curriculum261_r3_reference.py::test_reference_equivalence_side_b[c1_opportunity]
ERROR tests/route_c_stage2_6_1/test_curriculum261_r3_reference.py::test_reference_equivalence_side_b[c2_context]
ERROR tests/route_c_stage2_6_1/test_curriculum261_r3_reference.py::test_reference_equivalence_side_b[c3_cost]
ERROR tests/route_c_stage2_6_1/test_curriculum261_r3_reference.py::test_inverse_wrapper_no_raw_side_channel
ERROR tests/route_c_stage2_6_1/test_curriculum261_r3_reference.py::test_wrapped_read_inverse_consistent
ERROR tests/route_c_stage2_6_1/test_curriculum261_r3_reference.py::test_wrap_policy_set_keeps_unscaled_baselines
ERROR tests/route_c_stage2_6_1/test_curriculum261_r3_reference.py::test_evaluate_pair_corpus_r3_structure
ERROR tests/route_c_stage2_6_1/test_curriculum261_r4_preprocessing.py::test_observation_space_unbounded_features_position_01
ERROR tests/route_c_stage2_6_1/test_curriculum261_r4_preprocessing.py::test_extreme_values_accepted_not_clipped
ERROR tests/route_c_stage2_6_1/test_curriculum261_r4_preprocessing.py::test_real_episodes_finite_and_position_identity
ERROR tests/route_c_stage2_6_1/test_curriculum261_r4_preprocessing.py::test_sb3_sees_outer_space
ERROR tests/route_c_stage2_6_1/test_curriculum261_r4_preprocessing.py::test_manifest_order_invariant_multiset_hash
ERROR tests/route_c_stage2_6_1/test_curriculum261_r4_preprocessing.py::test_different_multiset_different_hash
ERROR tests/route_c_stage2_6_1/test_curriculum261_r4_preprocessing.py::test_same_params_different_manifest_different_bundle
ERROR tests/route_c_stage2_6_1/test_curriculum261_r4_preprocessing.py::test_manifest_tamper_rejected
ERROR tests/route_c_stage2_6_1/test_curriculum261_r4_preprocessing.py::test_parameter_state_tamper_rejected
ERROR tests/route_c_stage2_6_1/test_curriculum261_r4_preprocessing.py::test_reload_identity_unchanged
ERROR tests/route_c_stage2_6_1/test_curriculum261_r4_preprocessing.py::test_staged_mixed_same_bundle
ERROR tests/route_c_stage2_6_1/test_curriculum261_r4_preprocessing.py::test_parameter_state_hash_excludes_n_samples
ERROR tests/route_c_stage2_6_1/test_curriculum261_r4_preprocessing.py::test_semantics_declared
ERROR tests/route_c_stage2_6_1/test_curriculum261_r5_preprocessing.py::test_v2_three_layer_hashes
ERROR tests/route_c_stage2_6_1/test_curriculum261_r5_preprocessing.py::test_v2_envelope_reload_and_tamper
ERROR tests/route_c_stage2_6_1/test_curriculum261_r5_preprocessing.py::test_outer_env_unbounded_no_clip
ERROR tests/route_c_stage2_6_1/test_curriculum261_r5_preprocessing.py::test_adversarial_out_of_range_no_clip
ERROR tests/route_c_stage2_6_1/test_curriculum261_r6_tape.py::test_matched_instance_isolated_from_singleton
ERROR tests/route_c_stage2_6_1/test_curriculum261_r6_tape.py::test_four_rungs_share_structure
ERROR tests/route_c_stage2_6_1/test_curriculum261_r6_tape.py::test_cross_rung_matching_passes
ERROR tests/route_c_stage2_6_1/test_curriculum261_r6_tape.py::test_block_id_not_in_observation
ERROR tests/route_c_stage2_6_1/test_curriculum261_r6_tape.py::test_accepted_block_implies_all_integrity
ERROR tests/route_c_stage2_6_1/test_curriculum261_r6_tape.py::test_ab_contract_in_matched
ERROR tests/route_c_stage2_6_1/test_curriculum261_r6_tape.py::test_block_attempt_log_valid
ERROR tests/route_c_stage2_6_1/test_curriculum261_r6_tape.py::test_no_pnl_rejection_path
190 failed, 1184 passed, 7 skipped, 7 warnings, 95 errors in 1165.78s (0:19:25)
