 M stage2_6_1/artifacts/repair17/development/run_supervision/rejected/rejected.jsonl
 M stage2_6_1/artifacts/repair17/development/run_supervision/runs/c3eto_full_20260909_r3/telemetry/win_samples.jsonl
?? stage2_6_1/artifacts/repair17/development/run_supervision/runs/20260908T125014_8896_8000/launch_evidence.jsonl
?? stage2_6_1/artifacts/repair17/development/run_supervision/runs/20260908T125142_0784_8191/alerts/alerts.jsonl
?? stage2_6_1/artifacts/repair17/development/run_supervision/runs/20260908T125142_0784_8191/launch_evidence.jsonl
?? stage2_6_1/artifacts/repair17/development/run_supervision/runs/20260908T125142_0784_8191/run_record.json
?? stage2_6_1/artifacts/repair17/development/run_supervision/runs/20260908T125142_0784_8191/summary.json
?? stage2_6_1/artifacts/repair17/development/run_supervision/runs/20260908T125152_7512_8259/alerts/alerts.jsonl
?? stage2_6_1/artifacts/repair17/development/run_supervision/runs/20260908T125152_7512_8259/business/stderr.log
?? stage2_6_1/artifacts/repair17/development/run_supervision/runs/20260908T125152_7512_8259/business/stdout.log
?? stage2_6_1/artifacts/repair17/development/run_supervision/runs/20260908T125152_7512_8259/launch_evidence.jsonl
?? stage2_6_1/artifacts/repair17/development/run_supervision/runs/20260908T125152_7512_8259/run_record.json
?? stage2_6_1/artifacts/repair17/development/run_supervision/runs/20260908T125152_7512_8259/summary.json
?? stage2_6_1/artifacts/repair17/development/run_supervision/runs/20260908T125152_7512_8259/telemetry/guest_samples.jsonl
?? stage2_6_1/artifacts/repair17/development/run_supervision/runs/20260908T125152_7512_8259/telemetry/win_samples.jsonl
?? stage2_6_1/artifacts/repair17/development/run_supervision/runs/20260908T125233_1541_8411/alerts/alerts.jsonl
?? stage2_6_1/artifacts/repair17/development/run_supervision/runs/20260908T125233_1541_8411/business/stderr.log
?? stage2_6_1/artifacts/repair17/development/run_supervision/runs/20260908T125233_1541_8411/business/stdout.log
?? stage2_6_1/artifacts/repair17/development/run_supervision/runs/20260908T125233_1541_8411/launch_evidence.jsonl
?? stage2_6_1/artifacts/repair17/development/run_supervision/runs/20260908T125233_1541_8411/run_record.json
?? stage2_6_1/artifacts/repair17/development/run_supervision/runs/20260908T125233_1541_8411/summary.json
?? stage2_6_1/artifacts/repair17/development/run_supervision/runs/20260908T125233_1541_8411/telemetry/guest_samples.jsonl
?? stage2_6_1/artifacts/repair17/development/run_supervision/runs/20260908T125233_1541_8411/telemetry/win_samples.jsonl
?? stage2_6_1/artifacts/repair17/development/run_supervision/runs/20260908T131204_2896_11213/launch_evidence.jsonl
?? stage2_6_1/artifacts/repair17/development/run_supervision/runs/20260908T134036_5742_13675/launch_evidence.jsonl
?? stage2_6_1/artifacts/repair17/development/run_supervision/runs/20260908T134238_7343_13909/alerts/alerts.jsonl
?? stage2_6_1/artifacts/repair17/development/run_supervision/runs/20260908T134238_7343_13909/launch_evidence.jsonl
?? stage2_6_1/artifacts/repair17/development/run_supervision/runs/20260908T134238_7343_13909/run_record.json
?? stage2_6_1/artifacts/repair17/development/run_supervision/runs/20260908T134238_7343_13909/summary.json
?? stage2_6_1/artifacts/repair17/development/run_supervision/runs/20260908T134330_8989_14019/alerts/alerts.jsonl
?? stage2_6_1/artifacts/repair17/development/run_supervision/runs/20260908T134330_8989_14019/business/stderr.log
?? stage2_6_1/artifacts/repair17/development/run_supervision/runs/20260908T134330_8989_14019/business/stdout.log
?? stage2_6_1/artifacts/repair17/development/run_supervision/runs/20260908T134330_8989_14019/launch_evidence.jsonl
?? stage2_6_1/artifacts/repair17/development/run_supervision/runs/20260908T134330_8989_14019/run_record.json
?? stage2_6_1/artifacts/repair17/development/run_supervision/runs/20260908T134330_8989_14019/summary.json
?? stage2_6_1/artifacts/repair17/development/run_supervision/runs/20260908T134330_8989_14019/telemetry/guest_samples.jsonl
?? stage2_6_1/artifacts/repair17/development/run_supervision/runs/20260908T134330_8989_14019/telemetry/win_samples.jsonl
?? stage2_6_1/artifacts/repair17/development/run_supervision/runs/20260908T134712_3321_14373/alerts/alerts.jsonl
?? stage2_6_1/artifacts/repair17/development/run_supervision/runs/20260908T134712_3321_14373/business/stderr.log
?? stage2_6_1/artifacts/repair17/development/run_supervision/runs/20260908T134712_3321_14373/business/stdout.log
?? stage2_6_1/artifacts/repair17/development/run_supervision/runs/20260908T134712_3321_14373/launch_evidence.jsonl
?? stage2_6_1/artifacts/repair17/development/run_supervision/runs/20260908T134712_3321_14373/run_record.json
?? stage2_6_1/artifacts/repair17/development/run_supervision/runs/20260908T134712_3321_14373/summary.json
?? stage2_6_1/artifacts/repair17/development/run_supervision/runs/20260908T134712_3321_14373/telemetry/guest_samples.jsonl
?? stage2_6_1/artifacts/repair17/development/run_supervision/runs/20260908T134712_3321_14373/telemetry/win_samples.jsonl
?? stage2_6_1/artifacts/repair17/development/run_supervision/runs/20260908T135730_4831_15752/launch_evidence.jsonl
?? stage2_6_1/artifacts/repair17/development/run_supervision/runs/20260908T143248_5921_18994/launch_evidence.jsonl
?? stage2_6_1/artifacts/repair17/development/run_supervision/runs/20260908T164649_3060_25497/launch_evidence.jsonl
?? stage2_6_1/artifacts/repair17/development/run_supervision/runs/20260908T165910_8968_27129/launch_evidence.jsonl
?? stage2_6_1/artifacts/repair17/development/run_supervision/runs/20260909T032153_4321_42000/launch_evidence.jsonl
?? stage2_6_1/artifacts/repair17/development/run_supervision/runs/20260909T051711_0727_52624/launch_evidence.jsonl
?? stage2_6_1/artifacts/repair17/development/run_supervision/runs/20260909T074648_3753_58178/launch_evidence.jsonl
?? stage2_6_1/artifacts/repair17/development/run_supervision/runs/20260909T113451_6792_66913/launch_evidence.jsonl
?? stage2_6_1/artifacts/repair17/development/run_supervision/runs/20260909T113842_7934_67529/launch_evidence.jsonl
?? stage2_6_1/artifacts/repair17/development/run_supervision/runs/20260909T124222_3234_73255/launch_evidence.jsonl
?? stage2_6_1/artifacts/repair17/development/run_supervision/runs/20260909T162852_3696_77558/launch_evidence.jsonl
?? stage2_6_1/artifacts/repair17/development/run_supervision/runs/20260909T164006_7218_78930/launch_evidence.jsonl
?? stage2_6_1/artifacts/repair17/development/run_supervision/runs/20260909T172421_8513_85348/launch_evidence.jsonl
?? stage2_6_1/artifacts/repair17/development/run_supervision/runs/20260909T175443_4549_87367/launch_evidence.jsonl
?? stage2_6_1/artifacts/repair17/development/run_supervision/runs/20260910T052718_6777_96100/launch_evidence.jsonl
?? stage2_6_1/artifacts/repair17/development/run_supervision/runs/20260910T084742_0408_101838/launch_evidence.jsonl
?? stage2_6_1/artifacts/repair17/development/run_supervision/runs/20260910T114538_8526_109415/launch_evidence.jsonl
?? stage2_6_1/artifacts/repair17/development/run_supervision/runs/20260910T144125_0776_118200/launch_evidence.jsonl
?? stage2_6_1/artifacts/repair17/development/run_supervision/runs/20260910T182909_3403_128229/launch_evidence.jsonl
?? stage2_6_1/artifacts/repair17/development/run_supervision/runs/20260910T193316_5662_134777/launch_evidence.jsonl
?? stage2_6_1/artifacts/repair17/development/run_supervision/runs/20260910T215000_4877_145474/launch_evidence.jsonl
?? stage2_6_1/artifacts/repair17/development/run_supervision/runs/20260911T004242_9413_3317/launch_evidence.jsonl
?? stage2_6_1/artifacts/repair17/development/run_supervision/runs/20260911T124755_1183_7527/launch_evidence.jsonl
?? stage2_6_1/artifacts/repair17/development/run_supervision/runs/20260911T190410_1839_3727/launch_evidence.jsonl
?? stage2_6_1/artifacts/repair17/development/run_supervision/runs/20260911T194604_9501_3676/launch_evidence.jsonl
?? stage2_6_1/artifacts/repair17/development/run_supervision/runs/20260911T203437_9016_6416/launch_evidence.jsonl
?? stage2_6_1/artifacts/repair17/development/run_supervision/runs/20260911T211910_8313_3786/launch_evidence.jsonl
?? stage2_6_1/artifacts/repair17/development/run_supervision/runs/20260912T023714_5279_2182/launch_evidence.jsonl
?? stage2_6_1/artifacts/repair17/development/run_supervision/runs/20260912T032005_7172_2436/launch_evidence.jsonl
?? stage2_6_1/artifacts/repair17/development/run_supervision/runs/20260912T060946_5750_3745/launch_evidence.jsonl
?? stage2_6_1/artifacts/repair17/development/run_supervision/runs/20260914T045050_7500_2395/launch_evidence.jsonl
?? stage2_6_1/artifacts/repair17/development/run_supervision/runs/20260914T125255_1234_2389/launch_evidence.jsonl
?? stage2_6_1/artifacts/repair17/development/run_supervision/runs/c3calbridge_20260910T113010_107611/alerts/alerts.jsonl
?? stage2_6_1/artifacts/repair17/development/run_supervision/runs/c3calbridge_20260910T113010_107611/business/stderr.log
?? stage2_6_1/artifacts/repair17/development/run_supervision/runs/c3calbridge_20260910T113010_107611/business/stdout.log
?? stage2_6_1/artifacts/repair17/development/run_supervision/runs/c3calbridge_20260910T113010_107611/c3_calibration_bridge/analysis.json
?? stage2_6_1/artifacts/repair17/development/run_supervision/runs/c3calbridge_20260910T113010_107611/c3_calibration_bridge/episodes.json
?? stage2_6_1/artifacts/repair17/development/run_supervision/runs/c3calbridge_20260910T113010_107611/c3_calibration_bridge/input_batch/attempts/main_D0_p0/attempt_0.json
?? stage2_6_1/artifacts/repair17/development/run_supervision/runs/c3calbridge_20260910T113010_107611/c3_calibration_bridge/input_batch/attempts/main_D0_p0/call.json
?? stage2_6_1/artifacts/repair17/development/run_supervision/runs/c3calbridge_20260910T113010_107611/c3_calibration_bridge/input_batch/attempts/main_D0_p1/attempt_0.json
?? stage2_6_1/artifacts/repair17/development/run_supervision/runs/c3calbridge_20260910T113010_107611/c3_calibration_bridge/input_batch/attempts/main_D0_p1/call.json
?? stage2_6_1/artifacts/repair17/development/run_supervision/runs/c3calbridge_20260910T113010_107611/c3_calibration_bridge/input_batch/attempts/main_D1_p0/attempt_0.json
?? stage2_6_1/artifacts/repair17/development/run_supervision/runs/c3calbridge_20260910T113010_107611/c3_calibration_bridge/input_batch/attempts/main_D1_p0/attempt_1.json
?? stage2_6_1/artifacts/repair17/development/run_supervision/runs/c3calbridge_20260910T113010_107611/c3_calibration_bridge/input_batch/attempts/main_D1_p0/call.json
?? stage2_6_1/artifacts/repair17/development/run_supervision/runs/c3calbridge_20260910T113010_107611/c3_calibration_bridge/input_batch/attempts/main_D1_p1/attempt_0.json
?? stage2_6_1/artifacts/repair17/development/run_supervision/runs/c3calbridge_20260910T113010_107611/c3_calibration_bridge/input_batch/attempts/main_D1_p1/call.json
?? stage2_6_1/artifacts/repair17/development/run_supervision/runs/c3calbridge_20260910T113010_107611/c3_calibration_bridge/input_batch/attempts/main_D2_p0/attempt_0.json
?? stage2_6_1/artifacts/repair17/development/run_supervision/runs/c3calbridge_20260910T113010_107611/c3_calibration_bridge/input_batch/attempts/main_D2_p0/call.json
?? stage2_6_1/artifacts/repair17/development/run_supervision/runs/c3calbridge_20260910T113010_107611/c3_calibration_bridge/input_batch/attempts/main_D2_p1/attempt_0.json
?? stage2_6_1/artifacts/repair17/development/run_supervision/runs/c3calbridge_20260910T113010_107611/c3_calibration_bridge/input_batch/attempts/main_D2_p1/attempt_1.json
?? stage2_6_1/artifacts/repair17/development/run_supervision/runs/c3calbridge_20260910T113010_107611/c3_calibration_bridge/input_batch/attempts/main_D2_p1/call.json
?? stage2_6_1/artifacts/repair17/development/run_supervision/runs/c3calbridge_20260910T113010_107611/c3_calibration_bridge/input_batch/attempts/main_D3_p0/attempt_0.json
?? stage2_6_1/artifacts/repair17/development/run_supervision/runs/c3calbridge_20260910T113010_107611/c3_calibration_bridge/input_batch/attempts/main_D3_p0/call.json
?? stage2_6_1/artifacts/repair17/development/run_supervision/runs/c3calbridge_20260910T113010_107611/c3_calibration_bridge/input_batch/attempts/main_D3_p1/attempt_0.json
?? stage2_6_1/artifacts/repair17/development/run_supervision/runs/c3calbridge_20260910T113010_107611/c3_calibration_bridge/input_batch/attempts/main_D3_p1/call.json
?? stage2_6_1/artifacts/repair17/development/run_supervision/runs/c3calbridge_20260910T113010_107611/c3_calibration_bridge/input_batch/attempts/validation_D0_p0/attempt_0.json
?? stage2_6_1/artifacts/repair17/development/run_supervision/runs/c3calbridge_20260910T113010_107611/c3_calibration_bridge/input_batch/attempts/validation_D0_p0/call.json
?? stage2_6_1/artifacts/repair17/development/run_supervision/runs/c3calbridge_20260910T113010_107611/c3_calibration_bridge/input_batch/attempts/validation_D0_p1/attempt_0.json
?? stage2_6_1/artifacts/repair17/development/run_supervision/runs/c3calbridge_20260910T113010_107611/c3_calibration_bridge/input_batch/attempts/validation_D0_p1/call.json
?? stage2_6_1/artifacts/repair17/development/run_supervision/runs/c3calbridge_20260910T113010_107611/c3_calibration_bridge/input_batch/attempts/validation_D1_p0/attempt_0.json
?? stage2_6_1/artifacts/repair17/development/run_supervision/runs/c3calbridge_20260910T113010_107611/c3_calibration_bridge/input_batch/attempts/validation_D1_p0/call.json
?? stage2_6_1/artifacts/repair17/development/run_supervision/runs/c3calbridge_20260910T113010_107611/c3_calibration_bridge/input_batch/attempts/validation_D1_p1/attempt_0.json
?? stage2_6_1/artifacts/repair17/development/run_supervision/runs/c3calbridge_20260910T113010_107611/c3_calibration_bridge/input_batch/attempts/validation_D1_p1/call.json
?? stage2_6_1/artifacts/repair17/development/run_supervision/runs/c3calbridge_20260910T113010_107611/c3_calibration_bridge/input_batch/attempts/validation_D2_p0/attempt_0.json
?? stage2_6_1/artifacts/repair17/development/run_supervision/runs/c3calbridge_20260910T113010_107611/c3_calibration_bridge/input_batch/attempts/validation_D2_p0/call.json
?? stage2_6_1/artifacts/repair17/development/run_supervision/runs/c3calbridge_20260910T113010_107611/c3_calibration_bridge/input_batch/attempts/validation_D2_p1/attempt_0.json
?? stage2_6_1/artifacts/repair17/development/run_supervision/runs/c3calbridge_20260910T113010_107611/c3_calibration_bridge/input_batch/attempts/validation_D2_p1/call.json
?? stage2_6_1/artifacts/repair17/development/run_supervision/runs/c3calbridge_20260910T113010_107611/c3_calibration_bridge/input_batch/attempts/validation_D3_p0/attempt_0.json
?? stage2_6_1/artifacts/repair17/development/run_supervision/runs/c3calbridge_20260910T113010_107611/c3_calibration_bridge/input_batch/attempts/validation_D3_p0/call.json
?? stage2_6_1/artifacts/repair17/development/run_supervision/runs/c3calbridge_20260910T113010_107611/c3_calibration_bridge/input_batch/attempts/validation_D3_p1/attempt_0.json
?? stage2_6_1/artifacts/repair17/development/run_supervision/runs/c3calbridge_20260910T113010_107611/c3_calibration_bridge/input_batch/attempts/validation_D3_p1/call.json
?? stage2_6_1/artifacts/repair17/development/run_supervision/runs/c3calbridge_20260910T113010_107611/c3_calibration_bridge/input_batch/evaluation_starts/main_D0_p0.json
?? stage2_6_1/artifacts/repair17/development/run_supervision/runs/c3calbridge_20260910T113010_107611/c3_calibration_bridge/input_batch/evaluation_starts/main_D0_p1.json
?? stage2_6_1/artifacts/repair17/development/run_supervision/runs/c3calbridge_20260910T113010_107611/c3_calibration_bridge/input_batch/evaluation_starts/main_D1_p0.json
?? stage2_6_1/artifacts/repair17/development/run_supervision/runs/c3calbridge_20260910T113010_107611/c3_calibration_bridge/input_batch/evaluation_starts/main_D1_p1.json
?? stage2_6_1/artifacts/repair17/development/run_supervision/runs/c3calbridge_20260910T113010_107611/c3_calibration_bridge/input_batch/evaluation_starts/main_D2_p0.json
?? stage2_6_1/artifacts/repair17/development/run_supervision/runs/c3calbridge_20260910T113010_107611/c3_calibration_bridge/input_batch/evaluation_starts/main_D2_p1.json
?? stage2_6_1/artifacts/repair17/development/run_supervision/runs/c3calbridge_20260910T113010_107611/c3_calibration_bridge/input_batch/evaluation_starts/main_D3_p0.json
?? stage2_6_1/artifacts/repair17/development/run_supervision/runs/c3calbridge_20260910T113010_107611/c3_calibration_bridge/input_batch/evaluation_starts/main_D3_p1.json
?? stage2_6_1/artifacts/repair17/development/run_supervision/runs/c3calbridge_20260910T113010_107611/c3_calibration_bridge/input_batch/evaluation_starts/validation_D0_p0.json
?? stage2_6_1/artifacts/repair17/development/run_supervision/runs/c3calbridge_20260910T113010_107611/c3_calibration_bridge/input_batch/evaluation_starts/validation_D0_p1.json
?? stage2_6_1/artifacts/repair17/development/run_supervision/runs/c3calbridge_20260910T113010_107611/c3_calibration_bridge/input_batch/evaluation_starts/validation_D1_p0.json
?? stage2_6_1/artifacts/repair17/development/run_supervision/runs/c3calbridge_20260910T113010_107611/c3_calibration_bridge/input_batch/evaluation_starts/validation_D1_p1.json
?? stage2_6_1/artifacts/repair17/development/run_supervision/runs/c3calbridge_20260910T113010_107611/c3_calibration_bridge/input_batch/evaluation_starts/validation_D2_p0.json
?? stage2_6_1/artifacts/repair17/development/run_supervision/runs/c3calbridge_20260910T113010_107611/c3_calibration_bridge/input_batch/evaluation_starts/validation_D2_p1.json
?? stage2_6_1/artifacts/repair17/development/run_supervision/runs/c3calbridge_20260910T113010_107611/c3_calibration_bridge/input_batch/evaluation_starts/validation_D3_p0.json
?? stage2_6_1/artifacts/repair17/development/run_supervision/runs/c3calbridge_20260910T113010_107611/c3_calibration_bridge/input_batch/evaluation_starts/validation_D3_p1.json
?? stage2_6_1/artifacts/repair17/development/run_supervision/runs/c3calbridge_20260910T113010_107611/c3_calibration_bridge/input_batch/evaluations/main_D0_p0.json
?? stage2_6_1/artifacts/repair17/development/run_supervision/runs/c3calbridge_20260910T113010_107611/c3_calibration_bridge/input_batch/evaluations/main_D0_p1.json
?? stage2_6_1/artifacts/repair17/development/run_supervision/runs/c3calbridge_20260910T113010_107611/c3_calibration_bridge/input_batch/evaluations/main_D1_p0.json
?? stage2_6_1/artifacts/repair17/development/run_supervision/runs/c3calbridge_20260910T113010_107611/c3_calibration_bridge/input_batch/evaluations/main_D1_p1.json
?? stage2_6_1/artifacts/repair17/development/run_supervision/runs/c3calbridge_20260910T113010_107611/c3_calibration_bridge/input_batch/evaluations/main_D2_p0.json
?? stage2_6_1/artifacts/repair17/development/run_supervision/runs/c3calbridge_20260910T113010_107611/c3_calibration_bridge/input_batch/evaluations/main_D2_p1.json
?? stage2_6_1/artifacts/repair17/development/run_supervision/runs/c3calbridge_20260910T113010_107611/c3_calibration_bridge/input_batch/evaluations/main_D3_p0.json
?? stage2_6_1/artifacts/repair17/development/run_supervision/runs/c3calbridge_20260910T113010_107611/c3_calibration_bridge/input_batch/evaluations/main_D3_p1.json
?? stage2_6_1/artifacts/repair17/development/run_supervision/runs/c3calbridge_20260910T113010_107611/c3_calibration_bridge/input_batch/evaluations/validation_D0_p0.json
?? stage2_6_1/artifacts/repair17/development/run_supervision/runs/c3calbridge_20260910T113010_107611/c3_calibration_bridge/input_batch/evaluations/validation_D0_p1.json
?? stage2_6_1/artifacts/repair17/development/run_supervision/runs/c3calbridge_20260910T113010_107611/c3_calibration_bridge/input_batch/evaluations/validation_D1_p0.json
?? stage2_6_1/artifacts/repair17/development/run_supervision/runs/c3calbridge_20260910T113010_107611/c3_calibration_bridge/input_batch/evaluations/validation_D1_p1.json
?? stage2_6_1/artifacts/repair17/development/run_supervision/runs/c3calbridge_20260910T113010_107611/c3_calibration_bridge/input_batch/evaluations/validation_D2_p0.json
?? stage2_6_1/artifacts/repair17/development/run_supervision/runs/c3calbridge_20260910T113010_107611/c3_calibration_bridge/input_batch/evaluations/validation_D2_p1.json
?? stage2_6_1/artifacts/repair17/development/run_supervision/runs/c3calbridge_20260910T113010_107611/c3_calibration_bridge/input_batch/evaluations/validation_D3_p0.json
?? stage2_6_1/artifacts/repair17/development/run_supervision/runs/c3calbridge_20260910T113010_107611/c3_calibration_bridge/input_batch/evaluations/validation_D3_p1.json
?? stage2_6_1/artifacts/repair17/development/run_supervision/runs/c3calbridge_20260910T113010_107611/c3_calibration_bridge/input_batch/manifest.json
?? stage2_6_1/artifacts/repair17/development/run_supervision/runs/c3calbridge_20260910T113010_107611/c3_calibration_bridge/input_batch/plan.json
?? stage2_6_1/artifacts/repair17/development/run_supervision/runs/c3calbridge_20260910T113010_107611/c3_calibration_bridge/input_batch/requests/main_D0_p0.json
?? stage2_6_1/artifacts/repair17/development/run_supervision/runs/c3calbridge_20260910T113010_107611/c3_calibration_bridge/input_batch/requests/main_D0_p1.json
?? stage2_6_1/artifacts/repair17/development/run_supervision/runs/c3calbridge_20260910T113010_107611/c3_calibration_bridge/input_batch/requests/main_D1_p0.json
?? stage2_6_1/artifacts/repair17/development/run_supervision/runs/c3calbridge_20260910T113010_107611/c3_calibration_bridge/input_batch/requests/main_D1_p1.json
?? stage2_6_1/artifacts/repair17/development/run_supervision/runs/c3calbridge_20260910T113010_107611/c3_calibration_bridge/input_batch/requests/main_D2_p0.json
?? stage2_6_1/artifacts/repair17/development/run_supervision/runs/c3calbridge_20260910T113010_107611/c3_calibration_bridge/input_batch/requests/main_D2_p1.json
?? stage2_6_1/artifacts/repair17/development/run_supervision/runs/c3calbridge_20260910T113010_107611/c3_calibration_bridge/input_batch/requests/main_D3_p0.json
?? stage2_6_1/artifacts/repair17/development/run_supervision/runs/c3calbridge_20260910T113010_107611/c3_calibration_bridge/input_batch/requests/main_D3_p1.json
?? stage2_6_1/artifacts/repair17/development/run_supervision/runs/c3calbridge_20260910T113010_107611/c3_calibration_bridge/input_batch/requests/validation_D0_p0.json
?? stage2_6_1/artifacts/repair17/development/run_supervision/runs/c3calbridge_20260910T113010_107611/c3_calibration_bridge/input_batch/requests/validation_D0_p1.json
?? stage2_6_1/artifacts/repair17/development/run_supervision/runs/c3calbridge_20260910T113010_107611/c3_calibration_bridge/input_batch/requests/validation_D1_p0.json
?? stage2_6_1/artifacts/repair17/development/run_supervision/runs/c3calbridge_20260910T113010_107611/c3_calibration_bridge/input_batch/requests/validation_D1_p1.json
?? stage2_6_1/artifacts/repair17/development/run_supervision/runs/c3calbridge_20260910T113010_107611/c3_calibration_bridge/input_batch/requests/validation_D2_p0.json
?? stage2_6_1/artifacts/repair17/development/run_supervision/runs/c3calbridge_20260910T113010_107611/c3_calibration_bridge/input_batch/requests/validation_D2_p1.json
?? stage2_6_1/artifacts/repair17/development/run_supervision/runs/c3calbridge_20260910T113010_107611/c3_calibration_bridge/input_batch/requests/validation_D3_p0.json
?? stage2_6_1/artifacts/repair17/development/run_supervision/runs/c3calbridge_20260910T113010_107611/c3_calibration_bridge/input_batch/requests/validation_D3_p1.json
?? stage2_6_1/artifacts/repair17/development/run_supervision/runs/c3calbridge_20260910T113010_107611/c3_calibration_bridge/input_batch/result.json
?? stage2_6_1/artifacts/repair17/development/run_supervision/runs/c3calbridge_20260910T113010_107611/c3_calibration_bridge/input_batch/selection.json
?? stage2_6_1/artifacts/repair17/development/run_supervision/runs/c3calbridge_20260910T113010_107611/c3_calibration_bridge/input_batch/starts/main_D0_p0.json
?? stage2_6_1/artifacts/repair17/development/run_supervision/runs/c3calbridge_20260910T113010_107611/c3_calibration_bridge/input_batch/starts/main_D0_p1.json
?? stage2_6_1/artifacts/repair17/development/run_supervision/runs/c3calbridge_20260910T113010_107611/c3_calibration_bridge/input_batch/starts/main_D1_p0.json
?? stage2_6_1/artifacts/repair17/development/run_supervision/runs/c3calbridge_20260910T113010_107611/c3_calibration_bridge/input_batch/starts/main_D1_p1.json
?? stage2_6_1/artifacts/repair17/development/run_supervision/runs/c3calbridge_20260910T113010_107611/c3_calibration_bridge/input_batch/starts/main_D2_p0.json
?? stage2_6_1/artifacts/repair17/development/run_supervision/runs/c3calbridge_20260910T113010_107611/c3_calibration_bridge/input_batch/starts/main_D2_p1.json
?? stage2_6_1/artifacts/repair17/development/run_supervision/runs/c3calbridge_20260910T113010_107611/c3_calibration_bridge/input_batch/starts/main_D3_p0.json
?? stage2_6_1/artifacts/repair17/development/run_supervision/runs/c3calbridge_20260910T113010_107611/c3_calibration_bridge/input_batch/starts/main_D3_p1.json
?? stage2_6_1/artifacts/repair17/development/run_supervision/runs/c3calbridge_20260910T113010_107611/c3_calibration_bridge/input_batch/starts/validation_D0_p0.json
?? stage2_6_1/artifacts/repair17/development/run_supervision/runs/c3calbridge_20260910T113010_107611/c3_calibration_bridge/input_batch/starts/validation_D0_p1.json
?? stage2_6_1/artifacts/repair17/development/run_supervision/runs/c3calbridge_20260910T113010_107611/c3_calibration_bridge/input_batch/starts/validation_D1_p0.json
?? stage2_6_1/artifacts/repair17/development/run_supervision/runs/c3calbridge_20260910T113010_107611/c3_calibration_bridge/input_batch/starts/validation_D1_p1.json
?? stage2_6_1/artifacts/repair17/development/run_supervision/runs/c3calbridge_20260910T113010_107611/c3_calibration_bridge/input_batch/starts/validation_D2_p0.json
?? stage2_6_1/artifacts/repair17/development/run_supervision/runs/c3calbridge_20260910T113010_107611/c3_calibration_bridge/input_batch/starts/validation_D2_p1.json
?? stage2_6_1/artifacts/repair17/development/run_supervision/runs/c3calbridge_20260910T113010_107611/c3_calibration_bridge/input_batch/starts/validation_D3_p0.json
?? stage2_6_1/artifacts/repair17/development/run_supervision/runs/c3calbridge_20260910T113010_107611/c3_calibration_bridge/input_batch/starts/validation_D3_p1.json
?? stage2_6_1/artifacts/repair17/development/run_supervision/runs/c3calbridge_20260910T113010_107611/c3_calibration_bridge/manifest.json
?? stage2_6_1/artifacts/repair17/development/run_supervision/runs/c3calbridge_20260910T113010_107611/c3_calibration_bridge/plan.json
?? stage2_6_1/artifacts/repair17/development/run_supervision/runs/c3calbridge_20260910T113010_107611/c3_calibration_bridge/result.json
?? stage2_6_1/artifacts/repair17/development/run_supervision/runs/c3calbridge_20260910T113010_107611/launch_evidence.jsonl
?? stage2_6_1/artifacts/repair17/development/run_supervision/runs/c3calbridge_20260910T113010_107611/native_sampler/identity.json
?? stage2_6_1/artifacts/repair17/development/run_supervision/runs/c3calbridge_20260910T113010_107611/native_sampler/native_confirmation.json
?? stage2_6_1/artifacts/repair17/development/run_supervision/runs/c3calbridge_20260910T113010_107611/native_sampler/native_request.json
?? stage2_6_1/artifacts/repair17/development/run_supervision/runs/c3calbridge_20260910T113010_107611/native_sampler/stop.json
?? stage2_6_1/artifacts/repair17/development/run_supervision/runs/c3calbridge_20260910T113010_107611/native_sampler/terminal.json
?? stage2_6_1/artifacts/repair17/development/run_supervision/runs/c3calbridge_20260910T113010_107611/run_record.json
?? stage2_6_1/artifacts/repair17/development/run_supervision/runs/c3calbridge_20260910T113010_107611/summary.json
?? stage2_6_1/artifacts/repair17/development/run_supervision/runs/c3calbridge_20260910T113010_107611/telemetry/guest_samples.jsonl
?? stage2_6_1/artifacts/repair17/development/run_supervision/runs/c3calbridge_20260910T113010_107611/telemetry/win_samples.jsonl
?? stage2_6_1/artifacts/repair17/development/run_supervision/runs/c3diag_p52_v2_20260908/alerts/alerts.jsonl
?? stage2_6_1/artifacts/repair17/development/run_supervision/runs/c3diag_p52_v2_20260908/business/stderr.log
?? stage2_6_1/artifacts/repair17/development/run_supervision/runs/c3diag_p52_v2_20260908/business/stdout.log
?? stage2_6_1/artifacts/repair17/development/run_supervision/runs/c3diag_p52_v2_20260908/launch_evidence.jsonl
?? stage2_6_1/artifacts/repair17/development/run_supervision/runs/c3diag_p52_v2_20260908/run_record.json
?? stage2_6_1/artifacts/repair17/development/run_supervision/runs/c3diag_p52_v2_20260908/summary.json
?? stage2_6_1/artifacts/repair17/development/run_supervision/runs/c3diag_p52_v2_20260908/telemetry/guest_samples.jsonl
?? stage2_6_1/artifacts/repair17/development/run_supervision/runs/c3diag_p52_v2_20260908/telemetry/win_samples.jsonl
?? stage2_6_1/artifacts/repair17/development/run_supervision/runs/c3eg_full_20260908/alerts/alerts.jsonl
?? stage2_6_1/artifacts/repair17/development/run_supervision/runs/c3eg_full_20260908/business/stderr.log
?? stage2_6_1/artifacts/repair17/development/run_supervision/runs/c3eg_full_20260908/business/stdout.log
?? stage2_6_1/artifacts/repair17/development/run_supervision/runs/c3eg_full_20260908/junit.xml
?? stage2_6_1/artifacts/repair17/development/run_supervision/runs/c3eg_full_20260908/launch_evidence.jsonl
?? stage2_6_1/artifacts/repair17/development/run_supervision/runs/c3eg_full_20260908/run_record.json
?? stage2_6_1/artifacts/repair17/development/run_supervision/runs/c3eg_full_20260908/summary.json
?? stage2_6_1/artifacts/repair17/development/run_supervision/runs/c3eg_full_20260908/telemetry/guest_samples.jsonl
?? stage2_6_1/artifacts/repair17/development/run_supervision/runs/c3eg_full_20260908/telemetry/win_samples.jsonl
?? stage2_6_1/artifacts/repair17/development/run_supervision/runs/c3rdd_full_20260909/alerts/alerts.jsonl
?? stage2_6_1/artifacts/repair17/development/run_supervision/runs/c3rdd_full_20260909/business/stderr.log
?? stage2_6_1/artifacts/repair17/development/run_supervision/runs/c3rdd_full_20260909/business/stdout.log
?? stage2_6_1/artifacts/repair17/development/run_supervision/runs/c3rdd_full_20260909/junit.xml
?? stage2_6_1/artifacts/repair17/development/run_supervision/runs/c3rdd_full_20260909/launch_evidence.jsonl
?? stage2_6_1/artifacts/repair17/development/run_supervision/runs/c3rdd_full_20260909/run_record.json
?? stage2_6_1/artifacts/repair17/development/run_supervision/runs/c3rdd_full_20260909/summary.json
?? stage2_6_1/artifacts/repair17/development/run_supervision/runs/c3rdd_full_20260909/telemetry/guest_samples.jsonl
?? stage2_6_1/artifacts/repair17/development/run_supervision/runs/c3rdd_full_20260909/telemetry/win_samples.jsonl
?? stage2_6_1/artifacts/repair17/development/run_supervision/runs/c3rdd_pkg_build_20260909/alerts/alerts.jsonl
?? stage2_6_1/artifacts/repair17/development/run_supervision/runs/c3rdd_pkg_build_20260909/business/stderr.log
?? stage2_6_1/artifacts/repair17/development/run_supervision/runs/c3rdd_pkg_build_20260909/business/stdout.log
?? stage2_6_1/artifacts/repair17/development/run_supervision/runs/c3rdd_pkg_build_20260909/launch_evidence.jsonl
?? stage2_6_1/artifacts/repair17/development/run_supervision/runs/c3rdd_pkg_build_20260909/run_record.json
?? stage2_6_1/artifacts/repair17/development/run_supervision/runs/c3rdd_pkg_build_20260909/summary.json
?? stage2_6_1/artifacts/repair17/development/run_supervision/runs/c3rdd_pkg_build_20260909/telemetry/guest_samples.jsonl
?? stage2_6_1/artifacts/repair17/development/run_supervision/runs/c3rdd_pkg_build_20260909/telemetry/win_samples.jsonl
?? stage2_6_1/artifacts/repair17/development/run_supervision/runs/c3rdd_pkg_build_20260909b/alerts/alerts.jsonl
?? stage2_6_1/artifacts/repair17/development/run_supervision/runs/c3rdd_pkg_build_20260909b/business/stderr.log
?? stage2_6_1/artifacts/repair17/development/run_supervision/runs/c3rdd_pkg_build_20260909b/business/stdout.log
?? stage2_6_1/artifacts/repair17/development/run_supervision/runs/c3rdd_pkg_build_20260909b/launch_evidence.jsonl
?? stage2_6_1/artifacts/repair17/development/run_supervision/runs/c3rdd_pkg_build_20260909b/run_record.json
?? stage2_6_1/artifacts/repair17/development/run_supervision/runs/c3rdd_pkg_build_20260909b/summary.json
?? stage2_6_1/artifacts/repair17/development/run_supervision/runs/c3rdd_pkg_build_20260909b/telemetry/guest_samples.jsonl
?? stage2_6_1/artifacts/repair17/development/run_supervision/runs/c3rdd_pkg_build_20260909b/telemetry/win_samples.jsonl
?? stage2_6_1/artifacts/repair17/development/run_supervision/runs/c3rdd_pkg_build_20260909c/alerts/alerts.jsonl
?? stage2_6_1/artifacts/repair17/development/run_supervision/runs/c3rdd_pkg_build_20260909c/business/stderr.log
?? stage2_6_1/artifacts/repair17/development/run_supervision/runs/c3rdd_pkg_build_20260909c/business/stdout.log
?? stage2_6_1/artifacts/repair17/development/run_supervision/runs/c3rdd_pkg_build_20260909c/launch_evidence.jsonl
?? stage2_6_1/artifacts/repair17/development/run_supervision/runs/c3rdd_pkg_build_20260909c/run_record.json
?? stage2_6_1/artifacts/repair17/development/run_supervision/runs/c3rdd_pkg_build_20260909c/summary.json
?? stage2_6_1/artifacts/repair17/development/run_supervision/runs/c3rdd_pkg_build_20260909c/telemetry/guest_samples.jsonl
?? stage2_6_1/artifacts/repair17/development/run_supervision/runs/c3rdd_pkg_build_20260909c/telemetry/win_samples.jsonl
?? stage2_6_1/artifacts/repair17/development/run_supervision/runs/c3rdd_pkg_build_20260909d/alerts/alerts.jsonl
?? stage2_6_1/artifacts/repair17/development/run_supervision/runs/c3rdd_pkg_build_20260909d/business/stderr.log
?? stage2_6_1/artifacts/repair17/development/run_supervision/runs/c3rdd_pkg_build_20260909d/business/stdout.log
?? stage2_6_1/artifacts/repair17/development/run_supervision/runs/c3rdd_pkg_build_20260909d/launch_evidence.jsonl
?? stage2_6_1/artifacts/repair17/development/run_supervision/runs/c3rdd_pkg_build_20260909d/run_record.json
?? stage2_6_1/artifacts/repair17/development/run_supervision/runs/c3rdd_pkg_build_20260909d/summary.json
?? stage2_6_1/artifacts/repair17/development/run_supervision/runs/c3rdd_pkg_build_20260909d/telemetry/guest_samples.jsonl
?? stage2_6_1/artifacts/repair17/development/run_supervision/runs/c3rdd_pkg_build_20260909d/telemetry/win_samples.jsonl
?? stage2_6_1/artifacts/repair17/development/run_supervision/runs/c3rdd_pkg_build_20260909e/alerts/alerts.jsonl
?? stage2_6_1/artifacts/repair17/development/run_supervision/runs/c3rdd_pkg_build_20260909e/business/stderr.log
?? stage2_6_1/artifacts/repair17/development/run_supervision/runs/c3rdd_pkg_build_20260909e/business/stdout.log
?? stage2_6_1/artifacts/repair17/development/run_supervision/runs/c3rdd_pkg_build_20260909e/launch_evidence.jsonl
?? stage2_6_1/artifacts/repair17/development/run_supervision/runs/c3rdd_pkg_build_20260909e/run_record.json
?? stage2_6_1/artifacts/repair17/development/run_supervision/runs/c3rdd_pkg_build_20260909e/summary.json
?? stage2_6_1/artifacts/repair17/development/run_supervision/runs/c3rdd_pkg_build_20260909e/telemetry/guest_samples.jsonl
?? stage2_6_1/artifacts/repair17/development/run_supervision/runs/c3rdd_pkg_build_20260909e/telemetry/win_samples.jsonl
?? stage2_6_1/artifacts/repair17/development/run_supervision/runs/c3readback_20260908/alerts/alerts.jsonl
?? stage2_6_1/artifacts/repair17/development/run_supervision/runs/c3readback_20260908/business/stderr.log
?? stage2_6_1/artifacts/repair17/development/run_supervision/runs/c3readback_20260908/business/stdout.log
?? stage2_6_1/artifacts/repair17/development/run_supervision/runs/c3readback_20260908/launch_evidence.jsonl
?? stage2_6_1/artifacts/repair17/development/run_supervision/runs/c3readback_20260908/run_record.json
?? stage2_6_1/artifacts/repair17/development/run_supervision/runs/c3readback_20260908/summary.json
?? stage2_6_1/artifacts/repair17/development/run_supervision/runs/c3readback_20260908/telemetry/guest_samples.jsonl
?? stage2_6_1/artifacts/repair17/development/run_supervision/runs/c3readback_20260908/telemetry/win_samples.jsonl
?? stage2_6_1/artifacts/repair17/development/run_supervision/runs/c3slice_20260908/alerts/alerts.jsonl
?? stage2_6_1/artifacts/repair17/development/run_supervision/runs/c3slice_20260908/business/stderr.log
?? stage2_6_1/artifacts/repair17/development/run_supervision/runs/c3slice_20260908/business/stdout.log
?? stage2_6_1/artifacts/repair17/development/run_supervision/runs/c3slice_20260908/launch_evidence.jsonl
?? stage2_6_1/artifacts/repair17/development/run_supervision/runs/c3slice_20260908/run_record.json
?? stage2_6_1/artifacts/repair17/development/run_supervision/runs/c3slice_20260908/summary.json
?? stage2_6_1/artifacts/repair17/development/run_supervision/runs/c3slice_20260908/telemetry/guest_samples.jsonl
?? stage2_6_1/artifacts/repair17/development/run_supervision/runs/c3slice_20260908/telemetry/win_samples.jsonl
?? stage2_6_1/artifacts/repair17/development/run_supervision/runs/e2e_002850_77431_37725/alerts/alerts.jsonl
?? stage2_6_1/artifacts/repair17/development/run_supervision/runs/e2e_002850_77431_37725/business/stderr.log
?? stage2_6_1/artifacts/repair17/development/run_supervision/runs/e2e_002850_77431_37725/business/stdout.log
?? stage2_6_1/artifacts/repair17/development/run_supervision/runs/e2e_002850_77431_37725/run_record.json
?? stage2_6_1/artifacts/repair17/development/run_supervision/runs/e2e_002850_77431_37725/summary.json
?? stage2_6_1/artifacts/repair17/development/run_supervision/runs/e2e_002851_77431_15700/alerts/alerts.jsonl
?? stage2_6_1/artifacts/repair17/development/run_supervision/runs/e2e_002851_77431_15700/business/stderr.log
?? stage2_6_1/artifacts/repair17/development/run_supervision/runs/e2e_002851_77431_15700/business/stdout.log
?? stage2_6_1/artifacts/repair17/development/run_supervision/runs/e2e_002851_77431_15700/run_record.json
?? stage2_6_1/artifacts/repair17/development/run_supervision/runs/e2e_002851_77431_15700/summary.json
?? stage2_6_1/artifacts/repair17/development/run_supervision/runs/e2e_002851_77431_39587/alerts/alerts.jsonl
?? stage2_6_1/artifacts/repair17/development/run_supervision/runs/e2e_002851_77431_39587/business/stderr.log
?? stage2_6_1/artifacts/repair17/development/run_supervision/runs/e2e_002851_77431_39587/business/stdout.log
?? stage2_6_1/artifacts/repair17/development/run_supervision/runs/e2e_002851_77431_39587/run_record.json
?? stage2_6_1/artifacts/repair17/development/run_supervision/runs/e2e_002851_77431_39587/summary.json
?? stage2_6_1/artifacts/repair17/development/run_supervision/runs/e2e_004005_78784_69901/alerts/alerts.jsonl
?? stage2_6_1/artifacts/repair17/development/run_supervision/runs/e2e_004005_78784_69901/business/stderr.log
?? stage2_6_1/artifacts/repair17/development/run_supervision/runs/e2e_004005_78784_69901/business/stdout.log
?? stage2_6_1/artifacts/repair17/development/run_supervision/runs/e2e_004005_78784_69901/run_record.json
?? stage2_6_1/artifacts/repair17/development/run_supervision/runs/e2e_004005_78784_69901/summary.json
?? stage2_6_1/artifacts/repair17/development/run_supervision/runs/e2e_004005_78784_79065/alerts/alerts.jsonl
?? stage2_6_1/artifacts/repair17/development/run_supervision/runs/e2e_004005_78784_79065/business/stderr.log
?? stage2_6_1/artifacts/repair17/development/run_supervision/runs/e2e_004005_78784_79065/business/stdout.log
?? stage2_6_1/artifacts/repair17/development/run_supervision/runs/e2e_004005_78784_79065/run_record.json
?? stage2_6_1/artifacts/repair17/development/run_supervision/runs/e2e_004005_78784_79065/summary.json
?? stage2_6_1/artifacts/repair17/development/run_supervision/runs/e2e_004006_78784_87422/alerts/alerts.jsonl
?? stage2_6_1/artifacts/repair17/development/run_supervision/runs/e2e_004006_78784_87422/business/stderr.log
?? stage2_6_1/artifacts/repair17/development/run_supervision/runs/e2e_004006_78784_87422/business/stdout.log
?? stage2_6_1/artifacts/repair17/development/run_supervision/runs/e2e_004006_78784_87422/run_record.json
?? stage2_6_1/artifacts/repair17/development/run_supervision/runs/e2e_004006_78784_87422/summary.json
?? stage2_6_1/artifacts/repair17/development/run_supervision/runs/e2e_004647_25463_03920/alerts/alerts.jsonl
?? stage2_6_1/artifacts/repair17/development/run_supervision/runs/e2e_004647_25463_03920/business/stderr.log
?? stage2_6_1/artifacts/repair17/development/run_supervision/runs/e2e_004647_25463_03920/business/stdout.log
?? stage2_6_1/artifacts/repair17/development/run_supervision/runs/e2e_004647_25463_03920/run_record.json
?? stage2_6_1/artifacts/repair17/development/run_supervision/runs/e2e_004647_25463_03920/summary.json
?? stage2_6_1/artifacts/repair17/development/run_supervision/runs/e2e_004647_25463_81892/alerts/alerts.jsonl
?? stage2_6_1/artifacts/repair17/development/run_supervision/runs/e2e_004647_25463_81892/business/stderr.log
?? stage2_6_1/artifacts/repair17/development/run_supervision/runs/e2e_004647_25463_81892/business/stdout.log
?? stage2_6_1/artifacts/repair17/development/run_supervision/runs/e2e_004647_25463_81892/run_record.json
?? stage2_6_1/artifacts/repair17/development/run_supervision/runs/e2e_004647_25463_81892/summary.json
?? stage2_6_1/artifacts/repair17/development/run_supervision/runs/e2e_004648_25463_87134/alerts/alerts.jsonl
?? stage2_6_1/artifacts/repair17/development/run_supervision/runs/e2e_004648_25463_87134/business/stderr.log
?? stage2_6_1/artifacts/repair17/development/run_supervision/runs/e2e_004648_25463_87134/business/stdout.log
?? stage2_6_1/artifacts/repair17/development/run_supervision/runs/e2e_004648_25463_87134/run_record.json
?? stage2_6_1/artifacts/repair17/development/run_supervision/runs/e2e_004648_25463_87134/summary.json
?? stage2_6_1/artifacts/repair17/development/run_supervision/runs/e2e_005909_25738_41302/alerts/alerts.jsonl
?? stage2_6_1/artifacts/repair17/development/run_supervision/runs/e2e_005909_25738_41302/business/stderr.log
?? stage2_6_1/artifacts/repair17/development/run_supervision/runs/e2e_005909_25738_41302/business/stdout.log
?? stage2_6_1/artifacts/repair17/development/run_supervision/runs/e2e_005909_25738_41302/run_record.json
?? stage2_6_1/artifacts/repair17/development/run_supervision/runs/e2e_005909_25738_41302/summary.json
?? stage2_6_1/artifacts/repair17/development/run_supervision/runs/e2e_005909_25738_53777/alerts/alerts.jsonl
?? stage2_6_1/artifacts/repair17/development/run_supervision/runs/e2e_005909_25738_53777/business/stderr.log
?? stage2_6_1/artifacts/repair17/development/run_supervision/runs/e2e_005909_25738_53777/business/stdout.log
?? stage2_6_1/artifacts/repair17/development/run_supervision/runs/e2e_005909_25738_53777/run_record.json
?? stage2_6_1/artifacts/repair17/development/run_supervision/runs/e2e_005909_25738_53777/summary.json
?? stage2_6_1/artifacts/repair17/development/run_supervision/runs/e2e_005910_25738_24196/alerts/alerts.jsonl
?? stage2_6_1/artifacts/repair17/development/run_supervision/runs/e2e_005910_25738_24196/business/stderr.log
?? stage2_6_1/artifacts/repair17/development/run_supervision/runs/e2e_005910_25738_24196/business/stdout.log
?? stage2_6_1/artifacts/repair17/development/run_supervision/runs/e2e_005910_25738_24196/run_record.json
?? stage2_6_1/artifacts/repair17/development/run_supervision/runs/e2e_005910_25738_24196/summary.json
?? stage2_6_1/artifacts/repair17/development/run_supervision/runs/e2e_012420_82500_18333/alerts/alerts.jsonl
?? stage2_6_1/artifacts/repair17/development/run_supervision/runs/e2e_012420_82500_18333/business/stderr.log
?? stage2_6_1/artifacts/repair17/development/run_supervision/runs/e2e_012420_82500_18333/business/stdout.log
?? stage2_6_1/artifacts/repair17/development/run_supervision/runs/e2e_012420_82500_18333/run_record.json
?? stage2_6_1/artifacts/repair17/development/run_supervision/runs/e2e_012420_82500_18333/summary.json
?? stage2_6_1/artifacts/repair17/development/run_supervision/runs/e2e_012420_82500_63077/alerts/alerts.jsonl
?? stage2_6_1/artifacts/repair17/development/run_supervision/runs/e2e_012420_82500_63077/business/stderr.log
?? stage2_6_1/artifacts/repair17/development/run_supervision/runs/e2e_012420_82500_63077/business/stdout.log
?? stage2_6_1/artifacts/repair17/development/run_supervision/runs/e2e_012420_82500_63077/run_record.json
?? stage2_6_1/artifacts/repair17/development/run_supervision/runs/e2e_012420_82500_63077/summary.json
?? stage2_6_1/artifacts/repair17/development/run_supervision/runs/e2e_012421_82500_40826/alerts/alerts.jsonl
?? stage2_6_1/artifacts/repair17/development/run_supervision/runs/e2e_012421_82500_40826/business/stderr.log
?? stage2_6_1/artifacts/repair17/development/run_supervision/runs/e2e_012421_82500_40826/business/stdout.log
?? stage2_6_1/artifacts/repair17/development/run_supervision/runs/e2e_012421_82500_40826/run_record.json
?? stage2_6_1/artifacts/repair17/development/run_supervision/runs/e2e_012421_82500_40826/summary.json
?? stage2_6_1/artifacts/repair17/development/run_supervision/runs/e2e_015442_85855_02326/alerts/alerts.jsonl
?? stage2_6_1/artifacts/repair17/development/run_supervision/runs/e2e_015442_85855_02326/business/stderr.log
?? stage2_6_1/artifacts/repair17/development/run_supervision/runs/e2e_015442_85855_02326/business/stdout.log
?? stage2_6_1/artifacts/repair17/development/run_supervision/runs/e2e_015442_85855_02326/run_record.json
?? stage2_6_1/artifacts/repair17/development/run_supervision/runs/e2e_015442_85855_02326/summary.json
?? stage2_6_1/artifacts/repair17/development/run_supervision/runs/e2e_015442_85855_41429/alerts/alerts.jsonl
?? stage2_6_1/artifacts/repair17/development/run_supervision/runs/e2e_015442_85855_41429/business/stderr.log
?? stage2_6_1/artifacts/repair17/development/run_supervision/runs/e2e_015442_85855_41429/business/stdout.log
?? stage2_6_1/artifacts/repair17/development/run_supervision/runs/e2e_015442_85855_41429/run_record.json
?? stage2_6_1/artifacts/repair17/development/run_supervision/runs/e2e_015442_85855_41429/summary.json
?? stage2_6_1/artifacts/repair17/development/run_supervision/runs/e2e_015443_85855_02759/alerts/alerts.jsonl
?? stage2_6_1/artifacts/repair17/development/run_supervision/runs/e2e_015443_85855_02759/business/stderr.log
?? stage2_6_1/artifacts/repair17/development/run_supervision/runs/e2e_015443_85855_02759/business/stdout.log
?? stage2_6_1/artifacts/repair17/development/run_supervision/runs/e2e_015443_85855_02759/run_record.json
?? stage2_6_1/artifacts/repair17/development/run_supervision/runs/e2e_015443_85855_02759/summary.json
?? stage2_6_1/artifacts/repair17/development/run_supervision/runs/e2e_022908_125456_53304/alerts/alerts.jsonl
?? stage2_6_1/artifacts/repair17/development/run_supervision/runs/e2e_022908_125456_53304/business/stderr.log
?? stage2_6_1/artifacts/repair17/development/run_supervision/runs/e2e_022908_125456_53304/business/stdout.log
?? stage2_6_1/artifacts/repair17/development/run_supervision/runs/e2e_022908_125456_53304/run_record.json
?? stage2_6_1/artifacts/repair17/development/run_supervision/runs/e2e_022908_125456_53304/summary.json
?? stage2_6_1/artifacts/repair17/development/run_supervision/runs/e2e_022908_125456_96656/alerts/alerts.jsonl
?? stage2_6_1/artifacts/repair17/development/run_supervision/runs/e2e_022908_125456_96656/business/stderr.log
?? stage2_6_1/artifacts/repair17/development/run_supervision/runs/e2e_022908_125456_96656/business/stdout.log
?? stage2_6_1/artifacts/repair17/development/run_supervision/runs/e2e_022908_125456_96656/run_record.json
?? stage2_6_1/artifacts/repair17/development/run_supervision/runs/e2e_022908_125456_96656/summary.json
?? stage2_6_1/artifacts/repair17/development/run_supervision/runs/e2e_022909_125456_66918/alerts/alerts.jsonl
?? stage2_6_1/artifacts/repair17/development/run_supervision/runs/e2e_022909_125456_66918/business/stderr.log
?? stage2_6_1/artifacts/repair17/development/run_supervision/runs/e2e_022909_125456_66918/business/stdout.log
?? stage2_6_1/artifacts/repair17/development/run_supervision/runs/e2e_022909_125456_66918/run_record.json
?? stage2_6_1/artifacts/repair17/development/run_supervision/runs/e2e_022909_125456_66918/summary.json
?? stage2_6_1/artifacts/repair17/development/run_supervision/runs/e2e_030409_475_45906/alerts/alerts.jsonl
?? stage2_6_1/artifacts/repair17/development/run_supervision/runs/e2e_030409_475_45906/business/stderr.log
?? stage2_6_1/artifacts/repair17/development/run_supervision/runs/e2e_030409_475_45906/business/stdout.log
?? stage2_6_1/artifacts/repair17/development/run_supervision/runs/e2e_030409_475_45906/run_record.json
?? stage2_6_1/artifacts/repair17/development/run_supervision/runs/e2e_030409_475_45906/summary.json
?? stage2_6_1/artifacts/repair17/development/run_supervision/runs/e2e_030409_475_57361/alerts/alerts.jsonl
?? stage2_6_1/artifacts/repair17/development/run_supervision/runs/e2e_030409_475_57361/business/stderr.log
?? stage2_6_1/artifacts/repair17/development/run_supervision/runs/e2e_030409_475_57361/business/stdout.log
?? stage2_6_1/artifacts/repair17/development/run_supervision/runs/e2e_030409_475_57361/run_record.json
?? stage2_6_1/artifacts/repair17/development/run_supervision/runs/e2e_030409_475_57361/summary.json
?? stage2_6_1/artifacts/repair17/development/run_supervision/runs/e2e_030409_475_58639/alerts/alerts.jsonl
?? stage2_6_1/artifacts/repair17/development/run_supervision/runs/e2e_030409_475_58639/business/stderr.log
?? stage2_6_1/artifacts/repair17/development/run_supervision/runs/e2e_030409_475_58639/business/stdout.log
?? stage2_6_1/artifacts/repair17/development/run_supervision/runs/e2e_030409_475_58639/run_record.json
?? stage2_6_1/artifacts/repair17/development/run_supervision/runs/e2e_030409_475_58639/summary.json
?? stage2_6_1/artifacts/repair17/development/run_supervision/runs/e2e_033314_132001_68381/alerts/alerts.jsonl
?? stage2_6_1/artifacts/repair17/development/run_supervision/runs/e2e_033314_132001_68381/business/stderr.log
?? stage2_6_1/artifacts/repair17/development/run_supervision/runs/e2e_033314_132001_68381/business/stdout.log
?? stage2_6_1/artifacts/repair17/development/run_supervision/runs/e2e_033314_132001_68381/run_record.json
?? stage2_6_1/artifacts/repair17/development/run_supervision/runs/e2e_033314_132001_68381/summary.json
?? stage2_6_1/artifacts/repair17/development/run_supervision/runs/e2e_033315_132001_45340/alerts/alerts.jsonl
?? stage2_6_1/artifacts/repair17/development/run_supervision/runs/e2e_033315_132001_45340/business/stderr.log
?? stage2_6_1/artifacts/repair17/development/run_supervision/runs/e2e_033315_132001_45340/business/stdout.log
?? stage2_6_1/artifacts/repair17/development/run_supervision/runs/e2e_033315_132001_45340/run_record.json
?? stage2_6_1/artifacts/repair17/development/run_supervision/runs/e2e_033315_132001_45340/summary.json
?? stage2_6_1/artifacts/repair17/development/run_supervision/runs/e2e_033315_132001_84933/alerts/alerts.jsonl
?? stage2_6_1/artifacts/repair17/development/run_supervision/runs/e2e_033315_132001_84933/business/stderr.log
?? stage2_6_1/artifacts/repair17/development/run_supervision/runs/e2e_033315_132001_84933/business/stdout.log
?? stage2_6_1/artifacts/repair17/development/run_supervision/runs/e2e_033315_132001_84933/run_record.json
?? stage2_6_1/artifacts/repair17/development/run_supervision/runs/e2e_033315_132001_84933/summary.json
?? stage2_6_1/artifacts/repair17/development/run_supervision/runs/e2e_034603_468_08036/alerts/alerts.jsonl
?? stage2_6_1/artifacts/repair17/development/run_supervision/runs/e2e_034603_468_08036/business/stderr.log
?? stage2_6_1/artifacts/repair17/development/run_supervision/runs/e2e_034603_468_08036/business/stdout.log
?? stage2_6_1/artifacts/repair17/development/run_supervision/runs/e2e_034603_468_08036/run_record.json
?? stage2_6_1/artifacts/repair17/development/run_supervision/runs/e2e_034603_468_08036/summary.json
?? stage2_6_1/artifacts/repair17/development/run_supervision/runs/e2e_034603_468_84838/alerts/alerts.jsonl
?? stage2_6_1/artifacts/repair17/development/run_supervision/runs/e2e_034603_468_84838/business/stderr.log
?? stage2_6_1/artifacts/repair17/development/run_supervision/runs/e2e_034603_468_84838/business/stdout.log
?? stage2_6_1/artifacts/repair17/development/run_supervision/runs/e2e_034603_468_84838/run_record.json
?? stage2_6_1/artifacts/repair17/development/run_supervision/runs/e2e_034603_468_84838/summary.json
?? stage2_6_1/artifacts/repair17/development/run_supervision/runs/e2e_034604_468_29035/alerts/alerts.jsonl
?? stage2_6_1/artifacts/repair17/development/run_supervision/runs/e2e_034604_468_29035/business/stderr.log
?? stage2_6_1/artifacts/repair17/development/run_supervision/runs/e2e_034604_468_29035/business/stdout.log
?? stage2_6_1/artifacts/repair17/development/run_supervision/runs/e2e_034604_468_29035/run_record.json
?? stage2_6_1/artifacts/repair17/development/run_supervision/runs/e2e_034604_468_29035/summary.json
?? stage2_6_1/artifacts/repair17/development/run_supervision/runs/e2e_043436_3221_48050/alerts/alerts.jsonl
?? stage2_6_1/artifacts/repair17/development/run_supervision/runs/e2e_043436_3221_48050/business/stderr.log
?? stage2_6_1/artifacts/repair17/development/run_supervision/runs/e2e_043436_3221_48050/business/stdout.log
?? stage2_6_1/artifacts/repair17/development/run_supervision/runs/e2e_043436_3221_48050/run_record.json
?? stage2_6_1/artifacts/repair17/development/run_supervision/runs/e2e_043436_3221_48050/summary.json
?? stage2_6_1/artifacts/repair17/development/run_supervision/runs/e2e_043436_3221_61311/alerts/alerts.jsonl
?? stage2_6_1/artifacts/repair17/development/run_supervision/runs/e2e_043436_3221_61311/business/stderr.log
?? stage2_6_1/artifacts/repair17/development/run_supervision/runs/e2e_043436_3221_61311/business/stdout.log
?? stage2_6_1/artifacts/repair17/development/run_supervision/runs/e2e_043436_3221_61311/run_record.json
?? stage2_6_1/artifacts/repair17/development/run_supervision/runs/e2e_043436_3221_61311/summary.json
?? stage2_6_1/artifacts/repair17/development/run_supervision/runs/e2e_043436_3221_82546/alerts/alerts.jsonl
?? stage2_6_1/artifacts/repair17/development/run_supervision/runs/e2e_043436_3221_82546/business/stderr.log
?? stage2_6_1/artifacts/repair17/development/run_supervision/runs/e2e_043436_3221_82546/business/stdout.log
?? stage2_6_1/artifacts/repair17/development/run_supervision/runs/e2e_043436_3221_82546/run_record.json
?? stage2_6_1/artifacts/repair17/development/run_supervision/runs/e2e_043436_3221_82546/summary.json
?? stage2_6_1/artifacts/repair17/development/run_supervision/runs/e2e_051909_596_08011/alerts/alerts.jsonl
?? stage2_6_1/artifacts/repair17/development/run_supervision/runs/e2e_051909_596_08011/business/stderr.log
?? stage2_6_1/artifacts/repair17/development/run_supervision/runs/e2e_051909_596_08011/business/stdout.log
?? stage2_6_1/artifacts/repair17/development/run_supervision/runs/e2e_051909_596_08011/run_record.json
?? stage2_6_1/artifacts/repair17/development/run_supervision/runs/e2e_051909_596_08011/summary.json
?? stage2_6_1/artifacts/repair17/development/run_supervision/runs/e2e_051909_596_19761/alerts/alerts.jsonl
?? stage2_6_1/artifacts/repair17/development/run_supervision/runs/e2e_051909_596_19761/business/stderr.log
?? stage2_6_1/artifacts/repair17/development/run_supervision/runs/e2e_051909_596_19761/business/stdout.log
?? stage2_6_1/artifacts/repair17/development/run_supervision/runs/e2e_051909_596_19761/run_record.json
?? stage2_6_1/artifacts/repair17/development/run_supervision/runs/e2e_051909_596_19761/summary.json
?? stage2_6_1/artifacts/repair17/development/run_supervision/runs/e2e_051909_596_50137/alerts/alerts.jsonl
?? stage2_6_1/artifacts/repair17/development/run_supervision/runs/e2e_051909_596_50137/business/stderr.log
?? stage2_6_1/artifacts/repair17/development/run_supervision/runs/e2e_051909_596_50137/business/stdout.log
?? stage2_6_1/artifacts/repair17/development/run_supervision/runs/e2e_051909_596_50137/run_record.json
?? stage2_6_1/artifacts/repair17/development/run_supervision/runs/e2e_051909_596_50137/summary.json
?? stage2_6_1/artifacts/repair17/development/run_supervision/runs/e2e_054959_142594_46959/alerts/alerts.jsonl
?? stage2_6_1/artifacts/repair17/development/run_supervision/runs/e2e_054959_142594_46959/business/stderr.log
?? stage2_6_1/artifacts/repair17/development/run_supervision/runs/e2e_054959_142594_46959/business/stdout.log
?? stage2_6_1/artifacts/repair17/development/run_supervision/runs/e2e_054959_142594_46959/run_record.json
?? stage2_6_1/artifacts/repair17/development/run_supervision/runs/e2e_054959_142594_46959/summary.json
?? stage2_6_1/artifacts/repair17/development/run_supervision/runs/e2e_054959_142594_70910/alerts/alerts.jsonl
?? stage2_6_1/artifacts/repair17/development/run_supervision/runs/e2e_054959_142594_70910/business/stderr.log
?? stage2_6_1/artifacts/repair17/development/run_supervision/runs/e2e_054959_142594_70910/business/stdout.log
?? stage2_6_1/artifacts/repair17/development/run_supervision/runs/e2e_054959_142594_70910/run_record.json
?? stage2_6_1/artifacts/repair17/development/run_supervision/runs/e2e_054959_142594_70910/summary.json
?? stage2_6_1/artifacts/repair17/development/run_supervision/runs/e2e_055000_142594_92674/alerts/alerts.jsonl
?? stage2_6_1/artifacts/repair17/development/run_supervision/runs/e2e_055000_142594_92674/business/stderr.log
?? stage2_6_1/artifacts/repair17/development/run_supervision/runs/e2e_055000_142594_92674/business/stdout.log
?? stage2_6_1/artifacts/repair17/development/run_supervision/runs/e2e_055000_142594_92674/run_record.json
?? stage2_6_1/artifacts/repair17/development/run_supervision/runs/e2e_055000_142594_92674/summary.json
?? stage2_6_1/artifacts/repair17/development/run_supervision/runs/e2e_084241_408_74298/alerts/alerts.jsonl
?? stage2_6_1/artifacts/repair17/development/run_supervision/runs/e2e_084241_408_74298/business/stderr.log
?? stage2_6_1/artifacts/repair17/development/run_supervision/runs/e2e_084241_408_74298/business/stdout.log
?? stage2_6_1/artifacts/repair17/development/run_supervision/runs/e2e_084241_408_74298/run_record.json
?? stage2_6_1/artifacts/repair17/development/run_supervision/runs/e2e_084241_408_74298/summary.json
?? stage2_6_1/artifacts/repair17/development/run_supervision/runs/e2e_084242_408_57668/alerts/alerts.jsonl
?? stage2_6_1/artifacts/repair17/development/run_supervision/runs/e2e_084242_408_57668/business/stderr.log
?? stage2_6_1/artifacts/repair17/development/run_supervision/runs/e2e_084242_408_57668/business/stdout.log
?? stage2_6_1/artifacts/repair17/development/run_supervision/runs/e2e_084242_408_57668/run_record.json
?? stage2_6_1/artifacts/repair17/development/run_supervision/runs/e2e_084242_408_57668/summary.json
?? stage2_6_1/artifacts/repair17/development/run_supervision/runs/e2e_084242_408_65596/alerts/alerts.jsonl
?? stage2_6_1/artifacts/repair17/development/run_supervision/runs/e2e_084242_408_65596/business/stderr.log
?? stage2_6_1/artifacts/repair17/development/run_supervision/runs/e2e_084242_408_65596/business/stdout.log
?? stage2_6_1/artifacts/repair17/development/run_supervision/runs/e2e_084242_408_65596/run_record.json
?? stage2_6_1/artifacts/repair17/development/run_supervision/runs/e2e_084242_408_65596/summary.json
?? stage2_6_1/artifacts/repair17/development/run_supervision/runs/e2e_103713_526_01290/alerts/alerts.jsonl
?? stage2_6_1/artifacts/repair17/development/run_supervision/runs/e2e_103713_526_01290/business/stderr.log
?? stage2_6_1/artifacts/repair17/development/run_supervision/runs/e2e_103713_526_01290/business/stdout.log
?? stage2_6_1/artifacts/repair17/development/run_supervision/runs/e2e_103713_526_01290/run_record.json
?? stage2_6_1/artifacts/repair17/development/run_supervision/runs/e2e_103713_526_01290/summary.json
?? stage2_6_1/artifacts/repair17/development/run_supervision/runs/e2e_103713_526_92889/alerts/alerts.jsonl
?? stage2_6_1/artifacts/repair17/development/run_supervision/runs/e2e_103713_526_92889/business/stderr.log
?? stage2_6_1/artifacts/repair17/development/run_supervision/runs/e2e_103713_526_92889/business/stdout.log
?? stage2_6_1/artifacts/repair17/development/run_supervision/runs/e2e_103713_526_92889/run_record.json
?? stage2_6_1/artifacts/repair17/development/run_supervision/runs/e2e_103713_526_92889/summary.json
?? stage2_6_1/artifacts/repair17/development/run_supervision/runs/e2e_103714_526_42465/alerts/alerts.jsonl
?? stage2_6_1/artifacts/repair17/development/run_supervision/runs/e2e_103714_526_42465/business/stderr.log
?? stage2_6_1/artifacts/repair17/development/run_supervision/runs/e2e_103714_526_42465/business/stdout.log
?? stage2_6_1/artifacts/repair17/development/run_supervision/runs/e2e_103714_526_42465/run_record.json
?? stage2_6_1/artifacts/repair17/development/run_supervision/runs/e2e_103714_526_42465/summary.json
?? stage2_6_1/artifacts/repair17/development/run_supervision/runs/e2e_112004_777_00553/alerts/alerts.jsonl
?? stage2_6_1/artifacts/repair17/development/run_supervision/runs/e2e_112004_777_00553/business/stderr.log
?? stage2_6_1/artifacts/repair17/development/run_supervision/runs/e2e_112004_777_00553/business/stdout.log
?? stage2_6_1/artifacts/repair17/development/run_supervision/runs/e2e_112004_777_00553/run_record.json
?? stage2_6_1/artifacts/repair17/development/run_supervision/runs/e2e_112004_777_00553/summary.json
?? stage2_6_1/artifacts/repair17/development/run_supervision/runs/e2e_112004_777_08393/alerts/alerts.jsonl
?? stage2_6_1/artifacts/repair17/development/run_supervision/runs/e2e_112004_777_08393/business/stderr.log
?? stage2_6_1/artifacts/repair17/development/run_supervision/runs/e2e_112004_777_08393/business/stdout.log
?? stage2_6_1/artifacts/repair17/development/run_supervision/runs/e2e_112004_777_08393/run_record.json
?? stage2_6_1/artifacts/repair17/development/run_supervision/runs/e2e_112004_777_08393/summary.json
?? stage2_6_1/artifacts/repair17/development/run_supervision/runs/e2e_112005_777_09899/alerts/alerts.jsonl
?? stage2_6_1/artifacts/repair17/development/run_supervision/runs/e2e_112005_777_09899/business/stderr.log
?? stage2_6_1/artifacts/repair17/development/run_supervision/runs/e2e_112005_777_09899/business/stdout.log
?? stage2_6_1/artifacts/repair17/development/run_supervision/runs/e2e_112005_777_09899/run_record.json
?? stage2_6_1/artifacts/repair17/development/run_supervision/runs/e2e_112005_777_09899/summary.json
?? stage2_6_1/artifacts/repair17/development/run_supervision/runs/e2e_112153_40595_75108/alerts/alerts.jsonl
?? stage2_6_1/artifacts/repair17/development/run_supervision/runs/e2e_112153_40595_75108/business/stderr.log
?? stage2_6_1/artifacts/repair17/development/run_supervision/runs/e2e_112153_40595_75108/business/stdout.log
?? stage2_6_1/artifacts/repair17/development/run_supervision/runs/e2e_112153_40595_75108/run_record.json
?? stage2_6_1/artifacts/repair17/development/run_supervision/runs/e2e_112153_40595_75108/summary.json
?? stage2_6_1/artifacts/repair17/development/run_supervision/runs/e2e_112153_40595_83192/alerts/alerts.jsonl
?? stage2_6_1/artifacts/repair17/development/run_supervision/runs/e2e_112153_40595_83192/business/stderr.log
?? stage2_6_1/artifacts/repair17/development/run_supervision/runs/e2e_112153_40595_83192/business/stdout.log
?? stage2_6_1/artifacts/repair17/development/run_supervision/runs/e2e_112153_40595_83192/run_record.json
?? stage2_6_1/artifacts/repair17/development/run_supervision/runs/e2e_112153_40595_83192/summary.json
?? stage2_6_1/artifacts/repair17/development/run_supervision/runs/e2e_112153_40595_94685/alerts/alerts.jsonl
?? stage2_6_1/artifacts/repair17/development/run_supervision/runs/e2e_112153_40595_94685/business/stderr.log
?? stage2_6_1/artifacts/repair17/development/run_supervision/runs/e2e_112153_40595_94685/business/stdout.log
?? stage2_6_1/artifacts/repair17/development/run_supervision/runs/e2e_112153_40595_94685/run_record.json
?? stage2_6_1/artifacts/repair17/development/run_supervision/runs/e2e_112153_40595_94685/summary.json
?? stage2_6_1/artifacts/repair17/development/run_supervision/runs/e2e_125049_715_15429/alerts/alerts.jsonl
?? stage2_6_1/artifacts/repair17/development/run_supervision/runs/e2e_125049_715_15429/business/stderr.log
?? stage2_6_1/artifacts/repair17/development/run_supervision/runs/e2e_125049_715_15429/business/stdout.log
?? stage2_6_1/artifacts/repair17/development/run_supervision/runs/e2e_125049_715_15429/run_record.json
?? stage2_6_1/artifacts/repair17/development/run_supervision/runs/e2e_125049_715_15429/summary.json
?? stage2_6_1/artifacts/repair17/development/run_supervision/runs/e2e_125049_715_75941/alerts/alerts.jsonl
?? stage2_6_1/artifacts/repair17/development/run_supervision/runs/e2e_125049_715_75941/business/stderr.log
?? stage2_6_1/artifacts/repair17/development/run_supervision/runs/e2e_125049_715_75941/business/stdout.log
?? stage2_6_1/artifacts/repair17/development/run_supervision/runs/e2e_125049_715_75941/run_record.json
?? stage2_6_1/artifacts/repair17/development/run_supervision/runs/e2e_125049_715_75941/summary.json
?? stage2_6_1/artifacts/repair17/development/run_supervision/runs/e2e_125049_715_80084/alerts/alerts.jsonl
?? stage2_6_1/artifacts/repair17/development/run_supervision/runs/e2e_125049_715_80084/business/stderr.log
?? stage2_6_1/artifacts/repair17/development/run_supervision/runs/e2e_125049_715_80084/business/stdout.log
?? stage2_6_1/artifacts/repair17/development/run_supervision/runs/e2e_125049_715_80084/run_record.json
?? stage2_6_1/artifacts/repair17/development/run_supervision/runs/e2e_125049_715_80084/summary.json
?? stage2_6_1/artifacts/repair17/development/run_supervision/runs/e2e_131710_51228_12182/alerts/alerts.jsonl
?? stage2_6_1/artifacts/repair17/development/run_supervision/runs/e2e_131710_51228_12182/business/stderr.log
?? stage2_6_1/artifacts/repair17/development/run_supervision/runs/e2e_131710_51228_12182/business/stdout.log
?? stage2_6_1/artifacts/repair17/development/run_supervision/runs/e2e_131710_51228_12182/run_record.json
?? stage2_6_1/artifacts/repair17/development/run_supervision/runs/e2e_131710_51228_12182/summary.json
?? stage2_6_1/artifacts/repair17/development/run_supervision/runs/e2e_131710_51228_78070/alerts/alerts.jsonl
?? stage2_6_1/artifacts/repair17/development/run_supervision/runs/e2e_131710_51228_78070/business/stderr.log
?? stage2_6_1/artifacts/repair17/development/run_supervision/runs/e2e_131710_51228_78070/business/stdout.log
?? stage2_6_1/artifacts/repair17/development/run_supervision/runs/e2e_131710_51228_78070/run_record.json
?? stage2_6_1/artifacts/repair17/development/run_supervision/runs/e2e_131710_51228_78070/summary.json
?? stage2_6_1/artifacts/repair17/development/run_supervision/runs/e2e_131710_51228_98906/alerts/alerts.jsonl
?? stage2_6_1/artifacts/repair17/development/run_supervision/runs/e2e_131710_51228_98906/business/stderr.log
?? stage2_6_1/artifacts/repair17/development/run_supervision/runs/e2e_131710_51228_98906/business/stdout.log
?? stage2_6_1/artifacts/repair17/development/run_supervision/runs/e2e_131710_51228_98906/run_record.json
?? stage2_6_1/artifacts/repair17/development/run_supervision/runs/e2e_131710_51228_98906/summary.json
?? stage2_6_1/artifacts/repair17/development/run_supervision/runs/e2e_132717_94389_88556/alerts/alerts.jsonl
?? stage2_6_1/artifacts/repair17/development/run_supervision/runs/e2e_132717_94389_88556/business/stderr.log
?? stage2_6_1/artifacts/repair17/development/run_supervision/runs/e2e_132717_94389_88556/business/stdout.log
?? stage2_6_1/artifacts/repair17/development/run_supervision/runs/e2e_132717_94389_88556/run_record.json
?? stage2_6_1/artifacts/repair17/development/run_supervision/runs/e2e_132717_94389_88556/summary.json
?? stage2_6_1/artifacts/repair17/development/run_supervision/runs/e2e_132718_94389_07864/alerts/alerts.jsonl
?? stage2_6_1/artifacts/repair17/development/run_supervision/runs/e2e_132718_94389_07864/business/stderr.log
?? stage2_6_1/artifacts/repair17/development/run_supervision/runs/e2e_132718_94389_07864/business/stdout.log
?? stage2_6_1/artifacts/repair17/development/run_supervision/runs/e2e_132718_94389_07864/run_record.json
?? stage2_6_1/artifacts/repair17/development/run_supervision/runs/e2e_132718_94389_07864/summary.json
?? stage2_6_1/artifacts/repair17/development/run_supervision/runs/e2e_132718_94389_94149/alerts/alerts.jsonl
?? stage2_6_1/artifacts/repair17/development/run_supervision/runs/e2e_132718_94389_94149/business/stderr.log
?? stage2_6_1/artifacts/repair17/development/run_supervision/runs/e2e_132718_94389_94149/business/stdout.log
?? stage2_6_1/artifacts/repair17/development/run_supervision/runs/e2e_132718_94389_94149/run_record.json
?? stage2_6_1/artifacts/repair17/development/run_supervision/runs/e2e_132718_94389_94149/summary.json
?? stage2_6_1/artifacts/repair17/development/run_supervision/runs/e2e_140945_2101_66141/alerts/alerts.jsonl
?? stage2_6_1/artifacts/repair17/development/run_supervision/runs/e2e_140945_2101_66141/business/stderr.log
?? stage2_6_1/artifacts/repair17/development/run_supervision/runs/e2e_140945_2101_66141/business/stdout.log
?? stage2_6_1/artifacts/repair17/development/run_supervision/runs/e2e_140945_2101_66141/run_record.json
?? stage2_6_1/artifacts/repair17/development/run_supervision/runs/e2e_140945_2101_66141/summary.json
?? stage2_6_1/artifacts/repair17/development/run_supervision/runs/e2e_140946_2101_36657/alerts/alerts.jsonl
?? stage2_6_1/artifacts/repair17/development/run_supervision/runs/e2e_140946_2101_36657/business/stderr.log
?? stage2_6_1/artifacts/repair17/development/run_supervision/runs/e2e_140946_2101_36657/business/stdout.log
?? stage2_6_1/artifacts/repair17/development/run_supervision/runs/e2e_140946_2101_36657/run_record.json
?? stage2_6_1/artifacts/repair17/development/run_supervision/runs/e2e_140946_2101_36657/summary.json
?? stage2_6_1/artifacts/repair17/development/run_supervision/runs/e2e_140946_2101_49902/alerts/alerts.jsonl
?? stage2_6_1/artifacts/repair17/development/run_supervision/runs/e2e_140946_2101_49902/business/stderr.log
?? stage2_6_1/artifacts/repair17/development/run_supervision/runs/e2e_140946_2101_49902/business/stdout.log
?? stage2_6_1/artifacts/repair17/development/run_supervision/runs/e2e_140946_2101_49902/run_record.json
?? stage2_6_1/artifacts/repair17/development/run_supervision/runs/e2e_140946_2101_49902/summary.json
?? stage2_6_1/artifacts/repair17/development/run_supervision/runs/e2e_154647_56749_41460/alerts/alerts.jsonl
?? stage2_6_1/artifacts/repair17/development/run_supervision/runs/e2e_154647_56749_41460/business/stderr.log
?? stage2_6_1/artifacts/repair17/development/run_supervision/runs/e2e_154647_56749_41460/business/stdout.log
?? stage2_6_1/artifacts/repair17/development/run_supervision/runs/e2e_154647_56749_41460/run_record.json
?? stage2_6_1/artifacts/repair17/development/run_supervision/runs/e2e_154647_56749_41460/summary.json
?? stage2_6_1/artifacts/repair17/development/run_supervision/runs/e2e_154648_56749_03119/alerts/alerts.jsonl
?? stage2_6_1/artifacts/repair17/development/run_supervision/runs/e2e_154648_56749_03119/business/stderr.log
?? stage2_6_1/artifacts/repair17/development/run_supervision/runs/e2e_154648_56749_03119/business/stdout.log
?? stage2_6_1/artifacts/repair17/development/run_supervision/runs/e2e_154648_56749_03119/run_record.json
?? stage2_6_1/artifacts/repair17/development/run_supervision/runs/e2e_154648_56749_03119/summary.json
?? stage2_6_1/artifacts/repair17/development/run_supervision/runs/e2e_154648_56749_07321/alerts/alerts.jsonl
?? stage2_6_1/artifacts/repair17/development/run_supervision/runs/e2e_154648_56749_07321/business/stderr.log
?? stage2_6_1/artifacts/repair17/development/run_supervision/runs/e2e_154648_56749_07321/business/stdout.log
?? stage2_6_1/artifacts/repair17/development/run_supervision/runs/e2e_154648_56749_07321/run_record.json
?? stage2_6_1/artifacts/repair17/development/run_supervision/runs/e2e_154648_56749_07321/summary.json
?? stage2_6_1/artifacts/repair17/development/run_supervision/runs/e2e_164741_100016_27121/alerts/alerts.jsonl
?? stage2_6_1/artifacts/repair17/development/run_supervision/runs/e2e_164741_100016_27121/business/stderr.log
?? stage2_6_1/artifacts/repair17/development/run_supervision/runs/e2e_164741_100016_27121/business/stdout.log
?? stage2_6_1/artifacts/repair17/development/run_supervision/runs/e2e_164741_100016_27121/run_record.json
?? stage2_6_1/artifacts/repair17/development/run_supervision/runs/e2e_164741_100016_27121/summary.json
?? stage2_6_1/artifacts/repair17/development/run_supervision/runs/e2e_164741_100016_50321/alerts/alerts.jsonl
?? stage2_6_1/artifacts/repair17/development/run_supervision/runs/e2e_164741_100016_50321/business/stderr.log
?? stage2_6_1/artifacts/repair17/development/run_supervision/runs/e2e_164741_100016_50321/business/stdout.log
?? stage2_6_1/artifacts/repair17/development/run_supervision/runs/e2e_164741_100016_50321/run_record.json
?? stage2_6_1/artifacts/repair17/development/run_supervision/runs/e2e_164741_100016_50321/summary.json
?? stage2_6_1/artifacts/repair17/development/run_supervision/runs/e2e_164741_100016_54445/alerts/alerts.jsonl
?? stage2_6_1/artifacts/repair17/development/run_supervision/runs/e2e_164741_100016_54445/business/stderr.log
?? stage2_6_1/artifacts/repair17/development/run_supervision/runs/e2e_164741_100016_54445/business/stdout.log
?? stage2_6_1/artifacts/repair17/development/run_supervision/runs/e2e_164741_100016_54445/run_record.json
?? stage2_6_1/artifacts/repair17/development/run_supervision/runs/e2e_164741_100016_54445/summary.json
?? stage2_6_1/artifacts/repair17/development/run_supervision/runs/e2e_193450_63508_21852/alerts/alerts.jsonl
?? stage2_6_1/artifacts/repair17/development/run_supervision/runs/e2e_193450_63508_21852/business/stderr.log
?? stage2_6_1/artifacts/repair17/development/run_supervision/runs/e2e_193450_63508_21852/business/stdout.log
?? stage2_6_1/artifacts/repair17/development/run_supervision/runs/e2e_193450_63508_21852/run_record.json
?? stage2_6_1/artifacts/repair17/development/run_supervision/runs/e2e_193450_63508_21852/summary.json
?? stage2_6_1/artifacts/repair17/development/run_supervision/runs/e2e_193451_63508_16699/alerts/alerts.jsonl
?? stage2_6_1/artifacts/repair17/development/run_supervision/runs/e2e_193451_63508_16699/business/stderr.log
?? stage2_6_1/artifacts/repair17/development/run_supervision/runs/e2e_193451_63508_16699/business/stdout.log
?? stage2_6_1/artifacts/repair17/development/run_supervision/runs/e2e_193451_63508_16699/run_record.json
?? stage2_6_1/artifacts/repair17/development/run_supervision/runs/e2e_193451_63508_16699/summary.json
?? stage2_6_1/artifacts/repair17/development/run_supervision/runs/e2e_193451_63508_81256/alerts/alerts.jsonl
?? stage2_6_1/artifacts/repair17/development/run_supervision/runs/e2e_193451_63508_81256/business/stderr.log
?? stage2_6_1/artifacts/repair17/development/run_supervision/runs/e2e_193451_63508_81256/business/stdout.log
?? stage2_6_1/artifacts/repair17/development/run_supervision/runs/e2e_193451_63508_81256/run_record.json
?? stage2_6_1/artifacts/repair17/development/run_supervision/runs/e2e_193451_63508_81256/summary.json
?? stage2_6_1/artifacts/repair17/development/run_supervision/runs/e2e_193841_65045_00177/alerts/alerts.jsonl
?? stage2_6_1/artifacts/repair17/development/run_supervision/runs/e2e_193841_65045_00177/business/stderr.log
?? stage2_6_1/artifacts/repair17/development/run_supervision/runs/e2e_193841_65045_00177/business/stdout.log
?? stage2_6_1/artifacts/repair17/development/run_supervision/runs/e2e_193841_65045_00177/run_record.json
?? stage2_6_1/artifacts/repair17/development/run_supervision/runs/e2e_193841_65045_00177/summary.json
?? stage2_6_1/artifacts/repair17/development/run_supervision/runs/e2e_193841_65045_45805/alerts/alerts.jsonl
?? stage2_6_1/artifacts/repair17/development/run_supervision/runs/e2e_193841_65045_45805/business/stderr.log
?? stage2_6_1/artifacts/repair17/development/run_supervision/runs/e2e_193841_65045_45805/business/stdout.log
?? stage2_6_1/artifacts/repair17/development/run_supervision/runs/e2e_193841_65045_45805/run_record.json
?? stage2_6_1/artifacts/repair17/development/run_supervision/runs/e2e_193841_65045_45805/summary.json
?? stage2_6_1/artifacts/repair17/development/run_supervision/runs/e2e_193842_65045_67563/alerts/alerts.jsonl
?? stage2_6_1/artifacts/repair17/development/run_supervision/runs/e2e_193842_65045_67563/business/stderr.log
?? stage2_6_1/artifacts/repair17/development/run_supervision/runs/e2e_193842_65045_67563/business/stdout.log
?? stage2_6_1/artifacts/repair17/development/run_supervision/runs/e2e_193842_65045_67563/run_record.json
?? stage2_6_1/artifacts/repair17/development/run_supervision/runs/e2e_193842_65045_67563/summary.json
?? stage2_6_1/artifacts/repair17/development/run_supervision/runs/e2e_194537_107890_05228/alerts/alerts.jsonl
?? stage2_6_1/artifacts/repair17/development/run_supervision/runs/e2e_194537_107890_05228/business/stderr.log
?? stage2_6_1/artifacts/repair17/development/run_supervision/runs/e2e_194537_107890_05228/business/stdout.log
?? stage2_6_1/artifacts/repair17/development/run_supervision/runs/e2e_194537_107890_05228/run_record.json
?? stage2_6_1/artifacts/repair17/development/run_supervision/runs/e2e_194537_107890_05228/summary.json
?? stage2_6_1/artifacts/repair17/development/run_supervision/runs/e2e_194537_107890_11024/alerts/alerts.jsonl
?? stage2_6_1/artifacts/repair17/development/run_supervision/runs/e2e_194537_107890_11024/business/stderr.log
?? stage2_6_1/artifacts/repair17/development/run_supervision/runs/e2e_194537_107890_11024/business/stdout.log
?? stage2_6_1/artifacts/repair17/development/run_supervision/runs/e2e_194537_107890_11024/run_record.json
?? stage2_6_1/artifacts/repair17/development/run_supervision/runs/e2e_194537_107890_11024/summary.json
?? stage2_6_1/artifacts/repair17/development/run_supervision/runs/e2e_194537_107890_77725/alerts/alerts.jsonl
?? stage2_6_1/artifacts/repair17/development/run_supervision/runs/e2e_194537_107890_77725/business/stderr.log
?? stage2_6_1/artifacts/repair17/development/run_supervision/runs/e2e_194537_107890_77725/business/stdout.log
?? stage2_6_1/artifacts/repair17/development/run_supervision/runs/e2e_194537_107890_77725/run_record.json
?? stage2_6_1/artifacts/repair17/development/run_supervision/runs/e2e_194537_107890_77725/summary.json
?? stage2_6_1/artifacts/repair17/development/run_supervision/runs/e2e_204222_71812_14685/alerts/alerts.jsonl
?? stage2_6_1/artifacts/repair17/development/run_supervision/runs/e2e_204222_71812_14685/business/stderr.log
?? stage2_6_1/artifacts/repair17/development/run_supervision/runs/e2e_204222_71812_14685/business/stdout.log
?? stage2_6_1/artifacts/repair17/development/run_supervision/runs/e2e_204222_71812_14685/run_record.json
?? stage2_6_1/artifacts/repair17/development/run_supervision/runs/e2e_204222_71812_14685/summary.json
?? stage2_6_1/artifacts/repair17/development/run_supervision/runs/e2e_204222_71812_58126/alerts/alerts.jsonl
?? stage2_6_1/artifacts/repair17/development/run_supervision/runs/e2e_204222_71812_58126/business/stderr.log
?? stage2_6_1/artifacts/repair17/development/run_supervision/runs/e2e_204222_71812_58126/business/stdout.log
?? stage2_6_1/artifacts/repair17/development/run_supervision/runs/e2e_204222_71812_58126/run_record.json
?? stage2_6_1/artifacts/repair17/development/run_supervision/runs/e2e_204222_71812_58126/summary.json
?? stage2_6_1/artifacts/repair17/development/run_supervision/runs/e2e_204222_71812_93632/alerts/alerts.jsonl
?? stage2_6_1/artifacts/repair17/development/run_supervision/runs/e2e_204222_71812_93632/business/stderr.log
?? stage2_6_1/artifacts/repair17/development/run_supervision/runs/e2e_204222_71812_93632/business/stdout.log
?? stage2_6_1/artifacts/repair17/development/run_supervision/runs/e2e_204222_71812_93632/run_record.json
?? stage2_6_1/artifacts/repair17/development/run_supervision/runs/e2e_204222_71812_93632/summary.json
?? stage2_6_1/artifacts/repair17/development/run_supervision/runs/e2e_204754_4637_40194/alerts/alerts.jsonl
?? stage2_6_1/artifacts/repair17/development/run_supervision/runs/e2e_204754_4637_40194/business/stderr.log
?? stage2_6_1/artifacts/repair17/development/run_supervision/runs/e2e_204754_4637_40194/business/stdout.log
?? stage2_6_1/artifacts/repair17/development/run_supervision/runs/e2e_204754_4637_40194/run_record.json
?? stage2_6_1/artifacts/repair17/development/run_supervision/runs/e2e_204754_4637_40194/summary.json
?? stage2_6_1/artifacts/repair17/development/run_supervision/runs/e2e_204754_4637_46325/alerts/alerts.jsonl
?? stage2_6_1/artifacts/repair17/development/run_supervision/runs/e2e_204754_4637_46325/business/stderr.log
?? stage2_6_1/artifacts/repair17/development/run_supervision/runs/e2e_204754_4637_46325/business/stdout.log
?? stage2_6_1/artifacts/repair17/development/run_supervision/runs/e2e_204754_4637_46325/run_record.json
?? stage2_6_1/artifacts/repair17/development/run_supervision/runs/e2e_204754_4637_46325/summary.json
?? stage2_6_1/artifacts/repair17/development/run_supervision/runs/e2e_204754_4637_60793/alerts/alerts.jsonl
?? stage2_6_1/artifacts/repair17/development/run_supervision/runs/e2e_204754_4637_60793/business/stderr.log
?? stage2_6_1/artifacts/repair17/development/run_supervision/runs/e2e_204754_4637_60793/business/stdout.log
?? stage2_6_1/artifacts/repair17/development/run_supervision/runs/e2e_204754_4637_60793/run_record.json
?? stage2_6_1/artifacts/repair17/development/run_supervision/runs/e2e_204754_4637_60793/summary.json
?? stage2_6_1/artifacts/repair17/development/run_supervision/runs/e2e_205012_7311_35073/alerts/alerts.jsonl
?? stage2_6_1/artifacts/repair17/development/run_supervision/runs/e2e_205012_7311_35073/business/stderr.log
?? stage2_6_1/artifacts/repair17/development/run_supervision/runs/e2e_205012_7311_35073/business/stdout.log
?? stage2_6_1/artifacts/repair17/development/run_supervision/runs/e2e_205012_7311_35073/run_record.json
?? stage2_6_1/artifacts/repair17/development/run_supervision/runs/e2e_205012_7311_35073/summary.json
?? stage2_6_1/artifacts/repair17/development/run_supervision/runs/e2e_205013_7311_19685/alerts/alerts.jsonl
?? stage2_6_1/artifacts/repair17/development/run_supervision/runs/e2e_205013_7311_19685/business/stderr.log
?? stage2_6_1/artifacts/repair17/development/run_supervision/runs/e2e_205013_7311_19685/business/stdout.log
?? stage2_6_1/artifacts/repair17/development/run_supervision/runs/e2e_205013_7311_19685/run_record.json
?? stage2_6_1/artifacts/repair17/development/run_supervision/runs/e2e_205013_7311_19685/summary.json
?? stage2_6_1/artifacts/repair17/development/run_supervision/runs/e2e_205013_7311_35911/alerts/alerts.jsonl
?? stage2_6_1/artifacts/repair17/development/run_supervision/runs/e2e_205013_7311_35911/business/stderr.log
?? stage2_6_1/artifacts/repair17/development/run_supervision/runs/e2e_205013_7311_35911/business/stdout.log
?? stage2_6_1/artifacts/repair17/development/run_supervision/runs/e2e_205013_7311_35911/run_record.json
?? stage2_6_1/artifacts/repair17/development/run_supervision/runs/e2e_205013_7311_35911/summary.json
?? stage2_6_1/artifacts/repair17/development/run_supervision/runs/e2e_205254_728_05458/alerts/alerts.jsonl
?? stage2_6_1/artifacts/repair17/development/run_supervision/runs/e2e_205254_728_05458/business/stderr.log
?? stage2_6_1/artifacts/repair17/development/run_supervision/runs/e2e_205254_728_05458/business/stdout.log
?? stage2_6_1/artifacts/repair17/development/run_supervision/runs/e2e_205254_728_05458/run_record.json
?? stage2_6_1/artifacts/repair17/development/run_supervision/runs/e2e_205254_728_05458/summary.json
?? stage2_6_1/artifacts/repair17/development/run_supervision/runs/e2e_205254_728_48944/alerts/alerts.jsonl
?? stage2_6_1/artifacts/repair17/development/run_supervision/runs/e2e_205254_728_48944/business/stderr.log
?? stage2_6_1/artifacts/repair17/development/run_supervision/runs/e2e_205254_728_48944/business/stdout.log
?? stage2_6_1/artifacts/repair17/development/run_supervision/runs/e2e_205254_728_48944/run_record.json
?? stage2_6_1/artifacts/repair17/development/run_supervision/runs/e2e_205254_728_48944/summary.json
?? stage2_6_1/artifacts/repair17/development/run_supervision/runs/e2e_205254_728_92747/alerts/alerts.jsonl
?? stage2_6_1/artifacts/repair17/development/run_supervision/runs/e2e_205254_728_92747/business/stderr.log
?? stage2_6_1/artifacts/repair17/development/run_supervision/runs/e2e_205254_728_92747/business/stdout.log
?? stage2_6_1/artifacts/repair17/development/run_supervision/runs/e2e_205254_728_92747/run_record.json
?? stage2_6_1/artifacts/repair17/development/run_supervision/runs/e2e_205254_728_92747/summary.json
?? stage2_6_1/artifacts/repair17/development/run_supervision/runs/e2e_211203_8475_21128/alerts/alerts.jsonl
?? stage2_6_1/artifacts/repair17/development/run_supervision/runs/e2e_211203_8475_21128/business/stderr.log
?? stage2_6_1/artifacts/repair17/development/run_supervision/runs/e2e_211203_8475_21128/business/stdout.log
?? stage2_6_1/artifacts/repair17/development/run_supervision/runs/e2e_211203_8475_21128/run_record.json
?? stage2_6_1/artifacts/repair17/development/run_supervision/runs/e2e_211203_8475_21128/summary.json
?? stage2_6_1/artifacts/repair17/development/run_supervision/runs/e2e_211203_8475_27542/alerts/alerts.jsonl
?? stage2_6_1/artifacts/repair17/development/run_supervision/runs/e2e_211203_8475_27542/business/stderr.log
?? stage2_6_1/artifacts/repair17/development/run_supervision/runs/e2e_211203_8475_27542/business/stdout.log
?? stage2_6_1/artifacts/repair17/development/run_supervision/runs/e2e_211203_8475_27542/run_record.json
?? stage2_6_1/artifacts/repair17/development/run_supervision/runs/e2e_211203_8475_27542/summary.json
?? stage2_6_1/artifacts/repair17/development/run_supervision/runs/e2e_211203_8475_83550/alerts/alerts.jsonl
?? stage2_6_1/artifacts/repair17/development/run_supervision/runs/e2e_211203_8475_83550/business/stderr.log
?? stage2_6_1/artifacts/repair17/development/run_supervision/runs/e2e_211203_8475_83550/business/stdout.log
?? stage2_6_1/artifacts/repair17/development/run_supervision/runs/e2e_211203_8475_83550/run_record.json
?? stage2_6_1/artifacts/repair17/development/run_supervision/runs/e2e_211203_8475_83550/summary.json
?? stage2_6_1/artifacts/repair17/development/run_supervision/runs/e2e_214034_12424_40598/alerts/alerts.jsonl
?? stage2_6_1/artifacts/repair17/development/run_supervision/runs/e2e_214034_12424_40598/business/stderr.log
?? stage2_6_1/artifacts/repair17/development/run_supervision/runs/e2e_214034_12424_40598/business/stdout.log
?? stage2_6_1/artifacts/repair17/development/run_supervision/runs/e2e_214034_12424_40598/run_record.json
?? stage2_6_1/artifacts/repair17/development/run_supervision/runs/e2e_214034_12424_40598/summary.json
?? stage2_6_1/artifacts/repair17/development/run_supervision/runs/e2e_214034_12424_57151/alerts/alerts.jsonl
?? stage2_6_1/artifacts/repair17/development/run_supervision/runs/e2e_214034_12424_57151/business/stderr.log
?? stage2_6_1/artifacts/repair17/development/run_supervision/runs/e2e_214034_12424_57151/business/stdout.log
?? stage2_6_1/artifacts/repair17/development/run_supervision/runs/e2e_214034_12424_57151/run_record.json
?? stage2_6_1/artifacts/repair17/development/run_supervision/runs/e2e_214034_12424_57151/summary.json
?? stage2_6_1/artifacts/repair17/development/run_supervision/runs/e2e_214035_12424_20330/alerts/alerts.jsonl
?? stage2_6_1/artifacts/repair17/development/run_supervision/runs/e2e_214035_12424_20330/business/stderr.log
?? stage2_6_1/artifacts/repair17/development/run_supervision/runs/e2e_214035_12424_20330/business/stdout.log
?? stage2_6_1/artifacts/repair17/development/run_supervision/runs/e2e_214035_12424_20330/run_record.json
?? stage2_6_1/artifacts/repair17/development/run_supervision/runs/e2e_214035_12424_20330/summary.json
?? stage2_6_1/artifacts/repair17/development/run_supervision/runs/e2e_215729_14451_89667/alerts/alerts.jsonl
?? stage2_6_1/artifacts/repair17/development/run_supervision/runs/e2e_215729_14451_89667/business/stderr.log
?? stage2_6_1/artifacts/repair17/development/run_supervision/runs/e2e_215729_14451_89667/business/stdout.log
?? stage2_6_1/artifacts/repair17/development/run_supervision/runs/e2e_215729_14451_89667/run_record.json
?? stage2_6_1/artifacts/repair17/development/run_supervision/runs/e2e_215729_14451_89667/summary.json
?? stage2_6_1/artifacts/repair17/development/run_supervision/runs/e2e_215730_14451_05278/alerts/alerts.jsonl
?? stage2_6_1/artifacts/repair17/development/run_supervision/runs/e2e_215730_14451_05278/business/stderr.log
?? stage2_6_1/artifacts/repair17/development/run_supervision/runs/e2e_215730_14451_05278/business/stdout.log
?? stage2_6_1/artifacts/repair17/development/run_supervision/runs/e2e_215730_14451_05278/run_record.json
?? stage2_6_1/artifacts/repair17/development/run_supervision/runs/e2e_215730_14451_05278/summary.json
?? stage2_6_1/artifacts/repair17/development/run_supervision/runs/e2e_215730_14451_81906/alerts/alerts.jsonl
?? stage2_6_1/artifacts/repair17/development/run_supervision/runs/e2e_215730_14451_81906/business/stderr.log
?? stage2_6_1/artifacts/repair17/development/run_supervision/runs/e2e_215730_14451_81906/business/stdout.log
?? stage2_6_1/artifacts/repair17/development/run_supervision/runs/e2e_215730_14451_81906/run_record.json
?? stage2_6_1/artifacts/repair17/development/run_supervision/runs/e2e_215730_14451_81906/summary.json
?? stage2_6_1/artifacts/repair17/development/run_supervision/runs/e2e_223247_17680_03351/alerts/alerts.jsonl
?? stage2_6_1/artifacts/repair17/development/run_supervision/runs/e2e_223247_17680_03351/business/stderr.log
?? stage2_6_1/artifacts/repair17/development/run_supervision/runs/e2e_223247_17680_03351/business/stdout.log
?? stage2_6_1/artifacts/repair17/development/run_supervision/runs/e2e_223247_17680_03351/run_record.json
?? stage2_6_1/artifacts/repair17/development/run_supervision/runs/e2e_223247_17680_03351/summary.json
?? stage2_6_1/artifacts/repair17/development/run_supervision/runs/e2e_223247_17680_28903/alerts/alerts.jsonl
?? stage2_6_1/artifacts/repair17/development/run_supervision/runs/e2e_223247_17680_28903/business/stderr.log
?? stage2_6_1/artifacts/repair17/development/run_supervision/runs/e2e_223247_17680_28903/business/stdout.log
?? stage2_6_1/artifacts/repair17/development/run_supervision/runs/e2e_223247_17680_28903/run_record.json
?? stage2_6_1/artifacts/repair17/development/run_supervision/runs/e2e_223247_17680_28903/summary.json
?? stage2_6_1/artifacts/repair17/development/run_supervision/runs/e2e_223247_17680_88598/alerts/alerts.jsonl
?? stage2_6_1/artifacts/repair17/development/run_supervision/runs/e2e_223247_17680_88598/business/stderr.log
?? stage2_6_1/artifacts/repair17/development/run_supervision/runs/e2e_223247_17680_88598/business/stdout.log
?? stage2_6_1/artifacts/repair17/development/run_supervision/runs/e2e_223247_17680_88598/run_record.json
?? stage2_6_1/artifacts/repair17/development/run_supervision/runs/e2e_223247_17680_88598/summary.json
?? stage2_6_1/artifacts/repair17/development/run_supervision/runs/e2e_224124_116661_10305/alerts/alerts.jsonl
?? stage2_6_1/artifacts/repair17/development/run_supervision/runs/e2e_224124_116661_10305/business/stderr.log
?? stage2_6_1/artifacts/repair17/development/run_supervision/runs/e2e_224124_116661_10305/business/stdout.log
?? stage2_6_1/artifacts/repair17/development/run_supervision/runs/e2e_224124_116661_10305/run_record.json
?? stage2_6_1/artifacts/repair17/development/run_supervision/runs/e2e_224124_116661_10305/summary.json
?? stage2_6_1/artifacts/repair17/development/run_supervision/runs/e2e_224124_116661_63219/alerts/alerts.jsonl
?? stage2_6_1/artifacts/repair17/development/run_supervision/runs/e2e_224124_116661_63219/business/stderr.log
?? stage2_6_1/artifacts/repair17/development/run_supervision/runs/e2e_224124_116661_63219/business/stdout.log
?? stage2_6_1/artifacts/repair17/development/run_supervision/runs/e2e_224124_116661_63219/run_record.json
?? stage2_6_1/artifacts/repair17/development/run_supervision/runs/e2e_224124_116661_63219/summary.json
?? stage2_6_1/artifacts/repair17/development/run_supervision/runs/e2e_224125_116661_73249/alerts/alerts.jsonl
?? stage2_6_1/artifacts/repair17/development/run_supervision/runs/e2e_224125_116661_73249/business/stderr.log
?? stage2_6_1/artifacts/repair17/development/run_supervision/runs/e2e_224125_116661_73249/business/stdout.log
?? stage2_6_1/artifacts/repair17/development/run_supervision/runs/e2e_224125_116661_73249/run_record.json
?? stage2_6_1/artifacts/repair17/development/run_supervision/runs/e2e_224125_116661_73249/summary.json
?? stage2_6_1/artifacts/repair17/development/run_supervision/runs/m12_002855_77431/alerts/alerts.jsonl
?? stage2_6_1/artifacts/repair17/development/run_supervision/runs/m12_002855_77431/business/stderr.log
?? stage2_6_1/artifacts/repair17/development/run_supervision/runs/m12_002855_77431/business/stdout.log
?? stage2_6_1/artifacts/repair17/development/run_supervision/runs/m12_002855_77431/run_record.json
?? stage2_6_1/artifacts/repair17/development/run_supervision/runs/m12_002855_77431/summary.json
?? stage2_6_1/artifacts/repair17/development/run_supervision/runs/m12_004010_78784/alerts/alerts.jsonl
?? stage2_6_1/artifacts/repair17/development/run_supervision/runs/m12_004010_78784/business/stderr.log
?? stage2_6_1/artifacts/repair17/development/run_supervision/runs/m12_004010_78784/business/stdout.log
?? stage2_6_1/artifacts/repair17/development/run_supervision/runs/m12_004010_78784/run_record.json
?? stage2_6_1/artifacts/repair17/development/run_supervision/runs/m12_004010_78784/summary.json
?? stage2_6_1/artifacts/repair17/development/run_supervision/runs/m12_004651_25463/alerts/alerts.jsonl
?? stage2_6_1/artifacts/repair17/development/run_supervision/runs/m12_004651_25463/business/stderr.log
?? stage2_6_1/artifacts/repair17/development/run_supervision/runs/m12_004651_25463/business/stdout.log
?? stage2_6_1/artifacts/repair17/development/run_supervision/runs/m12_004651_25463/run_record.json
?? stage2_6_1/artifacts/repair17/development/run_supervision/runs/m12_004651_25463/summary.json
?? stage2_6_1/artifacts/repair17/development/run_supervision/runs/m12_005913_25738/alerts/alerts.jsonl
?? stage2_6_1/artifacts/repair17/development/run_supervision/runs/m12_005913_25738/business/stderr.log
?? stage2_6_1/artifacts/repair17/development/run_supervision/runs/m12_005913_25738/business/stdout.log
?? stage2_6_1/artifacts/repair17/development/run_supervision/runs/m12_005913_25738/run_record.json
?? stage2_6_1/artifacts/repair17/development/run_supervision/runs/m12_005913_25738/summary.json
?? stage2_6_1/artifacts/repair17/development/run_supervision/runs/m12_012424_82500/alerts/alerts.jsonl
?? stage2_6_1/artifacts/repair17/development/run_supervision/runs/m12_012424_82500/business/stderr.log
?? stage2_6_1/artifacts/repair17/development/run_supervision/runs/m12_012424_82500/business/stdout.log
?? stage2_6_1/artifacts/repair17/development/run_supervision/runs/m12_012424_82500/run_record.json
?? stage2_6_1/artifacts/repair17/development/run_supervision/runs/m12_012424_82500/summary.json
?? stage2_6_1/artifacts/repair17/development/run_supervision/runs/m12_015445_85855/alerts/alerts.jsonl
?? stage2_6_1/artifacts/repair17/development/run_supervision/runs/m12_015445_85855/business/stderr.log
?? stage2_6_1/artifacts/repair17/development/run_supervision/runs/m12_015445_85855/business/stdout.log
?? stage2_6_1/artifacts/repair17/development/run_supervision/runs/m12_015445_85855/run_record.json
?? stage2_6_1/artifacts/repair17/development/run_supervision/runs/m12_015445_85855/summary.json
?? stage2_6_1/artifacts/repair17/development/run_supervision/runs/m12_022911_125456/alerts/alerts.jsonl
?? stage2_6_1/artifacts/repair17/development/run_supervision/runs/m12_022911_125456/business/stderr.log
?? stage2_6_1/artifacts/repair17/development/run_supervision/runs/m12_022911_125456/business/stdout.log
?? stage2_6_1/artifacts/repair17/development/run_supervision/runs/m12_022911_125456/run_record.json
?? stage2_6_1/artifacts/repair17/development/run_supervision/runs/m12_022911_125456/summary.json
?? stage2_6_1/artifacts/repair17/development/run_supervision/runs/m12_030412_475/alerts/alerts.jsonl
?? stage2_6_1/artifacts/repair17/development/run_supervision/runs/m12_030412_475/business/stderr.log
?? stage2_6_1/artifacts/repair17/development/run_supervision/runs/m12_030412_475/business/stdout.log
?? stage2_6_1/artifacts/repair17/development/run_supervision/runs/m12_030412_475/run_record.json
?? stage2_6_1/artifacts/repair17/development/run_supervision/runs/m12_030412_475/summary.json
?? stage2_6_1/artifacts/repair17/development/run_supervision/runs/m12_033318_132001/alerts/alerts.jsonl
?? stage2_6_1/artifacts/repair17/development/run_supervision/runs/m12_033318_132001/business/stderr.log
?? stage2_6_1/artifacts/repair17/development/run_supervision/runs/m12_033318_132001/business/stdout.log
?? stage2_6_1/artifacts/repair17/development/run_supervision/runs/m12_033318_132001/run_record.json
?? stage2_6_1/artifacts/repair17/development/run_supervision/runs/m12_033318_132001/summary.json
?? stage2_6_1/artifacts/repair17/development/run_supervision/runs/m12_034607_468/alerts/alerts.jsonl
?? stage2_6_1/artifacts/repair17/development/run_supervision/runs/m12_034607_468/business/stderr.log
?? stage2_6_1/artifacts/repair17/development/run_supervision/runs/m12_034607_468/business/stdout.log
?? stage2_6_1/artifacts/repair17/development/run_supervision/runs/m12_034607_468/run_record.json
?? stage2_6_1/artifacts/repair17/development/run_supervision/runs/m12_034607_468/summary.json
?? stage2_6_1/artifacts/repair17/development/run_supervision/runs/m12_043439_3221/alerts/alerts.jsonl
?? stage2_6_1/artifacts/repair17/development/run_supervision/runs/m12_043439_3221/business/stderr.log
?? stage2_6_1/artifacts/repair17/development/run_supervision/runs/m12_043439_3221/business/stdout.log
?? stage2_6_1/artifacts/repair17/development/run_supervision/runs/m12_043439_3221/run_record.json
?? stage2_6_1/artifacts/repair17/development/run_supervision/runs/m12_043439_3221/summary.json
?? stage2_6_1/artifacts/repair17/development/run_supervision/runs/m12_051912_596/alerts/alerts.jsonl
?? stage2_6_1/artifacts/repair17/development/run_supervision/runs/m12_051912_596/business/stderr.log
?? stage2_6_1/artifacts/repair17/development/run_supervision/runs/m12_051912_596/business/stdout.log
?? stage2_6_1/artifacts/repair17/development/run_supervision/runs/m12_051912_596/run_record.json
?? stage2_6_1/artifacts/repair17/development/run_supervision/runs/m12_051912_596/summary.json
?? stage2_6_1/artifacts/repair17/development/run_supervision/runs/m12_055003_142594/alerts/alerts.jsonl
?? stage2_6_1/artifacts/repair17/development/run_supervision/runs/m12_055003_142594/business/stderr.log
?? stage2_6_1/artifacts/repair17/development/run_supervision/runs/m12_055003_142594/business/stdout.log
?? stage2_6_1/artifacts/repair17/development/run_supervision/runs/m12_055003_142594/run_record.json
?? stage2_6_1/artifacts/repair17/development/run_supervision/runs/m12_055003_142594/summary.json
?? stage2_6_1/artifacts/repair17/development/run_supervision/runs/m12_084245_408/alerts/alerts.jsonl
?? stage2_6_1/artifacts/repair17/development/run_supervision/runs/m12_084245_408/business/stderr.log
?? stage2_6_1/artifacts/repair17/development/run_supervision/runs/m12_084245_408/business/stdout.log
?? stage2_6_1/artifacts/repair17/development/run_supervision/runs/m12_084245_408/run_record.json
?? stage2_6_1/artifacts/repair17/development/run_supervision/runs/m12_084245_408/summary.json
?? stage2_6_1/artifacts/repair17/development/run_supervision/runs/m12_103716_526/alerts/alerts.jsonl
?? stage2_6_1/artifacts/repair17/development/run_supervision/runs/m12_103716_526/business/stderr.log
?? stage2_6_1/artifacts/repair17/development/run_supervision/runs/m12_103716_526/business/stdout.log
?? stage2_6_1/artifacts/repair17/development/run_supervision/runs/m12_103716_526/run_record.json
?? stage2_6_1/artifacts/repair17/development/run_supervision/runs/m12_103716_526/summary.json
?? stage2_6_1/artifacts/repair17/development/run_supervision/runs/m12_112007_777/alerts/alerts.jsonl
?? stage2_6_1/artifacts/repair17/development/run_supervision/runs/m12_112007_777/business/stderr.log
?? stage2_6_1/artifacts/repair17/development/run_supervision/runs/m12_112007_777/business/stdout.log
?? stage2_6_1/artifacts/repair17/development/run_supervision/runs/m12_112007_777/run_record.json
?? stage2_6_1/artifacts/repair17/development/run_supervision/runs/m12_112007_777/summary.json
?? stage2_6_1/artifacts/repair17/development/run_supervision/runs/m12_112156_40595/alerts/alerts.jsonl
?? stage2_6_1/artifacts/repair17/development/run_supervision/runs/m12_112156_40595/business/stderr.log
?? stage2_6_1/artifacts/repair17/development/run_supervision/runs/m12_112156_40595/business/stdout.log
?? stage2_6_1/artifacts/repair17/development/run_supervision/runs/m12_112156_40595/run_record.json
?? stage2_6_1/artifacts/repair17/development/run_supervision/runs/m12_112156_40595/summary.json
?? stage2_6_1/artifacts/repair17/development/run_supervision/runs/m12_125052_715/alerts/alerts.jsonl
?? stage2_6_1/artifacts/repair17/development/run_supervision/runs/m12_125052_715/business/stderr.log
?? stage2_6_1/artifacts/repair17/development/run_supervision/runs/m12_125052_715/business/stdout.log
?? stage2_6_1/artifacts/repair17/development/run_supervision/runs/m12_125052_715/run_record.json
?? stage2_6_1/artifacts/repair17/development/run_supervision/runs/m12_125052_715/summary.json
?? stage2_6_1/artifacts/repair17/development/run_supervision/runs/m12_131713_51228/alerts/alerts.jsonl
?? stage2_6_1/artifacts/repair17/development/run_supervision/runs/m12_131713_51228/business/stderr.log
?? stage2_6_1/artifacts/repair17/development/run_supervision/runs/m12_131713_51228/business/stdout.log
?? stage2_6_1/artifacts/repair17/development/run_supervision/runs/m12_131713_51228/run_record.json
?? stage2_6_1/artifacts/repair17/development/run_supervision/runs/m12_131713_51228/summary.json
?? stage2_6_1/artifacts/repair17/development/run_supervision/runs/m12_132721_94389/alerts/alerts.jsonl
?? stage2_6_1/artifacts/repair17/development/run_supervision/runs/m12_132721_94389/business/stderr.log
?? stage2_6_1/artifacts/repair17/development/run_supervision/runs/m12_132721_94389/business/stdout.log
?? stage2_6_1/artifacts/repair17/development/run_supervision/runs/m12_132721_94389/run_record.json
?? stage2_6_1/artifacts/repair17/development/run_supervision/runs/m12_132721_94389/summary.json
?? stage2_6_1/artifacts/repair17/development/run_supervision/runs/m12_140949_2101/alerts/alerts.jsonl
?? stage2_6_1/artifacts/repair17/development/run_supervision/runs/m12_140949_2101/business/stderr.log
?? stage2_6_1/artifacts/repair17/development/run_supervision/runs/m12_140949_2101/business/stdout.log
?? stage2_6_1/artifacts/repair17/development/run_supervision/runs/m12_140949_2101/run_record.json
?? stage2_6_1/artifacts/repair17/development/run_supervision/runs/m12_140949_2101/summary.json
?? stage2_6_1/artifacts/repair17/development/run_supervision/runs/m12_154651_56749/alerts/alerts.jsonl
?? stage2_6_1/artifacts/repair17/development/run_supervision/runs/m12_154651_56749/business/stderr.log
?? stage2_6_1/artifacts/repair17/development/run_supervision/runs/m12_154651_56749/business/stdout.log
?? stage2_6_1/artifacts/repair17/development/run_supervision/runs/m12_154651_56749/run_record.json
?? stage2_6_1/artifacts/repair17/development/run_supervision/runs/m12_154651_56749/summary.json
?? stage2_6_1/artifacts/repair17/development/run_supervision/runs/m12_164744_100016/alerts/alerts.jsonl
?? stage2_6_1/artifacts/repair17/development/run_supervision/runs/m12_164744_100016/business/stderr.log
?? stage2_6_1/artifacts/repair17/development/run_supervision/runs/m12_164744_100016/business/stdout.log
?? stage2_6_1/artifacts/repair17/development/run_supervision/runs/m12_164744_100016/run_record.json
?? stage2_6_1/artifacts/repair17/development/run_supervision/runs/m12_164744_100016/summary.json
?? stage2_6_1/artifacts/repair17/development/run_supervision/runs/m12_193454_63508/alerts/alerts.jsonl
?? stage2_6_1/artifacts/repair17/development/run_supervision/runs/m12_193454_63508/business/stderr.log
?? stage2_6_1/artifacts/repair17/development/run_supervision/runs/m12_193454_63508/business/stdout.log
?? stage2_6_1/artifacts/repair17/development/run_supervision/runs/m12_193454_63508/run_record.json
?? stage2_6_1/artifacts/repair17/development/run_supervision/runs/m12_193454_63508/summary.json
?? stage2_6_1/artifacts/repair17/development/run_supervision/runs/m12_193844_65045/alerts/alerts.jsonl
?? stage2_6_1/artifacts/repair17/development/run_supervision/runs/m12_193844_65045/business/stderr.log
?? stage2_6_1/artifacts/repair17/development/run_supervision/runs/m12_193844_65045/business/stdout.log
?? stage2_6_1/artifacts/repair17/development/run_supervision/runs/m12_193844_65045/run_record.json
?? stage2_6_1/artifacts/repair17/development/run_supervision/runs/m12_193844_65045/summary.json
?? stage2_6_1/artifacts/repair17/development/run_supervision/runs/m12_194541_107890/alerts/alerts.jsonl
?? stage2_6_1/artifacts/repair17/development/run_supervision/runs/m12_194541_107890/business/stderr.log
?? stage2_6_1/artifacts/repair17/development/run_supervision/runs/m12_194541_107890/business/stdout.log
?? stage2_6_1/artifacts/repair17/development/run_supervision/runs/m12_194541_107890/run_record.json
?? stage2_6_1/artifacts/repair17/development/run_supervision/runs/m12_194541_107890/summary.json
?? stage2_6_1/artifacts/repair17/development/run_supervision/runs/m12_204225_71812/alerts/alerts.jsonl
?? stage2_6_1/artifacts/repair17/development/run_supervision/runs/m12_204225_71812/business/stderr.log
?? stage2_6_1/artifacts/repair17/development/run_supervision/runs/m12_204225_71812/business/stdout.log
?? stage2_6_1/artifacts/repair17/development/run_supervision/runs/m12_204225_71812/run_record.json
?? stage2_6_1/artifacts/repair17/development/run_supervision/runs/m12_204225_71812/summary.json
?? stage2_6_1/artifacts/repair17/development/run_supervision/runs/m12_204757_4637/alerts/alerts.jsonl
?? stage2_6_1/artifacts/repair17/development/run_supervision/runs/m12_204757_4637/business/stderr.log
?? stage2_6_1/artifacts/repair17/development/run_supervision/runs/m12_204757_4637/business/stdout.log
?? stage2_6_1/artifacts/repair17/development/run_supervision/runs/m12_204757_4637/run_record.json
?? stage2_6_1/artifacts/repair17/development/run_supervision/runs/m12_204757_4637/summary.json
?? stage2_6_1/artifacts/repair17/development/run_supervision/runs/m12_205017_7311/alerts/alerts.jsonl
?? stage2_6_1/artifacts/repair17/development/run_supervision/runs/m12_205017_7311/business/stderr.log
?? stage2_6_1/artifacts/repair17/development/run_supervision/runs/m12_205017_7311/business/stdout.log
?? stage2_6_1/artifacts/repair17/development/run_supervision/runs/m12_205017_7311/run_record.json
?? stage2_6_1/artifacts/repair17/development/run_supervision/runs/m12_205017_7311/summary.json
?? stage2_6_1/artifacts/repair17/development/run_supervision/runs/m12_205256_728/alerts/alerts.jsonl
?? stage2_6_1/artifacts/repair17/development/run_supervision/runs/m12_205256_728/business/stderr.log
?? stage2_6_1/artifacts/repair17/development/run_supervision/runs/m12_205256_728/business/stdout.log
?? stage2_6_1/artifacts/repair17/development/run_supervision/runs/m12_205256_728/run_record.json
?? stage2_6_1/artifacts/repair17/development/run_supervision/runs/m12_205256_728/summary.json
?? stage2_6_1/artifacts/repair17/development/run_supervision/runs/m12_211206_8475/alerts/alerts.jsonl
?? stage2_6_1/artifacts/repair17/development/run_supervision/runs/m12_211206_8475/business/stderr.log
?? stage2_6_1/artifacts/repair17/development/run_supervision/runs/m12_211206_8475/business/stdout.log
?? stage2_6_1/artifacts/repair17/development/run_supervision/runs/m12_211206_8475/run_record.json
?? stage2_6_1/artifacts/repair17/development/run_supervision/runs/m12_211206_8475/summary.json
?? stage2_6_1/artifacts/repair17/development/run_supervision/runs/m12_214038_12424/alerts/alerts.jsonl
?? stage2_6_1/artifacts/repair17/development/run_supervision/runs/m12_214038_12424/business/stderr.log
?? stage2_6_1/artifacts/repair17/development/run_supervision/runs/m12_214038_12424/business/stdout.log
?? stage2_6_1/artifacts/repair17/development/run_supervision/runs/m12_214038_12424/run_record.json
?? stage2_6_1/artifacts/repair17/development/run_supervision/runs/m12_214038_12424/summary.json
?? stage2_6_1/artifacts/repair17/development/run_supervision/runs/m12_215733_14451/alerts/alerts.jsonl
?? stage2_6_1/artifacts/repair17/development/run_supervision/runs/m12_215733_14451/business/stderr.log
?? stage2_6_1/artifacts/repair17/development/run_supervision/runs/m12_215733_14451/business/stdout.log
?? stage2_6_1/artifacts/repair17/development/run_supervision/runs/m12_215733_14451/run_record.json
?? stage2_6_1/artifacts/repair17/development/run_supervision/runs/m12_215733_14451/summary.json
?? stage2_6_1/artifacts/repair17/development/run_supervision/runs/m12_223250_17680/alerts/alerts.jsonl
?? stage2_6_1/artifacts/repair17/development/run_supervision/runs/m12_223250_17680/business/stderr.log
?? stage2_6_1/artifacts/repair17/development/run_supervision/runs/m12_223250_17680/business/stdout.log
?? stage2_6_1/artifacts/repair17/development/run_supervision/runs/m12_223250_17680/run_record.json
?? stage2_6_1/artifacts/repair17/development/run_supervision/runs/m12_223250_17680/summary.json
?? stage2_6_1/artifacts/repair17/development/run_supervision/runs/m12_224128_116661/alerts/alerts.jsonl
?? stage2_6_1/artifacts/repair17/development/run_supervision/runs/m12_224128_116661/business/stderr.log
?? stage2_6_1/artifacts/repair17/development/run_supervision/runs/m12_224128_116661/business/stdout.log
?? stage2_6_1/artifacts/repair17/development/run_supervision/runs/m12_224128_116661/run_record.json
?? stage2_6_1/artifacts/repair17/development/run_supervision/runs/m12_224128_116661/summary.json
?? stage2_6_1/artifacts/repair17/development/run_supervision/runs/r17c3fr_full2_20260910T083615/alerts/alerts.jsonl
?? stage2_6_1/artifacts/repair17/development/run_supervision/runs/r17c3fr_full2_20260910T083615/business/stderr.log
?? stage2_6_1/artifacts/repair17/development/run_supervision/runs/r17c3fr_full2_20260910T083615/business/stdout.log
?? stage2_6_1/artifacts/repair17/development/run_supervision/runs/r17c3fr_full2_20260910T083615/junit.xml
?? stage2_6_1/artifacts/repair17/development/run_supervision/runs/r17c3fr_full2_20260910T083615/launch_evidence.jsonl
?? stage2_6_1/artifacts/repair17/development/run_supervision/runs/r17c3fr_full2_20260910T083615/native_sampler/identity.json
?? stage2_6_1/artifacts/repair17/development/run_supervision/runs/r17c3fr_full2_20260910T083615/native_sampler/native_confirmation.json
?? stage2_6_1/artifacts/repair17/development/run_supervision/runs/r17c3fr_full2_20260910T083615/native_sampler/native_request.json
?? stage2_6_1/artifacts/repair17/development/run_supervision/runs/r17c3fr_full2_20260910T083615/native_sampler/stop.json
?? stage2_6_1/artifacts/repair17/development/run_supervision/runs/r17c3fr_full2_20260910T083615/native_sampler/terminal.json
?? stage2_6_1/artifacts/repair17/development/run_supervision/runs/r17c3fr_full2_20260910T083615/run_record.json
?? stage2_6_1/artifacts/repair17/development/run_supervision/runs/r17c3fr_full2_20260910T083615/summary.json
?? stage2_6_1/artifacts/repair17/development/run_supervision/runs/r17c3fr_full2_20260910T083615/telemetry/guest_samples.jsonl
?? stage2_6_1/artifacts/repair17/development/run_supervision/runs/r17c3fr_full2_20260910T083615/telemetry/win_samples.jsonl
?? stage2_6_1/artifacts/repair17/development/run_supervision/runs/r17c3fr_full_20260910T051332/alerts/alerts.jsonl
?? stage2_6_1/artifacts/repair17/development/run_supervision/runs/r17c3fr_full_20260910T051332/business/stderr.log
?? stage2_6_1/artifacts/repair17/development/run_supervision/runs/r17c3fr_full_20260910T051332/business/stdout.log
?? stage2_6_1/artifacts/repair17/development/run_supervision/runs/r17c3fr_full_20260910T051332/junit.xml
?? stage2_6_1/artifacts/repair17/development/run_supervision/runs/r17c3fr_full_20260910T051332/launch_evidence.jsonl
?? stage2_6_1/artifacts/repair17/development/run_supervision/runs/r17c3fr_full_20260910T051332/native_sampler/identity.json
?? stage2_6_1/artifacts/repair17/development/run_supervision/runs/r17c3fr_full_20260910T051332/native_sampler/native_confirmation.json
?? stage2_6_1/artifacts/repair17/development/run_supervision/runs/r17c3fr_full_20260910T051332/native_sampler/native_request.json
?? stage2_6_1/artifacts/repair17/development/run_supervision/runs/r17c3fr_full_20260910T051332/native_sampler/stop.json
?? stage2_6_1/artifacts/repair17/development/run_supervision/runs/r17c3fr_full_20260910T051332/native_sampler/terminal.json
?? stage2_6_1/artifacts/repair17/development/run_supervision/runs/r17c3fr_full_20260910T051332/run_record.json
?? stage2_6_1/artifacts/repair17/development/run_supervision/runs/r17c3fr_full_20260910T051332/summary.json
?? stage2_6_1/artifacts/repair17/development/run_supervision/runs/r17c3fr_full_20260910T051332/telemetry/guest_samples.jsonl
?? stage2_6_1/artifacts/repair17/development/run_supervision/runs/r17c3fr_full_20260910T051332/telemetry/win_samples.jsonl
?? stage2_6_1/artifacts/repair17/development/run_supervision/runs/r17c3fr_full_20260910T051455/alerts/alerts.jsonl
?? stage2_6_1/artifacts/repair17/development/run_supervision/runs/r17c3fr_full_20260910T051455/business/stderr.log
?? stage2_6_1/artifacts/repair17/development/run_supervision/runs/r17c3fr_full_20260910T051455/business/stdout.log
?? stage2_6_1/artifacts/repair17/development/run_supervision/runs/r17c3fr_full_20260910T051455/junit.xml
?? stage2_6_1/artifacts/repair17/development/run_supervision/runs/r17c3fr_full_20260910T051455/launch_evidence.jsonl
?? stage2_6_1/artifacts/repair17/development/run_supervision/runs/r17c3fr_full_20260910T051455/native_sampler/identity.json
?? stage2_6_1/artifacts/repair17/development/run_supervision/runs/r17c3fr_full_20260910T051455/native_sampler/native_confirmation.json
?? stage2_6_1/artifacts/repair17/development/run_supervision/runs/r17c3fr_full_20260910T051455/native_sampler/native_request.json
?? stage2_6_1/artifacts/repair17/development/run_supervision/runs/r17c3fr_full_20260910T051455/native_sampler/stop.json
?? stage2_6_1/artifacts/repair17/development/run_supervision/runs/r17c3fr_full_20260910T051455/native_sampler/terminal.json
?? stage2_6_1/artifacts/repair17/development/run_supervision/runs/r17c3fr_full_20260910T051455/run_record.json
?? stage2_6_1/artifacts/repair17/development/run_supervision/runs/r17c3fr_full_20260910T051455/summary.json
?? stage2_6_1/artifacts/repair17/development/run_supervision/runs/r17c3fr_full_20260910T051455/telemetry/guest_samples.jsonl
?? stage2_6_1/artifacts/repair17/development/run_supervision/runs/r17c3fr_full_20260910T051455/telemetry/win_samples.jsonl
?? stage2_6_1/artifacts/repair17/development/run_supervision/runs/r17calbridge_full_20260910T113357_107796/alerts/alerts.jsonl
?? stage2_6_1/artifacts/repair17/development/run_supervision/runs/r17calbridge_full_20260910T113357_107796/business/stderr.log
?? stage2_6_1/artifacts/repair17/development/run_supervision/runs/r17calbridge_full_20260910T113357_107796/business/stdout.log
?? stage2_6_1/artifacts/repair17/development/run_supervision/runs/r17calbridge_full_20260910T113357_107796/junit.xml
?? stage2_6_1/artifacts/repair17/development/run_supervision/runs/r17calbridge_full_20260910T113357_107796/launch_evidence.jsonl
?? stage2_6_1/artifacts/repair17/development/run_supervision/runs/r17calbridge_full_20260910T113357_107796/native_sampler/identity.json
?? stage2_6_1/artifacts/repair17/development/run_supervision/runs/r17calbridge_full_20260910T113357_107796/native_sampler/native_confirmation.json
?? stage2_6_1/artifacts/repair17/development/run_supervision/runs/r17calbridge_full_20260910T113357_107796/native_sampler/native_request.json
?? stage2_6_1/artifacts/repair17/development/run_supervision/runs/r17calbridge_full_20260910T113357_107796/native_sampler/stop.json
?? stage2_6_1/artifacts/repair17/development/run_supervision/runs/r17calbridge_full_20260910T113357_107796/native_sampler/terminal.json
?? stage2_6_1/artifacts/repair17/development/run_supervision/runs/r17calbridge_full_20260910T113357_107796/run_record.json
?? stage2_6_1/artifacts/repair17/development/run_supervision/runs/r17calbridge_full_20260910T113357_107796/summary.json
?? stage2_6_1/artifacts/repair17/development/run_supervision/runs/r17calbridge_full_20260910T113357_107796/telemetry/guest_samples.jsonl
?? stage2_6_1/artifacts/repair17/development/run_supervision/runs/r17calbridge_full_20260910T113357_107796/telemetry/win_samples.jsonl
?? stage2_6_1/artifacts/repair17/development/run_supervision/runs/v2c13eng2_20260911T005151_3574/alerts/alerts.jsonl
?? stage2_6_1/artifacts/repair17/development/run_supervision/runs/v2c13eng2_20260911T005151_3574/business/stderr.log
?? stage2_6_1/artifacts/repair17/development/run_supervision/runs/v2c13eng2_20260911T005151_3574/business/stdout.log
?? stage2_6_1/artifacts/repair17/development/run_supervision/runs/v2c13eng2_20260911T005151_3574/launch_evidence.jsonl
?? stage2_6_1/artifacts/repair17/development/run_supervision/runs/v2c13eng2_20260911T005151_3574/native_sampler/identity.json
?? stage2_6_1/artifacts/repair17/development/run_supervision/runs/v2c13eng2_20260911T005151_3574/native_sampler/native_confirmation.json
?? stage2_6_1/artifacts/repair17/development/run_supervision/runs/v2c13eng2_20260911T005151_3574/native_sampler/native_request.json
?? stage2_6_1/artifacts/repair17/development/run_supervision/runs/v2c13eng2_20260911T005151_3574/native_sampler/stop.json
?? stage2_6_1/artifacts/repair17/development/run_supervision/runs/v2c13eng2_20260911T005151_3574/native_sampler/terminal.json
?? stage2_6_1/artifacts/repair17/development/run_supervision/runs/v2c13eng2_20260911T005151_3574/run_record.json
?? stage2_6_1/artifacts/repair17/development/run_supervision/runs/v2c13eng2_20260911T005151_3574/summary.json
?? stage2_6_1/artifacts/repair17/development/run_supervision/runs/v2c13eng2_20260911T005151_3574/telemetry/guest_samples.jsonl
?? stage2_6_1/artifacts/repair17/development/run_supervision/runs/v2c13eng2_20260911T005151_3574/telemetry/win_samples.jsonl
?? stage2_6_1/artifacts/repair17/development/run_supervision/runs/v2c13eng2_20260911T005151_3574/v2_c13_engineering_v2/bundles/main/envelope.json
?? stage2_6_1/artifacts/repair17/development/run_supervision/runs/v2c13eng2_20260911T005151_3574/v2_c13_engineering_v2/bundles/main/fit_inputs.json
?? stage2_6_1/artifacts/repair17/development/run_supervision/runs/v2c13eng2_20260911T005151_3574/v2_c13_engineering_v2/bundles/main/fit_manifest.json
?? stage2_6_1/artifacts/repair17/development/run_supervision/runs/v2c13eng2_20260911T005151_3574/v2_c13_engineering_v2/bundles/main/frozen_checkpoint.json
?? stage2_6_1/artifacts/repair17/development/run_supervision/runs/v2c13eng2_20260911T005151_3574/v2_c13_engineering_v2/bundles/validation/envelope.json
?? stage2_6_1/artifacts/repair17/development/run_supervision/runs/v2c13eng2_20260911T005151_3574/v2_c13_engineering_v2/bundles/validation/fit_inputs.json
?? stage2_6_1/artifacts/repair17/development/run_supervision/runs/v2c13eng2_20260911T005151_3574/v2_c13_engineering_v2/bundles/validation/fit_manifest.json
?? stage2_6_1/artifacts/repair17/development/run_supervision/runs/v2c13eng2_20260911T005151_3574/v2_c13_engineering_v2/bundles/validation/frozen_checkpoint.json
?? stage2_6_1/artifacts/repair17/development/run_supervision/runs/v2c13eng2_20260911T005151_3574/v2_c13_engineering_v2/claim.json
?? stage2_6_1/artifacts/repair17/development/run_supervision/runs/v2c13eng2_20260911T005151_3574/v2_c13_engineering_v2/delivery.json
?? stage2_6_1/artifacts/repair17/development/run_supervision/runs/v2c13eng2_20260911T005151_3574/v2_c13_engineering_v2/episodes/eval_main/eval_main_c1_opportunity_D0_p0_A.csv
?? stage2_6_1/artifacts/repair17/development/run_supervision/runs/v2c13eng2_20260911T005151_3574/v2_c13_engineering_v2/episodes/eval_main/eval_main_c1_opportunity_D0_p0_A.spec.json
?? stage2_6_1/artifacts/repair17/development/run_supervision/runs/v2c13eng2_20260911T005151_3574/v2_c13_engineering_v2/episodes/eval_main/eval_main_c1_opportunity_D0_p0_B.csv
?? stage2_6_1/artifacts/repair17/development/run_supervision/runs/v2c13eng2_20260911T005151_3574/v2_c13_engineering_v2/episodes/eval_main/eval_main_c1_opportunity_D0_p0_B.spec.json
?? stage2_6_1/artifacts/repair17/development/run_supervision/runs/v2c13eng2_20260911T005151_3574/v2_c13_engineering_v2/episodes/eval_main/eval_main_c1_opportunity_D0_p1_A.csv
?? stage2_6_1/artifacts/repair17/development/run_supervision/runs/v2c13eng2_20260911T005151_3574/v2_c13_engineering_v2/episodes/eval_main/eval_main_c1_opportunity_D0_p1_A.spec.json
?? stage2_6_1/artifacts/repair17/development/run_supervision/runs/v2c13eng2_20260911T005151_3574/v2_c13_engineering_v2/episodes/eval_main/eval_main_c1_opportunity_D0_p1_B.csv
?? stage2_6_1/artifacts/repair17/development/run_supervision/runs/v2c13eng2_20260911T005151_3574/v2_c13_engineering_v2/episodes/eval_main/eval_main_c1_opportunity_D0_p1_B.spec.json
?? stage2_6_1/artifacts/repair17/development/run_supervision/runs/v2c13eng2_20260911T005151_3574/v2_c13_engineering_v2/episodes/eval_main/eval_main_c1_opportunity_D0_p2_A.csv
?? stage2_6_1/artifacts/repair17/development/run_supervision/runs/v2c13eng2_20260911T005151_3574/v2_c13_engineering_v2/episodes/eval_main/eval_main_c1_opportunity_D0_p2_A.spec.json
?? stage2_6_1/artifacts/repair17/development/run_supervision/runs/v2c13eng2_20260911T005151_3574/v2_c13_engineering_v2/episodes/eval_main/eval_main_c1_opportunity_D0_p2_B.csv
?? stage2_6_1/artifacts/repair17/development/run_supervision/runs/v2c13eng2_20260911T005151_3574/v2_c13_engineering_v2/episodes/eval_main/eval_main_c1_opportunity_D0_p2_B.spec.json
?? stage2_6_1/artifacts/repair17/development/run_supervision/runs/v2c13eng2_20260911T005151_3574/v2_c13_engineering_v2/episodes/eval_main/eval_main_c1_opportunity_D0_p3_A.csv
?? stage2_6_1/artifacts/repair17/development/run_supervision/runs/v2c13eng2_20260911T005151_3574/v2_c13_engineering_v2/episodes/eval_main/eval_main_c1_opportunity_D0_p3_A.spec.json
?? stage2_6_1/artifacts/repair17/development/run_supervision/runs/v2c13eng2_20260911T005151_3574/v2_c13_engineering_v2/episodes/eval_main/eval_main_c1_opportunity_D0_p3_B.csv
?? stage2_6_1/artifacts/repair17/development/run_supervision/runs/v2c13eng2_20260911T005151_3574/v2_c13_engineering_v2/episodes/eval_main/eval_main_c1_opportunity_D0_p3_B.spec.json
?? stage2_6_1/artifacts/repair17/development/run_supervision/runs/v2c13eng2_20260911T005151_3574/v2_c13_engineering_v2/episodes/eval_main/eval_main_c1_opportunity_D0_p4_A.csv
?? stage2_6_1/artifacts/repair17/development/run_supervision/runs/v2c13eng2_20260911T005151_3574/v2_c13_engineering_v2/episodes/eval_main/eval_main_c1_opportunity_D0_p4_A.spec.json
?? stage2_6_1/artifacts/repair17/development/run_supervision/runs/v2c13eng2_20260911T005151_3574/v2_c13_engineering_v2/episodes/eval_main/eval_main_c1_opportunity_D0_p4_B.csv
?? stage2_6_1/artifacts/repair17/development/run_supervision/runs/v2c13eng2_20260911T005151_3574/v2_c13_engineering_v2/episodes/eval_main/eval_main_c1_opportunity_D0_p4_B.spec.json
?? stage2_6_1/artifacts/repair17/development/run_supervision/runs/v2c13eng2_20260911T005151_3574/v2_c13_engineering_v2/episodes/eval_main/eval_main_c1_opportunity_D0_p5_A.csv
?? stage2_6_1/artifacts/repair17/development/run_supervision/runs/v2c13eng2_20260911T005151_3574/v2_c13_engineering_v2/episodes/eval_main/eval_main_c1_opportunity_D0_p5_A.spec.json
?? stage2_6_1/artifacts/repair17/development/run_supervision/runs/v2c13eng2_20260911T005151_3574/v2_c13_engineering_v2/episodes/eval_main/eval_main_c1_opportunity_D0_p5_B.csv
?? stage2_6_1/artifacts/repair17/development/run_supervision/runs/v2c13eng2_20260911T005151_3574/v2_c13_engineering_v2/episodes/eval_main/eval_main_c1_opportunity_D0_p5_B.spec.json
?? stage2_6_1/artifacts/repair17/development/run_supervision/runs/v2c13eng2_20260911T005151_3574/v2_c13_engineering_v2/episodes/eval_main/eval_main_c1_opportunity_D0_p6_A.csv
?? stage2_6_1/artifacts/repair17/development/run_supervision/runs/v2c13eng2_20260911T005151_3574/v2_c13_engineering_v2/episodes/eval_main/eval_main_c1_opportunity_D0_p6_A.spec.json
?? stage2_6_1/artifacts/repair17/development/run_supervision/runs/v2c13eng2_20260911T005151_3574/v2_c13_engineering_v2/episodes/eval_main/eval_main_c1_opportunity_D0_p6_B.csv
?? stage2_6_1/artifacts/repair17/development/run_supervision/runs/v2c13eng2_20260911T005151_3574/v2_c13_engineering_v2/episodes/eval_main/eval_main_c1_opportunity_D0_p6_B.spec.json
?? stage2_6_1/artifacts/repair17/development/run_supervision/runs/v2c13eng2_20260911T005151_3574/v2_c13_engineering_v2/episodes/eval_main/eval_main_c1_opportunity_D0_p7_A.csv
?? stage2_6_1/artifacts/repair17/development/run_supervision/runs/v2c13eng2_20260911T005151_3574/v2_c13_engineering_v2/episodes/eval_main/eval_main_c1_opportunity_D0_p7_A.spec.json
?? stage2_6_1/artifacts/repair17/development/run_supervision/runs/v2c13eng2_20260911T005151_3574/v2_c13_engineering_v2/episodes/eval_main/eval_main_c1_opportunity_D0_p7_B.csv
?? stage2_6_1/artifacts/repair17/development/run_supervision/runs/v2c13eng2_20260911T005151_3574/v2_c13_engineering_v2/episodes/eval_main/eval_main_c1_opportunity_D0_p7_B.spec.json
?? stage2_6_1/artifacts/repair17/development/run_supervision/runs/v2c13eng2_20260911T005151_3574/v2_c13_engineering_v2/episodes/eval_main/eval_main_c1_opportunity_D0_p8_A.csv
?? stage2_6_1/artifacts/repair17/development/run_supervision/runs/v2c13eng2_20260911T005151_3574/v2_c13_engineering_v2/episodes/eval_main/eval_main_c1_opportunity_D0_p8_A.spec.json
?? stage2_6_1/artifacts/repair17/development/run_supervision/runs/v2c13eng2_20260911T005151_3574/v2_c13_engineering_v2/episodes/eval_main/eval_main_c1_opportunity_D0_p8_B.csv
?? stage2_6_1/artifacts/repair17/development/run_supervision/runs/v2c13eng2_20260911T005151_3574/v2_c13_engineering_v2/episodes/eval_main/eval_main_c1_opportunity_D0_p8_B.spec.json
?? stage2_6_1/artifacts/repair17/development/run_supervision/runs/v2c13eng2_20260911T005151_3574/v2_c13_engineering_v2/episodes/eval_main/eval_main_c1_opportunity_D0_p9_A.csv
?? stage2_6_1/artifacts/repair17/development/run_supervision/runs/v2c13eng2_20260911T005151_3574/v2_c13_engineering_v2/episodes/eval_main/eval_main_c1_opportunity_D0_p9_A.spec.json
?? stage2_6_1/artifacts/repair17/development/run_supervision/runs/v2c13eng2_20260911T005151_3574/v2_c13_engineering_v2/episodes/eval_main/eval_main_c1_opportunity_D0_p9_B.csv
?? stage2_6_1/artifacts/repair17/development/run_supervision/runs/v2c13eng2_20260911T005151_3574/v2_c13_engineering_v2/episodes/eval_main/eval_main_c1_opportunity_D0_p9_B.spec.json
?? stage2_6_1/artifacts/repair17/development/run_supervision/runs/v2c13eng2_20260911T005151_3574/v2_c13_engineering_v2/episodes/eval_main/eval_main_c1_opportunity_D1_p0_A.csv
?? stage2_6_1/artifacts/repair17/development/run_supervision/runs/v2c13eng2_20260911T005151_3574/v2_c13_engineering_v2/episodes/eval_main/eval_main_c1_opportunity_D1_p0_A.spec.json
?? stage2_6_1/artifacts/repair17/development/run_supervision/runs/v2c13eng2_20260911T005151_3574/v2_c13_engineering_v2/episodes/eval_main/eval_main_c1_opportunity_D1_p0_B.csv
?? stage2_6_1/artifacts/repair17/development/run_supervision/runs/v2c13eng2_20260911T005151_3574/v2_c13_engineering_v2/episodes/eval_main/eval_main_c1_opportunity_D1_p0_B.spec.json
?? stage2_6_1/artifacts/repair17/development/run_supervision/runs/v2c13eng2_20260911T005151_3574/v2_c13_engineering_v2/episodes/eval_main/eval_main_c1_opportunity_D1_p1_A.csv
?? stage2_6_1/artifacts/repair17/development/run_supervision/runs/v2c13eng2_20260911T005151_3574/v2_c13_engineering_v2/episodes/eval_main/eval_main_c1_opportunity_D1_p1_A.spec.json
?? stage2_6_1/artifacts/repair17/development/run_supervision/runs/v2c13eng2_20260911T005151_3574/v2_c13_engineering_v2/episodes/eval_main/eval_main_c1_opportunity_D1_p1_B.csv
?? stage2_6_1/artifacts/repair17/development/run_supervision/runs/v2c13eng2_20260911T005151_3574/v2_c13_engineering_v2/episodes/eval_main/eval_main_c1_opportunity_D1_p1_B.spec.json
?? stage2_6_1/artifacts/repair17/development/run_supervision/runs/v2c13eng2_20260911T005151_3574/v2_c13_engineering_v2/episodes/eval_main/eval_main_c1_opportunity_D1_p2_A.csv
?? stage2_6_1/artifacts/repair17/development/run_supervision/runs/v2c13eng2_20260911T005151_3574/v2_c13_engineering_v2/episodes/eval_main/eval_main_c1_opportunity_D1_p2_A.spec.json
?? stage2_6_1/artifacts/repair17/development/run_supervision/runs/v2c13eng2_20260911T005151_3574/v2_c13_engineering_v2/episodes/eval_main/eval_main_c1_opportunity_D1_p2_B.csv
?? stage2_6_1/artifacts/repair17/development/run_supervision/runs/v2c13eng2_20260911T005151_3574/v2_c13_engineering_v2/episodes/eval_main/eval_main_c1_opportunity_D1_p2_B.spec.json
?? stage2_6_1/artifacts/repair17/development/run_supervision/runs/v2c13eng2_20260911T005151_3574/v2_c13_engineering_v2/episodes/eval_main/eval_main_c1_opportunity_D1_p3_A.csv
?? stage2_6_1/artifacts/repair17/development/run_supervision/runs/v2c13eng2_20260911T005151_3574/v2_c13_engineering_v2/episodes/eval_main/eval_main_c1_opportunity_D1_p3_A.spec.json
?? stage2_6_1/artifacts/repair17/development/run_supervision/runs/v2c13eng2_20260911T005151_3574/v2_c13_engineering_v2/episodes/eval_main/eval_main_c1_opportunity_D1_p3_B.csv
?? stage2_6_1/artifacts/repair17/development/run_supervision/runs/v2c13eng2_20260911T005151_3574/v2_c13_engineering_v2/episodes/eval_main/eval_main_c1_opportunity_D1_p3_B.spec.json
?? stage2_6_1/artifacts/repair17/development/run_supervision/runs/v2c13eng2_20260911T005151_3574/v2_c13_engineering_v2/episodes/eval_main/eval_main_c1_opportunity_D1_p4_A.csv
?? stage2_6_1/artifacts/repair17/development/run_supervision/runs/v2c13eng2_20260911T005151_3574/v2_c13_engineering_v2/episodes/eval_main/eval_main_c1_opportunity_D1_p4_A.spec.json
?? stage2_6_1/artifacts/repair17/development/run_supervision/runs/v2c13eng2_20260911T005151_3574/v2_c13_engineering_v2/episodes/eval_main/eval_main_c1_opportunity_D1_p4_B.csv
?? stage2_6_1/artifacts/repair17/development/run_supervision/runs/v2c13eng2_20260911T005151_3574/v2_c13_engineering_v2/episodes/eval_main/eval_main_c1_opportunity_D1_p4_B.spec.json
?? stage2_6_1/artifacts/repair17/development/run_supervision/runs/v2c13eng2_20260911T005151_3574/v2_c13_engineering_v2/episodes/eval_main/eval_main_c1_opportunity_D1_p5_A.csv
?? stage2_6_1/artifacts/repair17/development/run_supervision/runs/v2c13eng2_20260911T005151_3574/v2_c13_engineering_v2/episodes/eval_main/eval_main_c1_opportunity_D1_p5_A.spec.json
?? stage2_6_1/artifacts/repair17/development/run_supervision/runs/v2c13eng2_20260911T005151_3574/v2_c13_engineering_v2/episodes/eval_main/eval_main_c1_opportunity_D1_p5_B.csv
?? stage2_6_1/artifacts/repair17/development/run_supervision/runs/v2c13eng2_20260911T005151_3574/v2_c13_engineering_v2/episodes/eval_main/eval_main_c1_opportunity_D1_p5_B.spec.json
?? stage2_6_1/artifacts/repair17/development/run_supervision/runs/v2c13eng2_20260911T005151_3574/v2_c13_engineering_v2/episodes/eval_main/eval_main_c1_opportunity_D1_p6_A.csv
?? stage2_6_1/artifacts/repair17/development/run_supervision/runs/v2c13eng2_20260911T005151_3574/v2_c13_engineering_v2/episodes/eval_main/eval_main_c1_opportunity_D1_p6_A.spec.json
?? stage2_6_1/artifacts/repair17/development/run_supervision/runs/v2c13eng2_20260911T005151_3574/v2_c13_engineering_v2/episodes/eval_main/eval_main_c1_opportunity_D1_p6_B.csv
?? stage2_6_1/artifacts/repair17/development/run_supervision/runs/v2c13eng2_20260911T005151_3574/v2_c13_engineering_v2/episodes/eval_main/eval_main_c1_opportunity_D1_p6_B.spec.json
?? stage2_6_1/artifacts/repair17/development/run_supervision/runs/v2c13eng2_20260911T005151_3574/v2_c13_engineering_v2/episodes/eval_main/eval_main_c1_opportunity_D1_p7_A.csv
?? stage2_6_1/artifacts/repair17/development/run_supervision/runs/v2c13eng2_20260911T005151_3574/v2_c13_engineering_v2/episodes/eval_main/eval_main_c1_opportunity_D1_p7_A.spec.json
?? stage2_6_1/artifacts/repair17/development/run_supervision/runs/v2c13eng2_20260911T005151_3574/v2_c13_engineering_v2/episodes/eval_main/eval_main_c1_opportunity_D1_p7_B.csv
?? stage2_6_1/artifacts/repair17/development/run_supervision/runs/v2c13eng2_20260911T005151_3574/v2_c13_engineering_v2/episodes/eval_main/eval_main_c1_opportunity_D1_p7_B.spec.json
?? stage2_6_1/artifacts/repair17/development/run_supervision/runs/v2c13eng2_20260911T005151_3574/v2_c13_engineering_v2/episodes/eval_main/eval_main_c1_opportunity_D1_p8_A.csv
?? stage2_6_1/artifacts/repair17/development/run_supervision/runs/v2c13eng2_20260911T005151_3574/v2_c13_engineering_v2/episodes/eval_main/eval_main_c1_opportunity_D1_p8_A.spec.json
?? stage2_6_1/artifacts/repair17/development/run_supervision/runs/v2c13eng2_20260911T005151_3574/v2_c13_engineering_v2/episodes/eval_main/eval_main_c1_opportunity_D1_p8_B.csv
?? stage2_6_1/artifacts/repair17/development/run_supervision/runs/v2c13eng2_20260911T005151_3574/v2_c13_engineering_v2/episodes/eval_main/eval_main_c1_opportunity_D1_p8_B.spec.json
?? stage2_6_1/artifacts/repair17/development/run_supervision/runs/v2c13eng2_20260911T005151_3574/v2_c13_engineering_v2/episodes/eval_main/eval_main_c1_opportunity_D1_p9_A.csv
?? stage2_6_1/artifacts/repair17/development/run_supervision/runs/v2c13eng2_20260911T005151_3574/v2_c13_engineering_v2/episodes/eval_main/eval_main_c1_opportunity_D1_p9_A.spec.json
?? stage2_6_1/artifacts/repair17/development/run_supervision/runs/v2c13eng2_20260911T005151_3574/v2_c13_engineering_v2/episodes/eval_main/eval_main_c1_opportunity_D1_p9_B.csv
?? stage2_6_1/artifacts/repair17/development/run_supervision/runs/v2c13eng2_20260911T005151_3574/v2_c13_engineering_v2/episodes/eval_main/eval_main_c1_opportunity_D1_p9_B.spec.json
?? stage2_6_1/artifacts/repair17/development/run_supervision/runs/v2c13eng2_20260911T005151_3574/v2_c13_engineering_v2/episodes/eval_main/eval_main_c1_opportunity_D2_p0_A.csv
?? stage2_6_1/artifacts/repair17/development/run_supervision/runs/v2c13eng2_20260911T005151_3574/v2_c13_engineering_v2/episodes/eval_main/eval_main_c1_opportunity_D2_p0_A.spec.json
?? stage2_6_1/artifacts/repair17/development/run_supervision/runs/v2c13eng2_20260911T005151_3574/v2_c13_engineering_v2/episodes/eval_main/eval_main_c1_opportunity_D2_p0_B.csv
?? stage2_6_1/artifacts/repair17/development/run_supervision/runs/v2c13eng2_20260911T005151_3574/v2_c13_engineering_v2/episodes/eval_main/eval_main_c1_opportunity_D2_p0_B.spec.json
?? stage2_6_1/artifacts/repair17/development/run_supervision/runs/v2c13eng2_20260911T005151_3574/v2_c13_engineering_v2/episodes/eval_main/eval_main_c1_opportunity_D2_p1_A.csv
?? stage2_6_1/artifacts/repair17/development/run_supervision/runs/v2c13eng2_20260911T005151_3574/v2_c13_engineering_v2/episodes/eval_main/eval_main_c1_opportunity_D2_p1_A.spec.json
?? stage2_6_1/artifacts/repair17/development/run_supervision/runs/v2c13eng2_20260911T005151_3574/v2_c13_engineering_v2/episodes/eval_main/eval_main_c1_opportunity_D2_p1_B.csv
?? stage2_6_1/artifacts/repair17/development/run_supervision/runs/v2c13eng2_20260911T005151_3574/v2_c13_engineering_v2/episodes/eval_main/eval_main_c1_opportunity_D2_p1_B.spec.json
?? stage2_6_1/artifacts/repair17/development/run_supervision/runs/v2c13eng2_20260911T005151_3574/v2_c13_engineering_v2/episodes/eval_main/eval_main_c1_opportunity_D2_p2_A.csv
?? stage2_6_1/artifacts/repair17/development/run_supervision/runs/v2c13eng2_20260911T005151_3574/v2_c13_engineering_v2/episodes/eval_main/eval_main_c1_opportunity_D2_p2_A.spec.json
?? stage2_6_1/artifacts/repair17/development/run_supervision/runs/v2c13eng2_20260911T005151_3574/v2_c13_engineering_v2/episodes/eval_main/eval_main_c1_opportunity_D2_p2_B.csv
?? stage2_6_1/artifacts/repair17/development/run_supervision/runs/v2c13eng2_20260911T005151_3574/v2_c13_engineering_v2/episodes/eval_main/eval_main_c1_opportunity_D2_p2_B.spec.json
?? stage2_6_1/artifacts/repair17/development/run_supervision/runs/v2c13eng2_20260911T005151_3574/v2_c13_engineering_v2/episodes/eval_main/eval_main_c1_opportunity_D2_p3_A.csv
?? stage2_6_1/artifacts/repair17/development/run_supervision/runs/v2c13eng2_20260911T005151_3574/v2_c13_engineering_v2/episodes/eval_main/eval_main_c1_opportunity_D2_p3_A.spec.json
?? stage2_6_1/artifacts/repair17/development/run_supervision/runs/v2c13eng2_20260911T005151_3574/v2_c13_engineering_v2/episodes/eval_main/eval_main_c1_opportunity_D2_p3_B.csv
?? stage2_6_1/artifacts/repair17/development/run_supervision/runs/v2c13eng2_20260911T005151_3574/v2_c13_engineering_v2/episodes/eval_main/eval_main_c1_opportunity_D2_p3_B.spec.json
?? stage2_6_1/artifacts/repair17/development/run_supervision/runs/v2c13eng2_20260911T005151_3574/v2_c13_engineering_v2/episodes/eval_main/eval_main_c1_opportunity_D2_p4_A.csv
?? stage2_6_1/artifacts/repair17/development/run_supervision/runs/v2c13eng2_20260911T005151_3574/v2_c13_engineering_v2/episodes/eval_main/eval_main_c1_opportunity_D2_p4_A.spec.json
?? stage2_6_1/artifacts/repair17/development/run_supervision/runs/v2c13eng2_20260911T005151_3574/v2_c13_engineering_v2/episodes/eval_main/eval_main_c1_opportunity_D2_p4_B.csv
?? stage2_6_1/artifacts/repair17/development/run_supervision/runs/v2c13eng2_20260911T005151_3574/v2_c13_engineering_v2/episodes/eval_main/eval_main_c1_opportunity_D2_p4_B.spec.json
?? stage2_6_1/artifacts/repair17/development/run_supervision/runs/v2c13eng2_20260911T005151_3574/v2_c13_engineering_v2/episodes/eval_main/eval_main_c1_opportunity_D2_p5_A.csv
?? stage2_6_1/artifacts/repair17/development/run_supervision/runs/v2c13eng2_20260911T005151_3574/v2_c13_engineering_v2/episodes/eval_main/eval_main_c1_opportunity_D2_p5_A.spec.json
?? stage2_6_1/artifacts/repair17/development/run_supervision/runs/v2c13eng2_20260911T005151_3574/v2_c13_engineering_v2/episodes/eval_main/eval_main_c1_opportunity_D2_p5_B.csv
?? stage2_6_1/artifacts/repair17/development/run_supervision/runs/v2c13eng2_20260911T005151_3574/v2_c13_engineering_v2/episodes/eval_main/eval_main_c1_opportunity_D2_p5_B.spec.json
?? stage2_6_1/artifacts/repair17/development/run_supervision/runs/v2c13eng2_20260911T005151_3574/v2_c13_engineering_v2/episodes/eval_main/eval_main_c1_opportunity_D2_p6_A.csv
?? stage2_6_1/artifacts/repair17/development/run_supervision/runs/v2c13eng2_20260911T005151_3574/v2_c13_engineering_v2/episodes/eval_main/eval_main_c1_opportunity_D2_p6_A.spec.json
?? stage2_6_1/artifacts/repair17/development/run_supervision/runs/v2c13eng2_20260911T005151_3574/v2_c13_engineering_v2/episodes/eval_main/eval_main_c1_opportunity_D2_p6_B.csv
?? stage2_6_1/artifacts/repair17/development/run_supervision/runs/v2c13eng2_20260911T005151_3574/v2_c13_engineering_v2/episodes/eval_main/eval_main_c1_opportunity_D2_p6_B.spec.json
?? stage2_6_1/artifacts/repair17/development/run_supervision/runs/v2c13eng2_20260911T005151_3574/v2_c13_engineering_v2/episodes/eval_main/eval_main_c1_opportunity_D2_p7_A.csv
?? stage2_6_1/artifacts/repair17/development/run_supervision/runs/v2c13eng2_20260911T005151_3574/v2_c13_engineering_v2/episodes/eval_main/eval_main_c1_opportunity_D2_p7_A.spec.json
?? stage2_6_1/artifacts/repair17/development/run_supervision/runs/v2c13eng2_20260911T005151_3574/v2_c13_engineering_v2/episodes/eval_main/eval_main_c1_opportunity_D2_p7_B.csv
?? stage2_6_1/artifacts/repair17/development/run_supervision/runs/v2c13eng2_20260911T005151_3574/v2_c13_engineering_v2/episodes/eval_main/eval_main_c1_opportunity_D2_p7_B.spec.json
?? stage2_6_1/artifacts/repair17/development/run_supervision/runs/v2c13eng2_20260911T005151_3574/v2_c13_engineering_v2/episodes/eval_main/eval_main_c1_opportunity_D2_p8_A.csv
?? stage2_6_1/artifacts/repair17/development/run_supervision/runs/v2c13eng2_20260911T005151_3574/v2_c13_engineering_v2/episodes/eval_main/eval_main_c1_opportunity_D2_p8_A.spec.json
?? stage2_6_1/artifacts/repair17/development/run_supervision/runs/v2c13eng2_20260911T005151_3574/v2_c13_engineering_v2/episodes/eval_main/eval_main_c1_opportunity_D2_p8_B.csv
?? stage2_6_1/artifacts/repair17/development/run_supervision/runs/v2c13eng2_20260911T005151_3574/v2_c13_engineering_v2/episodes/eval_main/eval_main_c1_opportunity_D2_p8_B.spec.json
?? stage2_6_1/artifacts/repair17/development/run_supervision/runs/v2c13eng2_20260911T005151_3574/v2_c13_engineering_v2/episodes/eval_main/eval_main_c1_opportunity_D2_p9_A.csv
?? stage2_6_1/artifacts/repair17/development/run_supervision/runs/v2c13eng2_20260911T005151_3574/v2_c13_engineering_v2/episodes/eval_main/eval_main_c1_opportunity_D2_p9_A.spec.json
?? stage2_6_1/artifacts/repair17/development/run_supervision/runs/v2c13eng2_20260911T005151_3574/v2_c13_engineering_v2/episodes/eval_main/eval_main_c1_opportunity_D2_p9_B.csv
?? stage2_6_1/artifacts/repair17/development/run_supervision/runs/v2c13eng2_20260911T005151_3574/v2_c13_engineering_v2/episodes/eval_main/eval_main_c1_opportunity_D2_p9_B.spec.json
?? stage2_6_1/artifacts/repair17/development/run_supervision/runs/v2c13eng2_20260911T005151_3574/v2_c13_engineering_v2/episodes/eval_main/eval_main_c1_opportunity_D3_p0_A.csv
?? stage2_6_1/artifacts/repair17/development/run_supervision/runs/v2c13eng2_20260911T005151_3574/v2_c13_engineering_v2/episodes/eval_main/eval_main_c1_opportunity_D3_p0_A.spec.json
?? stage2_6_1/artifacts/repair17/development/run_supervision/runs/v2c13eng2_20260911T005151_3574/v2_c13_engineering_v2/episodes/eval_main/eval_main_c1_opportunity_D3_p0_B.csv
?? stage2_6_1/artifacts/repair17/development/run_supervision/runs/v2c13eng2_20260911T005151_3574/v2_c13_engineering_v2/episodes/eval_main/eval_main_c1_opportunity_D3_p0_B.spec.json
?? stage2_6_1/artifacts/repair17/development/run_supervision/runs/v2c13eng2_20260911T005151_3574/v2_c13_engineering_v2/episodes/eval_main/eval_main_c1_opportunity_D3_p1_A.csv
?? stage2_6_1/artifacts/repair17/development/run_supervision/runs/v2c13eng2_20260911T005151_3574/v2_c13_engineering_v2/episodes/eval_main/eval_main_c1_opportunity_D3_p1_A.spec.json
?? stage2_6_1/artifacts/repair17/development/run_supervision/runs/v2c13eng2_20260911T005151_3574/v2_c13_engineering_v2/episodes/eval_main/eval_main_c1_opportunity_D3_p1_B.csv
?? stage2_6_1/artifacts/repair17/development/run_supervision/runs/v2c13eng2_20260911T005151_3574/v2_c13_engineering_v2/episodes/eval_main/eval_main_c1_opportunity_D3_p1_B.spec.json
?? stage2_6_1/artifacts/repair17/development/run_supervision/runs/v2c13eng2_20260911T005151_3574/v2_c13_engineering_v2/episodes/eval_main/eval_main_c1_opportunity_D3_p2_A.csv
?? stage2_6_1/artifacts/repair17/development/run_supervision/runs/v2c13eng2_20260911T005151_3574/v2_c13_engineering_v2/episodes/eval_main/eval_main_c1_opportunity_D3_p2_A.spec.json
?? stage2_6_1/artifacts/repair17/development/run_supervision/runs/v2c13eng2_20260911T005151_3574/v2_c13_engineering_v2/episodes/eval_main/eval_main_c1_opportunity_D3_p2_B.csv
?? stage2_6_1/artifacts/repair17/development/run_supervision/runs/v2c13eng2_20260911T005151_3574/v2_c13_engineering_v2/episodes/eval_main/eval_main_c1_opportunity_D3_p2_B.spec.json
?? stage2_6_1/artifacts/repair17/development/run_supervision/runs/v2c13eng2_20260911T005151_3574/v2_c13_engineering_v2/episodes/eval_main/eval_main_c1_opportunity_D3_p3_A.csv
?? stage2_6_1/artifacts/repair17/development/run_supervision/runs/v2c13eng2_20260911T005151_3574/v2_c13_engineering_v2/episodes/eval_main/eval_main_c1_opportunity_D3_p3_A.spec.json
?? stage2_6_1/artifacts/repair17/development/run_supervision/runs/v2c13eng2_20260911T005151_3574/v2_c13_engineering_v2/episodes/eval_main/eval_main_c1_opportunity_D3_p3_B.csv
?? stage2_6_1/artifacts/repair17/development/run_supervision/runs/v2c13eng2_20260911T005151_3574/v2_c13_engineering_v2/episodes/eval_main/eval_main_c1_opportunity_D3_p3_B.spec.json
?? stage2_6_1/artifacts/repair17/development/run_supervision/runs/v2c13eng2_20260911T005151_3574/v2_c13_engineering_v2/episodes/eval_main/eval_main_c1_opportunity_D3_p4_A.csv
?? stage2_6_1/artifacts/repair17/development/run_supervision/runs/v2c13eng2_20260911T005151_3574/v2_c13_engineering_v2/episodes/eval_main/eval_main_c1_opportunity_D3_p4_A.spec.json
?? stage2_6_1/artifacts/repair17/development/run_supervision/runs/v2c13eng2_20260911T005151_3574/v2_c13_engineering_v2/episodes/eval_main/eval_main_c1_opportunity_D3_p4_B.csv
?? stage2_6_1/artifacts/repair17/development/run_supervision/runs/v2c13eng2_20260911T005151_3574/v2_c13_engineering_v2/episodes/eval_main/eval_main_c1_opportunity_D3_p4_B.spec.json
?? stage2_6_1/artifacts/repair17/development/run_supervision/runs/v2c13eng2_20260911T005151_3574/v2_c13_engineering_v2/episodes/eval_main/eval_main_c1_opportunity_D3_p5_A.csv
?? stage2_6_1/artifacts/repair17/development/run_supervision/runs/v2c13eng2_20260911T005151_3574/v2_c13_engineering_v2/episodes/eval_main/eval_main_c1_opportunity_D3_p5_A.spec.json
?? stage2_6_1/artifacts/repair17/development/run_supervision/runs/v2c13eng2_20260911T005151_3574/v2_c13_engineering_v2/episodes/eval_main/eval_main_c1_opportunity_D3_p5_B.csv
?? stage2_6_1/artifacts/repair17/development/run_supervision/runs/v2c13eng2_20260911T005151_3574/v2_c13_engineering_v2/episodes/eval_main/eval_main_c1_opportunity_D3_p5_B.spec.json
?? stage2_6_1/artifacts/repair17/development/run_supervision/runs/v2c13eng2_20260911T005151_3574/v2_c13_engineering_v2/episodes/eval_main/eval_main_c1_opportunity_D3_p6_A.csv
?? stage2_6_1/artifacts/repair17/development/run_supervision/runs/v2c13eng2_20260911T005151_3574/v2_c13_engineering_v2/episodes/eval_main/eval_main_c1_opportunity_D3_p6_A.spec.json
?? stage2_6_1/artifacts/repair17/development/run_supervision/runs/v2c13eng2_20260911T005151_3574/v2_c13_engineering_v2/episodes/eval_main/eval_main_c1_opportunity_D3_p6_B.csv
?? stage2_6_1/artifacts/repair17/development/run_supervision/runs/v2c13eng2_20260911T005151_3574/v2_c13_engineering_v2/episodes/eval_main/eval_main_c1_opportunity_D3_p6_B.spec.json
?? stage2_6_1/artifacts/repair17/development/run_supervision/runs/v2c13eng2_20260911T005151_3574/v2_c13_engineering_v2/episodes/eval_main/eval_main_c1_opportunity_D3_p7_A.csv
?? stage2_6_1/artifacts/repair17/development/run_supervision/runs/v2c13eng2_20260911T005151_3574/v2_c13_engineering_v2/episodes/eval_main/eval_main_c1_opportunity_D3_p7_A.spec.json
?? stage2_6_1/artifacts/repair17/development/run_supervision/runs/v2c13eng2_20260911T005151_3574/v2_c13_engineering_v2/episodes/eval_main/eval_main_c1_opportunity_D3_p7_B.csv
?? stage2_6_1/artifacts/repair17/development/run_supervision/runs/v2c13eng2_20260911T005151_3574/v2_c13_engineering_v2/episodes/eval_main/eval_main_c1_opportunity_D3_p7_B.spec.json
?? stage2_6_1/artifacts/repair17/development/run_supervision/runs/v2c13eng2_20260911T005151_3574/v2_c13_engineering_v2/episodes/eval_main/eval_main_c1_opportunity_D3_p8_A.csv
?? stage2_6_1/artifacts/repair17/development/run_supervision/runs/v2c13eng2_20260911T005151_3574/v2_c13_engineering_v2/episodes/eval_main/eval_main_c1_opportunity_D3_p8_A.spec.json
?? stage2_6_1/artifacts/repair17/development/run_supervision/runs/v2c13eng2_20260911T005151_3574/v2_c13_engineering_v2/episodes/eval_main/eval_main_c1_opportunity_D3_p8_B.csv
?? stage2_6_1/artifacts/repair17/development/run_supervision/runs/v2c13eng2_20260911T005151_3574/v2_c13_engineering_v2/episodes/eval_main/eval_main_c1_opportunity_D3_p8_B.spec.json
?? stage2_6_1/artifacts/repair17/development/run_supervision/runs/v2c13eng2_20260911T005151_3574/v2_c13_engineering_v2/episodes/eval_main/eval_main_c1_opportunity_D3_p9_A.csv
?? stage2_6_1/artifacts/repair17/development/run_supervision/runs/v2c13eng2_20260911T005151_3574/v2_c13_engineering_v2/episodes/eval_main/eval_main_c1_opportunity_D3_p9_A.spec.json
?? stage2_6_1/artifacts/repair17/development/run_supervision/runs/v2c13eng2_20260911T005151_3574/v2_c13_engineering_v2/episodes/eval_main/eval_main_c1_opportunity_D3_p9_B.csv
?? stage2_6_1/artifacts/repair17/development/run_supervision/runs/v2c13eng2_20260911T005151_3574/v2_c13_engineering_v2/episodes/eval_main/eval_main_c1_opportunity_D3_p9_B.spec.json
?? stage2_6_1/artifacts/repair17/development/run_supervision/runs/v2c13eng2_20260911T005151_3574/v2_c13_engineering_v2/episodes/eval_main/eval_main_c3_cost_D0_p0_A.csv
?? stage2_6_1/artifacts/repair17/development/run_supervision/runs/v2c13eng2_20260911T005151_3574/v2_c13_engineering_v2/episodes/eval_main/eval_main_c3_cost_D0_p0_A.spec.json
?? stage2_6_1/artifacts/repair17/development/run_supervision/runs/v2c13eng2_20260911T005151_3574/v2_c13_engineering_v2/episodes/eval_main/eval_main_c3_cost_D0_p0_B.csv
?? stage2_6_1/artifacts/repair17/development/run_supervision/runs/v2c13eng2_20260911T005151_3574/v2_c13_engineering_v2/episodes/eval_main/eval_main_c3_cost_D0_p0_B.spec.json
?? stage2_6_1/artifacts/repair17/development/run_supervision/runs/v2c13eng2_20260911T005151_3574/v2_c13_engineering_v2/episodes/eval_main/eval_main_c3_cost_D0_p1_A.csv
?? stage2_6_1/artifacts/repair17/development/run_supervision/runs/v2c13eng2_20260911T005151_3574/v2_c13_engineering_v2/episodes/eval_main/eval_main_c3_cost_D0_p1_A.spec.json
?? stage2_6_1/artifacts/repair17/development/run_supervision/runs/v2c13eng2_20260911T005151_3574/v2_c13_engineering_v2/episodes/eval_main/eval_main_c3_cost_D0_p1_B.csv
?? stage2_6_1/artifacts/repair17/development/run_supervision/runs/v2c13eng2_20260911T005151_3574/v2_c13_engineering_v2/episodes/eval_main/eval_main_c3_cost_D0_p1_B.spec.json
?? stage2_6_1/artifacts/repair17/development/run_supervision/runs/v2c13eng2_20260911T005151_3574/v2_c13_engineering_v2/episodes/eval_main/eval_main_c3_cost_D0_p2_A.csv
?? stage2_6_1/artifacts/repair17/development/run_supervision/runs/v2c13eng2_20260911T005151_3574/v2_c13_engineering_v2/episodes/eval_main/eval_main_c3_cost_D0_p2_A.spec.json
?? stage2_6_1/artifacts/repair17/development/run_supervision/runs/v2c13eng2_20260911T005151_3574/v2_c13_engineering_v2/episodes/eval_main/eval_main_c3_cost_D0_p2_B.csv
?? stage2_6_1/artifacts/repair17/development/run_supervision/runs/v2c13eng2_20260911T005151_3574/v2_c13_engineering_v2/episodes/eval_main/eval_main_c3_cost_D0_p2_B.spec.json
?? stage2_6_1/artifacts/repair17/development/run_supervision/runs/v2c13eng2_20260911T005151_3574/v2_c13_engineering_v2/episodes/eval_main/eval_main_c3_cost_D0_p3_A.csv
?? stage2_6_1/artifacts/repair17/development/run_supervision/runs/v2c13eng2_20260911T005151_3574/v2_c13_engineering_v2/episodes/eval_main/eval_main_c3_cost_D0_p3_A.spec.json
?? stage2_6_1/artifacts/repair17/development/run_supervision/runs/v2c13eng2_20260911T005151_3574/v2_c13_engineering_v2/episodes/eval_main/eval_main_c3_cost_D0_p3_B.csv
?? stage2_6_1/artifacts/repair17/development/run_supervision/runs/v2c13eng2_20260911T005151_3574/v2_c13_engineering_v2/episodes/eval_main/eval_main_c3_cost_D0_p3_B.spec.json
?? stage2_6_1/artifacts/repair17/development/run_supervision/runs/v2c13eng2_20260911T005151_3574/v2_c13_engineering_v2/episodes/eval_main/eval_main_c3_cost_D0_p4_A.csv
?? stage2_6_1/artifacts/repair17/development/run_supervision/runs/v2c13eng2_20260911T005151_3574/v2_c13_engineering_v2/episodes/eval_main/eval_main_c3_cost_D0_p4_A.spec.json
?? stage2_6_1/artifacts/repair17/development/run_supervision/runs/v2c13eng2_20260911T005151_3574/v2_c13_engineering_v2/episodes/eval_main/eval_main_c3_cost_D0_p4_B.csv
?? stage2_6_1/artifacts/repair17/development/run_supervision/runs/v2c13eng2_20260911T005151_3574/v2_c13_engineering_v2/episodes/eval_main/eval_main_c3_cost_D0_p4_B.spec.json
?? stage2_6_1/artifacts/repair17/development/run_supervision/runs/v2c13eng2_20260911T005151_3574/v2_c13_engineering_v2/episodes/eval_main/eval_main_c3_cost_D0_p5_A.csv
?? stage2_6_1/artifacts/repair17/development/run_supervision/runs/v2c13eng2_20260911T005151_3574/v2_c13_engineering_v2/episodes/eval_main/eval_main_c3_cost_D0_p5_A.spec.json
?? stage2_6_1/artifacts/repair17/development/run_supervision/runs/v2c13eng2_20260911T005151_3574/v2_c13_engineering_v2/episodes/eval_main/eval_main_c3_cost_D0_p5_B.csv
?? stage2_6_1/artifacts/repair17/development/run_supervision/runs/v2c13eng2_20260911T005151_3574/v2_c13_engineering_v2/episodes/eval_main/eval_main_c3_cost_D0_p5_B.spec.json
?? stage2_6_1/artifacts/repair17/development/run_supervision/runs/v2c13eng2_20260911T005151_3574/v2_c13_engineering_v2/episodes/eval_main/eval_main_c3_cost_D0_p6_A.csv
?? stage2_6_1/artifacts/repair17/development/run_supervision/runs/v2c13eng2_20260911T005151_3574/v2_c13_engineering_v2/episodes/eval_main/eval_main_c3_cost_D0_p6_A.spec.json
?? stage2_6_1/artifacts/repair17/development/run_supervision/runs/v2c13eng2_20260911T005151_3574/v2_c13_engineering_v2/episodes/eval_main/eval_main_c3_cost_D0_p6_B.csv
?? stage2_6_1/artifacts/repair17/development/run_supervision/runs/v2c13eng2_20260911T005151_3574/v2_c13_engineering_v2/episodes/eval_main/eval_main_c3_cost_D0_p6_B.spec.json
?? stage2_6_1/artifacts/repair17/development/run_supervision/runs/v2c13eng2_20260911T005151_3574/v2_c13_engineering_v2/episodes/eval_main/eval_main_c3_cost_D0_p7_A.csv
?? stage2_6_1/artifacts/repair17/development/run_supervision/runs/v2c13eng2_20260911T005151_3574/v2_c13_engineering_v2/episodes/eval_main/eval_main_c3_cost_D0_p7_A.spec.json
?? stage2_6_1/artifacts/repair17/development/run_supervision/runs/v2c13eng2_20260911T005151_3574/v2_c13_engineering_v2/episodes/eval_main/eval_main_c3_cost_D0_p7_B.csv
?? stage2_6_1/artifacts/repair17/development/run_supervision/runs/v2c13eng2_20260911T005151_3574/v2_c13_engineering_v2/episodes/eval_main/eval_main_c3_cost_D0_p7_B.spec.json
?? stage2_6_1/artifacts/repair17/development/run_supervision/runs/v2c13eng2_20260911T005151_3574/v2_c13_engineering_v2/episodes/eval_main/eval_main_c3_cost_D0_p8_A.csv
?? stage2_6_1/artifacts/repair17/development/run_supervision/runs/v2c13eng2_20260911T005151_3574/v2_c13_engineering_v2/episodes/eval_main/eval_main_c3_cost_D0_p8_A.spec.json
?? stage2_6_1/artifacts/repair17/development/run_supervision/runs/v2c13eng2_20260911T005151_3574/v2_c13_engineering_v2/episodes/eval_main/eval_main_c3_cost_D0_p8_B.csv
?? stage2_6_1/artifacts/repair17/development/run_supervision/runs/v2c13eng2_20260911T005151_3574/v2_c13_engineering_v2/episodes/eval_main/eval_main_c3_cost_D0_p8_B.spec.json
?? stage2_6_1/artifacts/repair17/development/run_supervision/runs/v2c13eng2_20260911T005151_3574/v2_c13_engineering_v2/episodes/eval_main/eval_main_c3_cost_D0_p9_A.csv
?? stage2_6_1/artifacts/repair17/development/run_supervision/runs/v2c13eng2_20260911T005151_3574/v2_c13_engineering_v2/episodes/eval_main/eval_main_c3_cost_D0_p9_A.spec.json
?? stage2_6_1/artifacts/repair17/development/run_supervision/runs/v2c13eng2_20260911T005151_3574/v2_c13_engineering_v2/episodes/eval_main/eval_main_c3_cost_D0_p9_B.csv
?? stage2_6_1/artifacts/repair17/development/run_supervision/runs/v2c13eng2_20260911T005151_3574/v2_c13_engineering_v2/episodes/eval_main/eval_main_c3_cost_D0_p9_B.spec.json
?? stage2_6_1/artifacts/repair17/development/run_supervision/runs/v2c13eng2_20260911T005151_3574/v2_c13_engineering_v2/episodes/eval_main/eval_main_c3_cost_D1_p0_A.csv
?? stage2_6_1/artifacts/repair17/development/run_supervision/runs/v2c13eng2_20260911T005151_3574/v2_c13_engineering_v2/episodes/eval_main/eval_main_c3_cost_D1_p0_A.spec.json
?? stage2_6_1/artifacts/repair17/development/run_supervision/runs/v2c13eng2_20260911T005151_3574/v2_c13_engineering_v2/episodes/eval_main/eval_main_c3_cost_D1_p0_B.csv
?? stage2_6_1/artifacts/repair17/development/run_supervision/runs/v2c13eng2_20260911T005151_3574/v2_c13_engineering_v2/episodes/eval_main/eval_main_c3_cost_D1_p0_B.spec.json
?? stage2_6_1/artifacts/repair17/development/run_supervision/runs/v2c13eng2_20260911T005151_3574/v2_c13_engineering_v2/episodes/eval_main/eval_main_c3_cost_D1_p1_A.csv
?? stage2_6_1/artifacts/repair17/development/run_supervision/runs/v2c13eng2_20260911T005151_3574/v2_c13_engineering_v2/episodes/eval_main/eval_main_c3_cost_D1_p1_A.spec.json
?? stage2_6_1/artifacts/repair17/development/run_supervision/runs/v2c13eng2_20260911T005151_3574/v2_c13_engineering_v2/episodes/eval_main/eval_main_c3_cost_D1_p1_B.csv
?? stage2_6_1/artifacts/repair17/development/run_supervision/runs/v2c13eng2_20260911T005151_3574/v2_c13_engineering_v2/episodes/eval_main/eval_main_c3_cost_D1_p1_B.spec.json
?? stage2_6_1/artifacts/repair17/development/run_supervision/runs/v2c13eng2_20260911T005151_3574/v2_c13_engineering_v2/episodes/eval_main/eval_main_c3_cost_D1_p2_A.csv
?? stage2_6_1/artifacts/repair17/development/run_supervision/runs/v2c13eng2_20260911T005151_3574/v2_c13_engineering_v2/episodes/eval_main/eval_main_c3_cost_D1_p2_A.spec.json
?? stage2_6_1/artifacts/repair17/development/run_supervision/runs/v2c13eng2_20260911T005151_3574/v2_c13_engineering_v2/episodes/eval_main/eval_main_c3_cost_D1_p2_B.csv
?? stage2_6_1/artifacts/repair17/development/run_supervision/runs/v2c13eng2_20260911T005151_3574/v2_c13_engineering_v2/episodes/eval_main/eval_main_c3_cost_D1_p2_B.spec.json
?? stage2_6_1/artifacts/repair17/development/run_supervision/runs/v2c13eng2_20260911T005151_3574/v2_c13_engineering_v2/episodes/eval_main/eval_main_c3_cost_D1_p3_A.csv
?? stage2_6_1/artifacts/repair17/development/run_supervision/runs/v2c13eng2_20260911T005151_3574/v2_c13_engineering_v2/episodes/eval_main/eval_main_c3_cost_D1_p3_A.spec.json
?? stage2_6_1/artifacts/repair17/development/run_supervision/runs/v2c13eng2_20260911T005151_3574/v2_c13_engineering_v2/episodes/eval_main/eval_main_c3_cost_D1_p3_B.csv
?? stage2_6_1/artifacts/repair17/development/run_supervision/runs/v2c13eng2_20260911T005151_3574/v2_c13_engineering_v2/episodes/eval_main/eval_main_c3_cost_D1_p3_B.spec.json
?? stage2_6_1/artifacts/repair17/development/run_supervision/runs/v2c13eng2_20260911T005151_3574/v2_c13_engineering_v2/episodes/eval_main/eval_main_c3_cost_D1_p4_A.csv
?? stage2_6_1/artifacts/repair17/development/run_supervision/runs/v2c13eng2_20260911T005151_3574/v2_c13_engineering_v2/episodes/eval_main/eval_main_c3_cost_D1_p4_A.spec.json
?? stage2_6_1/artifacts/repair17/development/run_supervision/runs/v2c13eng2_20260911T005151_3574/v2_c13_engineering_v2/episodes/eval_main/eval_main_c3_cost_D1_p4_B.csv
?? stage2_6_1/artifacts/repair17/development/run_supervision/runs/v2c13eng2_20260911T005151_3574/v2_c13_engineering_v2/episodes/eval_main/eval_main_c3_cost_D1_p4_B.spec.json
?? stage2_6_1/artifacts/repair17/development/run_supervision/runs/v2c13eng2_20260911T005151_3574/v2_c13_engineering_v2/episodes/eval_main/eval_main_c3_cost_D1_p5_A.csv
?? stage2_6_1/artifacts/repair17/development/run_supervision/runs/v2c13eng2_20260911T005151_3574/v2_c13_engineering_v2/episodes/eval_main/eval_main_c3_cost_D1_p5_A.spec.json
?? stage2_6_1/artifacts/repair17/development/run_supervision/runs/v2c13eng2_20260911T005151_3574/v2_c13_engineering_v2/episodes/eval_main/eval_main_c3_cost_D1_p5_B.csv
?? stage2_6_1/artifacts/repair17/development/run_supervision/runs/v2c13eng2_20260911T005151_3574/v2_c13_engineering_v2/episodes/eval_main/eval_main_c3_cost_D1_p5_B.spec.json
?? stage2_6_1/artifacts/repair17/development/run_supervision/runs/v2c13eng2_20260911T005151_3574/v2_c13_engineering_v2/episodes/eval_main/eval_main_c3_cost_D1_p6_A.csv
?? stage2_6_1/artifacts/repair17/development/run_supervision/runs/v2c13eng2_20260911T005151_3574/v2_c13_engineering_v2/episodes/eval_main/eval_main_c3_cost_D1_p6_A.spec.json
?? stage2_6_1/artifacts/repair17/development/run_supervision/runs/v2c13eng2_20260911T005151_3574/v2_c13_engineering_v2/episodes/eval_main/eval_main_c3_cost_D1_p6_B.csv
?? stage2_6_1/artifacts/repair17/development/run_supervision/runs/v2c13eng2_20260911T005151_3574/v2_c13_engineering_v2/episodes/eval_main/eval_main_c3_cost_D1_p6_B.spec.json
?? stage2_6_1/artifacts/repair17/development/run_supervision/runs/v2c13eng2_20260911T005151_3574/v2_c13_engineering_v2/episodes/eval_main/eval_main_c3_cost_D1_p7_A.csv
?? stage2_6_1/artifacts/repair17/development/run_supervision/runs/v2c13eng2_20260911T005151_3574/v2_c13_engineering_v2/episodes/eval_main/eval_main_c3_cost_D1_p7_A.spec.json
?? stage2_6_1/artifacts/repair17/development/run_supervision/runs/v2c13eng2_20260911T005151_3574/v2_c13_engineering_v2/episodes/eval_main/eval_main_c3_cost_D1_p7_B.csv
?? stage2_6_1/artifacts/repair17/development/run_supervision/runs/v2c13eng2_20260911T005151_3574/v2_c13_engineering_v2/episodes/eval_main/eval_main_c3_cost_D1_p7_B.spec.json
?? stage2_6_1/artifacts/repair17/development/run_supervision/runs/v2c13eng2_20260911T005151_3574/v2_c13_engineering_v2/episodes/eval_main/eval_main_c3_cost_D1_p8_A.csv
?? stage2_6_1/artifacts/repair17/development/run_supervision/runs/v2c13eng2_20260911T005151_3574/v2_c13_engineering_v2/episodes/eval_main/eval_main_c3_cost_D1_p8_A.spec.json
?? stage2_6_1/artifacts/repair17/development/run_supervision/runs/v2c13eng2_20260911T005151_3574/v2_c13_engineering_v2/episodes/eval_main/eval_main_c3_cost_D1_p8_B.csv
?? stage2_6_1/artifacts/repair17/development/run_supervision/runs/v2c13eng2_20260911T005151_3574/v2_c13_engineering_v2/episodes/eval_main/eval_main_c3_cost_D1_p8_B.spec.json
?? stage2_6_1/artifacts/repair17/development/run_supervision/runs/v2c13eng2_20260911T005151_3574/v2_c13_engineering_v2/episodes/eval_main/eval_main_c3_cost_D1_p9_A.csv
?? stage2_6_1/artifacts/repair17/development/run_supervision/runs/v2c13eng2_20260911T005151_3574/v2_c13_engineering_v2/episodes/eval_main/eval_main_c3_cost_D1_p9_A.spec.json
?? stage2_6_1/artifacts/repair17/development/run_supervision/runs/v2c13eng2_20260911T005151_3574/v2_c13_engineering_v2/episodes/eval_main/eval_main_c3_cost_D1_p9_B.csv
?? stage2_6_1/artifacts/repair17/development/run_supervision/runs/v2c13eng2_20260911T005151_3574/v2_c13_engineering_v2/episodes/eval_main/eval_main_c3_cost_D1_p9_B.spec.json
?? stage2_6_1/artifacts/repair17/development/run_supervision/runs/v2c13eng2_20260911T005151_3574/v2_c13_engineering_v2/episodes/eval_main/eval_main_c3_cost_D2_p0_A.csv
?? stage2_6_1/artifacts/repair17/development/run_supervision/runs/v2c13eng2_20260911T005151_3574/v2_c13_engineering_v2/episodes/eval_main/eval_main_c3_cost_D2_p0_A.spec.json
?? stage2_6_1/artifacts/repair17/development/run_supervision/runs/v2c13eng2_20260911T005151_3574/v2_c13_engineering_v2/episodes/eval_main/eval_main_c3_cost_D2_p0_B.csv
?? stage2_6_1/artifacts/repair17/development/run_supervision/runs/v2c13eng2_20260911T005151_3574/v2_c13_engineering_v2/episodes/eval_main/eval_main_c3_cost_D2_p0_B.spec.json
?? stage2_6_1/artifacts/repair17/development/run_supervision/runs/v2c13eng2_20260911T005151_3574/v2_c13_engineering_v2/episodes/eval_main/eval_main_c3_cost_D2_p1_A.csv
?? stage2_6_1/artifacts/repair17/development/run_supervision/runs/v2c13eng2_20260911T005151_3574/v2_c13_engineering_v2/episodes/eval_main/eval_main_c3_cost_D2_p1_A.spec.json
?? stage2_6_1/artifacts/repair17/development/run_supervision/runs/v2c13eng2_20260911T005151_3574/v2_c13_engineering_v2/episodes/eval_main/eval_main_c3_cost_D2_p1_B.csv
?? stage2_6_1/artifacts/repair17/development/run_supervision/runs/v2c13eng2_20260911T005151_3574/v2_c13_engineering_v2/episodes/eval_main/eval_main_c3_cost_D2_p1_B.spec.json
?? stage2_6_1/artifacts/repair17/development/run_supervision/runs/v2c13eng2_20260911T005151_3574/v2_c13_engineering_v2/episodes/eval_main/eval_main_c3_cost_D2_p2_A.csv
?? stage2_6_1/artifacts/repair17/development/run_supervision/runs/v2c13eng2_20260911T005151_3574/v2_c13_engineering_v2/episodes/eval_main/eval_main_c3_cost_D2_p2_A.spec.json
?? stage2_6_1/artifacts/repair17/development/run_supervision/runs/v2c13eng2_20260911T005151_3574/v2_c13_engineering_v2/episodes/eval_main/eval_main_c3_cost_D2_p2_B.csv
?? stage2_6_1/artifacts/repair17/development/run_supervision/runs/v2c13eng2_20260911T005151_3574/v2_c13_engineering_v2/episodes/eval_main/eval_main_c3_cost_D2_p2_B.spec.json
?? stage2_6_1/artifacts/repair17/development/run_supervision/runs/v2c13eng2_20260911T005151_3574/v2_c13_engineering_v2/episodes/eval_main/eval_main_c3_cost_D2_p3_A.csv
?? stage2_6_1/artifacts/repair17/development/run_supervision/runs/v2c13eng2_20260911T005151_3574/v2_c13_engineering_v2/episodes/eval_main/eval_main_c3_cost_D2_p3_A.spec.json
?? stage2_6_1/artifacts/repair17/development/run_supervision/runs/v2c13eng2_20260911T005151_3574/v2_c13_engineering_v2/episodes/eval_main/eval_main_c3_cost_D2_p3_B.csv
?? stage2_6_1/artifacts/repair17/development/run_supervision/runs/v2c13eng2_20260911T005151_3574/v2_c13_engineering_v2/episodes/eval_main/eval_main_c3_cost_D2_p3_B.spec.json
?? stage2_6_1/artifacts/repair17/development/run_supervision/runs/v2c13eng2_20260911T005151_3574/v2_c13_engineering_v2/episodes/eval_main/eval_main_c3_cost_D2_p4_A.csv
?? stage2_6_1/artifacts/repair17/development/run_supervision/runs/v2c13eng2_20260911T005151_3574/v2_c13_engineering_v2/episodes/eval_main/eval_main_c3_cost_D2_p4_A.spec.json
?? stage2_6_1/artifacts/repair17/development/run_supervision/runs/v2c13eng2_20260911T005151_3574/v2_c13_engineering_v2/episodes/eval_main/eval_main_c3_cost_D2_p4_B.csv
?? stage2_6_1/artifacts/repair17/development/run_supervision/runs/v2c13eng2_20260911T005151_3574/v2_c13_engineering_v2/episodes/eval_main/eval_main_c3_cost_D2_p4_B.spec.json
?? stage2_6_1/artifacts/repair17/development/run_supervision/runs/v2c13eng2_20260911T005151_3574/v2_c13_engineering_v2/episodes/eval_main/eval_main_c3_cost_D2_p5_A.csv
?? stage2_6_1/artifacts/repair17/development/run_supervision/runs/v2c13eng2_20260911T005151_3574/v2_c13_engineering_v2/episodes/eval_main/eval_main_c3_cost_D2_p5_A.spec.json
?? stage2_6_1/artifacts/repair17/development/run_supervision/runs/v2c13eng2_20260911T005151_3574/v2_c13_engineering_v2/episodes/eval_main/eval_main_c3_cost_D2_p5_B.csv
?? stage2_6_1/artifacts/repair17/development/run_supervision/runs/v2c13eng2_20260911T005151_3574/v2_c13_engineering_v2/episodes/eval_main/eval_main_c3_cost_D2_p5_B.spec.json
?? stage2_6_1/artifacts/repair17/development/run_supervision/runs/v2c13eng2_20260911T005151_3574/v2_c13_engineering_v2/episodes/eval_main/eval_main_c3_cost_D2_p6_A.csv
?? stage2_6_1/artifacts/repair17/development/run_supervision/runs/v2c13eng2_20260911T005151_3574/v2_c13_engineering_v2/episodes/eval_main/eval_main_c3_cost_D2_p6_A.spec.json
?? stage2_6_1/artifacts/repair17/development/run_supervision/runs/v2c13eng2_20260911T005151_3574/v2_c13_engineering_v2/episodes/eval_main/eval_main_c3_cost_D2_p6_B.csv
?? stage2_6_1/artifacts/repair17/development/run_supervision/runs/v2c13eng2_20260911T005151_3574/v2_c13_engineering_v2/episodes/eval_main/eval_main_c3_cost_D2_p6_B.spec.json
?? stage2_6_1/artifacts/repair17/development/run_supervision/runs/v2c13eng2_20260911T005151_3574/v2_c13_engineering_v2/episodes/eval_main/eval_main_c3_cost_D2_p7_A.csv
?? stage2_6_1/artifacts/repair17/development/run_supervision/runs/v2c13eng2_20260911T005151_3574/v2_c13_engineering_v2/episodes/eval_main/eval_main_c3_cost_D2_p7_A.spec.json
?? stage2_6_1/artifacts/repair17/development/run_supervision/runs/v2c13eng2_20260911T005151_3574/v2_c13_engineering_v2/episodes/eval_main/eval_main_c3_cost_D2_p7_B.csv
?? stage2_6_1/artifacts/repair17/development/run_supervision/runs/v2c13eng2_20260911T005151_3574/v2_c13_engineering_v2/episodes/eval_main/eval_main_c3_cost_D2_p7_B.spec.json
?? stage2_6_1/artifacts/repair17/development/run_supervision/runs/v2c13eng2_20260911T005151_3574/v2_c13_engineering_v2/episodes/eval_main/eval_main_c3_cost_D2_p8_A.csv
?? stage2_6_1/artifacts/repair17/development/run_supervision/runs/v2c13eng2_20260911T005151_3574/v2_c13_engineering_v2/episodes/eval_main/eval_main_c3_cost_D2_p8_A.spec.json
?? stage2_6_1/artifacts/repair17/development/run_supervision/runs/v2c13eng2_20260911T005151_3574/v2_c13_engineering_v2/episodes/eval_main/eval_main_c3_cost_D2_p8_B.csv
?? stage2_6_1/artifacts/repair17/development/run_supervision/runs/v2c13eng2_20260911T005151_3574/v2_c13_engineering_v2/episodes/eval_main/eval_main_c3_cost_D2_p8_B.spec.json
?? stage2_6_1/artifacts/repair17/development/run_supervision/runs/v2c13eng2_20260911T005151_3574/v2_c13_engineering_v2/episodes/eval_main/eval_main_c3_cost_D2_p9_A.csv
?? stage2_6_1/artifacts/repair17/development/run_supervision/runs/v2c13eng2_20260911T005151_3574/v2_c13_engineering_v2/episodes/eval_main/eval_main_c3_cost_D2_p9_A.spec.json
?? stage2_6_1/artifacts/repair17/development/run_supervision/runs/v2c13eng2_20260911T005151_3574/v2_c13_engineering_v2/episodes/eval_main/eval_main_c3_cost_D2_p9_B.csv
?? stage2_6_1/artifacts/repair17/development/run_supervision/runs/v2c13eng2_20260911T005151_3574/v2_c13_engineering_v2/episodes/eval_main/eval_main_c3_cost_D2_p9_B.spec.json
?? stage2_6_1/artifacts/repair17/development/run_supervision/runs/v2c13eng2_20260911T005151_3574/v2_c13_engineering_v2/episodes/eval_main/eval_main_c3_cost_D3_p0_A.csv
?? stage2_6_1/artifacts/repair17/development/run_supervision/runs/v2c13eng2_20260911T005151_3574/v2_c13_engineering_v2/episodes/eval_main/eval_main_c3_cost_D3_p0_A.spec.json
?? stage2_6_1/artifacts/repair17/development/run_supervision/runs/v2c13eng2_20260911T005151_3574/v2_c13_engineering_v2/episodes/eval_main/eval_main_c3_cost_D3_p0_B.csv
?? stage2_6_1/artifacts/repair17/development/run_supervision/runs/v2c13eng2_20260911T005151_3574/v2_c13_engineering_v2/episodes/eval_main/eval_main_c3_cost_D3_p0_B.spec.json
?? stage2_6_1/artifacts/repair17/development/run_supervision/runs/v2c13eng2_20260911T005151_3574/v2_c13_engineering_v2/episodes/eval_main/eval_main_c3_cost_D3_p1_A.csv
?? stage2_6_1/artifacts/repair17/development/run_supervision/runs/v2c13eng2_20260911T005151_3574/v2_c13_engineering_v2/episodes/eval_main/eval_main_c3_cost_D3_p1_A.spec.json
?? stage2_6_1/artifacts/repair17/development/run_supervision/runs/v2c13eng2_20260911T005151_3574/v2_c13_engineering_v2/episodes/eval_main/eval_main_c3_cost_D3_p1_B.csv
?? stage2_6_1/artifacts/repair17/development/run_supervision/runs/v2c13eng2_20260911T005151_3574/v2_c13_engineering_v2/episodes/eval_main/eval_main_c3_cost_D3_p1_B.spec.json
?? stage2_6_1/artifacts/repair17/development/run_supervision/runs/v2c13eng2_20260911T005151_3574/v2_c13_engineering_v2/episodes/eval_main/eval_main_c3_cost_D3_p2_A.csv
?? stage2_6_1/artifacts/repair17/development/run_supervision/runs/v2c13eng2_20260911T005151_3574/v2_c13_engineering_v2/episodes/eval_main/eval_main_c3_cost_D3_p2_A.spec.json
?? stage2_6_1/artifacts/repair17/development/run_supervision/runs/v2c13eng2_20260911T005151_3574/v2_c13_engineering_v2/episodes/eval_main/eval_main_c3_cost_D3_p2_B.csv
?? stage2_6_1/artifacts/repair17/development/run_supervision/runs/v2c13eng2_20260911T005151_3574/v2_c13_engineering_v2/episodes/eval_main/eval_main_c3_cost_D3_p2_B.spec.json
?? stage2_6_1/artifacts/repair17/development/run_supervision/runs/v2c13eng2_20260911T005151_3574/v2_c13_engineering_v2/episodes/eval_main/eval_main_c3_cost_D3_p3_A.csv
?? stage2_6_1/artifacts/repair17/development/run_supervision/runs/v2c13eng2_20260911T005151_3574/v2_c13_engineering_v2/episodes/eval_main/eval_main_c3_cost_D3_p3_A.spec.json
?? stage2_6_1/artifacts/repair17/development/run_supervision/runs/v2c13eng2_20260911T005151_3574/v2_c13_engineering_v2/episodes/eval_main/eval_main_c3_cost_D3_p3_B.csv
?? stage2_6_1/artifacts/repair17/development/run_supervision/runs/v2c13eng2_20260911T005151_3574/v2_c13_engineering_v2/episodes/eval_main/eval_main_c3_cost_D3_p3_B.spec.json
?? stage2_6_1/artifacts/repair17/development/run_supervision/runs/v2c13eng2_20260911T005151_3574/v2_c13_engineering_v2/episodes/eval_main/eval_main_c3_cost_D3_p4_A.csv
?? stage2_6_1/artifacts/repair17/development/run_supervision/runs/v2c13eng2_20260911T005151_3574/v2_c13_engineering_v2/episodes/eval_main/eval_main_c3_cost_D3_p4_A.spec.json
?? stage2_6_1/artifacts/repair17/development/run_supervision/runs/v2c13eng2_20260911T005151_3574/v2_c13_engineering_v2/episodes/eval_main/eval_main_c3_cost_D3_p4_B.csv
?? stage2_6_1/artifacts/repair17/development/run_supervision/runs/v2c13eng2_20260911T005151_3574/v2_c13_engineering_v2/episodes/eval_main/eval_main_c3_cost_D3_p4_B.spec.json
?? stage2_6_1/artifacts/repair17/development/run_supervision/runs/v2c13eng2_20260911T005151_3574/v2_c13_engineering_v2/episodes/eval_main/eval_main_c3_cost_D3_p5_A.csv
?? stage2_6_1/artifacts/repair17/development/run_supervision/runs/v2c13eng2_20260911T005151_3574/v2_c13_engineering_v2/episodes/eval_main/eval_main_c3_cost_D3_p5_A.spec.json
?? stage2_6_1/artifacts/repair17/development/run_supervision/runs/v2c13eng2_20260911T005151_3574/v2_c13_engineering_v2/episodes/eval_main/eval_main_c3_cost_D3_p5_B.csv
?? stage2_6_1/artifacts/repair17/development/run_supervision/runs/v2c13eng2_20260911T005151_3574/v2_c13_engineering_v2/episodes/eval_main/eval_main_c3_cost_D3_p5_B.spec.json
?? stage2_6_1/artifacts/repair17/development/run_supervision/runs/v2c13eng2_20260911T005151_3574/v2_c13_engineering_v2/episodes/eval_main/eval_main_c3_cost_D3_p6_A.csv
?? stage2_6_1/artifacts/repair17/development/run_supervision/runs/v2c13eng2_20260911T005151_3574/v2_c13_engineering_v2/episodes/eval_main/eval_main_c3_cost_D3_p6_A.spec.json
?? stage2_6_1/artifacts/repair17/development/run_supervision/runs/v2c13eng2_20260911T005151_3574/v2_c13_engineering_v2/episodes/eval_main/eval_main_c3_cost_D3_p6_B.csv
?? stage2_6_1/artifacts/repair17/development/run_supervision/runs/v2c13eng2_20260911T005151_3574/v2_c13_engineering_v2/episodes/eval_main/eval_main_c3_cost_D3_p6_B.spec.json
?? stage2_6_1/artifacts/repair17/development/run_supervision/runs/v2c13eng2_20260911T005151_3574/v2_c13_engineering_v2/episodes/eval_main/eval_main_c3_cost_D3_p7_A.csv
?? stage2_6_1/artifacts/repair17/development/run_supervision/runs/v2c13eng2_20260911T005151_3574/v2_c13_engineering_v2/episodes/eval_main/eval_main_c3_cost_D3_p7_A.spec.json
?? stage2_6_1/artifacts/repair17/development/run_supervision/runs/v2c13eng2_20260911T005151_3574/v2_c13_engineering_v2/episodes/eval_main/eval_main_c3_cost_D3_p7_B.csv
?? stage2_6_1/artifacts/repair17/development/run_supervision/runs/v2c13eng2_20260911T005151_3574/v2_c13_engineering_v2/episodes/eval_main/eval_main_c3_cost_D3_p7_B.spec.json
?? stage2_6_1/artifacts/repair17/development/run_supervision/runs/v2c13eng2_20260911T005151_3574/v2_c13_engineering_v2/episodes/eval_main/eval_main_c3_cost_D3_p8_A.csv
?? stage2_6_1/artifacts/repair17/development/run_supervision/runs/v2c13eng2_20260911T005151_3574/v2_c13_engineering_v2/episodes/eval_main/eval_main_c3_cost_D3_p8_A.spec.json
?? stage2_6_1/artifacts/repair17/development/run_supervision/runs/v2c13eng2_20260911T005151_3574/v2_c13_engineering_v2/episodes/eval_main/eval_main_c3_cost_D3_p8_B.csv
?? stage2_6_1/artifacts/repair17/development/run_supervision/runs/v2c13eng2_20260911T005151_3574/v2_c13_engineering_v2/episodes/eval_main/eval_main_c3_cost_D3_p8_B.spec.json
?? stage2_6_1/artifacts/repair17/development/run_supervision/runs/v2c13eng2_20260911T005151_3574/v2_c13_engineering_v2/episodes/eval_main/eval_main_c3_cost_D3_p9_A.csv
?? stage2_6_1/artifacts/repair17/development/run_supervision/runs/v2c13eng2_20260911T005151_3574/v2_c13_engineering_v2/episodes/eval_main/eval_main_c3_cost_D3_p9_A.spec.json
?? stage2_6_1/artifacts/repair17/development/run_supervision/runs/v2c13eng2_20260911T005151_3574/v2_c13_engineering_v2/episodes/eval_main/eval_main_c3_cost_D3_p9_B.csv
?? stage2_6_1/artifacts/repair17/development/run_supervision/runs/v2c13eng2_20260911T005151_3574/v2_c13_engineering_v2/episodes/eval_main/eval_main_c3_cost_D3_p9_B.spec.json
?? stage2_6_1/artifacts/repair17/development/run_supervision/runs/v2c13eng2_20260911T005151_3574/v2_c13_engineering_v2/episodes/eval_validation/eval_validation_c1_opportunity_D0_p0_A.csv
?? stage2_6_1/artifacts/repair17/development/run_supervision/runs/v2c13eng2_20260911T005151_3574/v2_c13_engineering_v2/episodes/eval_validation/eval_validation_c1_opportunity_D0_p0_A.spec.json
?? stage2_6_1/artifacts/repair17/development/run_supervision/runs/v2c13eng2_20260911T005151_3574/v2_c13_engineering_v2/episodes/eval_validation/eval_validation_c1_opportunity_D0_p0_B.csv
?? stage2_6_1/artifacts/repair17/development/run_supervision/runs/v2c13eng2_20260911T005151_3574/v2_c13_engineering_v2/episodes/eval_validation/eval_validation_c1_opportunity_D0_p0_B.spec.json
?? stage2_6_1/artifacts/repair17/development/run_supervision/runs/v2c13eng2_20260911T005151_3574/v2_c13_engineering_v2/episodes/eval_validation/eval_validation_c1_opportunity_D0_p1_A.csv
?? stage2_6_1/artifacts/repair17/development/run_supervision/runs/v2c13eng2_20260911T005151_3574/v2_c13_engineering_v2/episodes/eval_validation/eval_validation_c1_opportunity_D0_p1_A.spec.json
?? stage2_6_1/artifacts/repair17/development/run_supervision/runs/v2c13eng2_20260911T005151_3574/v2_c13_engineering_v2/episodes/eval_validation/eval_validation_c1_opportunity_D0_p1_B.csv
?? stage2_6_1/artifacts/repair17/development/run_supervision/runs/v2c13eng2_20260911T005151_3574/v2_c13_engineering_v2/episodes/eval_validation/eval_validation_c1_opportunity_D0_p1_B.spec.json
?? stage2_6_1/artifacts/repair17/development/run_supervision/runs/v2c13eng2_20260911T005151_3574/v2_c13_engineering_v2/episodes/eval_validation/eval_validation_c1_opportunity_D0_p2_A.csv
?? stage2_6_1/artifacts/repair17/development/run_supervision/runs/v2c13eng2_20260911T005151_3574/v2_c13_engineering_v2/episodes/eval_validation/eval_validation_c1_opportunity_D0_p2_A.spec.json
?? stage2_6_1/artifacts/repair17/development/run_supervision/runs/v2c13eng2_20260911T005151_3574/v2_c13_engineering_v2/episodes/eval_validation/eval_validation_c1_opportunity_D0_p2_B.csv
?? stage2_6_1/artifacts/repair17/development/run_supervision/runs/v2c13eng2_20260911T005151_3574/v2_c13_engineering_v2/episodes/eval_validation/eval_validation_c1_opportunity_D0_p2_B.spec.json
?? stage2_6_1/artifacts/repair17/development/run_supervision/runs/v2c13eng2_20260911T005151_3574/v2_c13_engineering_v2/episodes/eval_validation/eval_validation_c1_opportunity_D0_p3_A.csv
?? stage2_6_1/artifacts/repair17/development/run_supervision/runs/v2c13eng2_20260911T005151_3574/v2_c13_engineering_v2/episodes/eval_validation/eval_validation_c1_opportunity_D0_p3_A.spec.json
?? stage2_6_1/artifacts/repair17/development/run_supervision/runs/v2c13eng2_20260911T005151_3574/v2_c13_engineering_v2/episodes/eval_validation/eval_validation_c1_opportunity_D0_p3_B.csv
?? stage2_6_1/artifacts/repair17/development/run_supervision/runs/v2c13eng2_20260911T005151_3574/v2_c13_engineering_v2/episodes/eval_validation/eval_validation_c1_opportunity_D0_p3_B.spec.json
?? stage2_6_1/artifacts/repair17/development/run_supervision/runs/v2c13eng2_20260911T005151_3574/v2_c13_engineering_v2/episodes/eval_validation/eval_validation_c1_opportunity_D0_p4_A.csv
?? stage2_6_1/artifacts/repair17/development/run_supervision/runs/v2c13eng2_20260911T005151_3574/v2_c13_engineering_v2/episodes/eval_validation/eval_validation_c1_opportunity_D0_p4_A.spec.json
?? stage2_6_1/artifacts/repair17/development/run_supervision/runs/v2c13eng2_20260911T005151_3574/v2_c13_engineering_v2/episodes/eval_validation/eval_validation_c1_opportunity_D0_p4_B.csv
?? stage2_6_1/artifacts/repair17/development/run_supervision/runs/v2c13eng2_20260911T005151_3574/v2_c13_engineering_v2/episodes/eval_validation/eval_validation_c1_opportunity_D0_p4_B.spec.json
?? stage2_6_1/artifacts/repair17/development/run_supervision/runs/v2c13eng2_20260911T005151_3574/v2_c13_engineering_v2/episodes/eval_validation/eval_validation_c1_opportunity_D0_p5_A.csv
?? stage2_6_1/artifacts/repair17/development/run_supervision/runs/v2c13eng2_20260911T005151_3574/v2_c13_engineering_v2/episodes/eval_validation/eval_validation_c1_opportunity_D0_p5_A.spec.json
?? stage2_6_1/artifacts/repair17/development/run_supervision/runs/v2c13eng2_20260911T005151_3574/v2_c13_engineering_v2/episodes/eval_validation/eval_validation_c1_opportunity_D0_p5_B.csv
?? stage2_6_1/artifacts/repair17/development/run_supervision/runs/v2c13eng2_20260911T005151_3574/v2_c13_engineering_v2/episodes/eval_validation/eval_validation_c1_opportunity_D0_p5_B.spec.json
?? stage2_6_1/artifacts/repair17/development/run_supervision/runs/v2c13eng2_20260911T005151_3574/v2_c13_engineering_v2/episodes/eval_validation/eval_validation_c1_opportunity_D0_p6_A.csv
?? stage2_6_1/artifacts/repair17/development/run_supervision/runs/v2c13eng2_20260911T005151_3574/v2_c13_engineering_v2/episodes/eval_validation/eval_validation_c1_opportunity_D0_p6_A.spec.json
?? stage2_6_1/artifacts/repair17/development/run_supervision/runs/v2c13eng2_20260911T005151_3574/v2_c13_engineering_v2/episodes/eval_validation/eval_validation_c1_opportunity_D0_p6_B.csv
?? stage2_6_1/artifacts/repair17/development/run_supervision/runs/v2c13eng2_20260911T005151_3574/v2_c13_engineering_v2/episodes/eval_validation/eval_validation_c1_opportunity_D0_p6_B.spec.json
?? stage2_6_1/artifacts/repair17/development/run_supervision/runs/v2c13eng2_20260911T005151_3574/v2_c13_engineering_v2/episodes/eval_validation/eval_validation_c1_opportunity_D0_p7_A.csv
?? stage2_6_1/artifacts/repair17/development/run_supervision/runs/v2c13eng2_20260911T005151_3574/v2_c13_engineering_v2/episodes/eval_validation/eval_validation_c1_opportunity_D0_p7_A.spec.json
?? stage2_6_1/artifacts/repair17/development/run_supervision/runs/v2c13eng2_20260911T005151_3574/v2_c13_engineering_v2/episodes/eval_validation/eval_validation_c1_opportunity_D0_p7_B.csv
?? stage2_6_1/artifacts/repair17/development/run_supervision/runs/v2c13eng2_20260911T005151_3574/v2_c13_engineering_v2/episodes/eval_validation/eval_validation_c1_opportunity_D0_p7_B.spec.json
?? stage2_6_1/artifacts/repair17/development/run_supervision/runs/v2c13eng2_20260911T005151_3574/v2_c13_engineering_v2/episodes/eval_validation/eval_validation_c1_opportunity_D0_p8_A.csv
?? stage2_6_1/artifacts/repair17/development/run_supervision/runs/v2c13eng2_20260911T005151_3574/v2_c13_engineering_v2/episodes/eval_validation/eval_validation_c1_opportunity_D0_p8_A.spec.json
?? stage2_6_1/artifacts/repair17/development/run_supervision/runs/v2c13eng2_20260911T005151_3574/v2_c13_engineering_v2/episodes/eval_validation/eval_validation_c1_opportunity_D0_p8_B.csv
?? stage2_6_1/artifacts/repair17/development/run_supervision/runs/v2c13eng2_20260911T005151_3574/v2_c13_engineering_v2/episodes/eval_validation/eval_validation_c1_opportunity_D0_p8_B.spec.json
?? stage2_6_1/artifacts/repair17/development/run_supervision/runs/v2c13eng2_20260911T005151_3574/v2_c13_engineering_v2/episodes/eval_validation/eval_validation_c1_opportunity_D0_p9_A.csv
?? stage2_6_1/artifacts/repair17/development/run_supervision/runs/v2c13eng2_20260911T005151_3574/v2_c13_engineering_v2/episodes/eval_validation/eval_validation_c1_opportunity_D0_p9_A.spec.json
?? stage2_6_1/artifacts/repair17/development/run_supervision/runs/v2c13eng2_20260911T005151_3574/v2_c13_engineering_v2/episodes/eval_validation/eval_validation_c1_opportunity_D0_p9_B.csv
?? stage2_6_1/artifacts/repair17/development/run_supervision/runs/v2c13eng2_20260911T005151_3574/v2_c13_engineering_v2/episodes/eval_validation/eval_validation_c1_opportunity_D0_p9_B.spec.json
?? stage2_6_1/artifacts/repair17/development/run_supervision/runs/v2c13eng2_20260911T005151_3574/v2_c13_engineering_v2/episodes/eval_validation/eval_validation_c1_opportunity_D1_p0_A.csv
?? stage2_6_1/artifacts/repair17/development/run_supervision/runs/v2c13eng2_20260911T005151_3574/v2_c13_engineering_v2/episodes/eval_validation/eval_validation_c1_opportunity_D1_p0_A.spec.json
?? stage2_6_1/artifacts/repair17/development/run_supervision/runs/v2c13eng2_20260911T005151_3574/v2_c13_engineering_v2/episodes/eval_validation/eval_validation_c1_opportunity_D1_p0_B.csv
?? stage2_6_1/artifacts/repair17/development/run_supervision/runs/v2c13eng2_20260911T005151_3574/v2_c13_engineering_v2/episodes/eval_validation/eval_validation_c1_opportunity_D1_p0_B.spec.json
?? stage2_6_1/artifacts/repair17/development/run_supervision/runs/v2c13eng2_20260911T005151_3574/v2_c13_engineering_v2/episodes/eval_validation/eval_validation_c1_opportunity_D1_p1_A.csv
?? stage2_6_1/artifacts/repair17/development/run_supervision/runs/v2c13eng2_20260911T005151_3574/v2_c13_engineering_v2/episodes/eval_validation/eval_validation_c1_opportunity_D1_p1_A.spec.json
?? stage2_6_1/artifacts/repair17/development/run_supervision/runs/v2c13eng2_20260911T005151_3574/v2_c13_engineering_v2/episodes/eval_validation/eval_validation_c1_opportunity_D1_p1_B.csv
?? stage2_6_1/artifacts/repair17/development/run_supervision/runs/v2c13eng2_20260911T005151_3574/v2_c13_engineering_v2/episodes/eval_validation/eval_validation_c1_opportunity_D1_p1_B.spec.json
?? stage2_6_1/artifacts/repair17/development/run_supervision/runs/v2c13eng2_20260911T005151_3574/v2_c13_engineering_v2/episodes/eval_validation/eval_validation_c1_opportunity_D1_p2_A.csv
?? stage2_6_1/artifacts/repair17/development/run_supervision/runs/v2c13eng2_20260911T005151_3574/v2_c13_engineering_v2/episodes/eval_validation/eval_validation_c1_opportunity_D1_p2_A.spec.json
?? stage2_6_1/artifacts/repair17/development/run_supervision/runs/v2c13eng2_20260911T005151_3574/v2_c13_engineering_v2/episodes/eval_validation/eval_validation_c1_opportunity_D1_p2_B.csv
?? stage2_6_1/artifacts/repair17/development/run_supervision/runs/v2c13eng2_20260911T005151_3574/v2_c13_engineering_v2/episodes/eval_validation/eval_validation_c1_opportunity_D1_p2_B.spec.json
?? stage2_6_1/artifacts/repair17/development/run_supervision/runs/v2c13eng2_20260911T005151_3574/v2_c13_engineering_v2/episodes/eval_validation/eval_validation_c1_opportunity_D1_p3_A.csv
?? stage2_6_1/artifacts/repair17/development/run_supervision/runs/v2c13eng2_20260911T005151_3574/v2_c13_engineering_v2/episodes/eval_validation/eval_validation_c1_opportunity_D1_p3_A.spec.json
?? stage2_6_1/artifacts/repair17/development/run_supervision/runs/v2c13eng2_20260911T005151_3574/v2_c13_engineering_v2/episodes/eval_validation/eval_validation_c1_opportunity_D1_p3_B.csv
?? stage2_6_1/artifacts/repair17/development/run_supervision/runs/v2c13eng2_20260911T005151_3574/v2_c13_engineering_v2/episodes/eval_validation/eval_validation_c1_opportunity_D1_p3_B.spec.json
?? stage2_6_1/artifacts/repair17/development/run_supervision/runs/v2c13eng2_20260911T005151_3574/v2_c13_engineering_v2/episodes/eval_validation/eval_validation_c1_opportunity_D1_p4_A.csv
?? stage2_6_1/artifacts/repair17/development/run_supervision/runs/v2c13eng2_20260911T005151_3574/v2_c13_engineering_v2/episodes/eval_validation/eval_validation_c1_opportunity_D1_p4_A.spec.json
?? stage2_6_1/artifacts/repair17/development/run_supervision/runs/v2c13eng2_20260911T005151_3574/v2_c13_engineering_v2/episodes/eval_validation/eval_validation_c1_opportunity_D1_p4_B.csv
?? stage2_6_1/artifacts/repair17/development/run_supervision/runs/v2c13eng2_20260911T005151_3574/v2_c13_engineering_v2/episodes/eval_validation/eval_validation_c1_opportunity_D1_p4_B.spec.json
?? stage2_6_1/artifacts/repair17/development/run_supervision/runs/v2c13eng2_20260911T005151_3574/v2_c13_engineering_v2/episodes/eval_validation/eval_validation_c1_opportunity_D1_p5_A.csv
?? stage2_6_1/artifacts/repair17/development/run_supervision/runs/v2c13eng2_20260911T005151_3574/v2_c13_engineering_v2/episodes/eval_validation/eval_validation_c1_opportunity_D1_p5_A.spec.json
?? stage2_6_1/artifacts/repair17/development/run_supervision/runs/v2c13eng2_20260911T005151_3574/v2_c13_engineering_v2/episodes/eval_validation/eval_validation_c1_opportunity_D1_p5_B.csv
?? stage2_6_1/artifacts/repair17/development/run_supervision/runs/v2c13eng2_20260911T005151_3574/v2_c13_engineering_v2/episodes/eval_validation/eval_validation_c1_opportunity_D1_p5_B.spec.json
?? stage2_6_1/artifacts/repair17/development/run_supervision/runs/v2c13eng2_20260911T005151_3574/v2_c13_engineering_v2/episodes/eval_validation/eval_validation_c1_opportunity_D1_p6_A.csv
?? stage2_6_1/artifacts/repair17/development/run_supervision/runs/v2c13eng2_20260911T005151_3574/v2_c13_engineering_v2/episodes/eval_validation/eval_validation_c1_opportunity_D1_p6_A.spec.json
?? stage2_6_1/artifacts/repair17/development/run_supervision/runs/v2c13eng2_20260911T005151_3574/v2_c13_engineering_v2/episodes/eval_validation/eval_validation_c1_opportunity_D1_p6_B.csv
?? stage2_6_1/artifacts/repair17/development/run_supervision/runs/v2c13eng2_20260911T005151_3574/v2_c13_engineering_v2/episodes/eval_validation/eval_validation_c1_opportunity_D1_p6_B.spec.json
?? stage2_6_1/artifacts/repair17/development/run_supervision/runs/v2c13eng2_20260911T005151_3574/v2_c13_engineering_v2/episodes/eval_validation/eval_validation_c1_opportunity_D1_p7_A.csv
?? stage2_6_1/artifacts/repair17/development/run_supervision/runs/v2c13eng2_20260911T005151_3574/v2_c13_engineering_v2/episodes/eval_validation/eval_validation_c1_opportunity_D1_p7_A.spec.json
?? stage2_6_1/artifacts/repair17/development/run_supervision/runs/v2c13eng2_20260911T005151_3574/v2_c13_engineering_v2/episodes/eval_validation/eval_validation_c1_opportunity_D1_p7_B.csv
?? stage2_6_1/artifacts/repair17/development/run_supervision/runs/v2c13eng2_20260911T005151_3574/v2_c13_engineering_v2/episodes/eval_validation/eval_validation_c1_opportunity_D1_p7_B.spec.json
?? stage2_6_1/artifacts/repair17/development/run_supervision/runs/v2c13eng2_20260911T005151_3574/v2_c13_engineering_v2/episodes/eval_validation/eval_validation_c1_opportunity_D1_p8_A.csv
?? stage2_6_1/artifacts/repair17/development/run_supervision/runs/v2c13eng2_20260911T005151_3574/v2_c13_engineering_v2/episodes/eval_validation/eval_validation_c1_opportunity_D1_p8_A.spec.json
?? stage2_6_1/artifacts/repair17/development/run_supervision/runs/v2c13eng2_20260911T005151_3574/v2_c13_engineering_v2/episodes/eval_validation/eval_validation_c1_opportunity_D1_p8_B.csv
?? stage2_6_1/artifacts/repair17/development/run_supervision/runs/v2c13eng2_20260911T005151_3574/v2_c13_engineering_v2/episodes/eval_validation/eval_validation_c1_opportunity_D1_p8_B.spec.json
?? stage2_6_1/artifacts/repair17/development/run_supervision/runs/v2c13eng2_20260911T005151_3574/v2_c13_engineering_v2/episodes/eval_validation/eval_validation_c1_opportunity_D1_p9_A.csv
?? stage2_6_1/artifacts/repair17/development/run_supervision/runs/v2c13eng2_20260911T005151_3574/v2_c13_engineering_v2/episodes/eval_validation/eval_validation_c1_opportunity_D1_p9_A.spec.json
?? stage2_6_1/artifacts/repair17/development/run_supervision/runs/v2c13eng2_20260911T005151_3574/v2_c13_engineering_v2/episodes/eval_validation/eval_validation_c1_opportunity_D1_p9_B.csv
?? stage2_6_1/artifacts/repair17/development/run_supervision/runs/v2c13eng2_20260911T005151_3574/v2_c13_engineering_v2/episodes/eval_validation/eval_validation_c1_opportunity_D1_p9_B.spec.json
?? stage2_6_1/artifacts/repair17/development/run_supervision/runs/v2c13eng2_20260911T005151_3574/v2_c13_engineering_v2/episodes/eval_validation/eval_validation_c1_opportunity_D2_p0_A.csv
?? stage2_6_1/artifacts/repair17/development/run_supervision/runs/v2c13eng2_20260911T005151_3574/v2_c13_engineering_v2/episodes/eval_validation/eval_validation_c1_opportunity_D2_p0_A.spec.json
?? stage2_6_1/artifacts/repair17/development/run_supervision/runs/v2c13eng2_20260911T005151_3574/v2_c13_engineering_v2/episodes/eval_validation/eval_validation_c1_opportunity_D2_p0_B.csv
?? stage2_6_1/artifacts/repair17/development/run_supervision/runs/v2c13eng2_20260911T005151_3574/v2_c13_engineering_v2/episodes/eval_validation/eval_validation_c1_opportunity_D2_p0_B.spec.json
?? stage2_6_1/artifacts/repair17/development/run_supervision/runs/v2c13eng2_20260911T005151_3574/v2_c13_engineering_v2/episodes/eval_validation/eval_validation_c1_opportunity_D2_p1_A.csv
?? stage2_6_1/artifacts/repair17/development/run_supervision/runs/v2c13eng2_20260911T005151_3574/v2_c13_engineering_v2/episodes/eval_validation/eval_validation_c1_opportunity_D2_p1_A.spec.json
?? stage2_6_1/artifacts/repair17/development/run_supervision/runs/v2c13eng2_20260911T005151_3574/v2_c13_engineering_v2/episodes/eval_validation/eval_validation_c1_opportunity_D2_p1_B.csv
?? stage2_6_1/artifacts/repair17/development/run_supervision/runs/v2c13eng2_20260911T005151_3574/v2_c13_engineering_v2/episodes/eval_validation/eval_validation_c1_opportunity_D2_p1_B.spec.json
?? stage2_6_1/artifacts/repair17/development/run_supervision/runs/v2c13eng2_20260911T005151_3574/v2_c13_engineering_v2/episodes/eval_validation/eval_validation_c1_opportunity_D2_p2_A.csv
?? stage2_6_1/artifacts/repair17/development/run_supervision/runs/v2c13eng2_20260911T005151_3574/v2_c13_engineering_v2/episodes/eval_validation/eval_validation_c1_opportunity_D2_p2_A.spec.json
?? stage2_6_1/artifacts/repair17/development/run_supervision/runs/v2c13eng2_20260911T005151_3574/v2_c13_engineering_v2/episodes/eval_validation/eval_validation_c1_opportunity_D2_p2_B.csv
?? stage2_6_1/artifacts/repair17/development/run_supervision/runs/v2c13eng2_20260911T005151_3574/v2_c13_engineering_v2/episodes/eval_validation/eval_validation_c1_opportunity_D2_p2_B.spec.json
?? stage2_6_1/artifacts/repair17/development/run_supervision/runs/v2c13eng2_20260911T005151_3574/v2_c13_engineering_v2/episodes/eval_validation/eval_validation_c1_opportunity_D2_p3_A.csv
?? stage2_6_1/artifacts/repair17/development/run_supervision/runs/v2c13eng2_20260911T005151_3574/v2_c13_engineering_v2/episodes/eval_validation/eval_validation_c1_opportunity_D2_p3_A.spec.json
?? stage2_6_1/artifacts/repair17/development/run_supervision/runs/v2c13eng2_20260911T005151_3574/v2_c13_engineering_v2/episodes/eval_validation/eval_validation_c1_opportunity_D2_p3_B.csv
?? stage2_6_1/artifacts/repair17/development/run_supervision/runs/v2c13eng2_20260911T005151_3574/v2_c13_engineering_v2/episodes/eval_validation/eval_validation_c1_opportunity_D2_p3_B.spec.json
?? stage2_6_1/artifacts/repair17/development/run_supervision/runs/v2c13eng2_20260911T005151_3574/v2_c13_engineering_v2/episodes/eval_validation/eval_validation_c1_opportunity_D2_p4_A.csv
?? stage2_6_1/artifacts/repair17/development/run_supervision/runs/v2c13eng2_20260911T005151_3574/v2_c13_engineering_v2/episodes/eval_validation/eval_validation_c1_opportunity_D2_p4_A.spec.json
?? stage2_6_1/artifacts/repair17/development/run_supervision/runs/v2c13eng2_20260911T005151_3574/v2_c13_engineering_v2/episodes/eval_validation/eval_validation_c1_opportunity_D2_p4_B.csv
?? stage2_6_1/artifacts/repair17/development/run_supervision/runs/v2c13eng2_20260911T005151_3574/v2_c13_engineering_v2/episodes/eval_validation/eval_validation_c1_opportunity_D2_p4_B.spec.json
?? stage2_6_1/artifacts/repair17/development/run_supervision/runs/v2c13eng2_20260911T005151_3574/v2_c13_engineering_v2/episodes/eval_validation/eval_validation_c1_opportunity_D2_p5_A.csv
?? stage2_6_1/artifacts/repair17/development/run_supervision/runs/v2c13eng2_20260911T005151_3574/v2_c13_engineering_v2/episodes/eval_validation/eval_validation_c1_opportunity_D2_p5_A.spec.json
?? stage2_6_1/artifacts/repair17/development/run_supervision/runs/v2c13eng2_20260911T005151_3574/v2_c13_engineering_v2/episodes/eval_validation/eval_validation_c1_opportunity_D2_p5_B.csv
?? stage2_6_1/artifacts/repair17/development/run_supervision/runs/v2c13eng2_20260911T005151_3574/v2_c13_engineering_v2/episodes/eval_validation/eval_validation_c1_opportunity_D2_p5_B.spec.json
?? stage2_6_1/artifacts/repair17/development/run_supervision/runs/v2c13eng2_20260911T005151_3574/v2_c13_engineering_v2/episodes/eval_validation/eval_validation_c1_opportunity_D2_p6_A.csv
?? stage2_6_1/artifacts/repair17/development/run_supervision/runs/v2c13eng2_20260911T005151_3574/v2_c13_engineering_v2/episodes/eval_validation/eval_validation_c1_opportunity_D2_p6_A.spec.json
?? stage2_6_1/artifacts/repair17/development/run_supervision/runs/v2c13eng2_20260911T005151_3574/v2_c13_engineering_v2/episodes/eval_validation/eval_validation_c1_opportunity_D2_p6_B.csv
?? stage2_6_1/artifacts/repair17/development/run_supervision/runs/v2c13eng2_20260911T005151_3574/v2_c13_engineering_v2/episodes/eval_validation/eval_validation_c1_opportunity_D2_p6_B.spec.json
?? stage2_6_1/artifacts/repair17/development/run_supervision/runs/v2c13eng2_20260911T005151_3574/v2_c13_engineering_v2/episodes/eval_validation/eval_validation_c1_opportunity_D2_p7_A.csv
?? stage2_6_1/artifacts/repair17/development/run_supervision/runs/v2c13eng2_20260911T005151_3574/v2_c13_engineering_v2/episodes/eval_validation/eval_validation_c1_opportunity_D2_p7_A.spec.json
?? stage2_6_1/artifacts/repair17/development/run_supervision/runs/v2c13eng2_20260911T005151_3574/v2_c13_engineering_v2/episodes/eval_validation/eval_validation_c1_opportunity_D2_p7_B.csv
?? stage2_6_1/artifacts/repair17/development/run_supervision/runs/v2c13eng2_20260911T005151_3574/v2_c13_engineering_v2/episodes/eval_validation/eval_validation_c1_opportunity_D2_p7_B.spec.json
?? stage2_6_1/artifacts/repair17/development/run_supervision/runs/v2c13eng2_20260911T005151_3574/v2_c13_engineering_v2/episodes/eval_validation/eval_validation_c1_opportunity_D2_p8_A.csv
?? stage2_6_1/artifacts/repair17/development/run_supervision/runs/v2c13eng2_20260911T005151_3574/v2_c13_engineering_v2/episodes/eval_validation/eval_validation_c1_opportunity_D2_p8_A.spec.json
?? stage2_6_1/artifacts/repair17/development/run_supervision/runs/v2c13eng2_20260911T005151_3574/v2_c13_engineering_v2/episodes/eval_validation/eval_validation_c1_opportunity_D2_p8_B.csv
?? stage2_6_1/artifacts/repair17/development/run_supervision/runs/v2c13eng2_20260911T005151_3574/v2_c13_engineering_v2/episodes/eval_validation/eval_validation_c1_opportunity_D2_p8_B.spec.json
?? stage2_6_1/artifacts/repair17/development/run_supervision/runs/v2c13eng2_20260911T005151_3574/v2_c13_engineering_v2/episodes/eval_validation/eval_validation_c1_opportunity_D2_p9_A.csv
?? stage2_6_1/artifacts/repair17/development/run_supervision/runs/v2c13eng2_20260911T005151_3574/v2_c13_engineering_v2/episodes/eval_validation/eval_validation_c1_opportunity_D2_p9_A.spec.json
?? stage2_6_1/artifacts/repair17/development/run_supervision/runs/v2c13eng2_20260911T005151_3574/v2_c13_engineering_v2/episodes/eval_validation/eval_validation_c1_opportunity_D2_p9_B.csv
?? stage2_6_1/artifacts/repair17/development/run_supervision/runs/v2c13eng2_20260911T005151_3574/v2_c13_engineering_v2/episodes/eval_validation/eval_validation_c1_opportunity_D2_p9_B.spec.json
?? stage2_6_1/artifacts/repair17/development/run_supervision/runs/v2c13eng2_20260911T005151_3574/v2_c13_engineering_v2/episodes/eval_validation/eval_validation_c1_opportunity_D3_p0_A.csv
?? stage2_6_1/artifacts/repair17/development/run_supervision/runs/v2c13eng2_20260911T005151_3574/v2_c13_engineering_v2/episodes/eval_validation/eval_validation_c1_opportunity_D3_p0_A.spec.json
?? stage2_6_1/artifacts/repair17/development/run_supervision/runs/v2c13eng2_20260911T005151_3574/v2_c13_engineering_v2/episodes/eval_validation/eval_validation_c1_opportunity_D3_p0_B.csv
?? stage2_6_1/artifacts/repair17/development/run_supervision/runs/v2c13eng2_20260911T005151_3574/v2_c13_engineering_v2/episodes/eval_validation/eval_validation_c1_opportunity_D3_p0_B.spec.json
?? stage2_6_1/artifacts/repair17/development/run_supervision/runs/v2c13eng2_20260911T005151_3574/v2_c13_engineering_v2/episodes/eval_validation/eval_validation_c1_opportunity_D3_p1_A.csv
?? stage2_6_1/artifacts/repair17/development/run_supervision/runs/v2c13eng2_20260911T005151_3574/v2_c13_engineering_v2/episodes/eval_validation/eval_validation_c1_opportunity_D3_p1_A.spec.json
?? stage2_6_1/artifacts/repair17/development/run_supervision/runs/v2c13eng2_20260911T005151_3574/v2_c13_engineering_v2/episodes/eval_validation/eval_validation_c1_opportunity_D3_p1_B.csv
?? stage2_6_1/artifacts/repair17/development/run_supervision/runs/v2c13eng2_20260911T005151_3574/v2_c13_engineering_v2/episodes/eval_validation/eval_validation_c1_opportunity_D3_p1_B.spec.json
?? stage2_6_1/artifacts/repair17/development/run_supervision/runs/v2c13eng2_20260911T005151_3574/v2_c13_engineering_v2/episodes/eval_validation/eval_validation_c1_opportunity_D3_p2_A.csv
?? stage2_6_1/artifacts/repair17/development/run_supervision/runs/v2c13eng2_20260911T005151_3574/v2_c13_engineering_v2/episodes/eval_validation/eval_validation_c1_opportunity_D3_p2_A.spec.json
?? stage2_6_1/artifacts/repair17/development/run_supervision/runs/v2c13eng2_20260911T005151_3574/v2_c13_engineering_v2/episodes/eval_validation/eval_validation_c1_opportunity_D3_p2_B.csv
?? stage2_6_1/artifacts/repair17/development/run_supervision/runs/v2c13eng2_20260911T005151_3574/v2_c13_engineering_v2/episodes/eval_validation/eval_validation_c1_opportunity_D3_p2_B.spec.json
?? stage2_6_1/artifacts/repair17/development/run_supervision/runs/v2c13eng2_20260911T005151_3574/v2_c13_engineering_v2/episodes/eval_validation/eval_validation_c1_opportunity_D3_p3_A.csv
?? stage2_6_1/artifacts/repair17/development/run_supervision/runs/v2c13eng2_20260911T005151_3574/v2_c13_engineering_v2/episodes/eval_validation/eval_validation_c1_opportunity_D3_p3_A.spec.json
?? stage2_6_1/artifacts/repair17/development/run_supervision/runs/v2c13eng2_20260911T005151_3574/v2_c13_engineering_v2/episodes/eval_validation/eval_validation_c1_opportunity_D3_p3_B.csv
?? stage2_6_1/artifacts/repair17/development/run_supervision/runs/v2c13eng2_20260911T005151_3574/v2_c13_engineering_v2/episodes/eval_validation/eval_validation_c1_opportunity_D3_p3_B.spec.json
?? stage2_6_1/artifacts/repair17/development/run_supervision/runs/v2c13eng2_20260911T005151_3574/v2_c13_engineering_v2/episodes/eval_validation/eval_validation_c1_opportunity_D3_p4_A.csv
?? stage2_6_1/artifacts/repair17/development/run_supervision/runs/v2c13eng2_20260911T005151_3574/v2_c13_engineering_v2/episodes/eval_validation/eval_validation_c1_opportunity_D3_p4_A.spec.json
?? stage2_6_1/artifacts/repair17/development/run_supervision/runs/v2c13eng2_20260911T005151_3574/v2_c13_engineering_v2/episodes/eval_validation/eval_validation_c1_opportunity_D3_p4_B.csv
?? stage2_6_1/artifacts/repair17/development/run_supervision/runs/v2c13eng2_20260911T005151_3574/v2_c13_engineering_v2/episodes/eval_validation/eval_validation_c1_opportunity_D3_p4_B.spec.json
?? stage2_6_1/artifacts/repair17/development/run_supervision/runs/v2c13eng2_20260911T005151_3574/v2_c13_engineering_v2/episodes/eval_validation/eval_validation_c1_opportunity_D3_p5_A.csv
?? stage2_6_1/artifacts/repair17/development/run_supervision/runs/v2c13eng2_20260911T005151_3574/v2_c13_engineering_v2/episodes/eval_validation/eval_validation_c1_opportunity_D3_p5_A.spec.json
?? stage2_6_1/artifacts/repair17/development/run_supervision/runs/v2c13eng2_20260911T005151_3574/v2_c13_engineering_v2/episodes/eval_validation/eval_validation_c1_opportunity_D3_p5_B.csv
?? stage2_6_1/artifacts/repair17/development/run_supervision/runs/v2c13eng2_20260911T005151_3574/v2_c13_engineering_v2/episodes/eval_validation/eval_validation_c1_opportunity_D3_p5_B.spec.json
?? stage2_6_1/artifacts/repair17/development/run_supervision/runs/v2c13eng2_20260911T005151_3574/v2_c13_engineering_v2/episodes/eval_validation/eval_validation_c1_opportunity_D3_p6_A.csv
?? stage2_6_1/artifacts/repair17/development/run_supervision/runs/v2c13eng2_20260911T005151_3574/v2_c13_engineering_v2/episodes/eval_validation/eval_validation_c1_opportunity_D3_p6_A.spec.json
?? stage2_6_1/artifacts/repair17/development/run_supervision/runs/v2c13eng2_20260911T005151_3574/v2_c13_engineering_v2/episodes/eval_validation/eval_validation_c1_opportunity_D3_p6_B.csv
?? stage2_6_1/artifacts/repair17/development/run_supervision/runs/v2c13eng2_20260911T005151_3574/v2_c13_engineering_v2/episodes/eval_validation/eval_validation_c1_opportunity_D3_p6_B.spec.json
?? stage2_6_1/artifacts/repair17/development/run_supervision/runs/v2c13eng2_20260911T005151_3574/v2_c13_engineering_v2/episodes/eval_validation/eval_validation_c1_opportunity_D3_p7_A.csv
?? stage2_6_1/artifacts/repair17/development/run_supervision/runs/v2c13eng2_20260911T005151_3574/v2_c13_engineering_v2/episodes/eval_validation/eval_validation_c1_opportunity_D3_p7_A.spec.json
?? stage2_6_1/artifacts/repair17/development/run_supervision/runs/v2c13eng2_20260911T005151_3574/v2_c13_engineering_v2/episodes/eval_validation/eval_validation_c1_opportunity_D3_p7_B.csv
?? stage2_6_1/artifacts/repair17/development/run_supervision/runs/v2c13eng2_20260911T005151_3574/v2_c13_engineering_v2/episodes/eval_validation/eval_validation_c1_opportunity_D3_p7_B.spec.json
?? stage2_6_1/artifacts/repair17/development/run_supervision/runs/v2c13eng2_20260911T005151_3574/v2_c13_engineering_v2/episodes/eval_validation/eval_validation_c1_opportunity_D3_p8_A.csv
?? stage2_6_1/artifacts/repair17/development/run_supervision/runs/v2c13eng2_20260911T005151_3574/v2_c13_engineering_v2/episodes/eval_validation/eval_validation_c1_opportunity_D3_p8_A.spec.json
?? stage2_6_1/artifacts/repair17/development/run_supervision/runs/v2c13eng2_20260911T005151_3574/v2_c13_engineering_v2/episodes/eval_validation/eval_validation_c1_opportunity_D3_p8_B.csv
?? stage2_6_1/artifacts/repair17/development/run_supervision/runs/v2c13eng2_20260911T005151_3574/v2_c13_engineering_v2/episodes/eval_validation/eval_validation_c1_opportunity_D3_p8_B.spec.json
?? stage2_6_1/artifacts/repair17/development/run_supervision/runs/v2c13eng2_20260911T005151_3574/v2_c13_engineering_v2/episodes/eval_validation/eval_validation_c1_opportunity_D3_p9_A.csv
?? stage2_6_1/artifacts/repair17/development/run_supervision/runs/v2c13eng2_20260911T005151_3574/v2_c13_engineering_v2/episodes/eval_validation/eval_validation_c1_opportunity_D3_p9_A.spec.json
?? stage2_6_1/artifacts/repair17/development/run_supervision/runs/v2c13eng2_20260911T005151_3574/v2_c13_engineering_v2/episodes/eval_validation/eval_validation_c1_opportunity_D3_p9_B.csv
?? stage2_6_1/artifacts/repair17/development/run_supervision/runs/v2c13eng2_20260911T005151_3574/v2_c13_engineering_v2/episodes/eval_validation/eval_validation_c1_opportunity_D3_p9_B.spec.json
?? stage2_6_1/artifacts/repair17/development/run_supervision/runs/v2c13eng2_20260911T005151_3574/v2_c13_engineering_v2/episodes/eval_validation/eval_validation_c3_cost_D0_p0_A.csv
?? stage2_6_1/artifacts/repair17/development/run_supervision/runs/v2c13eng2_20260911T005151_3574/v2_c13_engineering_v2/episodes/eval_validation/eval_validation_c3_cost_D0_p0_A.spec.json
?? stage2_6_1/artifacts/repair17/development/run_supervision/runs/v2c13eng2_20260911T005151_3574/v2_c13_engineering_v2/episodes/eval_validation/eval_validation_c3_cost_D0_p0_B.csv
?? stage2_6_1/artifacts/repair17/development/run_supervision/runs/v2c13eng2_20260911T005151_3574/v2_c13_engineering_v2/episodes/eval_validation/eval_validation_c3_cost_D0_p0_B.spec.json
?? stage2_6_1/artifacts/repair17/development/run_supervision/runs/v2c13eng2_20260911T005151_3574/v2_c13_engineering_v2/episodes/eval_validation/eval_validation_c3_cost_D0_p1_A.csv
?? stage2_6_1/artifacts/repair17/development/run_supervision/runs/v2c13eng2_20260911T005151_3574/v2_c13_engineering_v2/episodes/eval_validation/eval_validation_c3_cost_D0_p1_A.spec.json
?? stage2_6_1/artifacts/repair17/development/run_supervision/runs/v2c13eng2_20260911T005151_3574/v2_c13_engineering_v2/episodes/eval_validation/eval_validation_c3_cost_D0_p1_B.csv
?? stage2_6_1/artifacts/repair17/development/run_supervision/runs/v2c13eng2_20260911T005151_3574/v2_c13_engineering_v2/episodes/eval_validation/eval_validation_c3_cost_D0_p1_B.spec.json
?? stage2_6_1/artifacts/repair17/development/run_supervision/runs/v2c13eng2_20260911T005151_3574/v2_c13_engineering_v2/episodes/eval_validation/eval_validation_c3_cost_D0_p2_A.csv
?? stage2_6_1/artifacts/repair17/development/run_supervision/runs/v2c13eng2_20260911T005151_3574/v2_c13_engineering_v2/episodes/eval_validation/eval_validation_c3_cost_D0_p2_A.spec.json
?? stage2_6_1/artifacts/repair17/development/run_supervision/runs/v2c13eng2_20260911T005151_3574/v2_c13_engineering_v2/episodes/eval_validation/eval_validation_c3_cost_D0_p2_B.csv
?? stage2_6_1/artifacts/repair17/development/run_supervision/runs/v2c13eng2_20260911T005151_3574/v2_c13_engineering_v2/episodes/eval_validation/eval_validation_c3_cost_D0_p2_B.spec.json
?? stage2_6_1/artifacts/repair17/development/run_supervision/runs/v2c13eng2_20260911T005151_3574/v2_c13_engineering_v2/episodes/eval_validation/eval_validation_c3_cost_D0_p3_A.csv
?? stage2_6_1/artifacts/repair17/development/run_supervision/runs/v2c13eng2_20260911T005151_3574/v2_c13_engineering_v2/episodes/eval_validation/eval_validation_c3_cost_D0_p3_A.spec.json
?? stage2_6_1/artifacts/repair17/development/run_supervision/runs/v2c13eng2_20260911T005151_3574/v2_c13_engineering_v2/episodes/eval_validation/eval_validation_c3_cost_D0_p3_B.csv
?? stage2_6_1/artifacts/repair17/development/run_supervision/runs/v2c13eng2_20260911T005151_3574/v2_c13_engineering_v2/episodes/eval_validation/eval_validation_c3_cost_D0_p3_B.spec.json
?? stage2_6_1/artifacts/repair17/development/run_supervision/runs/v2c13eng2_20260911T005151_3574/v2_c13_engineering_v2/episodes/eval_validation/eval_validation_c3_cost_D0_p4_A.csv
?? stage2_6_1/artifacts/repair17/development/run_supervision/runs/v2c13eng2_20260911T005151_3574/v2_c13_engineering_v2/episodes/eval_validation/eval_validation_c3_cost_D0_p4_A.spec.json
?? stage2_6_1/artifacts/repair17/development/run_supervision/runs/v2c13eng2_20260911T005151_3574/v2_c13_engineering_v2/episodes/eval_validation/eval_validation_c3_cost_D0_p4_B.csv
?? stage2_6_1/artifacts/repair17/development/run_supervision/runs/v2c13eng2_20260911T005151_3574/v2_c13_engineering_v2/episodes/eval_validation/eval_validation_c3_cost_D0_p4_B.spec.json
?? stage2_6_1/artifacts/repair17/development/run_supervision/runs/v2c13eng2_20260911T005151_3574/v2_c13_engineering_v2/episodes/eval_validation/eval_validation_c3_cost_D0_p5_A.csv
?? stage2_6_1/artifacts/repair17/development/run_supervision/runs/v2c13eng2_20260911T005151_3574/v2_c13_engineering_v2/episodes/eval_validation/eval_validation_c3_cost_D0_p5_A.spec.json
?? stage2_6_1/artifacts/repair17/development/run_supervision/runs/v2c13eng2_20260911T005151_3574/v2_c13_engineering_v2/episodes/eval_validation/eval_validation_c3_cost_D0_p5_B.csv
?? stage2_6_1/artifacts/repair17/development/run_supervision/runs/v2c13eng2_20260911T005151_3574/v2_c13_engineering_v2/episodes/eval_validation/eval_validation_c3_cost_D0_p5_B.spec.json
?? stage2_6_1/artifacts/repair17/development/run_supervision/runs/v2c13eng2_20260911T005151_3574/v2_c13_engineering_v2/episodes/eval_validation/eval_validation_c3_cost_D0_p6_A.csv
?? stage2_6_1/artifacts/repair17/development/run_supervision/runs/v2c13eng2_20260911T005151_3574/v2_c13_engineering_v2/episodes/eval_validation/eval_validation_c3_cost_D0_p6_A.spec.json
?? stage2_6_1/artifacts/repair17/development/run_supervision/runs/v2c13eng2_20260911T005151_3574/v2_c13_engineering_v2/episodes/eval_validation/eval_validation_c3_cost_D0_p6_B.csv
?? stage2_6_1/artifacts/repair17/development/run_supervision/runs/v2c13eng2_20260911T005151_3574/v2_c13_engineering_v2/episodes/eval_validation/eval_validation_c3_cost_D0_p6_B.spec.json
?? stage2_6_1/artifacts/repair17/development/run_supervision/runs/v2c13eng2_20260911T005151_3574/v2_c13_engineering_v2/episodes/eval_validation/eval_validation_c3_cost_D0_p7_A.csv
?? stage2_6_1/artifacts/repair17/development/run_supervision/runs/v2c13eng2_20260911T005151_3574/v2_c13_engineering_v2/episodes/eval_validation/eval_validation_c3_cost_D0_p7_A.spec.json
?? stage2_6_1/artifacts/repair17/development/run_supervision/runs/v2c13eng2_20260911T005151_3574/v2_c13_engineering_v2/episodes/eval_validation/eval_validation_c3_cost_D0_p7_B.csv
?? stage2_6_1/artifacts/repair17/development/run_supervision/runs/v2c13eng2_20260911T005151_3574/v2_c13_engineering_v2/episodes/eval_validation/eval_validation_c3_cost_D0_p7_B.spec.json
?? stage2_6_1/artifacts/repair17/development/run_supervision/runs/v2c13eng2_20260911T005151_3574/v2_c13_engineering_v2/episodes/eval_validation/eval_validation_c3_cost_D0_p8_A.csv
?? stage2_6_1/artifacts/repair17/development/run_supervision/runs/v2c13eng2_20260911T005151_3574/v2_c13_engineering_v2/episodes/eval_validation/eval_validation_c3_cost_D0_p8_A.spec.json
?? stage2_6_1/artifacts/repair17/development/run_supervision/runs/v2c13eng2_20260911T005151_3574/v2_c13_engineering_v2/episodes/eval_validation/eval_validation_c3_cost_D0_p8_B.csv
?? stage2_6_1/artifacts/repair17/development/run_supervision/runs/v2c13eng2_20260911T005151_3574/v2_c13_engineering_v2/episodes/eval_validation/eval_validation_c3_cost_D0_p8_B.spec.json
?? stage2_6_1/artifacts/repair17/development/run_supervision/runs/v2c13eng2_20260911T005151_3574/v2_c13_engineering_v2/episodes/eval_validation/eval_validation_c3_cost_D0_p9_A.csv
?? stage2_6_1/artifacts/repair17/development/run_supervision/runs/v2c13eng2_20260911T005151_3574/v2_c13_engineering_v2/episodes/eval_validation/eval_validation_c3_cost_D0_p9_A.spec.json
?? stage2_6_1/artifacts/repair17/development/run_supervision/runs/v2c13eng2_20260911T005151_3574/v2_c13_engineering_v2/episodes/eval_validation/eval_validation_c3_cost_D0_p9_B.csv
?? stage2_6_1/artifacts/repair17/development/run_supervision/runs/v2c13eng2_20260911T005151_3574/v2_c13_engineering_v2/episodes/eval_validation/eval_validation_c3_cost_D0_p9_B.spec.json
?? stage2_6_1/artifacts/repair17/development/run_supervision/runs/v2c13eng2_20260911T005151_3574/v2_c13_engineering_v2/episodes/eval_validation/eval_validation_c3_cost_D1_p0_A.csv
?? stage2_6_1/artifacts/repair17/development/run_supervision/runs/v2c13eng2_20260911T005151_3574/v2_c13_engineering_v2/episodes/eval_validation/eval_validation_c3_cost_D1_p0_A.spec.json
?? stage2_6_1/artifacts/repair17/development/run_supervision/runs/v2c13eng2_20260911T005151_3574/v2_c13_engineering_v2/episodes/eval_validation/eval_validation_c3_cost_D1_p0_B.csv
?? stage2_6_1/artifacts/repair17/development/run_supervision/runs/v2c13eng2_20260911T005151_3574/v2_c13_engineering_v2/episodes/eval_validation/eval_validation_c3_cost_D1_p0_B.spec.json
?? stage2_6_1/artifacts/repair17/development/run_supervision/runs/v2c13eng2_20260911T005151_3574/v2_c13_engineering_v2/episodes/eval_validation/eval_validation_c3_cost_D1_p1_A.csv
?? stage2_6_1/artifacts/repair17/development/run_supervision/runs/v2c13eng2_20260911T005151_3574/v2_c13_engineering_v2/episodes/eval_validation/eval_validation_c3_cost_D1_p1_A.spec.json
?? stage2_6_1/artifacts/repair17/development/run_supervision/runs/v2c13eng2_20260911T005151_3574/v2_c13_engineering_v2/episodes/eval_validation/eval_validation_c3_cost_D1_p1_B.csv
?? stage2_6_1/artifacts/repair17/development/run_supervision/runs/v2c13eng2_20260911T005151_3574/v2_c13_engineering_v2/episodes/eval_validation/eval_validation_c3_cost_D1_p1_B.spec.json
?? stage2_6_1/artifacts/repair17/development/run_supervision/runs/v2c13eng2_20260911T005151_3574/v2_c13_engineering_v2/episodes/eval_validation/eval_validation_c3_cost_D1_p2_A.csv
?? stage2_6_1/artifacts/repair17/development/run_supervision/runs/v2c13eng2_20260911T005151_3574/v2_c13_engineering_v2/episodes/eval_validation/eval_validation_c3_cost_D1_p2_A.spec.json
?? stage2_6_1/artifacts/repair17/development/run_supervision/runs/v2c13eng2_20260911T005151_3574/v2_c13_engineering_v2/episodes/eval_validation/eval_validation_c3_cost_D1_p2_B.csv
?? stage2_6_1/artifacts/repair17/development/run_supervision/runs/v2c13eng2_20260911T005151_3574/v2_c13_engineering_v2/episodes/eval_validation/eval_validation_c3_cost_D1_p2_B.spec.json
?? stage2_6_1/artifacts/repair17/development/run_supervision/runs/v2c13eng2_20260911T005151_3574/v2_c13_engineering_v2/episodes/eval_validation/eval_validation_c3_cost_D1_p3_A.csv
?? stage2_6_1/artifacts/repair17/development/run_supervision/runs/v2c13eng2_20260911T005151_3574/v2_c13_engineering_v2/episodes/eval_validation/eval_validation_c3_cost_D1_p3_A.spec.json
?? stage2_6_1/artifacts/repair17/development/run_supervision/runs/v2c13eng2_20260911T005151_3574/v2_c13_engineering_v2/episodes/eval_validation/eval_validation_c3_cost_D1_p3_B.csv
?? stage2_6_1/artifacts/repair17/development/run_supervision/runs/v2c13eng2_20260911T005151_3574/v2_c13_engineering_v2/episodes/eval_validation/eval_validation_c3_cost_D1_p3_B.spec.json
?? stage2_6_1/artifacts/repair17/development/run_supervision/runs/v2c13eng2_20260911T005151_3574/v2_c13_engineering_v2/episodes/eval_validation/eval_validation_c3_cost_D1_p4_A.csv
?? stage2_6_1/artifacts/repair17/development/run_supervision/runs/v2c13eng2_20260911T005151_3574/v2_c13_engineering_v2/episodes/eval_validation/eval_validation_c3_cost_D1_p4_A.spec.json
?? stage2_6_1/artifacts/repair17/development/run_supervision/runs/v2c13eng2_20260911T005151_3574/v2_c13_engineering_v2/episodes/eval_validation/eval_validation_c3_cost_D1_p4_B.csv
?? stage2_6_1/artifacts/repair17/development/run_supervision/runs/v2c13eng2_20260911T005151_3574/v2_c13_engineering_v2/episodes/eval_validation/eval_validation_c3_cost_D1_p4_B.spec.json
?? stage2_6_1/artifacts/repair17/development/run_supervision/runs/v2c13eng2_20260911T005151_3574/v2_c13_engineering_v2/episodes/eval_validation/eval_validation_c3_cost_D1_p5_A.csv
?? stage2_6_1/artifacts/repair17/development/run_supervision/runs/v2c13eng2_20260911T005151_3574/v2_c13_engineering_v2/episodes/eval_validation/eval_validation_c3_cost_D1_p5_A.spec.json
?? stage2_6_1/artifacts/repair17/development/run_supervision/runs/v2c13eng2_20260911T005151_3574/v2_c13_engineering_v2/episodes/eval_validation/eval_validation_c3_cost_D1_p5_B.csv
?? stage2_6_1/artifacts/repair17/development/run_supervision/runs/v2c13eng2_20260911T005151_3574/v2_c13_engineering_v2/episodes/eval_validation/eval_validation_c3_cost_D1_p5_B.spec.json
?? stage2_6_1/artifacts/repair17/development/run_supervision/runs/v2c13eng2_20260911T005151_3574/v2_c13_engineering_v2/episodes/eval_validation/eval_validation_c3_cost_D1_p6_A.csv
?? stage2_6_1/artifacts/repair17/development/run_supervision/runs/v2c13eng2_20260911T005151_3574/v2_c13_engineering_v2/episodes/eval_validation/eval_validation_c3_cost_D1_p6_A.spec.json
?? stage2_6_1/artifacts/repair17/development/run_supervision/runs/v2c13eng2_20260911T005151_3574/v2_c13_engineering_v2/episodes/eval_validation/eval_validation_c3_cost_D1_p6_B.csv
?? stage2_6_1/artifacts/repair17/development/run_supervision/runs/v2c13eng2_20260911T005151_3574/v2_c13_engineering_v2/episodes/eval_validation/eval_validation_c3_cost_D1_p6_B.spec.json
?? stage2_6_1/artifacts/repair17/development/run_supervision/runs/v2c13eng2_20260911T005151_3574/v2_c13_engineering_v2/episodes/eval_validation/eval_validation_c3_cost_D1_p7_A.csv
?? stage2_6_1/artifacts/repair17/development/run_supervision/runs/v2c13eng2_20260911T005151_3574/v2_c13_engineering_v2/episodes/eval_validation/eval_validation_c3_cost_D1_p7_A.spec.json
?? stage2_6_1/artifacts/repair17/development/run_supervision/runs/v2c13eng2_20260911T005151_3574/v2_c13_engineering_v2/episodes/eval_validation/eval_validation_c3_cost_D1_p7_B.csv
?? stage2_6_1/artifacts/repair17/development/run_supervision/runs/v2c13eng2_20260911T005151_3574/v2_c13_engineering_v2/episodes/eval_validation/eval_validation_c3_cost_D1_p7_B.spec.json
?? stage2_6_1/artifacts/repair17/development/run_supervision/runs/v2c13eng2_20260911T005151_3574/v2_c13_engineering_v2/episodes/eval_validation/eval_validation_c3_cost_D1_p8_A.csv
?? stage2_6_1/artifacts/repair17/development/run_supervision/runs/v2c13eng2_20260911T005151_3574/v2_c13_engineering_v2/episodes/eval_validation/eval_validation_c3_cost_D1_p8_A.spec.json
?? stage2_6_1/artifacts/repair17/development/run_supervision/runs/v2c13eng2_20260911T005151_3574/v2_c13_engineering_v2/episodes/eval_validation/eval_validation_c3_cost_D1_p8_B.csv
?? stage2_6_1/artifacts/repair17/development/run_supervision/runs/v2c13eng2_20260911T005151_3574/v2_c13_engineering_v2/episodes/eval_validation/eval_validation_c3_cost_D1_p8_B.spec.json
?? stage2_6_1/artifacts/repair17/development/run_supervision/runs/v2c13eng2_20260911T005151_3574/v2_c13_engineering_v2/episodes/eval_validation/eval_validation_c3_cost_D1_p9_A.csv
?? stage2_6_1/artifacts/repair17/development/run_supervision/runs/v2c13eng2_20260911T005151_3574/v2_c13_engineering_v2/episodes/eval_validation/eval_validation_c3_cost_D1_p9_A.spec.json
?? stage2_6_1/artifacts/repair17/development/run_supervision/runs/v2c13eng2_20260911T005151_3574/v2_c13_engineering_v2/episodes/eval_validation/eval_validation_c3_cost_D1_p9_B.csv
?? stage2_6_1/artifacts/repair17/development/run_supervision/runs/v2c13eng2_20260911T005151_3574/v2_c13_engineering_v2/episodes/eval_validation/eval_validation_c3_cost_D1_p9_B.spec.json
?? stage2_6_1/artifacts/repair17/development/run_supervision/runs/v2c13eng2_20260911T005151_3574/v2_c13_engineering_v2/episodes/eval_validation/eval_validation_c3_cost_D2_p0_A.csv
?? stage2_6_1/artifacts/repair17/development/run_supervision/runs/v2c13eng2_20260911T005151_3574/v2_c13_engineering_v2/episodes/eval_validation/eval_validation_c3_cost_D2_p0_A.spec.json
?? stage2_6_1/artifacts/repair17/development/run_supervision/runs/v2c13eng2_20260911T005151_3574/v2_c13_engineering_v2/episodes/eval_validation/eval_validation_c3_cost_D2_p0_B.csv
?? stage2_6_1/artifacts/repair17/development/run_supervision/runs/v2c13eng2_20260911T005151_3574/v2_c13_engineering_v2/episodes/eval_validation/eval_validation_c3_cost_D2_p0_B.spec.json
?? stage2_6_1/artifacts/repair17/development/run_supervision/runs/v2c13eng2_20260911T005151_3574/v2_c13_engineering_v2/episodes/eval_validation/eval_validation_c3_cost_D2_p1_A.csv
?? stage2_6_1/artifacts/repair17/development/run_supervision/runs/v2c13eng2_20260911T005151_3574/v2_c13_engineering_v2/episodes/eval_validation/eval_validation_c3_cost_D2_p1_A.spec.json
?? stage2_6_1/artifacts/repair17/development/run_supervision/runs/v2c13eng2_20260911T005151_3574/v2_c13_engineering_v2/episodes/eval_validation/eval_validation_c3_cost_D2_p1_B.csv
?? stage2_6_1/artifacts/repair17/development/run_supervision/runs/v2c13eng2_20260911T005151_3574/v2_c13_engineering_v2/episodes/eval_validation/eval_validation_c3_cost_D2_p1_B.spec.json
?? stage2_6_1/artifacts/repair17/development/run_supervision/runs/v2c13eng2_20260911T005151_3574/v2_c13_engineering_v2/episodes/eval_validation/eval_validation_c3_cost_D2_p2_A.csv
?? stage2_6_1/artifacts/repair17/development/run_supervision/runs/v2c13eng2_20260911T005151_3574/v2_c13_engineering_v2/episodes/eval_validation/eval_validation_c3_cost_D2_p2_A.spec.json
?? stage2_6_1/artifacts/repair17/development/run_supervision/runs/v2c13eng2_20260911T005151_3574/v2_c13_engineering_v2/episodes/eval_validation/eval_validation_c3_cost_D2_p2_B.csv
?? stage2_6_1/artifacts/repair17/development/run_supervision/runs/v2c13eng2_20260911T005151_3574/v2_c13_engineering_v2/episodes/eval_validation/eval_validation_c3_cost_D2_p2_B.spec.json
?? stage2_6_1/artifacts/repair17/development/run_supervision/runs/v2c13eng2_20260911T005151_3574/v2_c13_engineering_v2/episodes/eval_validation/eval_validation_c3_cost_D2_p3_A.csv
?? stage2_6_1/artifacts/repair17/development/run_supervision/runs/v2c13eng2_20260911T005151_3574/v2_c13_engineering_v2/episodes/eval_validation/eval_validation_c3_cost_D2_p3_A.spec.json
?? stage2_6_1/artifacts/repair17/development/run_supervision/runs/v2c13eng2_20260911T005151_3574/v2_c13_engineering_v2/episodes/eval_validation/eval_validation_c3_cost_D2_p3_B.csv
?? stage2_6_1/artifacts/repair17/development/run_supervision/runs/v2c13eng2_20260911T005151_3574/v2_c13_engineering_v2/episodes/eval_validation/eval_validation_c3_cost_D2_p3_B.spec.json
?? stage2_6_1/artifacts/repair17/development/run_supervision/runs/v2c13eng2_20260911T005151_3574/v2_c13_engineering_v2/episodes/eval_validation/eval_validation_c3_cost_D2_p4_A.csv
?? stage2_6_1/artifacts/repair17/development/run_supervision/runs/v2c13eng2_20260911T005151_3574/v2_c13_engineering_v2/episodes/eval_validation/eval_validation_c3_cost_D2_p4_A.spec.json
?? stage2_6_1/artifacts/repair17/development/run_supervision/runs/v2c13eng2_20260911T005151_3574/v2_c13_engineering_v2/episodes/eval_validation/eval_validation_c3_cost_D2_p4_B.csv
?? stage2_6_1/artifacts/repair17/development/run_supervision/runs/v2c13eng2_20260911T005151_3574/v2_c13_engineering_v2/episodes/eval_validation/eval_validation_c3_cost_D2_p4_B.spec.json
?? stage2_6_1/artifacts/repair17/development/run_supervision/runs/v2c13eng2_20260911T005151_3574/v2_c13_engineering_v2/episodes/eval_validation/eval_validation_c3_cost_D2_p5_A.csv
?? stage2_6_1/artifacts/repair17/development/run_supervision/runs/v2c13eng2_20260911T005151_3574/v2_c13_engineering_v2/episodes/eval_validation/eval_validation_c3_cost_D2_p5_A.spec.json
?? stage2_6_1/artifacts/repair17/development/run_supervision/runs/v2c13eng2_20260911T005151_3574/v2_c13_engineering_v2/episodes/eval_validation/eval_validation_c3_cost_D2_p5_B.csv
?? stage2_6_1/artifacts/repair17/development/run_supervision/runs/v2c13eng2_20260911T005151_3574/v2_c13_engineering_v2/episodes/eval_validation/eval_validation_c3_cost_D2_p5_B.spec.json
?? stage2_6_1/artifacts/repair17/development/run_supervision/runs/v2c13eng2_20260911T005151_3574/v2_c13_engineering_v2/episodes/eval_validation/eval_validation_c3_cost_D2_p6_A.csv
?? stage2_6_1/artifacts/repair17/development/run_supervision/runs/v2c13eng2_20260911T005151_3574/v2_c13_engineering_v2/episodes/eval_validation/eval_validation_c3_cost_D2_p6_A.spec.json
?? stage2_6_1/artifacts/repair17/development/run_supervision/runs/v2c13eng2_20260911T005151_3574/v2_c13_engineering_v2/episodes/eval_validation/eval_validation_c3_cost_D2_p6_B.csv
?? stage2_6_1/artifacts/repair17/development/run_supervision/runs/v2c13eng2_20260911T005151_3574/v2_c13_engineering_v2/episodes/eval_validation/eval_validation_c3_cost_D2_p6_B.spec.json
?? stage2_6_1/artifacts/repair17/development/run_supervision/runs/v2c13eng2_20260911T005151_3574/v2_c13_engineering_v2/episodes/eval_validation/eval_validation_c3_cost_D2_p7_A.csv
?? stage2_6_1/artifacts/repair17/development/run_supervision/runs/v2c13eng2_20260911T005151_3574/v2_c13_engineering_v2/episodes/eval_validation/eval_validation_c3_cost_D2_p7_A.spec.json
?? stage2_6_1/artifacts/repair17/development/run_supervision/runs/v2c13eng2_20260911T005151_3574/v2_c13_engineering_v2/episodes/eval_validation/eval_validation_c3_cost_D2_p7_B.csv
?? stage2_6_1/artifacts/repair17/development/run_supervision/runs/v2c13eng2_20260911T005151_3574/v2_c13_engineering_v2/episodes/eval_validation/eval_validation_c3_cost_D2_p7_B.spec.json
?? stage2_6_1/artifacts/repair17/development/run_supervision/runs/v2c13eng2_20260911T005151_3574/v2_c13_engineering_v2/episodes/eval_validation/eval_validation_c3_cost_D2_p8_A.csv
?? stage2_6_1/artifacts/repair17/development/run_supervision/runs/v2c13eng2_20260911T005151_3574/v2_c13_engineering_v2/episodes/eval_validation/eval_validation_c3_cost_D2_p8_A.spec.json
?? stage2_6_1/artifacts/repair17/development/run_supervision/runs/v2c13eng2_20260911T005151_3574/v2_c13_engineering_v2/episodes/eval_validation/eval_validation_c3_cost_D2_p8_B.csv
?? stage2_6_1/artifacts/repair17/development/run_supervision/runs/v2c13eng2_20260911T005151_3574/v2_c13_engineering_v2/episodes/eval_validation/eval_validation_c3_cost_D2_p8_B.spec.json
?? stage2_6_1/artifacts/repair17/development/run_supervision/runs/v2c13eng2_20260911T005151_3574/v2_c13_engineering_v2/episodes/eval_validation/eval_validation_c3_cost_D2_p9_A.csv
?? stage2_6_1/artifacts/repair17/development/run_supervision/runs/v2c13eng2_20260911T005151_3574/v2_c13_engineering_v2/episodes/eval_validation/eval_validation_c3_cost_D2_p9_A.spec.json
?? stage2_6_1/artifacts/repair17/development/run_supervision/runs/v2c13eng2_20260911T005151_3574/v2_c13_engineering_v2/episodes/eval_validation/eval_validation_c3_cost_D2_p9_B.csv
?? stage2_6_1/artifacts/repair17/development/run_supervision/runs/v2c13eng2_20260911T005151_3574/v2_c13_engineering_v2/episodes/eval_validation/eval_validation_c3_cost_D2_p9_B.spec.json
?? stage2_6_1/artifacts/repair17/development/run_supervision/runs/v2c13eng2_20260911T005151_3574/v2_c13_engineering_v2/episodes/eval_validation/eval_validation_c3_cost_D3_p0_A.csv
?? stage2_6_1/artifacts/repair17/development/run_supervision/runs/v2c13eng2_20260911T005151_3574/v2_c13_engineering_v2/episodes/eval_validation/eval_validation_c3_cost_D3_p0_A.spec.json
?? stage2_6_1/artifacts/repair17/development/run_supervision/runs/v2c13eng2_20260911T005151_3574/v2_c13_engineering_v2/episodes/eval_validation/eval_validation_c3_cost_D3_p0_B.csv
?? stage2_6_1/artifacts/repair17/development/run_supervision/runs/v2c13eng2_20260911T005151_3574/v2_c13_engineering_v2/episodes/eval_validation/eval_validation_c3_cost_D3_p0_B.spec.json
?? stage2_6_1/artifacts/repair17/development/run_supervision/runs/v2c13eng2_20260911T005151_3574/v2_c13_engineering_v2/episodes/eval_validation/eval_validation_c3_cost_D3_p1_A.csv
?? stage2_6_1/artifacts/repair17/development/run_supervision/runs/v2c13eng2_20260911T005151_3574/v2_c13_engineering_v2/episodes/eval_validation/eval_validation_c3_cost_D3_p1_A.spec.json
?? stage2_6_1/artifacts/repair17/development/run_supervision/runs/v2c13eng2_20260911T005151_3574/v2_c13_engineering_v2/episodes/eval_validation/eval_validation_c3_cost_D3_p1_B.csv
?? stage2_6_1/artifacts/repair17/development/run_supervision/runs/v2c13eng2_20260911T005151_3574/v2_c13_engineering_v2/episodes/eval_validation/eval_validation_c3_cost_D3_p1_B.spec.json
?? stage2_6_1/artifacts/repair17/development/run_supervision/runs/v2c13eng2_20260911T005151_3574/v2_c13_engineering_v2/episodes/eval_validation/eval_validation_c3_cost_D3_p2_A.csv
?? stage2_6_1/artifacts/repair17/development/run_supervision/runs/v2c13eng2_20260911T005151_3574/v2_c13_engineering_v2/episodes/eval_validation/eval_validation_c3_cost_D3_p2_A.spec.json
?? stage2_6_1/artifacts/repair17/development/run_supervision/runs/v2c13eng2_20260911T005151_3574/v2_c13_engineering_v2/episodes/eval_validation/eval_validation_c3_cost_D3_p2_B.csv
?? stage2_6_1/artifacts/repair17/development/run_supervision/runs/v2c13eng2_20260911T005151_3574/v2_c13_engineering_v2/episodes/eval_validation/eval_validation_c3_cost_D3_p2_B.spec.json
?? stage2_6_1/artifacts/repair17/development/run_supervision/runs/v2c13eng2_20260911T005151_3574/v2_c13_engineering_v2/episodes/eval_validation/eval_validation_c3_cost_D3_p3_A.csv
?? stage2_6_1/artifacts/repair17/development/run_supervision/runs/v2c13eng2_20260911T005151_3574/v2_c13_engineering_v2/episodes/eval_validation/eval_validation_c3_cost_D3_p3_A.spec.json
?? stage2_6_1/artifacts/repair17/development/run_supervision/runs/v2c13eng2_20260911T005151_3574/v2_c13_engineering_v2/episodes/eval_validation/eval_validation_c3_cost_D3_p3_B.csv
?? stage2_6_1/artifacts/repair17/development/run_supervision/runs/v2c13eng2_20260911T005151_3574/v2_c13_engineering_v2/episodes/eval_validation/eval_validation_c3_cost_D3_p3_B.spec.json
?? stage2_6_1/artifacts/repair17/development/run_supervision/runs/v2c13eng2_20260911T005151_3574/v2_c13_engineering_v2/episodes/eval_validation/eval_validation_c3_cost_D3_p4_A.csv
?? stage2_6_1/artifacts/repair17/development/run_supervision/runs/v2c13eng2_20260911T005151_3574/v2_c13_engineering_v2/episodes/eval_validation/eval_validation_c3_cost_D3_p4_A.spec.json
?? stage2_6_1/artifacts/repair17/development/run_supervision/runs/v2c13eng2_20260911T005151_3574/v2_c13_engineering_v2/episodes/eval_validation/eval_validation_c3_cost_D3_p4_B.csv
?? stage2_6_1/artifacts/repair17/development/run_supervision/runs/v2c13eng2_20260911T005151_3574/v2_c13_engineering_v2/episodes/eval_validation/eval_validation_c3_cost_D3_p4_B.spec.json
?? stage2_6_1/artifacts/repair17/development/run_supervision/runs/v2c13eng2_20260911T005151_3574/v2_c13_engineering_v2/episodes/eval_validation/eval_validation_c3_cost_D3_p5_A.csv
?? stage2_6_1/artifacts/repair17/development/run_supervision/runs/v2c13eng2_20260911T005151_3574/v2_c13_engineering_v2/episodes/eval_validation/eval_validation_c3_cost_D3_p5_A.spec.json
?? stage2_6_1/artifacts/repair17/development/run_supervision/runs/v2c13eng2_20260911T005151_3574/v2_c13_engineering_v2/episodes/eval_validation/eval_validation_c3_cost_D3_p5_B.csv
?? stage2_6_1/artifacts/repair17/development/run_supervision/runs/v2c13eng2_20260911T005151_3574/v2_c13_engineering_v2/episodes/eval_validation/eval_validation_c3_cost_D3_p5_B.spec.json
?? stage2_6_1/artifacts/repair17/development/run_supervision/runs/v2c13eng2_20260911T005151_3574/v2_c13_engineering_v2/episodes/eval_validation/eval_validation_c3_cost_D3_p6_A.csv
?? stage2_6_1/artifacts/repair17/development/run_supervision/runs/v2c13eng2_20260911T005151_3574/v2_c13_engineering_v2/episodes/eval_validation/eval_validation_c3_cost_D3_p6_A.spec.json
?? stage2_6_1/artifacts/repair17/development/run_supervision/runs/v2c13eng2_20260911T005151_3574/v2_c13_engineering_v2/episodes/eval_validation/eval_validation_c3_cost_D3_p6_B.csv
?? stage2_6_1/artifacts/repair17/development/run_supervision/runs/v2c13eng2_20260911T005151_3574/v2_c13_engineering_v2/episodes/eval_validation/eval_validation_c3_cost_D3_p6_B.spec.json
?? stage2_6_1/artifacts/repair17/development/run_supervision/runs/v2c13eng2_20260911T005151_3574/v2_c13_engineering_v2/episodes/eval_validation/eval_validation_c3_cost_D3_p7_A.csv
?? stage2_6_1/artifacts/repair17/development/run_supervision/runs/v2c13eng2_20260911T005151_3574/v2_c13_engineering_v2/episodes/eval_validation/eval_validation_c3_cost_D3_p7_A.spec.json
?? stage2_6_1/artifacts/repair17/development/run_supervision/runs/v2c13eng2_20260911T005151_3574/v2_c13_engineering_v2/episodes/eval_validation/eval_validation_c3_cost_D3_p7_B.csv
?? stage2_6_1/artifacts/repair17/development/run_supervision/runs/v2c13eng2_20260911T005151_3574/v2_c13_engineering_v2/episodes/eval_validation/eval_validation_c3_cost_D3_p7_B.spec.json
?? stage2_6_1/artifacts/repair17/development/run_supervision/runs/v2c13eng2_20260911T005151_3574/v2_c13_engineering_v2/episodes/eval_validation/eval_validation_c3_cost_D3_p8_A.csv
?? stage2_6_1/artifacts/repair17/development/run_supervision/runs/v2c13eng2_20260911T005151_3574/v2_c13_engineering_v2/episodes/eval_validation/eval_validation_c3_cost_D3_p8_A.spec.json
?? stage2_6_1/artifacts/repair17/development/run_supervision/runs/v2c13eng2_20260911T005151_3574/v2_c13_engineering_v2/episodes/eval_validation/eval_validation_c3_cost_D3_p8_B.csv
?? stage2_6_1/artifacts/repair17/development/run_supervision/runs/v2c13eng2_20260911T005151_3574/v2_c13_engineering_v2/episodes/eval_validation/eval_validation_c3_cost_D3_p8_B.spec.json
?? stage2_6_1/artifacts/repair17/development/run_supervision/runs/v2c13eng2_20260911T005151_3574/v2_c13_engineering_v2/episodes/eval_validation/eval_validation_c3_cost_D3_p9_A.csv
?? stage2_6_1/artifacts/repair17/development/run_supervision/runs/v2c13eng2_20260911T005151_3574/v2_c13_engineering_v2/episodes/eval_validation/eval_validation_c3_cost_D3_p9_A.spec.json
?? stage2_6_1/artifacts/repair17/development/run_supervision/runs/v2c13eng2_20260911T005151_3574/v2_c13_engineering_v2/episodes/eval_validation/eval_validation_c3_cost_D3_p9_B.csv
?? stage2_6_1/artifacts/repair17/development/run_supervision/runs/v2c13eng2_20260911T005151_3574/v2_c13_engineering_v2/episodes/eval_validation/eval_validation_c3_cost_D3_p9_B.spec.json
?? stage2_6_1/artifacts/repair17/development/run_supervision/runs/v2c13eng2_20260911T005151_3574/v2_c13_engineering_v2/episodes/fit_main/fit_main_c1_opportunity_D0_p0_A.csv
?? stage2_6_1/artifacts/repair17/development/run_supervision/runs/v2c13eng2_20260911T005151_3574/v2_c13_engineering_v2/episodes/fit_main/fit_main_c1_opportunity_D0_p0_A.spec.json
?? stage2_6_1/artifacts/repair17/development/run_supervision/runs/v2c13eng2_20260911T005151_3574/v2_c13_engineering_v2/episodes/fit_main/fit_main_c1_opportunity_D0_p0_B.csv
?? stage2_6_1/artifacts/repair17/development/run_supervision/runs/v2c13eng2_20260911T005151_3574/v2_c13_engineering_v2/episodes/fit_main/fit_main_c1_opportunity_D0_p0_B.spec.json
?? stage2_6_1/artifacts/repair17/development/run_supervision/runs/v2c13eng2_20260911T005151_3574/v2_c13_engineering_v2/episodes/fit_main/fit_main_c1_opportunity_D0_p1_A.csv
?? stage2_6_1/artifacts/repair17/development/run_supervision/runs/v2c13eng2_20260911T005151_3574/v2_c13_engineering_v2/episodes/fit_main/fit_main_c1_opportunity_D0_p1_A.spec.json
?? stage2_6_1/artifacts/repair17/development/run_supervision/runs/v2c13eng2_20260911T005151_3574/v2_c13_engineering_v2/episodes/fit_main/fit_main_c1_opportunity_D0_p1_B.csv
?? stage2_6_1/artifacts/repair17/development/run_supervision/runs/v2c13eng2_20260911T005151_3574/v2_c13_engineering_v2/episodes/fit_main/fit_main_c1_opportunity_D0_p1_B.spec.json
?? stage2_6_1/artifacts/repair17/development/run_supervision/runs/v2c13eng2_20260911T005151_3574/v2_c13_engineering_v2/episodes/fit_main/fit_main_c1_opportunity_D0_p2_A.csv
?? stage2_6_1/artifacts/repair17/development/run_supervision/runs/v2c13eng2_20260911T005151_3574/v2_c13_engineering_v2/episodes/fit_main/fit_main_c1_opportunity_D0_p2_A.spec.json
?? stage2_6_1/artifacts/repair17/development/run_supervision/runs/v2c13eng2_20260911T005151_3574/v2_c13_engineering_v2/episodes/fit_main/fit_main_c1_opportunity_D0_p2_B.csv
?? stage2_6_1/artifacts/repair17/development/run_supervision/runs/v2c13eng2_20260911T005151_3574/v2_c13_engineering_v2/episodes/fit_main/fit_main_c1_opportunity_D0_p2_B.spec.json
?? stage2_6_1/artifacts/repair17/development/run_supervision/runs/v2c13eng2_20260911T005151_3574/v2_c13_engineering_v2/episodes/fit_main/fit_main_c1_opportunity_D0_p3_A.csv
?? stage2_6_1/artifacts/repair17/development/run_supervision/runs/v2c13eng2_20260911T005151_3574/v2_c13_engineering_v2/episodes/fit_main/fit_main_c1_opportunity_D0_p3_A.spec.json
?? stage2_6_1/artifacts/repair17/development/run_supervision/runs/v2c13eng2_20260911T005151_3574/v2_c13_engineering_v2/episodes/fit_main/fit_main_c1_opportunity_D0_p3_B.csv
?? stage2_6_1/artifacts/repair17/development/run_supervision/runs/v2c13eng2_20260911T005151_3574/v2_c13_engineering_v2/episodes/fit_main/fit_main_c1_opportunity_D0_p3_B.spec.json
?? stage2_6_1/artifacts/repair17/development/run_supervision/runs/v2c13eng2_20260911T005151_3574/v2_c13_engineering_v2/episodes/fit_main/fit_main_c1_opportunity_D0_p4_A.csv
?? stage2_6_1/artifacts/repair17/development/run_supervision/runs/v2c13eng2_20260911T005151_3574/v2_c13_engineering_v2/episodes/fit_main/fit_main_c1_opportunity_D0_p4_A.spec.json
?? stage2_6_1/artifacts/repair17/development/run_supervision/runs/v2c13eng2_20260911T005151_3574/v2_c13_engineering_v2/episodes/fit_main/fit_main_c1_opportunity_D0_p4_B.csv
?? stage2_6_1/artifacts/repair17/development/run_supervision/runs/v2c13eng2_20260911T005151_3574/v2_c13_engineering_v2/episodes/fit_main/fit_main_c1_opportunity_D0_p4_B.spec.json
?? stage2_6_1/artifacts/repair17/development/run_supervision/runs/v2c13eng2_20260911T005151_3574/v2_c13_engineering_v2/episodes/fit_main/fit_main_c1_opportunity_D0_p5_A.csv
?? stage2_6_1/artifacts/repair17/development/run_supervision/runs/v2c13eng2_20260911T005151_3574/v2_c13_engineering_v2/episodes/fit_main/fit_main_c1_opportunity_D0_p5_A.spec.json
?? stage2_6_1/artifacts/repair17/development/run_supervision/runs/v2c13eng2_20260911T005151_3574/v2_c13_engineering_v2/episodes/fit_main/fit_main_c1_opportunity_D0_p5_B.csv
?? stage2_6_1/artifacts/repair17/development/run_supervision/runs/v2c13eng2_20260911T005151_3574/v2_c13_engineering_v2/episodes/fit_main/fit_main_c1_opportunity_D0_p5_B.spec.json
?? stage2_6_1/artifacts/repair17/development/run_supervision/runs/v2c13eng2_20260911T005151_3574/v2_c13_engineering_v2/episodes/fit_main/fit_main_c1_opportunity_D1_p0_A.csv
?? stage2_6_1/artifacts/repair17/development/run_supervision/runs/v2c13eng2_20260911T005151_3574/v2_c13_engineering_v2/episodes/fit_main/fit_main_c1_opportunity_D1_p0_A.spec.json
?? stage2_6_1/artifacts/repair17/development/run_supervision/runs/v2c13eng2_20260911T005151_3574/v2_c13_engineering_v2/episodes/fit_main/fit_main_c1_opportunity_D1_p0_B.csv
?? stage2_6_1/artifacts/repair17/development/run_supervision/runs/v2c13eng2_20260911T005151_3574/v2_c13_engineering_v2/episodes/fit_main/fit_main_c1_opportunity_D1_p0_B.spec.json
?? stage2_6_1/artifacts/repair17/development/run_supervision/runs/v2c13eng2_20260911T005151_3574/v2_c13_engineering_v2/episodes/fit_main/fit_main_c1_opportunity_D1_p1_A.csv
?? stage2_6_1/artifacts/repair17/development/run_supervision/runs/v2c13eng2_20260911T005151_3574/v2_c13_engineering_v2/episodes/fit_main/fit_main_c1_opportunity_D1_p1_A.spec.json
?? stage2_6_1/artifacts/repair17/development/run_supervision/runs/v2c13eng2_20260911T005151_3574/v2_c13_engineering_v2/episodes/fit_main/fit_main_c1_opportunity_D1_p1_B.csv
?? stage2_6_1/artifacts/repair17/development/run_supervision/runs/v2c13eng2_20260911T005151_3574/v2_c13_engineering_v2/episodes/fit_main/fit_main_c1_opportunity_D1_p1_B.spec.json
?? stage2_6_1/artifacts/repair17/development/run_supervision/runs/v2c13eng2_20260911T005151_3574/v2_c13_engineering_v2/episodes/fit_main/fit_main_c1_opportunity_D1_p2_A.csv
?? stage2_6_1/artifacts/repair17/development/run_supervision/runs/v2c13eng2_20260911T005151_3574/v2_c13_engineering_v2/episodes/fit_main/fit_main_c1_opportunity_D1_p2_A.spec.json
?? stage2_6_1/artifacts/repair17/development/run_supervision/runs/v2c13eng2_20260911T005151_3574/v2_c13_engineering_v2/episodes/fit_main/fit_main_c1_opportunity_D1_p2_B.csv
?? stage2_6_1/artifacts/repair17/development/run_supervision/runs/v2c13eng2_20260911T005151_3574/v2_c13_engineering_v2/episodes/fit_main/fit_main_c1_opportunity_D1_p2_B.spec.json
?? stage2_6_1/artifacts/repair17/development/run_supervision/runs/v2c13eng2_20260911T005151_3574/v2_c13_engineering_v2/episodes/fit_main/fit_main_c1_opportunity_D1_p3_A.csv
?? stage2_6_1/artifacts/repair17/development/run_supervision/runs/v2c13eng2_20260911T005151_3574/v2_c13_engineering_v2/episodes/fit_main/fit_main_c1_opportunity_D1_p3_A.spec.json
?? stage2_6_1/artifacts/repair17/development/run_supervision/runs/v2c13eng2_20260911T005151_3574/v2_c13_engineering_v2/episodes/fit_main/fit_main_c1_opportunity_D1_p3_B.csv
?? stage2_6_1/artifacts/repair17/development/run_supervision/runs/v2c13eng2_20260911T005151_3574/v2_c13_engineering_v2/episodes/fit_main/fit_main_c1_opportunity_D1_p3_B.spec.json
?? stage2_6_1/artifacts/repair17/development/run_supervision/runs/v2c13eng2_20260911T005151_3574/v2_c13_engineering_v2/episodes/fit_main/fit_main_c1_opportunity_D1_p4_A.csv
?? stage2_6_1/artifacts/repair17/development/run_supervision/runs/v2c13eng2_20260911T005151_3574/v2_c13_engineering_v2/episodes/fit_main/fit_main_c1_opportunity_D1_p4_A.spec.json
?? stage2_6_1/artifacts/repair17/development/run_supervision/runs/v2c13eng2_20260911T005151_3574/v2_c13_engineering_v2/episodes/fit_main/fit_main_c1_opportunity_D1_p4_B.csv
?? stage2_6_1/artifacts/repair17/development/run_supervision/runs/v2c13eng2_20260911T005151_3574/v2_c13_engineering_v2/episodes/fit_main/fit_main_c1_opportunity_D1_p4_B.spec.json
?? stage2_6_1/artifacts/repair17/development/run_supervision/runs/v2c13eng2_20260911T005151_3574/v2_c13_engineering_v2/episodes/fit_main/fit_main_c1_opportunity_D1_p5_A.csv
?? stage2_6_1/artifacts/repair17/development/run_supervision/runs/v2c13eng2_20260911T005151_3574/v2_c13_engineering_v2/episodes/fit_main/fit_main_c1_opportunity_D1_p5_A.spec.json
?? stage2_6_1/artifacts/repair17/development/run_supervision/runs/v2c13eng2_20260911T005151_3574/v2_c13_engineering_v2/episodes/fit_main/fit_main_c1_opportunity_D1_p5_B.csv
?? stage2_6_1/artifacts/repair17/development/run_supervision/runs/v2c13eng2_20260911T005151_3574/v2_c13_engineering_v2/episodes/fit_main/fit_main_c1_opportunity_D1_p5_B.spec.json
?? stage2_6_1/artifacts/repair17/development/run_supervision/runs/v2c13eng2_20260911T005151_3574/v2_c13_engineering_v2/episodes/fit_main/fit_main_c1_opportunity_D2_p0_A.csv
?? stage2_6_1/artifacts/repair17/development/run_supervision/runs/v2c13eng2_20260911T005151_3574/v2_c13_engineering_v2/episodes/fit_main/fit_main_c1_opportunity_D2_p0_A.spec.json
?? stage2_6_1/artifacts/repair17/development/run_supervision/runs/v2c13eng2_20260911T005151_3574/v2_c13_engineering_v2/episodes/fit_main/fit_main_c1_opportunity_D2_p0_B.csv
?? stage2_6_1/artifacts/repair17/development/run_supervision/runs/v2c13eng2_20260911T005151_3574/v2_c13_engineering_v2/episodes/fit_main/fit_main_c1_opportunity_D2_p0_B.spec.json
?? stage2_6_1/artifacts/repair17/development/run_supervision/runs/v2c13eng2_20260911T005151_3574/v2_c13_engineering_v2/episodes/fit_main/fit_main_c1_opportunity_D2_p1_A.csv
?? stage2_6_1/artifacts/repair17/development/run_supervision/runs/v2c13eng2_20260911T005151_3574/v2_c13_engineering_v2/episodes/fit_main/fit_main_c1_opportunity_D2_p1_A.spec.json
?? stage2_6_1/artifacts/repair17/development/run_supervision/runs/v2c13eng2_20260911T005151_3574/v2_c13_engineering_v2/episodes/fit_main/fit_main_c1_opportunity_D2_p1_B.csv
?? stage2_6_1/artifacts/repair17/development/run_supervision/runs/v2c13eng2_20260911T005151_3574/v2_c13_engineering_v2/episodes/fit_main/fit_main_c1_opportunity_D2_p1_B.spec.json
?? stage2_6_1/artifacts/repair17/development/run_supervision/runs/v2c13eng2_20260911T005151_3574/v2_c13_engineering_v2/episodes/fit_main/fit_main_c1_opportunity_D2_p2_A.csv
?? stage2_6_1/artifacts/repair17/development/run_supervision/runs/v2c13eng2_20260911T005151_3574/v2_c13_engineering_v2/episodes/fit_main/fit_main_c1_opportunity_D2_p2_A.spec.json
?? stage2_6_1/artifacts/repair17/development/run_supervision/runs/v2c13eng2_20260911T005151_3574/v2_c13_engineering_v2/episodes/fit_main/fit_main_c1_opportunity_D2_p2_B.csv
?? stage2_6_1/artifacts/repair17/development/run_supervision/runs/v2c13eng2_20260911T005151_3574/v2_c13_engineering_v2/episodes/fit_main/fit_main_c1_opportunity_D2_p2_B.spec.json
?? stage2_6_1/artifacts/repair17/development/run_supervision/runs/v2c13eng2_20260911T005151_3574/v2_c13_engineering_v2/episodes/fit_main/fit_main_c1_opportunity_D2_p3_A.csv
?? stage2_6_1/artifacts/repair17/development/run_supervision/runs/v2c13eng2_20260911T005151_3574/v2_c13_engineering_v2/episodes/fit_main/fit_main_c1_opportunity_D2_p3_A.spec.json
?? stage2_6_1/artifacts/repair17/development/run_supervision/runs/v2c13eng2_20260911T005151_3574/v2_c13_engineering_v2/episodes/fit_main/fit_main_c1_opportunity_D2_p3_B.csv
?? stage2_6_1/artifacts/repair17/development/run_supervision/runs/v2c13eng2_20260911T005151_3574/v2_c13_engineering_v2/episodes/fit_main/fit_main_c1_opportunity_D2_p3_B.spec.json
?? stage2_6_1/artifacts/repair17/development/run_supervision/runs/v2c13eng2_20260911T005151_3574/v2_c13_engineering_v2/episodes/fit_main/fit_main_c1_opportunity_D2_p4_A.csv
?? stage2_6_1/artifacts/repair17/development/run_supervision/runs/v2c13eng2_20260911T005151_3574/v2_c13_engineering_v2/episodes/fit_main/fit_main_c1_opportunity_D2_p4_A.spec.json
?? stage2_6_1/artifacts/repair17/development/run_supervision/runs/v2c13eng2_20260911T005151_3574/v2_c13_engineering_v2/episodes/fit_main/fit_main_c1_opportunity_D2_p4_B.csv
?? stage2_6_1/artifacts/repair17/development/run_supervision/runs/v2c13eng2_20260911T005151_3574/v2_c13_engineering_v2/episodes/fit_main/fit_main_c1_opportunity_D2_p4_B.spec.json
?? stage2_6_1/artifacts/repair17/development/run_supervision/runs/v2c13eng2_20260911T005151_3574/v2_c13_engineering_v2/episodes/fit_main/fit_main_c1_opportunity_D2_p5_A.csv
?? stage2_6_1/artifacts/repair17/development/run_supervision/runs/v2c13eng2_20260911T005151_3574/v2_c13_engineering_v2/episodes/fit_main/fit_main_c1_opportunity_D2_p5_A.spec.json
?? stage2_6_1/artifacts/repair17/development/run_supervision/runs/v2c13eng2_20260911T005151_3574/v2_c13_engineering_v2/episodes/fit_main/fit_main_c1_opportunity_D2_p5_B.csv
?? stage2_6_1/artifacts/repair17/development/run_supervision/runs/v2c13eng2_20260911T005151_3574/v2_c13_engineering_v2/episodes/fit_main/fit_main_c1_opportunity_D2_p5_B.spec.json
?? stage2_6_1/artifacts/repair17/development/run_supervision/runs/v2c13eng2_20260911T005151_3574/v2_c13_engineering_v2/episodes/fit_main/fit_main_c1_opportunity_D3_p0_A.csv
?? stage2_6_1/artifacts/repair17/development/run_supervision/runs/v2c13eng2_20260911T005151_3574/v2_c13_engineering_v2/episodes/fit_main/fit_main_c1_opportunity_D3_p0_A.spec.json
?? stage2_6_1/artifacts/repair17/development/run_supervision/runs/v2c13eng2_20260911T005151_3574/v2_c13_engineering_v2/episodes/fit_main/fit_main_c1_opportunity_D3_p0_B.csv
?? stage2_6_1/artifacts/repair17/development/run_supervision/runs/v2c13eng2_20260911T005151_3574/v2_c13_engineering_v2/episodes/fit_main/fit_main_c1_opportunity_D3_p0_B.spec.json
?? stage2_6_1/artifacts/repair17/development/run_supervision/runs/v2c13eng2_20260911T005151_3574/v2_c13_engineering_v2/episodes/fit_main/fit_main_c1_opportunity_D3_p1_A.csv
?? stage2_6_1/artifacts/repair17/development/run_supervision/runs/v2c13eng2_20260911T005151_3574/v2_c13_engineering_v2/episodes/fit_main/fit_main_c1_opportunity_D3_p1_A.spec.json
?? stage2_6_1/artifacts/repair17/development/run_supervision/runs/v2c13eng2_20260911T005151_3574/v2_c13_engineering_v2/episodes/fit_main/fit_main_c1_opportunity_D3_p1_B.csv
?? stage2_6_1/artifacts/repair17/development/run_supervision/runs/v2c13eng2_20260911T005151_3574/v2_c13_engineering_v2/episodes/fit_main/fit_main_c1_opportunity_D3_p1_B.spec.json
?? stage2_6_1/artifacts/repair17/development/run_supervision/runs/v2c13eng2_20260911T005151_3574/v2_c13_engineering_v2/episodes/fit_main/fit_main_c1_opportunity_D3_p2_A.csv
?? stage2_6_1/artifacts/repair17/development/run_supervision/runs/v2c13eng2_20260911T005151_3574/v2_c13_engineering_v2/episodes/fit_main/fit_main_c1_opportunity_D3_p2_A.spec.json
?? stage2_6_1/artifacts/repair17/development/run_supervision/runs/v2c13eng2_20260911T005151_3574/v2_c13_engineering_v2/episodes/fit_main/fit_main_c1_opportunity_D3_p2_B.csv
?? stage2_6_1/artifacts/repair17/development/run_supervision/runs/v2c13eng2_20260911T005151_3574/v2_c13_engineering_v2/episodes/fit_main/fit_main_c1_opportunity_D3_p2_B.spec.json
?? stage2_6_1/artifacts/repair17/development/run_supervision/runs/v2c13eng2_20260911T005151_3574/v2_c13_engineering_v2/episodes/fit_main/fit_main_c1_opportunity_D3_p3_A.csv
?? stage2_6_1/artifacts/repair17/development/run_supervision/runs/v2c13eng2_20260911T005151_3574/v2_c13_engineering_v2/episodes/fit_main/fit_main_c1_opportunity_D3_p3_A.spec.json
?? stage2_6_1/artifacts/repair17/development/run_supervision/runs/v2c13eng2_20260911T005151_3574/v2_c13_engineering_v2/episodes/fit_main/fit_main_c1_opportunity_D3_p3_B.csv
?? stage2_6_1/artifacts/repair17/development/run_supervision/runs/v2c13eng2_20260911T005151_3574/v2_c13_engineering_v2/episodes/fit_main/fit_main_c1_opportunity_D3_p3_B.spec.json
?? stage2_6_1/artifacts/repair17/development/run_supervision/runs/v2c13eng2_20260911T005151_3574/v2_c13_engineering_v2/episodes/fit_main/fit_main_c1_opportunity_D3_p4_A.csv
?? stage2_6_1/artifacts/repair17/development/run_supervision/runs/v2c13eng2_20260911T005151_3574/v2_c13_engineering_v2/episodes/fit_main/fit_main_c1_opportunity_D3_p4_A.spec.json
?? stage2_6_1/artifacts/repair17/development/run_supervision/runs/v2c13eng2_20260911T005151_3574/v2_c13_engineering_v2/episodes/fit_main/fit_main_c1_opportunity_D3_p4_B.csv
?? stage2_6_1/artifacts/repair17/development/run_supervision/runs/v2c13eng2_20260911T005151_3574/v2_c13_engineering_v2/episodes/fit_main/fit_main_c1_opportunity_D3_p4_B.spec.json
?? stage2_6_1/artifacts/repair17/development/run_supervision/runs/v2c13eng2_20260911T005151_3574/v2_c13_engineering_v2/episodes/fit_main/fit_main_c1_opportunity_D3_p5_A.csv
?? stage2_6_1/artifacts/repair17/development/run_supervision/runs/v2c13eng2_20260911T005151_3574/v2_c13_engineering_v2/episodes/fit_main/fit_main_c1_opportunity_D3_p5_A.spec.json
?? stage2_6_1/artifacts/repair17/development/run_supervision/runs/v2c13eng2_20260911T005151_3574/v2_c13_engineering_v2/episodes/fit_main/fit_main_c1_opportunity_D3_p5_B.csv
?? stage2_6_1/artifacts/repair17/development/run_supervision/runs/v2c13eng2_20260911T005151_3574/v2_c13_engineering_v2/episodes/fit_main/fit_main_c1_opportunity_D3_p5_B.spec.json
?? stage2_6_1/artifacts/repair17/development/run_supervision/runs/v2c13eng2_20260911T005151_3574/v2_c13_engineering_v2/episodes/fit_main/fit_main_c2_context_D0_p0_A.csv
?? stage2_6_1/artifacts/repair17/development/run_supervision/runs/v2c13eng2_20260911T005151_3574/v2_c13_engineering_v2/episodes/fit_main/fit_main_c2_context_D0_p0_A.spec.json
?? stage2_6_1/artifacts/repair17/development/run_supervision/runs/v2c13eng2_20260911T005151_3574/v2_c13_engineering_v2/episodes/fit_main/fit_main_c2_context_D0_p0_B.csv
?? stage2_6_1/artifacts/repair17/development/run_supervision/runs/v2c13eng2_20260911T005151_3574/v2_c13_engineering_v2/episodes/fit_main/fit_main_c2_context_D0_p0_B.spec.json
?? stage2_6_1/artifacts/repair17/development/run_supervision/runs/v2c13eng2_20260911T005151_3574/v2_c13_engineering_v2/episodes/fit_main/fit_main_c2_context_D0_p1_A.csv
?? stage2_6_1/artifacts/repair17/development/run_supervision/runs/v2c13eng2_20260911T005151_3574/v2_c13_engineering_v2/episodes/fit_main/fit_main_c2_context_D0_p1_A.spec.json
?? stage2_6_1/artifacts/repair17/development/run_supervision/runs/v2c13eng2_20260911T005151_3574/v2_c13_engineering_v2/episodes/fit_main/fit_main_c2_context_D0_p1_B.csv
?? stage2_6_1/artifacts/repair17/development/run_supervision/runs/v2c13eng2_20260911T005151_3574/v2_c13_engineering_v2/episodes/fit_main/fit_main_c2_context_D0_p1_B.spec.json
?? stage2_6_1/artifacts/repair17/development/run_supervision/runs/v2c13eng2_20260911T005151_3574/v2_c13_engineering_v2/episodes/fit_main/fit_main_c2_context_D0_p2_A.csv
?? stage2_6_1/artifacts/repair17/development/run_supervision/runs/v2c13eng2_20260911T005151_3574/v2_c13_engineering_v2/episodes/fit_main/fit_main_c2_context_D0_p2_A.spec.json
?? stage2_6_1/artifacts/repair17/development/run_supervision/runs/v2c13eng2_20260911T005151_3574/v2_c13_engineering_v2/episodes/fit_main/fit_main_c2_context_D0_p2_B.csv
?? stage2_6_1/artifacts/repair17/development/run_supervision/runs/v2c13eng2_20260911T005151_3574/v2_c13_engineering_v2/episodes/fit_main/fit_main_c2_context_D0_p2_B.spec.json
?? stage2_6_1/artifacts/repair17/development/run_supervision/runs/v2c13eng2_20260911T005151_3574/v2_c13_engineering_v2/episodes/fit_main/fit_main_c2_context_D0_p3_A.csv
?? stage2_6_1/artifacts/repair17/development/run_supervision/runs/v2c13eng2_20260911T005151_3574/v2_c13_engineering_v2/episodes/fit_main/fit_main_c2_context_D0_p3_A.spec.json
?? stage2_6_1/artifacts/repair17/development/run_supervision/runs/v2c13eng2_20260911T005151_3574/v2_c13_engineering_v2/episodes/fit_main/fit_main_c2_context_D0_p3_B.csv
?? stage2_6_1/artifacts/repair17/development/run_supervision/runs/v2c13eng2_20260911T005151_3574/v2_c13_engineering_v2/episodes/fit_main/fit_main_c2_context_D0_p3_B.spec.json
?? stage2_6_1/artifacts/repair17/development/run_supervision/runs/v2c13eng2_20260911T005151_3574/v2_c13_engineering_v2/episodes/fit_main/fit_main_c2_context_D0_p4_A.csv
?? stage2_6_1/artifacts/repair17/development/run_supervision/runs/v2c13eng2_20260911T005151_3574/v2_c13_engineering_v2/episodes/fit_main/fit_main_c2_context_D0_p4_A.spec.json
?? stage2_6_1/artifacts/repair17/development/run_supervision/runs/v2c13eng2_20260911T005151_3574/v2_c13_engineering_v2/episodes/fit_main/fit_main_c2_context_D0_p4_B.csv
?? stage2_6_1/artifacts/repair17/development/run_supervision/runs/v2c13eng2_20260911T005151_3574/v2_c13_engineering_v2/episodes/fit_main/fit_main_c2_context_D0_p4_B.spec.json
?? stage2_6_1/artifacts/repair17/development/run_supervision/runs/v2c13eng2_20260911T005151_3574/v2_c13_engineering_v2/episodes/fit_main/fit_main_c2_context_D0_p5_A.csv
?? stage2_6_1/artifacts/repair17/development/run_supervision/runs/v2c13eng2_20260911T005151_3574/v2_c13_engineering_v2/episodes/fit_main/fit_main_c2_context_D0_p5_A.spec.json
?? stage2_6_1/artifacts/repair17/development/run_supervision/runs/v2c13eng2_20260911T005151_3574/v2_c13_engineering_v2/episodes/fit_main/fit_main_c2_context_D0_p5_B.csv
?? stage2_6_1/artifacts/repair17/development/run_supervision/runs/v2c13eng2_20260911T005151_3574/v2_c13_engineering_v2/episodes/fit_main/fit_main_c2_context_D0_p5_B.spec.json
?? stage2_6_1/artifacts/repair17/development/run_supervision/runs/v2c13eng2_20260911T005151_3574/v2_c13_engineering_v2/episodes/fit_main/fit_main_c2_context_D1_p0_A.csv
?? stage2_6_1/artifacts/repair17/development/run_supervision/runs/v2c13eng2_20260911T005151_3574/v2_c13_engineering_v2/episodes/fit_main/fit_main_c2_context_D1_p0_A.spec.json
?? stage2_6_1/artifacts/repair17/development/run_supervision/runs/v2c13eng2_20260911T005151_3574/v2_c13_engineering_v2/episodes/fit_main/fit_main_c2_context_D1_p0_B.csv
?? stage2_6_1/artifacts/repair17/development/run_supervision/runs/v2c13eng2_20260911T005151_3574/v2_c13_engineering_v2/episodes/fit_main/fit_main_c2_context_D1_p0_B.spec.json
?? stage2_6_1/artifacts/repair17/development/run_supervision/runs/v2c13eng2_20260911T005151_3574/v2_c13_engineering_v2/episodes/fit_main/fit_main_c2_context_D1_p1_A.csv
?? stage2_6_1/artifacts/repair17/development/run_supervision/runs/v2c13eng2_20260911T005151_3574/v2_c13_engineering_v2/episodes/fit_main/fit_main_c2_context_D1_p1_A.spec.json
?? stage2_6_1/artifacts/repair17/development/run_supervision/runs/v2c13eng2_20260911T005151_3574/v2_c13_engineering_v2/episodes/fit_main/fit_main_c2_context_D1_p1_B.csv
?? stage2_6_1/artifacts/repair17/development/run_supervision/runs/v2c13eng2_20260911T005151_3574/v2_c13_engineering_v2/episodes/fit_main/fit_main_c2_context_D1_p1_B.spec.json
?? stage2_6_1/artifacts/repair17/development/run_supervision/runs/v2c13eng2_20260911T005151_3574/v2_c13_engineering_v2/episodes/fit_main/fit_main_c2_context_D1_p2_A.csv
?? stage2_6_1/artifacts/repair17/development/run_supervision/runs/v2c13eng2_20260911T005151_3574/v2_c13_engineering_v2/episodes/fit_main/fit_main_c2_context_D1_p2_A.spec.json
?? stage2_6_1/artifacts/repair17/development/run_supervision/runs/v2c13eng2_20260911T005151_3574/v2_c13_engineering_v2/episodes/fit_main/fit_main_c2_context_D1_p2_B.csv
?? stage2_6_1/artifacts/repair17/development/run_supervision/runs/v2c13eng2_20260911T005151_3574/v2_c13_engineering_v2/episodes/fit_main/fit_main_c2_context_D1_p2_B.spec.json
?? stage2_6_1/artifacts/repair17/development/run_supervision/runs/v2c13eng2_20260911T005151_3574/v2_c13_engineering_v2/episodes/fit_main/fit_main_c2_context_D1_p3_A.csv
?? stage2_6_1/artifacts/repair17/development/run_supervision/runs/v2c13eng2_20260911T005151_3574/v2_c13_engineering_v2/episodes/fit_main/fit_main_c2_context_D1_p3_A.spec.json
?? stage2_6_1/artifacts/repair17/development/run_supervision/runs/v2c13eng2_20260911T005151_3574/v2_c13_engineering_v2/episodes/fit_main/fit_main_c2_context_D1_p3_B.csv
?? stage2_6_1/artifacts/repair17/development/run_supervision/runs/v2c13eng2_20260911T005151_3574/v2_c13_engineering_v2/episodes/fit_main/fit_main_c2_context_D1_p3_B.spec.json
?? stage2_6_1/artifacts/repair17/development/run_supervision/runs/v2c13eng2_20260911T005151_3574/v2_c13_engineering_v2/episodes/fit_main/fit_main_c2_context_D1_p4_A.csv
?? stage2_6_1/artifacts/repair17/development/run_supervision/runs/v2c13eng2_20260911T005151_3574/v2_c13_engineering_v2/episodes/fit_main/fit_main_c2_context_D1_p4_A.spec.json
?? stage2_6_1/artifacts/repair17/development/run_supervision/runs/v2c13eng2_20260911T005151_3574/v2_c13_engineering_v2/episodes/fit_main/fit_main_c2_context_D1_p4_B.csv
?? stage2_6_1/artifacts/repair17/development/run_supervision/runs/v2c13eng2_20260911T005151_3574/v2_c13_engineering_v2/episodes/fit_main/fit_main_c2_context_D1_p4_B.spec.json
?? stage2_6_1/artifacts/repair17/development/run_supervision/runs/v2c13eng2_20260911T005151_3574/v2_c13_engineering_v2/episodes/fit_main/fit_main_c2_context_D1_p5_A.csv
?? stage2_6_1/artifacts/repair17/development/run_supervision/runs/v2c13eng2_20260911T005151_3574/v2_c13_engineering_v2/episodes/fit_main/fit_main_c2_context_D1_p5_A.spec.json
?? stage2_6_1/artifacts/repair17/development/run_supervision/runs/v2c13eng2_20260911T005151_3574/v2_c13_engineering_v2/episodes/fit_main/fit_main_c2_context_D1_p5_B.csv
?? stage2_6_1/artifacts/repair17/development/run_supervision/runs/v2c13eng2_20260911T005151_3574/v2_c13_engineering_v2/episodes/fit_main/fit_main_c2_context_D1_p5_B.spec.json
?? stage2_6_1/artifacts/repair17/development/run_supervision/runs/v2c13eng2_20260911T005151_3574/v2_c13_engineering_v2/episodes/fit_main/fit_main_c2_context_D2_p0_A.csv
?? stage2_6_1/artifacts/repair17/development/run_supervision/runs/v2c13eng2_20260911T005151_3574/v2_c13_engineering_v2/episodes/fit_main/fit_main_c2_context_D2_p0_A.spec.json
?? stage2_6_1/artifacts/repair17/development/run_supervision/runs/v2c13eng2_20260911T005151_3574/v2_c13_engineering_v2/episodes/fit_main/fit_main_c2_context_D2_p0_B.csv
?? stage2_6_1/artifacts/repair17/development/run_supervision/runs/v2c13eng2_20260911T005151_3574/v2_c13_engineering_v2/episodes/fit_main/fit_main_c2_context_D2_p0_B.spec.json
?? stage2_6_1/artifacts/repair17/development/run_supervision/runs/v2c13eng2_20260911T005151_3574/v2_c13_engineering_v2/episodes/fit_main/fit_main_c2_context_D2_p1_A.csv
?? stage2_6_1/artifacts/repair17/development/run_supervision/runs/v2c13eng2_20260911T005151_3574/v2_c13_engineering_v2/episodes/fit_main/fit_main_c2_context_D2_p1_A.spec.json
?? stage2_6_1/artifacts/repair17/development/run_supervision/runs/v2c13eng2_20260911T005151_3574/v2_c13_engineering_v2/episodes/fit_main/fit_main_c2_context_D2_p1_B.csv
?? stage2_6_1/artifacts/repair17/development/run_supervision/runs/v2c13eng2_20260911T005151_3574/v2_c13_engineering_v2/episodes/fit_main/fit_main_c2_context_D2_p1_B.spec.json
?? stage2_6_1/artifacts/repair17/development/run_supervision/runs/v2c13eng2_20260911T005151_3574/v2_c13_engineering_v2/episodes/fit_main/fit_main_c2_context_D2_p2_A.csv
?? stage2_6_1/artifacts/repair17/development/run_supervision/runs/v2c13eng2_20260911T005151_3574/v2_c13_engineering_v2/episodes/fit_main/fit_main_c2_context_D2_p2_A.spec.json
?? stage2_6_1/artifacts/repair17/development/run_supervision/runs/v2c13eng2_20260911T005151_3574/v2_c13_engineering_v2/episodes/fit_main/fit_main_c2_context_D2_p2_B.csv
?? stage2_6_1/artifacts/repair17/development/run_supervision/runs/v2c13eng2_20260911T005151_3574/v2_c13_engineering_v2/episodes/fit_main/fit_main_c2_context_D2_p2_B.spec.json
?? stage2_6_1/artifacts/repair17/development/run_supervision/runs/v2c13eng2_20260911T005151_3574/v2_c13_engineering_v2/episodes/fit_main/fit_main_c2_context_D2_p3_A.csv
?? stage2_6_1/artifacts/repair17/development/run_supervision/runs/v2c13eng2_20260911T005151_3574/v2_c13_engineering_v2/episodes/fit_main/fit_main_c2_context_D2_p3_A.spec.json
?? stage2_6_1/artifacts/repair17/development/run_supervision/runs/v2c13eng2_20260911T005151_3574/v2_c13_engineering_v2/episodes/fit_main/fit_main_c2_context_D2_p3_B.csv
?? stage2_6_1/artifacts/repair17/development/run_supervision/runs/v2c13eng2_20260911T005151_3574/v2_c13_engineering_v2/episodes/fit_main/fit_main_c2_context_D2_p3_B.spec.json
?? stage2_6_1/artifacts/repair17/development/run_supervision/runs/v2c13eng2_20260911T005151_3574/v2_c13_engineering_v2/episodes/fit_main/fit_main_c2_context_D2_p4_A.csv
?? stage2_6_1/artifacts/repair17/development/run_supervision/runs/v2c13eng2_20260911T005151_3574/v2_c13_engineering_v2/episodes/fit_main/fit_main_c2_context_D2_p4_A.spec.json
?? stage2_6_1/artifacts/repair17/development/run_supervision/runs/v2c13eng2_20260911T005151_3574/v2_c13_engineering_v2/episodes/fit_main/fit_main_c2_context_D2_p4_B.csv
?? stage2_6_1/artifacts/repair17/development/run_supervision/runs/v2c13eng2_20260911T005151_3574/v2_c13_engineering_v2/episodes/fit_main/fit_main_c2_context_D2_p4_B.spec.json
?? stage2_6_1/artifacts/repair17/development/run_supervision/runs/v2c13eng2_20260911T005151_3574/v2_c13_engineering_v2/episodes/fit_main/fit_main_c2_context_D2_p5_A.csv
?? stage2_6_1/artifacts/repair17/development/run_supervision/runs/v2c13eng2_20260911T005151_3574/v2_c13_engineering_v2/episodes/fit_main/fit_main_c2_context_D2_p5_A.spec.json
?? stage2_6_1/artifacts/repair17/development/run_supervision/runs/v2c13eng2_20260911T005151_3574/v2_c13_engineering_v2/episodes/fit_main/fit_main_c2_context_D2_p5_B.csv
?? stage2_6_1/artifacts/repair17/development/run_supervision/runs/v2c13eng2_20260911T005151_3574/v2_c13_engineering_v2/episodes/fit_main/fit_main_c2_context_D2_p5_B.spec.json
?? stage2_6_1/artifacts/repair17/development/run_supervision/runs/v2c13eng2_20260911T005151_3574/v2_c13_engineering_v2/episodes/fit_main/fit_main_c2_context_D3_p0_A.csv
?? stage2_6_1/artifacts/repair17/development/run_supervision/runs/v2c13eng2_20260911T005151_3574/v2_c13_engineering_v2/episodes/fit_main/fit_main_c2_context_D3_p0_A.spec.json
?? stage2_6_1/artifacts/repair17/development/run_supervision/runs/v2c13eng2_20260911T005151_3574/v2_c13_engineering_v2/episodes/fit_main/fit_main_c2_context_D3_p0_B.csv
?? stage2_6_1/artifacts/repair17/development/run_supervision/runs/v2c13eng2_20260911T005151_3574/v2_c13_engineering_v2/episodes/fit_main/fit_main_c2_context_D3_p0_B.spec.json
?? stage2_6_1/artifacts/repair17/development/run_supervision/runs/v2c13eng2_20260911T005151_3574/v2_c13_engineering_v2/episodes/fit_main/fit_main_c2_context_D3_p1_A.csv
?? stage2_6_1/artifacts/repair17/development/run_supervision/runs/v2c13eng2_20260911T005151_3574/v2_c13_engineering_v2/episodes/fit_main/fit_main_c2_context_D3_p1_A.spec.json
?? stage2_6_1/artifacts/repair17/development/run_supervision/runs/v2c13eng2_20260911T005151_3574/v2_c13_engineering_v2/episodes/fit_main/fit_main_c2_context_D3_p1_B.csv
?? stage2_6_1/artifacts/repair17/development/run_supervision/runs/v2c13eng2_20260911T005151_3574/v2_c13_engineering_v2/episodes/fit_main/fit_main_c2_context_D3_p1_B.spec.json
?? stage2_6_1/artifacts/repair17/development/run_supervision/runs/v2c13eng2_20260911T005151_3574/v2_c13_engineering_v2/episodes/fit_main/fit_main_c2_context_D3_p2_A.csv
?? stage2_6_1/artifacts/repair17/development/run_supervision/runs/v2c13eng2_20260911T005151_3574/v2_c13_engineering_v2/episodes/fit_main/fit_main_c2_context_D3_p2_A.spec.json
?? stage2_6_1/artifacts/repair17/development/run_supervision/runs/v2c13eng2_20260911T005151_3574/v2_c13_engineering_v2/episodes/fit_main/fit_main_c2_context_D3_p2_B.csv
?? stage2_6_1/artifacts/repair17/development/run_supervision/runs/v2c13eng2_20260911T005151_3574/v2_c13_engineering_v2/episodes/fit_main/fit_main_c2_context_D3_p2_B.spec.json
?? stage2_6_1/artifacts/repair17/development/run_supervision/runs/v2c13eng2_20260911T005151_3574/v2_c13_engineering_v2/episodes/fit_main/fit_main_c2_context_D3_p3_A.csv
?? stage2_6_1/artifacts/repair17/development/run_supervision/runs/v2c13eng2_20260911T005151_3574/v2_c13_engineering_v2/episodes/fit_main/fit_main_c2_context_D3_p3_A.spec.json
?? stage2_6_1/artifacts/repair17/development/run_supervision/runs/v2c13eng2_20260911T005151_3574/v2_c13_engineering_v2/episodes/fit_main/fit_main_c2_context_D3_p3_B.csv
?? stage2_6_1/artifacts/repair17/development/run_supervision/runs/v2c13eng2_20260911T005151_3574/v2_c13_engineering_v2/episodes/fit_main/fit_main_c2_context_D3_p3_B.spec.json
?? stage2_6_1/artifacts/repair17/development/run_supervision/runs/v2c13eng2_20260911T005151_3574/v2_c13_engineering_v2/episodes/fit_main/fit_main_c2_context_D3_p4_A.csv
?? stage2_6_1/artifacts/repair17/development/run_supervision/runs/v2c13eng2_20260911T005151_3574/v2_c13_engineering_v2/episodes/fit_main/fit_main_c2_context_D3_p4_A.spec.json
?? stage2_6_1/artifacts/repair17/development/run_supervision/runs/v2c13eng2_20260911T005151_3574/v2_c13_engineering_v2/episodes/fit_main/fit_main_c2_context_D3_p4_B.csv
?? stage2_6_1/artifacts/repair17/development/run_supervision/runs/v2c13eng2_20260911T005151_3574/v2_c13_engineering_v2/episodes/fit_main/fit_main_c2_context_D3_p4_B.spec.json
?? stage2_6_1/artifacts/repair17/development/run_supervision/runs/v2c13eng2_20260911T005151_3574/v2_c13_engineering_v2/episodes/fit_main/fit_main_c2_context_D3_p5_A.csv
?? stage2_6_1/artifacts/repair17/development/run_supervision/runs/v2c13eng2_20260911T005151_3574/v2_c13_engineering_v2/episodes/fit_main/fit_main_c2_context_D3_p5_A.spec.json
?? stage2_6_1/artifacts/repair17/development/run_supervision/runs/v2c13eng2_20260911T005151_3574/v2_c13_engineering_v2/episodes/fit_main/fit_main_c2_context_D3_p5_B.csv
?? stage2_6_1/artifacts/repair17/development/run_supervision/runs/v2c13eng2_20260911T005151_3574/v2_c13_engineering_v2/episodes/fit_main/fit_main_c2_context_D3_p5_B.spec.json
?? stage2_6_1/artifacts/repair17/development/run_supervision/runs/v2c13eng2_20260911T005151_3574/v2_c13_engineering_v2/episodes/fit_main/fit_main_c3_cost_D0_p0_A.csv
?? stage2_6_1/artifacts/repair17/development/run_supervision/runs/v2c13eng2_20260911T005151_3574/v2_c13_engineering_v2/episodes/fit_main/fit_main_c3_cost_D0_p0_A.spec.json
?? stage2_6_1/artifacts/repair17/development/run_supervision/runs/v2c13eng2_20260911T005151_3574/v2_c13_engineering_v2/episodes/fit_main/fit_main_c3_cost_D0_p0_B.csv
?? stage2_6_1/artifacts/repair17/development/run_supervision/runs/v2c13eng2_20260911T005151_3574/v2_c13_engineering_v2/episodes/fit_main/fit_main_c3_cost_D0_p0_B.spec.json
?? stage2_6_1/artifacts/repair17/development/run_supervision/runs/v2c13eng2_20260911T005151_3574/v2_c13_engineering_v2/episodes/fit_main/fit_main_c3_cost_D0_p1_A.csv
?? stage2_6_1/artifacts/repair17/development/run_supervision/runs/v2c13eng2_20260911T005151_3574/v2_c13_engineering_v2/episodes/fit_main/fit_main_c3_cost_D0_p1_A.spec.json
?? stage2_6_1/artifacts/repair17/development/run_supervision/runs/v2c13eng2_20260911T005151_3574/v2_c13_engineering_v2/episodes/fit_main/fit_main_c3_cost_D0_p1_B.csv
?? stage2_6_1/artifacts/repair17/development/run_supervision/runs/v2c13eng2_20260911T005151_3574/v2_c13_engineering_v2/episodes/fit_main/fit_main_c3_cost_D0_p1_B.spec.json
?? stage2_6_1/artifacts/repair17/development/run_supervision/runs/v2c13eng2_20260911T005151_3574/v2_c13_engineering_v2/episodes/fit_main/fit_main_c3_cost_D0_p2_A.csv
?? stage2_6_1/artifacts/repair17/development/run_supervision/runs/v2c13eng2_20260911T005151_3574/v2_c13_engineering_v2/episodes/fit_main/fit_main_c3_cost_D0_p2_A.spec.json
?? stage2_6_1/artifacts/repair17/development/run_supervision/runs/v2c13eng2_20260911T005151_3574/v2_c13_engineering_v2/episodes/fit_main/fit_main_c3_cost_D0_p2_B.csv
?? stage2_6_1/artifacts/repair17/development/run_supervision/runs/v2c13eng2_20260911T005151_3574/v2_c13_engineering_v2/episodes/fit_main/fit_main_c3_cost_D0_p2_B.spec.json
?? stage2_6_1/artifacts/repair17/development/run_supervision/runs/v2c13eng2_20260911T005151_3574/v2_c13_engineering_v2/episodes/fit_main/fit_main_c3_cost_D0_p3_A.csv
?? stage2_6_1/artifacts/repair17/development/run_supervision/runs/v2c13eng2_20260911T005151_3574/v2_c13_engineering_v2/episodes/fit_main/fit_main_c3_cost_D0_p3_A.spec.json
?? stage2_6_1/artifacts/repair17/development/run_supervision/runs/v2c13eng2_20260911T005151_3574/v2_c13_engineering_v2/episodes/fit_main/fit_main_c3_cost_D0_p3_B.csv
?? stage2_6_1/artifacts/repair17/development/run_supervision/runs/v2c13eng2_20260911T005151_3574/v2_c13_engineering_v2/episodes/fit_main/fit_main_c3_cost_D0_p3_B.spec.json
?? stage2_6_1/artifacts/repair17/development/run_supervision/runs/v2c13eng2_20260911T005151_3574/v2_c13_engineering_v2/episodes/fit_main/fit_main_c3_cost_D0_p4_A.csv
?? stage2_6_1/artifacts/repair17/development/run_supervision/runs/v2c13eng2_20260911T005151_3574/v2_c13_engineering_v2/episodes/fit_main/fit_main_c3_cost_D0_p4_A.spec.json
?? stage2_6_1/artifacts/repair17/development/run_supervision/runs/v2c13eng2_20260911T005151_3574/v2_c13_engineering_v2/episodes/fit_main/fit_main_c3_cost_D0_p4_B.csv
?? stage2_6_1/artifacts/repair17/development/run_supervision/runs/v2c13eng2_20260911T005151_3574/v2_c13_engineering_v2/episodes/fit_main/fit_main_c3_cost_D0_p4_B.spec.json
?? stage2_6_1/artifacts/repair17/development/run_supervision/runs/v2c13eng2_20260911T005151_3574/v2_c13_engineering_v2/episodes/fit_main/fit_main_c3_cost_D0_p5_A.csv
?? stage2_6_1/artifacts/repair17/development/run_supervision/runs/v2c13eng2_20260911T005151_3574/v2_c13_engineering_v2/episodes/fit_main/fit_main_c3_cost_D0_p5_A.spec.json
?? stage2_6_1/artifacts/repair17/development/run_supervision/runs/v2c13eng2_20260911T005151_3574/v2_c13_engineering_v2/episodes/fit_main/fit_main_c3_cost_D0_p5_B.csv
?? stage2_6_1/artifacts/repair17/development/run_supervision/runs/v2c13eng2_20260911T005151_3574/v2_c13_engineering_v2/episodes/fit_main/fit_main_c3_cost_D0_p5_B.spec.json
?? stage2_6_1/artifacts/repair17/development/run_supervision/runs/v2c13eng2_20260911T005151_3574/v2_c13_engineering_v2/episodes/fit_main/fit_main_c3_cost_D1_p0_A.csv
?? stage2_6_1/artifacts/repair17/development/run_supervision/runs/v2c13eng2_20260911T005151_3574/v2_c13_engineering_v2/episodes/fit_main/fit_main_c3_cost_D1_p0_A.spec.json
?? stage2_6_1/artifacts/repair17/development/run_supervision/runs/v2c13eng2_20260911T005151_3574/v2_c13_engineering_v2/episodes/fit_main/fit_main_c3_cost_D1_p0_B.csv
?? stage2_6_1/artifacts/repair17/development/run_supervision/runs/v2c13eng2_20260911T005151_3574/v2_c13_engineering_v2/episodes/fit_main/fit_main_c3_cost_D1_p0_B.spec.json
?? stage2_6_1/artifacts/repair17/development/run_supervision/runs/v2c13eng2_20260911T005151_3574/v2_c13_engineering_v2/episodes/fit_main/fit_main_c3_cost_D1_p1_A.csv
?? stage2_6_1/artifacts/repair17/development/run_supervision/runs/v2c13eng2_20260911T005151_3574/v2_c13_engineering_v2/episodes/fit_main/fit_main_c3_cost_D1_p1_A.spec.json
?? stage2_6_1/artifacts/repair17/development/run_supervision/runs/v2c13eng2_20260911T005151_3574/v2_c13_engineering_v2/episodes/fit_main/fit_main_c3_cost_D1_p1_B.csv
?? stage2_6_1/artifacts/repair17/development/run_supervision/runs/v2c13eng2_20260911T005151_3574/v2_c13_engineering_v2/episodes/fit_main/fit_main_c3_cost_D1_p1_B.spec.json
?? stage2_6_1/artifacts/repair17/development/run_supervision/runs/v2c13eng2_20260911T005151_3574/v2_c13_engineering_v2/episodes/fit_main/fit_main_c3_cost_D1_p2_A.csv
?? stage2_6_1/artifacts/repair17/development/run_supervision/runs/v2c13eng2_20260911T005151_3574/v2_c13_engineering_v2/episodes/fit_main/fit_main_c3_cost_D1_p2_A.spec.json
?? stage2_6_1/artifacts/repair17/development/run_supervision/runs/v2c13eng2_20260911T005151_3574/v2_c13_engineering_v2/episodes/fit_main/fit_main_c3_cost_D1_p2_B.csv
?? stage2_6_1/artifacts/repair17/development/run_supervision/runs/v2c13eng2_20260911T005151_3574/v2_c13_engineering_v2/episodes/fit_main/fit_main_c3_cost_D1_p2_B.spec.json
?? stage2_6_1/artifacts/repair17/development/run_supervision/runs/v2c13eng2_20260911T005151_3574/v2_c13_engineering_v2/episodes/fit_main/fit_main_c3_cost_D1_p3_A.csv
?? stage2_6_1/artifacts/repair17/development/run_supervision/runs/v2c13eng2_20260911T005151_3574/v2_c13_engineering_v2/episodes/fit_main/fit_main_c3_cost_D1_p3_A.spec.json
?? stage2_6_1/artifacts/repair17/development/run_supervision/runs/v2c13eng2_20260911T005151_3574/v2_c13_engineering_v2/episodes/fit_main/fit_main_c3_cost_D1_p3_B.csv
?? stage2_6_1/artifacts/repair17/development/run_supervision/runs/v2c13eng2_20260911T005151_3574/v2_c13_engineering_v2/episodes/fit_main/fit_main_c3_cost_D1_p3_B.spec.json
?? stage2_6_1/artifacts/repair17/development/run_supervision/runs/v2c13eng2_20260911T005151_3574/v2_c13_engineering_v2/episodes/fit_main/fit_main_c3_cost_D1_p4_A.csv
?? stage2_6_1/artifacts/repair17/development/run_supervision/runs/v2c13eng2_20260911T005151_3574/v2_c13_engineering_v2/episodes/fit_main/fit_main_c3_cost_D1_p4_A.spec.json
?? stage2_6_1/artifacts/repair17/development/run_supervision/runs/v2c13eng2_20260911T005151_3574/v2_c13_engineering_v2/episodes/fit_main/fit_main_c3_cost_D1_p4_B.csv
?? stage2_6_1/artifacts/repair17/development/run_supervision/runs/v2c13eng2_20260911T005151_3574/v2_c13_engineering_v2/episodes/fit_main/fit_main_c3_cost_D1_p4_B.spec.json
?? stage2_6_1/artifacts/repair17/development/run_supervision/runs/v2c13eng2_20260911T005151_3574/v2_c13_engineering_v2/episodes/fit_main/fit_main_c3_cost_D1_p5_A.csv
?? stage2_6_1/artifacts/repair17/development/run_supervision/runs/v2c13eng2_20260911T005151_3574/v2_c13_engineering_v2/episodes/fit_main/fit_main_c3_cost_D1_p5_A.spec.json
?? stage2_6_1/artifacts/repair17/development/run_supervision/runs/v2c13eng2_20260911T005151_3574/v2_c13_engineering_v2/episodes/fit_main/fit_main_c3_cost_D1_p5_B.csv
?? stage2_6_1/artifacts/repair17/development/run_supervision/runs/v2c13eng2_20260911T005151_3574/v2_c13_engineering_v2/episodes/fit_main/fit_main_c3_cost_D1_p5_B.spec.json
?? stage2_6_1/artifacts/repair17/development/run_supervision/runs/v2c13eng2_20260911T005151_3574/v2_c13_engineering_v2/episodes/fit_main/fit_main_c3_cost_D2_p0_A.csv
?? stage2_6_1/artifacts/repair17/development/run_supervision/runs/v2c13eng2_20260911T005151_3574/v2_c13_engineering_v2/episodes/fit_main/fit_main_c3_cost_D2_p0_A.spec.json
?? stage2_6_1/artifacts/repair17/development/run_supervision/runs/v2c13eng2_20260911T005151_3574/v2_c13_engineering_v2/episodes/fit_main/fit_main_c3_cost_D2_p0_B.csv
?? stage2_6_1/artifacts/repair17/development/run_supervision/runs/v2c13eng2_20260911T005151_3574/v2_c13_engineering_v2/episodes/fit_main/fit_main_c3_cost_D2_p0_B.spec.json
?? stage2_6_1/artifacts/repair17/development/run_supervision/runs/v2c13eng2_20260911T005151_3574/v2_c13_engineering_v2/episodes/fit_main/fit_main_c3_cost_D2_p1_A.csv
?? stage2_6_1/artifacts/repair17/development/run_supervision/runs/v2c13eng2_20260911T005151_3574/v2_c13_engineering_v2/episodes/fit_main/fit_main_c3_cost_D2_p1_A.spec.json
?? stage2_6_1/artifacts/repair17/development/run_supervision/runs/v2c13eng2_20260911T005151_3574/v2_c13_engineering_v2/episodes/fit_main/fit_main_c3_cost_D2_p1_B.csv
?? stage2_6_1/artifacts/repair17/development/run_supervision/runs/v2c13eng2_20260911T005151_3574/v2_c13_engineering_v2/episodes/fit_main/fit_main_c3_cost_D2_p1_B.spec.json
?? stage2_6_1/artifacts/repair17/development/run_supervision/runs/v2c13eng2_20260911T005151_3574/v2_c13_engineering_v2/episodes/fit_main/fit_main_c3_cost_D2_p2_A.csv
?? stage2_6_1/artifacts/repair17/development/run_supervision/runs/v2c13eng2_20260911T005151_3574/v2_c13_engineering_v2/episodes/fit_main/fit_main_c3_cost_D2_p2_A.spec.json
?? stage2_6_1/artifacts/repair17/development/run_supervision/runs/v2c13eng2_20260911T005151_3574/v2_c13_engineering_v2/episodes/fit_main/fit_main_c3_cost_D2_p2_B.csv
?? stage2_6_1/artifacts/repair17/development/run_supervision/runs/v2c13eng2_20260911T005151_3574/v2_c13_engineering_v2/episodes/fit_main/fit_main_c3_cost_D2_p2_B.spec.json
?? stage2_6_1/artifacts/repair17/development/run_supervision/runs/v2c13eng2_20260911T005151_3574/v2_c13_engineering_v2/episodes/fit_main/fit_main_c3_cost_D2_p3_A.csv
?? stage2_6_1/artifacts/repair17/development/run_supervision/runs/v2c13eng2_20260911T005151_3574/v2_c13_engineering_v2/episodes/fit_main/fit_main_c3_cost_D2_p3_A.spec.json
?? stage2_6_1/artifacts/repair17/development/run_supervision/runs/v2c13eng2_20260911T005151_3574/v2_c13_engineering_v2/episodes/fit_main/fit_main_c3_cost_D2_p3_B.csv
?? stage2_6_1/artifacts/repair17/development/run_supervision/runs/v2c13eng2_20260911T005151_3574/v2_c13_engineering_v2/episodes/fit_main/fit_main_c3_cost_D2_p3_B.spec.json
?? stage2_6_1/artifacts/repair17/development/run_supervision/runs/v2c13eng2_20260911T005151_3574/v2_c13_engineering_v2/episodes/fit_main/fit_main_c3_cost_D2_p4_A.csv
?? stage2_6_1/artifacts/repair17/development/run_supervision/runs/v2c13eng2_20260911T005151_3574/v2_c13_engineering_v2/episodes/fit_main/fit_main_c3_cost_D2_p4_A.spec.json
?? stage2_6_1/artifacts/repair17/development/run_supervision/runs/v2c13eng2_20260911T005151_3574/v2_c13_engineering_v2/episodes/fit_main/fit_main_c3_cost_D2_p4_B.csv
?? stage2_6_1/artifacts/repair17/development/run_supervision/runs/v2c13eng2_20260911T005151_3574/v2_c13_engineering_v2/episodes/fit_main/fit_main_c3_cost_D2_p4_B.spec.json
?? stage2_6_1/artifacts/repair17/development/run_supervision/runs/v2c13eng2_20260911T005151_3574/v2_c13_engineering_v2/episodes/fit_main/fit_main_c3_cost_D2_p5_A.csv
?? stage2_6_1/artifacts/repair17/development/run_supervision/runs/v2c13eng2_20260911T005151_3574/v2_c13_engineering_v2/episodes/fit_main/fit_main_c3_cost_D2_p5_A.spec.json
?? stage2_6_1/artifacts/repair17/development/run_supervision/runs/v2c13eng2_20260911T005151_3574/v2_c13_engineering_v2/episodes/fit_main/fit_main_c3_cost_D2_p5_B.csv
?? stage2_6_1/artifacts/repair17/development/run_supervision/runs/v2c13eng2_20260911T005151_3574/v2_c13_engineering_v2/episodes/fit_main/fit_main_c3_cost_D2_p5_B.spec.json
?? stage2_6_1/artifacts/repair17/development/run_supervision/runs/v2c13eng2_20260911T005151_3574/v2_c13_engineering_v2/episodes/fit_main/fit_main_c3_cost_D3_p0_A.csv
?? stage2_6_1/artifacts/repair17/development/run_supervision/runs/v2c13eng2_20260911T005151_3574/v2_c13_engineering_v2/episodes/fit_main/fit_main_c3_cost_D3_p0_A.spec.json
?? stage2_6_1/artifacts/repair17/development/run_supervision/runs/v2c13eng2_20260911T005151_3574/v2_c13_engineering_v2/episodes/fit_main/fit_main_c3_cost_D3_p0_B.csv
?? stage2_6_1/artifacts/repair17/development/run_supervision/runs/v2c13eng2_20260911T005151_3574/v2_c13_engineering_v2/episodes/fit_main/fit_main_c3_cost_D3_p0_B.spec.json
?? stage2_6_1/artifacts/repair17/development/run_supervision/runs/v2c13eng2_20260911T005151_3574/v2_c13_engineering_v2/episodes/fit_main/fit_main_c3_cost_D3_p1_A.csv
?? stage2_6_1/artifacts/repair17/development/run_supervision/runs/v2c13eng2_20260911T005151_3574/v2_c13_engineering_v2/episodes/fit_main/fit_main_c3_cost_D3_p1_A.spec.json
?? stage2_6_1/artifacts/repair17/development/run_supervision/runs/v2c13eng2_20260911T005151_3574/v2_c13_engineering_v2/episodes/fit_main/fit_main_c3_cost_D3_p1_B.csv
?? stage2_6_1/artifacts/repair17/development/run_supervision/runs/v2c13eng2_20260911T005151_3574/v2_c13_engineering_v2/episodes/fit_main/fit_main_c3_cost_D3_p1_B.spec.json
?? stage2_6_1/artifacts/repair17/development/run_supervision/runs/v2c13eng2_20260911T005151_3574/v2_c13_engineering_v2/episodes/fit_main/fit_main_c3_cost_D3_p2_A.csv
?? stage2_6_1/artifacts/repair17/development/run_supervision/runs/v2c13eng2_20260911T005151_3574/v2_c13_engineering_v2/episodes/fit_main/fit_main_c3_cost_D3_p2_A.spec.json
?? stage2_6_1/artifacts/repair17/development/run_supervision/runs/v2c13eng2_20260911T005151_3574/v2_c13_engineering_v2/episodes/fit_main/fit_main_c3_cost_D3_p2_B.csv
?? stage2_6_1/artifacts/repair17/development/run_supervision/runs/v2c13eng2_20260911T005151_3574/v2_c13_engineering_v2/episodes/fit_main/fit_main_c3_cost_D3_p2_B.spec.json
?? stage2_6_1/artifacts/repair17/development/run_supervision/runs/v2c13eng2_20260911T005151_3574/v2_c13_engineering_v2/episodes/fit_main/fit_main_c3_cost_D3_p3_A.csv
?? stage2_6_1/artifacts/repair17/development/run_supervision/runs/v2c13eng2_20260911T005151_3574/v2_c13_engineering_v2/episodes/fit_main/fit_main_c3_cost_D3_p3_A.spec.json
?? stage2_6_1/artifacts/repair17/development/run_supervision/runs/v2c13eng2_20260911T005151_3574/v2_c13_engineering_v2/episodes/fit_main/fit_main_c3_cost_D3_p3_B.csv
?? stage2_6_1/artifacts/repair17/development/run_supervision/runs/v2c13eng2_20260911T005151_3574/v2_c13_engineering_v2/episodes/fit_main/fit_main_c3_cost_D3_p3_B.spec.json
?? stage2_6_1/artifacts/repair17/development/run_supervision/runs/v2c13eng2_20260911T005151_3574/v2_c13_engineering_v2/episodes/fit_main/fit_main_c3_cost_D3_p4_A.csv
?? stage2_6_1/artifacts/repair17/development/run_supervision/runs/v2c13eng2_20260911T005151_3574/v2_c13_engineering_v2/episodes/fit_main/fit_main_c3_cost_D3_p4_A.spec.json
?? stage2_6_1/artifacts/repair17/development/run_supervision/runs/v2c13eng2_20260911T005151_3574/v2_c13_engineering_v2/episodes/fit_main/fit_main_c3_cost_D3_p4_B.csv
?? stage2_6_1/artifacts/repair17/development/run_supervision/runs/v2c13eng2_20260911T005151_3574/v2_c13_engineering_v2/episodes/fit_main/fit_main_c3_cost_D3_p4_B.spec.json
?? stage2_6_1/artifacts/repair17/development/run_supervision/runs/v2c13eng2_20260911T005151_3574/v2_c13_engineering_v2/episodes/fit_main/fit_main_c3_cost_D3_p5_A.csv
?? stage2_6_1/artifacts/repair17/development/run_supervision/runs/v2c13eng2_20260911T005151_3574/v2_c13_engineering_v2/episodes/fit_main/fit_main_c3_cost_D3_p5_A.spec.json
?? stage2_6_1/artifacts/repair17/development/run_supervision/runs/v2c13eng2_20260911T005151_3574/v2_c13_engineering_v2/episodes/fit_main/fit_main_c3_cost_D3_p5_B.csv
?? stage2_6_1/artifacts/repair17/development/run_supervision/runs/v2c13eng2_20260911T005151_3574/v2_c13_engineering_v2/episodes/fit_main/fit_main_c3_cost_D3_p5_B.spec.json
?? stage2_6_1/artifacts/repair17/development/run_supervision/runs/v2c13eng2_20260911T005151_3574/v2_c13_engineering_v2/episodes/fit_validation/fit_validation_c1_opportunity_D0_p0_A.csv
?? stage2_6_1/artifacts/repair17/development/run_supervision/runs/v2c13eng2_20260911T005151_3574/v2_c13_engineering_v2/episodes/fit_validation/fit_validation_c1_opportunity_D0_p0_A.spec.json
?? stage2_6_1/artifacts/repair17/development/run_supervision/runs/v2c13eng2_20260911T005151_3574/v2_c13_engineering_v2/episodes/fit_validation/fit_validation_c1_opportunity_D0_p0_B.csv
?? stage2_6_1/artifacts/repair17/development/run_supervision/runs/v2c13eng2_20260911T005151_3574/v2_c13_engineering_v2/episodes/fit_validation/fit_validation_c1_opportunity_D0_p0_B.spec.json
?? stage2_6_1/artifacts/repair17/development/run_supervision/runs/v2c13eng2_20260911T005151_3574/v2_c13_engineering_v2/episodes/fit_validation/fit_validation_c1_opportunity_D0_p1_A.csv
?? stage2_6_1/artifacts/repair17/development/run_supervision/runs/v2c13eng2_20260911T005151_3574/v2_c13_engineering_v2/episodes/fit_validation/fit_validation_c1_opportunity_D0_p1_A.spec.json
?? stage2_6_1/artifacts/repair17/development/run_supervision/runs/v2c13eng2_20260911T005151_3574/v2_c13_engineering_v2/episodes/fit_validation/fit_validation_c1_opportunity_D0_p1_B.csv
?? stage2_6_1/artifacts/repair17/development/run_supervision/runs/v2c13eng2_20260911T005151_3574/v2_c13_engineering_v2/episodes/fit_validation/fit_validation_c1_opportunity_D0_p1_B.spec.json
?? stage2_6_1/artifacts/repair17/development/run_supervision/runs/v2c13eng2_20260911T005151_3574/v2_c13_engineering_v2/episodes/fit_validation/fit_validation_c1_opportunity_D0_p2_A.csv
?? stage2_6_1/artifacts/repair17/development/run_supervision/runs/v2c13eng2_20260911T005151_3574/v2_c13_engineering_v2/episodes/fit_validation/fit_validation_c1_opportunity_D0_p2_A.spec.json
?? stage2_6_1/artifacts/repair17/development/run_supervision/runs/v2c13eng2_20260911T005151_3574/v2_c13_engineering_v2/episodes/fit_validation/fit_validation_c1_opportunity_D0_p2_B.csv
?? stage2_6_1/artifacts/repair17/development/run_supervision/runs/v2c13eng2_20260911T005151_3574/v2_c13_engineering_v2/episodes/fit_validation/fit_validation_c1_opportunity_D0_p2_B.spec.json
?? stage2_6_1/artifacts/repair17/development/run_supervision/runs/v2c13eng2_20260911T005151_3574/v2_c13_engineering_v2/episodes/fit_validation/fit_validation_c1_opportunity_D0_p3_A.csv
?? stage2_6_1/artifacts/repair17/development/run_supervision/runs/v2c13eng2_20260911T005151_3574/v2_c13_engineering_v2/episodes/fit_validation/fit_validation_c1_opportunity_D0_p3_A.spec.json
?? stage2_6_1/artifacts/repair17/development/run_supervision/runs/v2c13eng2_20260911T005151_3574/v2_c13_engineering_v2/episodes/fit_validation/fit_validation_c1_opportunity_D0_p3_B.csv
?? stage2_6_1/artifacts/repair17/development/run_supervision/runs/v2c13eng2_20260911T005151_3574/v2_c13_engineering_v2/episodes/fit_validation/fit_validation_c1_opportunity_D0_p3_B.spec.json
?? stage2_6_1/artifacts/repair17/development/run_supervision/runs/v2c13eng2_20260911T005151_3574/v2_c13_engineering_v2/episodes/fit_validation/fit_validation_c1_opportunity_D0_p4_A.csv
?? stage2_6_1/artifacts/repair17/development/run_supervision/runs/v2c13eng2_20260911T005151_3574/v2_c13_engineering_v2/episodes/fit_validation/fit_validation_c1_opportunity_D0_p4_A.spec.json
?? stage2_6_1/artifacts/repair17/development/run_supervision/runs/v2c13eng2_20260911T005151_3574/v2_c13_engineering_v2/episodes/fit_validation/fit_validation_c1_opportunity_D0_p4_B.csv
?? stage2_6_1/artifacts/repair17/development/run_supervision/runs/v2c13eng2_20260911T005151_3574/v2_c13_engineering_v2/episodes/fit_validation/fit_validation_c1_opportunity_D0_p4_B.spec.json
?? stage2_6_1/artifacts/repair17/development/run_supervision/runs/v2c13eng2_20260911T005151_3574/v2_c13_engineering_v2/episodes/fit_validation/fit_validation_c1_opportunity_D0_p5_A.csv
?? stage2_6_1/artifacts/repair17/development/run_supervision/runs/v2c13eng2_20260911T005151_3574/v2_c13_engineering_v2/episodes/fit_validation/fit_validation_c1_opportunity_D0_p5_A.spec.json
?? stage2_6_1/artifacts/repair17/development/run_supervision/runs/v2c13eng2_20260911T005151_3574/v2_c13_engineering_v2/episodes/fit_validation/fit_validation_c1_opportunity_D0_p5_B.csv
?? stage2_6_1/artifacts/repair17/development/run_supervision/runs/v2c13eng2_20260911T005151_3574/v2_c13_engineering_v2/episodes/fit_validation/fit_validation_c1_opportunity_D0_p5_B.spec.json
?? stage2_6_1/artifacts/repair17/development/run_supervision/runs/v2c13eng2_20260911T005151_3574/v2_c13_engineering_v2/episodes/fit_validation/fit_validation_c1_opportunity_D1_p0_A.csv
?? stage2_6_1/artifacts/repair17/development/run_supervision/runs/v2c13eng2_20260911T005151_3574/v2_c13_engineering_v2/episodes/fit_validation/fit_validation_c1_opportunity_D1_p0_A.spec.json
?? stage2_6_1/artifacts/repair17/development/run_supervision/runs/v2c13eng2_20260911T005151_3574/v2_c13_engineering_v2/episodes/fit_validation/fit_validation_c1_opportunity_D1_p0_B.csv
?? stage2_6_1/artifacts/repair17/development/run_supervision/runs/v2c13eng2_20260911T005151_3574/v2_c13_engineering_v2/episodes/fit_validation/fit_validation_c1_opportunity_D1_p0_B.spec.json
?? stage2_6_1/artifacts/repair17/development/run_supervision/runs/v2c13eng2_20260911T005151_3574/v2_c13_engineering_v2/episodes/fit_validation/fit_validation_c1_opportunity_D1_p1_A.csv
?? stage2_6_1/artifacts/repair17/development/run_supervision/runs/v2c13eng2_20260911T005151_3574/v2_c13_engineering_v2/episodes/fit_validation/fit_validation_c1_opportunity_D1_p1_A.spec.json
?? stage2_6_1/artifacts/repair17/development/run_supervision/runs/v2c13eng2_20260911T005151_3574/v2_c13_engineering_v2/episodes/fit_validation/fit_validation_c1_opportunity_D1_p1_B.csv
?? stage2_6_1/artifacts/repair17/development/run_supervision/runs/v2c13eng2_20260911T005151_3574/v2_c13_engineering_v2/episodes/fit_validation/fit_validation_c1_opportunity_D1_p1_B.spec.json
?? stage2_6_1/artifacts/repair17/development/run_supervision/runs/v2c13eng2_20260911T005151_3574/v2_c13_engineering_v2/episodes/fit_validation/fit_validation_c1_opportunity_D1_p2_A.csv
?? stage2_6_1/artifacts/repair17/development/run_supervision/runs/v2c13eng2_20260911T005151_3574/v2_c13_engineering_v2/episodes/fit_validation/fit_validation_c1_opportunity_D1_p2_A.spec.json
?? stage2_6_1/artifacts/repair17/development/run_supervision/runs/v2c13eng2_20260911T005151_3574/v2_c13_engineering_v2/episodes/fit_validation/fit_validation_c1_opportunity_D1_p2_B.csv
?? stage2_6_1/artifacts/repair17/development/run_supervision/runs/v2c13eng2_20260911T005151_3574/v2_c13_engineering_v2/episodes/fit_validation/fit_validation_c1_opportunity_D1_p2_B.spec.json
?? stage2_6_1/artifacts/repair17/development/run_supervision/runs/v2c13eng2_20260911T005151_3574/v2_c13_engineering_v2/episodes/fit_validation/fit_validation_c1_opportunity_D1_p3_A.csv
?? stage2_6_1/artifacts/repair17/development/run_supervision/runs/v2c13eng2_20260911T005151_3574/v2_c13_engineering_v2/episodes/fit_validation/fit_validation_c1_opportunity_D1_p3_A.spec.json
?? stage2_6_1/artifacts/repair17/development/run_supervision/runs/v2c13eng2_20260911T005151_3574/v2_c13_engineering_v2/episodes/fit_validation/fit_validation_c1_opportunity_D1_p3_B.csv
?? stage2_6_1/artifacts/repair17/development/run_supervision/runs/v2c13eng2_20260911T005151_3574/v2_c13_engineering_v2/episodes/fit_validation/fit_validation_c1_opportunity_D1_p3_B.spec.json
?? stage2_6_1/artifacts/repair17/development/run_supervision/runs/v2c13eng2_20260911T005151_3574/v2_c13_engineering_v2/episodes/fit_validation/fit_validation_c1_opportunity_D1_p4_A.csv
?? stage2_6_1/artifacts/repair17/development/run_supervision/runs/v2c13eng2_20260911T005151_3574/v2_c13_engineering_v2/episodes/fit_validation/fit_validation_c1_opportunity_D1_p4_A.spec.json
?? stage2_6_1/artifacts/repair17/development/run_supervision/runs/v2c13eng2_20260911T005151_3574/v2_c13_engineering_v2/episodes/fit_validation/fit_validation_c1_opportunity_D1_p4_B.csv
?? stage2_6_1/artifacts/repair17/development/run_supervision/runs/v2c13eng2_20260911T005151_3574/v2_c13_engineering_v2/episodes/fit_validation/fit_validation_c1_opportunity_D1_p4_B.spec.json
?? stage2_6_1/artifacts/repair17/development/run_supervision/runs/v2c13eng2_20260911T005151_3574/v2_c13_engineering_v2/episodes/fit_validation/fit_validation_c1_opportunity_D1_p5_A.csv
?? stage2_6_1/artifacts/repair17/development/run_supervision/runs/v2c13eng2_20260911T005151_3574/v2_c13_engineering_v2/episodes/fit_validation/fit_validation_c1_opportunity_D1_p5_A.spec.json
?? stage2_6_1/artifacts/repair17/development/run_supervision/runs/v2c13eng2_20260911T005151_3574/v2_c13_engineering_v2/episodes/fit_validation/fit_validation_c1_opportunity_D1_p5_B.csv
?? stage2_6_1/artifacts/repair17/development/run_supervision/runs/v2c13eng2_20260911T005151_3574/v2_c13_engineering_v2/episodes/fit_validation/fit_validation_c1_opportunity_D1_p5_B.spec.json
?? stage2_6_1/artifacts/repair17/development/run_supervision/runs/v2c13eng2_20260911T005151_3574/v2_c13_engineering_v2/episodes/fit_validation/fit_validation_c1_opportunity_D2_p0_A.csv
?? stage2_6_1/artifacts/repair17/development/run_supervision/runs/v2c13eng2_20260911T005151_3574/v2_c13_engineering_v2/episodes/fit_validation/fit_validation_c1_opportunity_D2_p0_A.spec.json
?? stage2_6_1/artifacts/repair17/development/run_supervision/runs/v2c13eng2_20260911T005151_3574/v2_c13_engineering_v2/episodes/fit_validation/fit_validation_c1_opportunity_D2_p0_B.csv
?? stage2_6_1/artifacts/repair17/development/run_supervision/runs/v2c13eng2_20260911T005151_3574/v2_c13_engineering_v2/episodes/fit_validation/fit_validation_c1_opportunity_D2_p0_B.spec.json
?? stage2_6_1/artifacts/repair17/development/run_supervision/runs/v2c13eng2_20260911T005151_3574/v2_c13_engineering_v2/episodes/fit_validation/fit_validation_c1_opportunity_D2_p1_A.csv
?? stage2_6_1/artifacts/repair17/development/run_supervision/runs/v2c13eng2_20260911T005151_3574/v2_c13_engineering_v2/episodes/fit_validation/fit_validation_c1_opportunity_D2_p1_A.spec.json
?? stage2_6_1/artifacts/repair17/development/run_supervision/runs/v2c13eng2_20260911T005151_3574/v2_c13_engineering_v2/episodes/fit_validation/fit_validation_c1_opportunity_D2_p1_B.csv
?? stage2_6_1/artifacts/repair17/development/run_supervision/runs/v2c13eng2_20260911T005151_3574/v2_c13_engineering_v2/episodes/fit_validation/fit_validation_c1_opportunity_D2_p1_B.spec.json
?? stage2_6_1/artifacts/repair17/development/run_supervision/runs/v2c13eng2_20260911T005151_3574/v2_c13_engineering_v2/episodes/fit_validation/fit_validation_c1_opportunity_D2_p2_A.csv
?? stage2_6_1/artifacts/repair17/development/run_supervision/runs/v2c13eng2_20260911T005151_3574/v2_c13_engineering_v2/episodes/fit_validation/fit_validation_c1_opportunity_D2_p2_A.spec.json
?? stage2_6_1/artifacts/repair17/development/run_supervision/runs/v2c13eng2_20260911T005151_3574/v2_c13_engineering_v2/episodes/fit_validation/fit_validation_c1_opportunity_D2_p2_B.csv
?? stage2_6_1/artifacts/repair17/development/run_supervision/runs/v2c13eng2_20260911T005151_3574/v2_c13_engineering_v2/episodes/fit_validation/fit_validation_c1_opportunity_D2_p2_B.spec.json
?? stage2_6_1/artifacts/repair17/development/run_supervision/runs/v2c13eng2_20260911T005151_3574/v2_c13_engineering_v2/episodes/fit_validation/fit_validation_c1_opportunity_D2_p3_A.csv
?? stage2_6_1/artifacts/repair17/development/run_supervision/runs/v2c13eng2_20260911T005151_3574/v2_c13_engineering_v2/episodes/fit_validation/fit_validation_c1_opportunity_D2_p3_A.spec.json
?? stage2_6_1/artifacts/repair17/development/run_supervision/runs/v2c13eng2_20260911T005151_3574/v2_c13_engineering_v2/episodes/fit_validation/fit_validation_c1_opportunity_D2_p3_B.csv
?? stage2_6_1/artifacts/repair17/development/run_supervision/runs/v2c13eng2_20260911T005151_3574/v2_c13_engineering_v2/episodes/fit_validation/fit_validation_c1_opportunity_D2_p3_B.spec.json
?? stage2_6_1/artifacts/repair17/development/run_supervision/runs/v2c13eng2_20260911T005151_3574/v2_c13_engineering_v2/episodes/fit_validation/fit_validation_c1_opportunity_D2_p4_A.csv
?? stage2_6_1/artifacts/repair17/development/run_supervision/runs/v2c13eng2_20260911T005151_3574/v2_c13_engineering_v2/episodes/fit_validation/fit_validation_c1_opportunity_D2_p4_A.spec.json
?? stage2_6_1/artifacts/repair17/development/run_supervision/runs/v2c13eng2_20260911T005151_3574/v2_c13_engineering_v2/episodes/fit_validation/fit_validation_c1_opportunity_D2_p4_B.csv
?? stage2_6_1/artifacts/repair17/development/run_supervision/runs/v2c13eng2_20260911T005151_3574/v2_c13_engineering_v2/episodes/fit_validation/fit_validation_c1_opportunity_D2_p4_B.spec.json
?? stage2_6_1/artifacts/repair17/development/run_supervision/runs/v2c13eng2_20260911T005151_3574/v2_c13_engineering_v2/episodes/fit_validation/fit_validation_c1_opportunity_D2_p5_A.csv
?? stage2_6_1/artifacts/repair17/development/run_supervision/runs/v2c13eng2_20260911T005151_3574/v2_c13_engineering_v2/episodes/fit_validation/fit_validation_c1_opportunity_D2_p5_A.spec.json
?? stage2_6_1/artifacts/repair17/development/run_supervision/runs/v2c13eng2_20260911T005151_3574/v2_c13_engineering_v2/episodes/fit_validation/fit_validation_c1_opportunity_D2_p5_B.csv
?? stage2_6_1/artifacts/repair17/development/run_supervision/runs/v2c13eng2_20260911T005151_3574/v2_c13_engineering_v2/episodes/fit_validation/fit_validation_c1_opportunity_D2_p5_B.spec.json
?? stage2_6_1/artifacts/repair17/development/run_supervision/runs/v2c13eng2_20260911T005151_3574/v2_c13_engineering_v2/episodes/fit_validation/fit_validation_c1_opportunity_D3_p0_A.csv
?? stage2_6_1/artifacts/repair17/development/run_supervision/runs/v2c13eng2_20260911T005151_3574/v2_c13_engineering_v2/episodes/fit_validation/fit_validation_c1_opportunity_D3_p0_A.spec.json
?? stage2_6_1/artifacts/repair17/development/run_supervision/runs/v2c13eng2_20260911T005151_3574/v2_c13_engineering_v2/episodes/fit_validation/fit_validation_c1_opportunity_D3_p0_B.csv
?? stage2_6_1/artifacts/repair17/development/run_supervision/runs/v2c13eng2_20260911T005151_3574/v2_c13_engineering_v2/episodes/fit_validation/fit_validation_c1_opportunity_D3_p0_B.spec.json
?? stage2_6_1/artifacts/repair17/development/run_supervision/runs/v2c13eng2_20260911T005151_3574/v2_c13_engineering_v2/episodes/fit_validation/fit_validation_c1_opportunity_D3_p1_A.csv
?? stage2_6_1/artifacts/repair17/development/run_supervision/runs/v2c13eng2_20260911T005151_3574/v2_c13_engineering_v2/episodes/fit_validation/fit_validation_c1_opportunity_D3_p1_A.spec.json
?? stage2_6_1/artifacts/repair17/development/run_supervision/runs/v2c13eng2_20260911T005151_3574/v2_c13_engineering_v2/episodes/fit_validation/fit_validation_c1_opportunity_D3_p1_B.csv
?? stage2_6_1/artifacts/repair17/development/run_supervision/runs/v2c13eng2_20260911T005151_3574/v2_c13_engineering_v2/episodes/fit_validation/fit_validation_c1_opportunity_D3_p1_B.spec.json
?? stage2_6_1/artifacts/repair17/development/run_supervision/runs/v2c13eng2_20260911T005151_3574/v2_c13_engineering_v2/episodes/fit_validation/fit_validation_c1_opportunity_D3_p2_A.csv
?? stage2_6_1/artifacts/repair17/development/run_supervision/runs/v2c13eng2_20260911T005151_3574/v2_c13_engineering_v2/episodes/fit_validation/fit_validation_c1_opportunity_D3_p2_A.spec.json
?? stage2_6_1/artifacts/repair17/development/run_supervision/runs/v2c13eng2_20260911T005151_3574/v2_c13_engineering_v2/episodes/fit_validation/fit_validation_c1_opportunity_D3_p2_B.csv
?? stage2_6_1/artifacts/repair17/development/run_supervision/runs/v2c13eng2_20260911T005151_3574/v2_c13_engineering_v2/episodes/fit_validation/fit_validation_c1_opportunity_D3_p2_B.spec.json
?? stage2_6_1/artifacts/repair17/development/run_supervision/runs/v2c13eng2_20260911T005151_3574/v2_c13_engineering_v2/episodes/fit_validation/fit_validation_c1_opportunity_D3_p3_A.csv
?? stage2_6_1/artifacts/repair17/development/run_supervision/runs/v2c13eng2_20260911T005151_3574/v2_c13_engineering_v2/episodes/fit_validation/fit_validation_c1_opportunity_D3_p3_A.spec.json
?? stage2_6_1/artifacts/repair17/development/run_supervision/runs/v2c13eng2_20260911T005151_3574/v2_c13_engineering_v2/episodes/fit_validation/fit_validation_c1_opportunity_D3_p3_B.csv
?? stage2_6_1/artifacts/repair17/development/run_supervision/runs/v2c13eng2_20260911T005151_3574/v2_c13_engineering_v2/episodes/fit_validation/fit_validation_c1_opportunity_D3_p3_B.spec.json
?? stage2_6_1/artifacts/repair17/development/run_supervision/runs/v2c13eng2_20260911T005151_3574/v2_c13_engineering_v2/episodes/fit_validation/fit_validation_c1_opportunity_D3_p4_A.csv
?? stage2_6_1/artifacts/repair17/development/run_supervision/runs/v2c13eng2_20260911T005151_3574/v2_c13_engineering_v2/episodes/fit_validation/fit_validation_c1_opportunity_D3_p4_A.spec.json
?? stage2_6_1/artifacts/repair17/development/run_supervision/runs/v2c13eng2_20260911T005151_3574/v2_c13_engineering_v2/episodes/fit_validation/fit_validation_c1_opportunity_D3_p4_B.csv
?? stage2_6_1/artifacts/repair17/development/run_supervision/runs/v2c13eng2_20260911T005151_3574/v2_c13_engineering_v2/episodes/fit_validation/fit_validation_c1_opportunity_D3_p4_B.spec.json
?? stage2_6_1/artifacts/repair17/development/run_supervision/runs/v2c13eng2_20260911T005151_3574/v2_c13_engineering_v2/episodes/fit_validation/fit_validation_c1_opportunity_D3_p5_A.csv
?? stage2_6_1/artifacts/repair17/development/run_supervision/runs/v2c13eng2_20260911T005151_3574/v2_c13_engineering_v2/episodes/fit_validation/fit_validation_c1_opportunity_D3_p5_A.spec.json
?? stage2_6_1/artifacts/repair17/development/run_supervision/runs/v2c13eng2_20260911T005151_3574/v2_c13_engineering_v2/episodes/fit_validation/fit_validation_c1_opportunity_D3_p5_B.csv
?? stage2_6_1/artifacts/repair17/development/run_supervision/runs/v2c13eng2_20260911T005151_3574/v2_c13_engineering_v2/episodes/fit_validation/fit_validation_c1_opportunity_D3_p5_B.spec.json
?? stage2_6_1/artifacts/repair17/development/run_supervision/runs/v2c13eng2_20260911T005151_3574/v2_c13_engineering_v2/episodes/fit_validation/fit_validation_c2_context_D0_p0_A.csv
?? stage2_6_1/artifacts/repair17/development/run_supervision/runs/v2c13eng2_20260911T005151_3574/v2_c13_engineering_v2/episodes/fit_validation/fit_validation_c2_context_D0_p0_A.spec.json
?? stage2_6_1/artifacts/repair17/development/run_supervision/runs/v2c13eng2_20260911T005151_3574/v2_c13_engineering_v2/episodes/fit_validation/fit_validation_c2_context_D0_p0_B.csv
?? stage2_6_1/artifacts/repair17/development/run_supervision/runs/v2c13eng2_20260911T005151_3574/v2_c13_engineering_v2/episodes/fit_validation/fit_validation_c2_context_D0_p0_B.spec.json
?? stage2_6_1/artifacts/repair17/development/run_supervision/runs/v2c13eng2_20260911T005151_3574/v2_c13_engineering_v2/episodes/fit_validation/fit_validation_c2_context_D0_p1_A.csv
?? stage2_6_1/artifacts/repair17/development/run_supervision/runs/v2c13eng2_20260911T005151_3574/v2_c13_engineering_v2/episodes/fit_validation/fit_validation_c2_context_D0_p1_A.spec.json
?? stage2_6_1/artifacts/repair17/development/run_supervision/runs/v2c13eng2_20260911T005151_3574/v2_c13_engineering_v2/episodes/fit_validation/fit_validation_c2_context_D0_p1_B.csv
?? stage2_6_1/artifacts/repair17/development/run_supervision/runs/v2c13eng2_20260911T005151_3574/v2_c13_engineering_v2/episodes/fit_validation/fit_validation_c2_context_D0_p1_B.spec.json
?? stage2_6_1/artifacts/repair17/development/run_supervision/runs/v2c13eng2_20260911T005151_3574/v2_c13_engineering_v2/episodes/fit_validation/fit_validation_c2_context_D0_p2_A.csv
?? stage2_6_1/artifacts/repair17/development/run_supervision/runs/v2c13eng2_20260911T005151_3574/v2_c13_engineering_v2/episodes/fit_validation/fit_validation_c2_context_D0_p2_A.spec.json
?? stage2_6_1/artifacts/repair17/development/run_supervision/runs/v2c13eng2_20260911T005151_3574/v2_c13_engineering_v2/episodes/fit_validation/fit_validation_c2_context_D0_p2_B.csv
?? stage2_6_1/artifacts/repair17/development/run_supervision/runs/v2c13eng2_20260911T005151_3574/v2_c13_engineering_v2/episodes/fit_validation/fit_validation_c2_context_D0_p2_B.spec.json
?? stage2_6_1/artifacts/repair17/development/run_supervision/runs/v2c13eng2_20260911T005151_3574/v2_c13_engineering_v2/episodes/fit_validation/fit_validation_c2_context_D0_p3_A.csv
?? stage2_6_1/artifacts/repair17/development/run_supervision/runs/v2c13eng2_20260911T005151_3574/v2_c13_engineering_v2/episodes/fit_validation/fit_validation_c2_context_D0_p3_A.spec.json
?? stage2_6_1/artifacts/repair17/development/run_supervision/runs/v2c13eng2_20260911T005151_3574/v2_c13_engineering_v2/episodes/fit_validation/fit_validation_c2_context_D0_p3_B.csv
?? stage2_6_1/artifacts/repair17/development/run_supervision/runs/v2c13eng2_20260911T005151_3574/v2_c13_engineering_v2/episodes/fit_validation/fit_validation_c2_context_D0_p3_B.spec.json
?? stage2_6_1/artifacts/repair17/development/run_supervision/runs/v2c13eng2_20260911T005151_3574/v2_c13_engineering_v2/episodes/fit_validation/fit_validation_c2_context_D0_p4_A.csv
?? stage2_6_1/artifacts/repair17/development/run_supervision/runs/v2c13eng2_20260911T005151_3574/v2_c13_engineering_v2/episodes/fit_validation/fit_validation_c2_context_D0_p4_A.spec.json
?? stage2_6_1/artifacts/repair17/development/run_supervision/runs/v2c13eng2_20260911T005151_3574/v2_c13_engineering_v2/episodes/fit_validation/fit_validation_c2_context_D0_p4_B.csv
?? stage2_6_1/artifacts/repair17/development/run_supervision/runs/v2c13eng2_20260911T005151_3574/v2_c13_engineering_v2/episodes/fit_validation/fit_validation_c2_context_D0_p4_B.spec.json
?? stage2_6_1/artifacts/repair17/development/run_supervision/runs/v2c13eng2_20260911T005151_3574/v2_c13_engineering_v2/episodes/fit_validation/fit_validation_c2_context_D0_p5_A.csv
?? stage2_6_1/artifacts/repair17/development/run_supervision/runs/v2c13eng2_20260911T005151_3574/v2_c13_engineering_v2/episodes/fit_validation/fit_validation_c2_context_D0_p5_A.spec.json
?? stage2_6_1/artifacts/repair17/development/run_supervision/runs/v2c13eng2_20260911T005151_3574/v2_c13_engineering_v2/episodes/fit_validation/fit_validation_c2_context_D0_p5_B.csv
?? stage2_6_1/artifacts/repair17/development/run_supervision/runs/v2c13eng2_20260911T005151_3574/v2_c13_engineering_v2/episodes/fit_validation/fit_validation_c2_context_D0_p5_B.spec.json
?? stage2_6_1/artifacts/repair17/development/run_supervision/runs/v2c13eng2_20260911T005151_3574/v2_c13_engineering_v2/episodes/fit_validation/fit_validation_c2_context_D1_p0_A.csv
?? stage2_6_1/artifacts/repair17/development/run_supervision/runs/v2c13eng2_20260911T005151_3574/v2_c13_engineering_v2/episodes/fit_validation/fit_validation_c2_context_D1_p0_A.spec.json
?? stage2_6_1/artifacts/repair17/development/run_supervision/runs/v2c13eng2_20260911T005151_3574/v2_c13_engineering_v2/episodes/fit_validation/fit_validation_c2_context_D1_p0_B.csv
?? stage2_6_1/artifacts/repair17/development/run_supervision/runs/v2c13eng2_20260911T005151_3574/v2_c13_engineering_v2/episodes/fit_validation/fit_validation_c2_context_D1_p0_B.spec.json
?? stage2_6_1/artifacts/repair17/development/run_supervision/runs/v2c13eng2_20260911T005151_3574/v2_c13_engineering_v2/episodes/fit_validation/fit_validation_c2_context_D1_p1_A.csv
?? stage2_6_1/artifacts/repair17/development/run_supervision/runs/v2c13eng2_20260911T005151_3574/v2_c13_engineering_v2/episodes/fit_validation/fit_validation_c2_context_D1_p1_A.spec.json
?? stage2_6_1/artifacts/repair17/development/run_supervision/runs/v2c13eng2_20260911T005151_3574/v2_c13_engineering_v2/episodes/fit_validation/fit_validation_c2_context_D1_p1_B.csv
?? stage2_6_1/artifacts/repair17/development/run_supervision/runs/v2c13eng2_20260911T005151_3574/v2_c13_engineering_v2/episodes/fit_validation/fit_validation_c2_context_D1_p1_B.spec.json
?? stage2_6_1/artifacts/repair17/development/run_supervision/runs/v2c13eng2_20260911T005151_3574/v2_c13_engineering_v2/episodes/fit_validation/fit_validation_c2_context_D1_p2_A.csv
?? stage2_6_1/artifacts/repair17/development/run_supervision/runs/v2c13eng2_20260911T005151_3574/v2_c13_engineering_v2/episodes/fit_validation/fit_validation_c2_context_D1_p2_A.spec.json
?? stage2_6_1/artifacts/repair17/development/run_supervision/runs/v2c13eng2_20260911T005151_3574/v2_c13_engineering_v2/episodes/fit_validation/fit_validation_c2_context_D1_p2_B.csv
?? stage2_6_1/artifacts/repair17/development/run_supervision/runs/v2c13eng2_20260911T005151_3574/v2_c13_engineering_v2/episodes/fit_validation/fit_validation_c2_context_D1_p2_B.spec.json
?? stage2_6_1/artifacts/repair17/development/run_supervision/runs/v2c13eng2_20260911T005151_3574/v2_c13_engineering_v2/episodes/fit_validation/fit_validation_c2_context_D1_p3_A.csv
?? stage2_6_1/artifacts/repair17/development/run_supervision/runs/v2c13eng2_20260911T005151_3574/v2_c13_engineering_v2/episodes/fit_validation/fit_validation_c2_context_D1_p3_A.spec.json
?? stage2_6_1/artifacts/repair17/development/run_supervision/runs/v2c13eng2_20260911T005151_3574/v2_c13_engineering_v2/episodes/fit_validation/fit_validation_c2_context_D1_p3_B.csv
?? stage2_6_1/artifacts/repair17/development/run_supervision/runs/v2c13eng2_20260911T005151_3574/v2_c13_engineering_v2/episodes/fit_validation/fit_validation_c2_context_D1_p3_B.spec.json
?? stage2_6_1/artifacts/repair17/development/run_supervision/runs/v2c13eng2_20260911T005151_3574/v2_c13_engineering_v2/episodes/fit_validation/fit_validation_c2_context_D1_p4_A.csv
?? stage2_6_1/artifacts/repair17/development/run_supervision/runs/v2c13eng2_20260911T005151_3574/v2_c13_engineering_v2/episodes/fit_validation/fit_validation_c2_context_D1_p4_A.spec.json
?? stage2_6_1/artifacts/repair17/development/run_supervision/runs/v2c13eng2_20260911T005151_3574/v2_c13_engineering_v2/episodes/fit_validation/fit_validation_c2_context_D1_p4_B.csv
?? stage2_6_1/artifacts/repair17/development/run_supervision/runs/v2c13eng2_20260911T005151_3574/v2_c13_engineering_v2/episodes/fit_validation/fit_validation_c2_context_D1_p4_B.spec.json
?? stage2_6_1/artifacts/repair17/development/run_supervision/runs/v2c13eng2_20260911T005151_3574/v2_c13_engineering_v2/episodes/fit_validation/fit_validation_c2_context_D1_p5_A.csv
?? stage2_6_1/artifacts/repair17/development/run_supervision/runs/v2c13eng2_20260911T005151_3574/v2_c13_engineering_v2/episodes/fit_validation/fit_validation_c2_context_D1_p5_A.spec.json
?? stage2_6_1/artifacts/repair17/development/run_supervision/runs/v2c13eng2_20260911T005151_3574/v2_c13_engineering_v2/episodes/fit_validation/fit_validation_c2_context_D1_p5_B.csv
?? stage2_6_1/artifacts/repair17/development/run_supervision/runs/v2c13eng2_20260911T005151_3574/v2_c13_engineering_v2/episodes/fit_validation/fit_validation_c2_context_D1_p5_B.spec.json
?? stage2_6_1/artifacts/repair17/development/run_supervision/runs/v2c13eng2_20260911T005151_3574/v2_c13_engineering_v2/episodes/fit_validation/fit_validation_c2_context_D2_p0_A.csv
?? stage2_6_1/artifacts/repair17/development/run_supervision/runs/v2c13eng2_20260911T005151_3574/v2_c13_engineering_v2/episodes/fit_validation/fit_validation_c2_context_D2_p0_A.spec.json
?? stage2_6_1/artifacts/repair17/development/run_supervision/runs/v2c13eng2_20260911T005151_3574/v2_c13_engineering_v2/episodes/fit_validation/fit_validation_c2_context_D2_p0_B.csv
?? stage2_6_1/artifacts/repair17/development/run_supervision/runs/v2c13eng2_20260911T005151_3574/v2_c13_engineering_v2/episodes/fit_validation/fit_validation_c2_context_D2_p0_B.spec.json
?? stage2_6_1/artifacts/repair17/development/run_supervision/runs/v2c13eng2_20260911T005151_3574/v2_c13_engineering_v2/episodes/fit_validation/fit_validation_c2_context_D2_p1_A.csv
?? stage2_6_1/artifacts/repair17/development/run_supervision/runs/v2c13eng2_20260911T005151_3574/v2_c13_engineering_v2/episodes/fit_validation/fit_validation_c2_context_D2_p1_A.spec.json
?? stage2_6_1/artifacts/repair17/development/run_supervision/runs/v2c13eng2_20260911T005151_3574/v2_c13_engineering_v2/episodes/fit_validation/fit_validation_c2_context_D2_p1_B.csv
?? stage2_6_1/artifacts/repair17/development/run_supervision/runs/v2c13eng2_20260911T005151_3574/v2_c13_engineering_v2/episodes/fit_validation/fit_validation_c2_context_D2_p1_B.spec.json
?? stage2_6_1/artifacts/repair17/development/run_supervision/runs/v2c13eng2_20260911T005151_3574/v2_c13_engineering_v2/episodes/fit_validation/fit_validation_c2_context_D2_p2_A.csv
?? stage2_6_1/artifacts/repair17/development/run_supervision/runs/v2c13eng2_20260911T005151_3574/v2_c13_engineering_v2/episodes/fit_validation/fit_validation_c2_context_D2_p2_A.spec.json
?? stage2_6_1/artifacts/repair17/development/run_supervision/runs/v2c13eng2_20260911T005151_3574/v2_c13_engineering_v2/episodes/fit_validation/fit_validation_c2_context_D2_p2_B.csv
?? stage2_6_1/artifacts/repair17/development/run_supervision/runs/v2c13eng2_20260911T005151_3574/v2_c13_engineering_v2/episodes/fit_validation/fit_validation_c2_context_D2_p2_B.spec.json
?? stage2_6_1/artifacts/repair17/development/run_supervision/runs/v2c13eng2_20260911T005151_3574/v2_c13_engineering_v2/episodes/fit_validation/fit_validation_c2_context_D2_p3_A.csv
?? stage2_6_1/artifacts/repair17/development/run_supervision/runs/v2c13eng2_20260911T005151_3574/v2_c13_engineering_v2/episodes/fit_validation/fit_validation_c2_context_D2_p3_A.spec.json
?? stage2_6_1/artifacts/repair17/development/run_supervision/runs/v2c13eng2_20260911T005151_3574/v2_c13_engineering_v2/episodes/fit_validation/fit_validation_c2_context_D2_p3_B.csv
?? stage2_6_1/artifacts/repair17/development/run_supervision/runs/v2c13eng2_20260911T005151_3574/v2_c13_engineering_v2/episodes/fit_validation/fit_validation_c2_context_D2_p3_B.spec.json
?? stage2_6_1/artifacts/repair17/development/run_supervision/runs/v2c13eng2_20260911T005151_3574/v2_c13_engineering_v2/episodes/fit_validation/fit_validation_c2_context_D2_p4_A.csv
?? stage2_6_1/artifacts/repair17/development/run_supervision/runs/v2c13eng2_20260911T005151_3574/v2_c13_engineering_v2/episodes/fit_validation/fit_validation_c2_context_D2_p4_A.spec.json
?? stage2_6_1/artifacts/repair17/development/run_supervision/runs/v2c13eng2_20260911T005151_3574/v2_c13_engineering_v2/episodes/fit_validation/fit_validation_c2_context_D2_p4_B.csv
?? stage2_6_1/artifacts/repair17/development/run_supervision/runs/v2c13eng2_20260911T005151_3574/v2_c13_engineering_v2/episodes/fit_validation/fit_validation_c2_context_D2_p4_B.spec.json
?? stage2_6_1/artifacts/repair17/development/run_supervision/runs/v2c13eng2_20260911T005151_3574/v2_c13_engineering_v2/episodes/fit_validation/fit_validation_c2_context_D2_p5_A.csv
?? stage2_6_1/artifacts/repair17/development/run_supervision/runs/v2c13eng2_20260911T005151_3574/v2_c13_engineering_v2/episodes/fit_validation/fit_validation_c2_context_D2_p5_A.spec.json
?? stage2_6_1/artifacts/repair17/development/run_supervision/runs/v2c13eng2_20260911T005151_3574/v2_c13_engineering_v2/episodes/fit_validation/fit_validation_c2_context_D2_p5_B.csv
?? stage2_6_1/artifacts/repair17/development/run_supervision/runs/v2c13eng2_20260911T005151_3574/v2_c13_engineering_v2/episodes/fit_validation/fit_validation_c2_context_D2_p5_B.spec.json
?? stage2_6_1/artifacts/repair17/development/run_supervision/runs/v2c13eng2_20260911T005151_3574/v2_c13_engineering_v2/episodes/fit_validation/fit_validation_c2_context_D3_p0_A.csv
?? stage2_6_1/artifacts/repair17/development/run_supervision/runs/v2c13eng2_20260911T005151_3574/v2_c13_engineering_v2/episodes/fit_validation/fit_validation_c2_context_D3_p0_A.spec.json
?? stage2_6_1/artifacts/repair17/development/run_supervision/runs/v2c13eng2_20260911T005151_3574/v2_c13_engineering_v2/episodes/fit_validation/fit_validation_c2_context_D3_p0_B.csv
?? stage2_6_1/artifacts/repair17/development/run_supervision/runs/v2c13eng2_20260911T005151_3574/v2_c13_engineering_v2/episodes/fit_validation/fit_validation_c2_context_D3_p0_B.spec.json
?? stage2_6_1/artifacts/repair17/development/run_supervision/runs/v2c13eng2_20260911T005151_3574/v2_c13_engineering_v2/episodes/fit_validation/fit_validation_c2_context_D3_p1_A.csv
?? stage2_6_1/artifacts/repair17/development/run_supervision/runs/v2c13eng2_20260911T005151_3574/v2_c13_engineering_v2/episodes/fit_validation/fit_validation_c2_context_D3_p1_A.spec.json
?? stage2_6_1/artifacts/repair17/development/run_supervision/runs/v2c13eng2_20260911T005151_3574/v2_c13_engineering_v2/episodes/fit_validation/fit_validation_c2_context_D3_p1_B.csv
?? stage2_6_1/artifacts/repair17/development/run_supervision/runs/v2c13eng2_20260911T005151_3574/v2_c13_engineering_v2/episodes/fit_validation/fit_validation_c2_context_D3_p1_B.spec.json
?? stage2_6_1/artifacts/repair17/development/run_supervision/runs/v2c13eng2_20260911T005151_3574/v2_c13_engineering_v2/episodes/fit_validation/fit_validation_c2_context_D3_p2_A.csv
?? stage2_6_1/artifacts/repair17/development/run_supervision/runs/v2c13eng2_20260911T005151_3574/v2_c13_engineering_v2/episodes/fit_validation/fit_validation_c2_context_D3_p2_A.spec.json
?? stage2_6_1/artifacts/repair17/development/run_supervision/runs/v2c13eng2_20260911T005151_3574/v2_c13_engineering_v2/episodes/fit_validation/fit_validation_c2_context_D3_p2_B.csv
?? stage2_6_1/artifacts/repair17/development/run_supervision/runs/v2c13eng2_20260911T005151_3574/v2_c13_engineering_v2/episodes/fit_validation/fit_validation_c2_context_D3_p2_B.spec.json
?? stage2_6_1/artifacts/repair17/development/run_supervision/runs/v2c13eng2_20260911T005151_3574/v2_c13_engineering_v2/episodes/fit_validation/fit_validation_c2_context_D3_p3_A.csv
?? stage2_6_1/artifacts/repair17/development/run_supervision/runs/v2c13eng2_20260911T005151_3574/v2_c13_engineering_v2/episodes/fit_validation/fit_validation_c2_context_D3_p3_A.spec.json
?? stage2_6_1/artifacts/repair17/development/run_supervision/runs/v2c13eng2_20260911T005151_3574/v2_c13_engineering_v2/episodes/fit_validation/fit_validation_c2_context_D3_p3_B.csv
?? stage2_6_1/artifacts/repair17/development/run_supervision/runs/v2c13eng2_20260911T005151_3574/v2_c13_engineering_v2/episodes/fit_validation/fit_validation_c2_context_D3_p3_B.spec.json
?? stage2_6_1/artifacts/repair17/development/run_supervision/runs/v2c13eng2_20260911T005151_3574/v2_c13_engineering_v2/episodes/fit_validation/fit_validation_c2_context_D3_p4_A.csv
?? stage2_6_1/artifacts/repair17/development/run_supervision/runs/v2c13eng2_20260911T005151_3574/v2_c13_engineering_v2/episodes/fit_validation/fit_validation_c2_context_D3_p4_A.spec.json
?? stage2_6_1/artifacts/repair17/development/run_supervision/runs/v2c13eng2_20260911T005151_3574/v2_c13_engineering_v2/episodes/fit_validation/fit_validation_c2_context_D3_p4_B.csv
?? stage2_6_1/artifacts/repair17/development/run_supervision/runs/v2c13eng2_20260911T005151_3574/v2_c13_engineering_v2/episodes/fit_validation/fit_validation_c2_context_D3_p4_B.spec.json
?? stage2_6_1/artifacts/repair17/development/run_supervision/runs/v2c13eng2_20260911T005151_3574/v2_c13_engineering_v2/episodes/fit_validation/fit_validation_c2_context_D3_p5_A.csv
?? stage2_6_1/artifacts/repair17/development/run_supervision/runs/v2c13eng2_20260911T005151_3574/v2_c13_engineering_v2/episodes/fit_validation/fit_validation_c2_context_D3_p5_A.spec.json
?? stage2_6_1/artifacts/repair17/development/run_supervision/runs/v2c13eng2_20260911T005151_3574/v2_c13_engineering_v2/episodes/fit_validation/fit_validation_c2_context_D3_p5_B.csv
?? stage2_6_1/artifacts/repair17/development/run_supervision/runs/v2c13eng2_20260911T005151_3574/v2_c13_engineering_v2/episodes/fit_validation/fit_validation_c2_context_D3_p5_B.spec.json
?? stage2_6_1/artifacts/repair17/development/run_supervision/runs/v2c13eng2_20260911T005151_3574/v2_c13_engineering_v2/episodes/fit_validation/fit_validation_c3_cost_D0_p0_A.csv
?? stage2_6_1/artifacts/repair17/development/run_supervision/runs/v2c13eng2_20260911T005151_3574/v2_c13_engineering_v2/episodes/fit_validation/fit_validation_c3_cost_D0_p0_A.spec.json
?? stage2_6_1/artifacts/repair17/development/run_supervision/runs/v2c13eng2_20260911T005151_3574/v2_c13_engineering_v2/episodes/fit_validation/fit_validation_c3_cost_D0_p0_B.csv
?? stage2_6_1/artifacts/repair17/development/run_supervision/runs/v2c13eng2_20260911T005151_3574/v2_c13_engineering_v2/episodes/fit_validation/fit_validation_c3_cost_D0_p0_B.spec.json
?? stage2_6_1/artifacts/repair17/development/run_supervision/runs/v2c13eng2_20260911T005151_3574/v2_c13_engineering_v2/episodes/fit_validation/fit_validation_c3_cost_D0_p1_A.csv
?? stage2_6_1/artifacts/repair17/development/run_supervision/runs/v2c13eng2_20260911T005151_3574/v2_c13_engineering_v2/episodes/fit_validation/fit_validation_c3_cost_D0_p1_A.spec.json
?? stage2_6_1/artifacts/repair17/development/run_supervision/runs/v2c13eng2_20260911T005151_3574/v2_c13_engineering_v2/episodes/fit_validation/fit_validation_c3_cost_D0_p1_B.csv
?? stage2_6_1/artifacts/repair17/development/run_supervision/runs/v2c13eng2_20260911T005151_3574/v2_c13_engineering_v2/episodes/fit_validation/fit_validation_c3_cost_D0_p1_B.spec.json
?? stage2_6_1/artifacts/repair17/development/run_supervision/runs/v2c13eng2_20260911T005151_3574/v2_c13_engineering_v2/episodes/fit_validation/fit_validation_c3_cost_D0_p2_A.csv
?? stage2_6_1/artifacts/repair17/development/run_supervision/runs/v2c13eng2_20260911T005151_3574/v2_c13_engineering_v2/episodes/fit_validation/fit_validation_c3_cost_D0_p2_A.spec.json
?? stage2_6_1/artifacts/repair17/development/run_supervision/runs/v2c13eng2_20260911T005151_3574/v2_c13_engineering_v2/episodes/fit_validation/fit_validation_c3_cost_D0_p2_B.csv
?? stage2_6_1/artifacts/repair17/development/run_supervision/runs/v2c13eng2_20260911T005151_3574/v2_c13_engineering_v2/episodes/fit_validation/fit_validation_c3_cost_D0_p2_B.spec.json
?? stage2_6_1/artifacts/repair17/development/run_supervision/runs/v2c13eng2_20260911T005151_3574/v2_c13_engineering_v2/episodes/fit_validation/fit_validation_c3_cost_D0_p3_A.csv
?? stage2_6_1/artifacts/repair17/development/run_supervision/runs/v2c13eng2_20260911T005151_3574/v2_c13_engineering_v2/episodes/fit_validation/fit_validation_c3_cost_D0_p3_A.spec.json
?? stage2_6_1/artifacts/repair17/development/run_supervision/runs/v2c13eng2_20260911T005151_3574/v2_c13_engineering_v2/episodes/fit_validation/fit_validation_c3_cost_D0_p3_B.csv
?? stage2_6_1/artifacts/repair17/development/run_supervision/runs/v2c13eng2_20260911T005151_3574/v2_c13_engineering_v2/episodes/fit_validation/fit_validation_c3_cost_D0_p3_B.spec.json
?? stage2_6_1/artifacts/repair17/development/run_supervision/runs/v2c13eng2_20260911T005151_3574/v2_c13_engineering_v2/episodes/fit_validation/fit_validation_c3_cost_D0_p4_A.csv
?? stage2_6_1/artifacts/repair17/development/run_supervision/runs/v2c13eng2_20260911T005151_3574/v2_c13_engineering_v2/episodes/fit_validation/fit_validation_c3_cost_D0_p4_A.spec.json
?? stage2_6_1/artifacts/repair17/development/run_supervision/runs/v2c13eng2_20260911T005151_3574/v2_c13_engineering_v2/episodes/fit_validation/fit_validation_c3_cost_D0_p4_B.csv
?? stage2_6_1/artifacts/repair17/development/run_supervision/runs/v2c13eng2_20260911T005151_3574/v2_c13_engineering_v2/episodes/fit_validation/fit_validation_c3_cost_D0_p4_B.spec.json
?? stage2_6_1/artifacts/repair17/development/run_supervision/runs/v2c13eng2_20260911T005151_3574/v2_c13_engineering_v2/episodes/fit_validation/fit_validation_c3_cost_D0_p5_A.csv
?? stage2_6_1/artifacts/repair17/development/run_supervision/runs/v2c13eng2_20260911T005151_3574/v2_c13_engineering_v2/episodes/fit_validation/fit_validation_c3_cost_D0_p5_A.spec.json
?? stage2_6_1/artifacts/repair17/development/run_supervision/runs/v2c13eng2_20260911T005151_3574/v2_c13_engineering_v2/episodes/fit_validation/fit_validation_c3_cost_D0_p5_B.csv
?? stage2_6_1/artifacts/repair17/development/run_supervision/runs/v2c13eng2_20260911T005151_3574/v2_c13_engineering_v2/episodes/fit_validation/fit_validation_c3_cost_D0_p5_B.spec.json
?? stage2_6_1/artifacts/repair17/development/run_supervision/runs/v2c13eng2_20260911T005151_3574/v2_c13_engineering_v2/episodes/fit_validation/fit_validation_c3_cost_D1_p0_A.csv
?? stage2_6_1/artifacts/repair17/development/run_supervision/runs/v2c13eng2_20260911T005151_3574/v2_c13_engineering_v2/episodes/fit_validation/fit_validation_c3_cost_D1_p0_A.spec.json
?? stage2_6_1/artifacts/repair17/development/run_supervision/runs/v2c13eng2_20260911T005151_3574/v2_c13_engineering_v2/episodes/fit_validation/fit_validation_c3_cost_D1_p0_B.csv
?? stage2_6_1/artifacts/repair17/development/run_supervision/runs/v2c13eng2_20260911T005151_3574/v2_c13_engineering_v2/episodes/fit_validation/fit_validation_c3_cost_D1_p0_B.spec.json
?? stage2_6_1/artifacts/repair17/development/run_supervision/runs/v2c13eng2_20260911T005151_3574/v2_c13_engineering_v2/episodes/fit_validation/fit_validation_c3_cost_D1_p1_A.csv
?? stage2_6_1/artifacts/repair17/development/run_supervision/runs/v2c13eng2_20260911T005151_3574/v2_c13_engineering_v2/episodes/fit_validation/fit_validation_c3_cost_D1_p1_A.spec.json
?? stage2_6_1/artifacts/repair17/development/run_supervision/runs/v2c13eng2_20260911T005151_3574/v2_c13_engineering_v2/episodes/fit_validation/fit_validation_c3_cost_D1_p1_B.csv
?? stage2_6_1/artifacts/repair17/development/run_supervision/runs/v2c13eng2_20260911T005151_3574/v2_c13_engineering_v2/episodes/fit_validation/fit_validation_c3_cost_D1_p1_B.spec.json
?? stage2_6_1/artifacts/repair17/development/run_supervision/runs/v2c13eng2_20260911T005151_3574/v2_c13_engineering_v2/episodes/fit_validation/fit_validation_c3_cost_D1_p2_A.csv
?? stage2_6_1/artifacts/repair17/development/run_supervision/runs/v2c13eng2_20260911T005151_3574/v2_c13_engineering_v2/episodes/fit_validation/fit_validation_c3_cost_D1_p2_A.spec.json
?? stage2_6_1/artifacts/repair17/development/run_supervision/runs/v2c13eng2_20260911T005151_3574/v2_c13_engineering_v2/episodes/fit_validation/fit_validation_c3_cost_D1_p2_B.csv
?? stage2_6_1/artifacts/repair17/development/run_supervision/runs/v2c13eng2_20260911T005151_3574/v2_c13_engineering_v2/episodes/fit_validation/fit_validation_c3_cost_D1_p2_B.spec.json
?? stage2_6_1/artifacts/repair17/development/run_supervision/runs/v2c13eng2_20260911T005151_3574/v2_c13_engineering_v2/episodes/fit_validation/fit_validation_c3_cost_D1_p3_A.csv
?? stage2_6_1/artifacts/repair17/development/run_supervision/runs/v2c13eng2_20260911T005151_3574/v2_c13_engineering_v2/episodes/fit_validation/fit_validation_c3_cost_D1_p3_A.spec.json
?? stage2_6_1/artifacts/repair17/development/run_supervision/runs/v2c13eng2_20260911T005151_3574/v2_c13_engineering_v2/episodes/fit_validation/fit_validation_c3_cost_D1_p3_B.csv
?? stage2_6_1/artifacts/repair17/development/run_supervision/runs/v2c13eng2_20260911T005151_3574/v2_c13_engineering_v2/episodes/fit_validation/fit_validation_c3_cost_D1_p3_B.spec.json
?? stage2_6_1/artifacts/repair17/development/run_supervision/runs/v2c13eng2_20260911T005151_3574/v2_c13_engineering_v2/episodes/fit_validation/fit_validation_c3_cost_D1_p4_A.csv
?? stage2_6_1/artifacts/repair17/development/run_supervision/runs/v2c13eng2_20260911T005151_3574/v2_c13_engineering_v2/episodes/fit_validation/fit_validation_c3_cost_D1_p4_A.spec.json
?? stage2_6_1/artifacts/repair17/development/run_supervision/runs/v2c13eng2_20260911T005151_3574/v2_c13_engineering_v2/episodes/fit_validation/fit_validation_c3_cost_D1_p4_B.csv
?? stage2_6_1/artifacts/repair17/development/run_supervision/runs/v2c13eng2_20260911T005151_3574/v2_c13_engineering_v2/episodes/fit_validation/fit_validation_c3_cost_D1_p4_B.spec.json
?? stage2_6_1/artifacts/repair17/development/run_supervision/runs/v2c13eng2_20260911T005151_3574/v2_c13_engineering_v2/episodes/fit_validation/fit_validation_c3_cost_D1_p5_A.csv
?? stage2_6_1/artifacts/repair17/development/run_supervision/runs/v2c13eng2_20260911T005151_3574/v2_c13_engineering_v2/episodes/fit_validation/fit_validation_c3_cost_D1_p5_A.spec.json
?? stage2_6_1/artifacts/repair17/development/run_supervision/runs/v2c13eng2_20260911T005151_3574/v2_c13_engineering_v2/episodes/fit_validation/fit_validation_c3_cost_D1_p5_B.csv
?? stage2_6_1/artifacts/repair17/development/run_supervision/runs/v2c13eng2_20260911T005151_3574/v2_c13_engineering_v2/episodes/fit_validation/fit_validation_c3_cost_D1_p5_B.spec.json
?? stage2_6_1/artifacts/repair17/development/run_supervision/runs/v2c13eng2_20260911T005151_3574/v2_c13_engineering_v2/episodes/fit_validation/fit_validation_c3_cost_D2_p0_A.csv
?? stage2_6_1/artifacts/repair17/development/run_supervision/runs/v2c13eng2_20260911T005151_3574/v2_c13_engineering_v2/episodes/fit_validation/fit_validation_c3_cost_D2_p0_A.spec.json
?? stage2_6_1/artifacts/repair17/development/run_supervision/runs/v2c13eng2_20260911T005151_3574/v2_c13_engineering_v2/episodes/fit_validation/fit_validation_c3_cost_D2_p0_B.csv
?? stage2_6_1/artifacts/repair17/development/run_supervision/runs/v2c13eng2_20260911T005151_3574/v2_c13_engineering_v2/episodes/fit_validation/fit_validation_c3_cost_D2_p0_B.spec.json
?? stage2_6_1/artifacts/repair17/development/run_supervision/runs/v2c13eng2_20260911T005151_3574/v2_c13_engineering_v2/episodes/fit_validation/fit_validation_c3_cost_D2_p1_A.csv
?? stage2_6_1/artifacts/repair17/development/run_supervision/runs/v2c13eng2_20260911T005151_3574/v2_c13_engineering_v2/episodes/fit_validation/fit_validation_c3_cost_D2_p1_A.spec.json
?? stage2_6_1/artifacts/repair17/development/run_supervision/runs/v2c13eng2_20260911T005151_3574/v2_c13_engineering_v2/episodes/fit_validation/fit_validation_c3_cost_D2_p1_B.csv
?? stage2_6_1/artifacts/repair17/development/run_supervision/runs/v2c13eng2_20260911T005151_3574/v2_c13_engineering_v2/episodes/fit_validation/fit_validation_c3_cost_D2_p1_B.spec.json
?? stage2_6_1/artifacts/repair17/development/run_supervision/runs/v2c13eng2_20260911T005151_3574/v2_c13_engineering_v2/episodes/fit_validation/fit_validation_c3_cost_D2_p2_A.csv
?? stage2_6_1/artifacts/repair17/development/run_supervision/runs/v2c13eng2_20260911T005151_3574/v2_c13_engineering_v2/episodes/fit_validation/fit_validation_c3_cost_D2_p2_A.spec.json
?? stage2_6_1/artifacts/repair17/development/run_supervision/runs/v2c13eng2_20260911T005151_3574/v2_c13_engineering_v2/episodes/fit_validation/fit_validation_c3_cost_D2_p2_B.csv
?? stage2_6_1/artifacts/repair17/development/run_supervision/runs/v2c13eng2_20260911T005151_3574/v2_c13_engineering_v2/episodes/fit_validation/fit_validation_c3_cost_D2_p2_B.spec.json
?? stage2_6_1/artifacts/repair17/development/run_supervision/runs/v2c13eng2_20260911T005151_3574/v2_c13_engineering_v2/episodes/fit_validation/fit_validation_c3_cost_D2_p3_A.csv
?? stage2_6_1/artifacts/repair17/development/run_supervision/runs/v2c13eng2_20260911T005151_3574/v2_c13_engineering_v2/episodes/fit_validation/fit_validation_c3_cost_D2_p3_A.spec.json
?? stage2_6_1/artifacts/repair17/development/run_supervision/runs/v2c13eng2_20260911T005151_3574/v2_c13_engineering_v2/episodes/fit_validation/fit_validation_c3_cost_D2_p3_B.csv
?? stage2_6_1/artifacts/repair17/development/run_supervision/runs/v2c13eng2_20260911T005151_3574/v2_c13_engineering_v2/episodes/fit_validation/fit_validation_c3_cost_D2_p3_B.spec.json
?? stage2_6_1/artifacts/repair17/development/run_supervision/runs/v2c13eng2_20260911T005151_3574/v2_c13_engineering_v2/episodes/fit_validation/fit_validation_c3_cost_D2_p4_A.csv
?? stage2_6_1/artifacts/repair17/development/run_supervision/runs/v2c13eng2_20260911T005151_3574/v2_c13_engineering_v2/episodes/fit_validation/fit_validation_c3_cost_D2_p4_A.spec.json
?? stage2_6_1/artifacts/repair17/development/run_supervision/runs/v2c13eng2_20260911T005151_3574/v2_c13_engineering_v2/episodes/fit_validation/fit_validation_c3_cost_D2_p4_B.csv
?? stage2_6_1/artifacts/repair17/development/run_supervision/runs/v2c13eng2_20260911T005151_3574/v2_c13_engineering_v2/episodes/fit_validation/fit_validation_c3_cost_D2_p4_B.spec.json
?? stage2_6_1/artifacts/repair17/development/run_supervision/runs/v2c13eng2_20260911T005151_3574/v2_c13_engineering_v2/episodes/fit_validation/fit_validation_c3_cost_D2_p5_A.csv
?? stage2_6_1/artifacts/repair17/development/run_supervision/runs/v2c13eng2_20260911T005151_3574/v2_c13_engineering_v2/episodes/fit_validation/fit_validation_c3_cost_D2_p5_A.spec.json
?? stage2_6_1/artifacts/repair17/development/run_supervision/runs/v2c13eng2_20260911T005151_3574/v2_c13_engineering_v2/episodes/fit_validation/fit_validation_c3_cost_D2_p5_B.csv
?? stage2_6_1/artifacts/repair17/development/run_supervision/runs/v2c13eng2_20260911T005151_3574/v2_c13_engineering_v2/episodes/fit_validation/fit_validation_c3_cost_D2_p5_B.spec.json
?? stage2_6_1/artifacts/repair17/development/run_supervision/runs/v2c13eng2_20260911T005151_3574/v2_c13_engineering_v2/episodes/fit_validation/fit_validation_c3_cost_D3_p0_A.csv
?? stage2_6_1/artifacts/repair17/development/run_supervision/runs/v2c13eng2_20260911T005151_3574/v2_c13_engineering_v2/episodes/fit_validation/fit_validation_c3_cost_D3_p0_A.spec.json
?? stage2_6_1/artifacts/repair17/development/run_supervision/runs/v2c13eng2_20260911T005151_3574/v2_c13_engineering_v2/episodes/fit_validation/fit_validation_c3_cost_D3_p0_B.csv
?? stage2_6_1/artifacts/repair17/development/run_supervision/runs/v2c13eng2_20260911T005151_3574/v2_c13_engineering_v2/episodes/fit_validation/fit_validation_c3_cost_D3_p0_B.spec.json
?? stage2_6_1/artifacts/repair17/development/run_supervision/runs/v2c13eng2_20260911T005151_3574/v2_c13_engineering_v2/episodes/fit_validation/fit_validation_c3_cost_D3_p1_A.csv
?? stage2_6_1/artifacts/repair17/development/run_supervision/runs/v2c13eng2_20260911T005151_3574/v2_c13_engineering_v2/episodes/fit_validation/fit_validation_c3_cost_D3_p1_A.spec.json
?? stage2_6_1/artifacts/repair17/development/run_supervision/runs/v2c13eng2_20260911T005151_3574/v2_c13_engineering_v2/episodes/fit_validation/fit_validation_c3_cost_D3_p1_B.csv
?? stage2_6_1/artifacts/repair17/development/run_supervision/runs/v2c13eng2_20260911T005151_3574/v2_c13_engineering_v2/episodes/fit_validation/fit_validation_c3_cost_D3_p1_B.spec.json
?? stage2_6_1/artifacts/repair17/development/run_supervision/runs/v2c13eng2_20260911T005151_3574/v2_c13_engineering_v2/episodes/fit_validation/fit_validation_c3_cost_D3_p2_A.csv
?? stage2_6_1/artifacts/repair17/development/run_supervision/runs/v2c13eng2_20260911T005151_3574/v2_c13_engineering_v2/episodes/fit_validation/fit_validation_c3_cost_D3_p2_A.spec.json
?? stage2_6_1/artifacts/repair17/development/run_supervision/runs/v2c13eng2_20260911T005151_3574/v2_c13_engineering_v2/episodes/fit_validation/fit_validation_c3_cost_D3_p2_B.csv
?? stage2_6_1/artifacts/repair17/development/run_supervision/runs/v2c13eng2_20260911T005151_3574/v2_c13_engineering_v2/episodes/fit_validation/fit_validation_c3_cost_D3_p2_B.spec.json
?? stage2_6_1/artifacts/repair17/development/run_supervision/runs/v2c13eng2_20260911T005151_3574/v2_c13_engineering_v2/episodes/fit_validation/fit_validation_c3_cost_D3_p3_A.csv
?? stage2_6_1/artifacts/repair17/development/run_supervision/runs/v2c13eng2_20260911T005151_3574/v2_c13_engineering_v2/episodes/fit_validation/fit_validation_c3_cost_D3_p3_A.spec.json
?? stage2_6_1/artifacts/repair17/development/run_supervision/runs/v2c13eng2_20260911T005151_3574/v2_c13_engineering_v2/episodes/fit_validation/fit_validation_c3_cost_D3_p3_B.csv
?? stage2_6_1/artifacts/repair17/development/run_supervision/runs/v2c13eng2_20260911T005151_3574/v2_c13_engineering_v2/episodes/fit_validation/fit_validation_c3_cost_D3_p3_B.spec.json
?? stage2_6_1/artifacts/repair17/development/run_supervision/runs/v2c13eng2_20260911T005151_3574/v2_c13_engineering_v2/episodes/fit_validation/fit_validation_c3_cost_D3_p4_A.csv
?? stage2_6_1/artifacts/repair17/development/run_supervision/runs/v2c13eng2_20260911T005151_3574/v2_c13_engineering_v2/episodes/fit_validation/fit_validation_c3_cost_D3_p4_A.spec.json
?? stage2_6_1/artifacts/repair17/development/run_supervision/runs/v2c13eng2_20260911T005151_3574/v2_c13_engineering_v2/episodes/fit_validation/fit_validation_c3_cost_D3_p4_B.csv
?? stage2_6_1/artifacts/repair17/development/run_supervision/runs/v2c13eng2_20260911T005151_3574/v2_c13_engineering_v2/episodes/fit_validation/fit_validation_c3_cost_D3_p4_B.spec.json
?? stage2_6_1/artifacts/repair17/development/run_supervision/runs/v2c13eng2_20260911T005151_3574/v2_c13_engineering_v2/episodes/fit_validation/fit_validation_c3_cost_D3_p5_A.csv
?? stage2_6_1/artifacts/repair17/development/run_supervision/runs/v2c13eng2_20260911T005151_3574/v2_c13_engineering_v2/episodes/fit_validation/fit_validation_c3_cost_D3_p5_A.spec.json
?? stage2_6_1/artifacts/repair17/development/run_supervision/runs/v2c13eng2_20260911T005151_3574/v2_c13_engineering_v2/episodes/fit_validation/fit_validation_c3_cost_D3_p5_B.csv
?? stage2_6_1/artifacts/repair17/development/run_supervision/runs/v2c13eng2_20260911T005151_3574/v2_c13_engineering_v2/episodes/fit_validation/fit_validation_c3_cost_D3_p5_B.spec.json
?? stage2_6_1/artifacts/repair17/development/run_supervision/runs/v2c13eng2_20260911T005151_3574/v2_c13_engineering_v2/eval_selection.json
?? stage2_6_1/artifacts/repair17/development/run_supervision/runs/v2c13eng2_20260911T005151_3574/v2_c13_engineering_v2/evaluations/main/c1_opportunity_report.json
?? stage2_6_1/artifacts/repair17/development/run_supervision/runs/v2c13eng2_20260911T005151_3574/v2_c13_engineering_v2/evaluations/main/c3_cost_report.json
?? stage2_6_1/artifacts/repair17/development/run_supervision/runs/v2c13eng2_20260911T005151_3574/v2_c13_engineering_v2/evaluations/main/reference_equivalence.json
?? stage2_6_1/artifacts/repair17/development/run_supervision/runs/v2c13eng2_20260911T005151_3574/v2_c13_engineering_v2/evaluations/main/reference_equivalence_mismatches.json
?? stage2_6_1/artifacts/repair17/development/run_supervision/runs/v2c13eng2_20260911T005151_3574/v2_c13_engineering_v2/evaluations/validation/c1_opportunity_report.json
?? stage2_6_1/artifacts/repair17/development/run_supervision/runs/v2c13eng2_20260911T005151_3574/v2_c13_engineering_v2/evaluations/validation/c3_cost_report.json
?? stage2_6_1/artifacts/repair17/development/run_supervision/runs/v2c13eng2_20260911T005151_3574/v2_c13_engineering_v2/evaluations/validation/reference_equivalence.json
?? stage2_6_1/artifacts/repair17/development/run_supervision/runs/v2c13eng2_20260911T005151_3574/v2_c13_engineering_v2/evaluations/validation/reference_equivalence_mismatches.json
?? stage2_6_1/artifacts/repair17/development/run_supervision/runs/v2c13eng2_20260911T005151_3574/v2_c13_engineering_v2/manifest.json
?? stage2_6_1/artifacts/repair17/development/run_supervision/runs/v2c13eng2_20260911T005151_3574/v2_c13_engineering_v2/params_snapshot.json
?? stage2_6_1/artifacts/repair17/development/run_supervision/runs/v2c13eng2_20260911T005151_3574/v2_c13_engineering_v2/plan.json
?? stage2_6_1/artifacts/repair17/development/run_supervision/runs/v2c13eng2_20260911T005151_3574/v2_c13_engineering_v2/result.json
?? stage2_6_1/artifacts/repair17/development/run_supervision/runs/v2c13eng2_20260911T005151_3574/v2_c13_engineering_v2/stages/eval_main/attempts/eval_main_c1_opportunity_D0_p0/attempt_0.json
?? stage2_6_1/artifacts/repair17/development/run_supervision/runs/v2c13eng2_20260911T005151_3574/v2_c13_engineering_v2/stages/eval_main/attempts/eval_main_c1_opportunity_D0_p0/call.json
?? stage2_6_1/artifacts/repair17/development/run_supervision/runs/v2c13eng2_20260911T005151_3574/v2_c13_engineering_v2/stages/eval_main/attempts/eval_main_c1_opportunity_D0_p1/attempt_0.json
?? stage2_6_1/artifacts/repair17/development/run_supervision/runs/v2c13eng2_20260911T005151_3574/v2_c13_engineering_v2/stages/eval_main/attempts/eval_main_c1_opportunity_D0_p1/call.json
?? stage2_6_1/artifacts/repair17/development/run_supervision/runs/v2c13eng2_20260911T005151_3574/v2_c13_engineering_v2/stages/eval_main/attempts/eval_main_c1_opportunity_D0_p2/attempt_0.json
?? stage2_6_1/artifacts/repair17/development/run_supervision/runs/v2c13eng2_20260911T005151_3574/v2_c13_engineering_v2/stages/eval_main/attempts/eval_main_c1_opportunity_D0_p2/call.json
?? stage2_6_1/artifacts/repair17/development/run_supervision/runs/v2c13eng2_20260911T005151_3574/v2_c13_engineering_v2/stages/eval_main/attempts/eval_main_c1_opportunity_D0_p3/attempt_0.json
?? stage2_6_1/artifacts/repair17/development/run_supervision/runs/v2c13eng2_20260911T005151_3574/v2_c13_engineering_v2/stages/eval_main/attempts/eval_main_c1_opportunity_D0_p3/call.json
?? stage2_6_1/artifacts/repair17/development/run_supervision/runs/v2c13eng2_20260911T005151_3574/v2_c13_engineering_v2/stages/eval_main/attempts/eval_main_c1_opportunity_D0_p4/attempt_0.json
?? stage2_6_1/artifacts/repair17/development/run_supervision/runs/v2c13eng2_20260911T005151_3574/v2_c13_engineering_v2/stages/eval_main/attempts/eval_main_c1_opportunity_D0_p4/call.json
?? stage2_6_1/artifacts/repair17/development/run_supervision/runs/v2c13eng2_20260911T005151_3574/v2_c13_engineering_v2/stages/eval_main/attempts/eval_main_c1_opportunity_D0_p5/attempt_0.json
?? stage2_6_1/artifacts/repair17/development/run_supervision/runs/v2c13eng2_20260911T005151_3574/v2_c13_engineering_v2/stages/eval_main/attempts/eval_main_c1_opportunity_D0_p5/call.json
?? stage2_6_1/artifacts/repair17/development/run_supervision/runs/v2c13eng2_20260911T005151_3574/v2_c13_engineering_v2/stages/eval_main/attempts/eval_main_c1_opportunity_D0_p6/attempt_0.json
?? stage2_6_1/artifacts/repair17/development/run_supervision/runs/v2c13eng2_20260911T005151_3574/v2_c13_engineering_v2/stages/eval_main/attempts/eval_main_c1_opportunity_D0_p6/call.json
?? stage2_6_1/artifacts/repair17/development/run_supervision/runs/v2c13eng2_20260911T005151_3574/v2_c13_engineering_v2/stages/eval_main/attempts/eval_main_c1_opportunity_D0_p7/attempt_0.json
?? stage2_6_1/artifacts/repair17/development/run_supervision/runs/v2c13eng2_20260911T005151_3574/v2_c13_engineering_v2/stages/eval_main/attempts/eval_main_c1_opportunity_D0_p7/call.json
?? stage2_6_1/artifacts/repair17/development/run_supervision/runs/v2c13eng2_20260911T005151_3574/v2_c13_engineering_v2/stages/eval_main/attempts/eval_main_c1_opportunity_D0_p8/attempt_0.json
?? stage2_6_1/artifacts/repair17/development/run_supervision/runs/v2c13eng2_20260911T005151_3574/v2_c13_engineering_v2/stages/eval_main/attempts/eval_main_c1_opportunity_D0_p8/call.json
?? stage2_6_1/artifacts/repair17/development/run_supervision/runs/v2c13eng2_20260911T005151_3574/v2_c13_engineering_v2/stages/eval_main/attempts/eval_main_c1_opportunity_D0_p9/attempt_0.json
?? stage2_6_1/artifacts/repair17/development/run_supervision/runs/v2c13eng2_20260911T005151_3574/v2_c13_engineering_v2/stages/eval_main/attempts/eval_main_c1_opportunity_D0_p9/call.json
?? stage2_6_1/artifacts/repair17/development/run_supervision/runs/v2c13eng2_20260911T005151_3574/v2_c13_engineering_v2/stages/eval_main/attempts/eval_main_c1_opportunity_D1_p0/attempt_0.json
?? stage2_6_1/artifacts/repair17/development/run_supervision/runs/v2c13eng2_20260911T005151_3574/v2_c13_engineering_v2/stages/eval_main/attempts/eval_main_c1_opportunity_D1_p0/call.json
?? stage2_6_1/artifacts/repair17/development/run_supervision/runs/v2c13eng2_20260911T005151_3574/v2_c13_engineering_v2/stages/eval_main/attempts/eval_main_c1_opportunity_D1_p1/attempt_0.json
?? stage2_6_1/artifacts/repair17/development/run_supervision/runs/v2c13eng2_20260911T005151_3574/v2_c13_engineering_v2/stages/eval_main/attempts/eval_main_c1_opportunity_D1_p1/call.json
?? stage2_6_1/artifacts/repair17/development/run_supervision/runs/v2c13eng2_20260911T005151_3574/v2_c13_engineering_v2/stages/eval_main/attempts/eval_main_c1_opportunity_D1_p2/attempt_0.json
?? stage2_6_1/artifacts/repair17/development/run_supervision/runs/v2c13eng2_20260911T005151_3574/v2_c13_engineering_v2/stages/eval_main/attempts/eval_main_c1_opportunity_D1_p2/call.json
?? stage2_6_1/artifacts/repair17/development/run_supervision/runs/v2c13eng2_20260911T005151_3574/v2_c13_engineering_v2/stages/eval_main/attempts/eval_main_c1_opportunity_D1_p3/attempt_0.json
?? stage2_6_1/artifacts/repair17/development/run_supervision/runs/v2c13eng2_20260911T005151_3574/v2_c13_engineering_v2/stages/eval_main/attempts/eval_main_c1_opportunity_D1_p3/call.json
?? stage2_6_1/artifacts/repair17/development/run_supervision/runs/v2c13eng2_20260911T005151_3574/v2_c13_engineering_v2/stages/eval_main/attempts/eval_main_c1_opportunity_D1_p4/attempt_0.json
?? stage2_6_1/artifacts/repair17/development/run_supervision/runs/v2c13eng2_20260911T005151_3574/v2_c13_engineering_v2/stages/eval_main/attempts/eval_main_c1_opportunity_D1_p4/call.json
?? stage2_6_1/artifacts/repair17/development/run_supervision/runs/v2c13eng2_20260911T005151_3574/v2_c13_engineering_v2/stages/eval_main/attempts/eval_main_c1_opportunity_D1_p5/attempt_0.json
?? stage2_6_1/artifacts/repair17/development/run_supervision/runs/v2c13eng2_20260911T005151_3574/v2_c13_engineering_v2/stages/eval_main/attempts/eval_main_c1_opportunity_D1_p5/call.json
?? stage2_6_1/artifacts/repair17/development/run_supervision/runs/v2c13eng2_20260911T005151_3574/v2_c13_engineering_v2/stages/eval_main/attempts/eval_main_c1_opportunity_D1_p6/attempt_0.json
?? stage2_6_1/artifacts/repair17/development/run_supervision/runs/v2c13eng2_20260911T005151_3574/v2_c13_engineering_v2/stages/eval_main/attempts/eval_main_c1_opportunity_D1_p6/call.json
?? stage2_6_1/artifacts/repair17/development/run_supervision/runs/v2c13eng2_20260911T005151_3574/v2_c13_engineering_v2/stages/eval_main/attempts/eval_main_c1_opportunity_D1_p7/attempt_0.json
?? stage2_6_1/artifacts/repair17/development/run_supervision/runs/v2c13eng2_20260911T005151_3574/v2_c13_engineering_v2/stages/eval_main/attempts/eval_main_c1_opportunity_D1_p7/call.json
?? stage2_6_1/artifacts/repair17/development/run_supervision/runs/v2c13eng2_20260911T005151_3574/v2_c13_engineering_v2/stages/eval_main/attempts/eval_main_c1_opportunity_D1_p8/attempt_0.json
?? stage2_6_1/artifacts/repair17/development/run_supervision/runs/v2c13eng2_20260911T005151_3574/v2_c13_engineering_v2/stages/eval_main/attempts/eval_main_c1_opportunity_D1_p8/call.json
?? stage2_6_1/artifacts/repair17/development/run_supervision/runs/v2c13eng2_20260911T005151_3574/v2_c13_engineering_v2/stages/eval_main/attempts/eval_main_c1_opportunity_D1_p9/attempt_0.json
?? stage2_6_1/artifacts/repair17/development/run_supervision/runs/v2c13eng2_20260911T005151_3574/v2_c13_engineering_v2/stages/eval_main/attempts/eval_main_c1_opportunity_D1_p9/call.json
?? stage2_6_1/artifacts/repair17/development/run_supervision/runs/v2c13eng2_20260911T005151_3574/v2_c13_engineering_v2/stages/eval_main/attempts/eval_main_c1_opportunity_D2_p0/attempt_0.json
?? stage2_6_1/artifacts/repair17/development/run_supervision/runs/v2c13eng2_20260911T005151_3574/v2_c13_engineering_v2/stages/eval_main/attempts/eval_main_c1_opportunity_D2_p0/call.json
?? stage2_6_1/artifacts/repair17/development/run_supervision/runs/v2c13eng2_20260911T005151_3574/v2_c13_engineering_v2/stages/eval_main/attempts/eval_main_c1_opportunity_D2_p1/attempt_0.json
?? stage2_6_1/artifacts/repair17/development/run_supervision/runs/v2c13eng2_20260911T005151_3574/v2_c13_engineering_v2/stages/eval_main/attempts/eval_main_c1_opportunity_D2_p1/call.json
?? stage2_6_1/artifacts/repair17/development/run_supervision/runs/v2c13eng2_20260911T005151_3574/v2_c13_engineering_v2/stages/eval_main/attempts/eval_main_c1_opportunity_D2_p2/attempt_0.json
?? stage2_6_1/artifacts/repair17/development/run_supervision/runs/v2c13eng2_20260911T005151_3574/v2_c13_engineering_v2/stages/eval_main/attempts/eval_main_c1_opportunity_D2_p2/call.json
?? stage2_6_1/artifacts/repair17/development/run_supervision/runs/v2c13eng2_20260911T005151_3574/v2_c13_engineering_v2/stages/eval_main/attempts/eval_main_c1_opportunity_D2_p3/attempt_0.json
?? stage2_6_1/artifacts/repair17/development/run_supervision/runs/v2c13eng2_20260911T005151_3574/v2_c13_engineering_v2/stages/eval_main/attempts/eval_main_c1_opportunity_D2_p3/call.json
?? stage2_6_1/artifacts/repair17/development/run_supervision/runs/v2c13eng2_20260911T005151_3574/v2_c13_engineering_v2/stages/eval_main/attempts/eval_main_c1_opportunity_D2_p4/attempt_0.json
?? stage2_6_1/artifacts/repair17/development/run_supervision/runs/v2c13eng2_20260911T005151_3574/v2_c13_engineering_v2/stages/eval_main/attempts/eval_main_c1_opportunity_D2_p4/call.json
?? stage2_6_1/artifacts/repair17/development/run_supervision/runs/v2c13eng2_20260911T005151_3574/v2_c13_engineering_v2/stages/eval_main/attempts/eval_main_c1_opportunity_D2_p5/attempt_0.json
?? stage2_6_1/artifacts/repair17/development/run_supervision/runs/v2c13eng2_20260911T005151_3574/v2_c13_engineering_v2/stages/eval_main/attempts/eval_main_c1_opportunity_D2_p5/call.json
?? stage2_6_1/artifacts/repair17/development/run_supervision/runs/v2c13eng2_20260911T005151_3574/v2_c13_engineering_v2/stages/eval_main/attempts/eval_main_c1_opportunity_D2_p6/attempt_0.json
?? stage2_6_1/artifacts/repair17/development/run_supervision/runs/v2c13eng2_20260911T005151_3574/v2_c13_engineering_v2/stages/eval_main/attempts/eval_main_c1_opportunity_D2_p6/call.json
?? stage2_6_1/artifacts/repair17/development/run_supervision/runs/v2c13eng2_20260911T005151_3574/v2_c13_engineering_v2/stages/eval_main/attempts/eval_main_c1_opportunity_D2_p7/attempt_0.json
?? stage2_6_1/artifacts/repair17/development/run_supervision/runs/v2c13eng2_20260911T005151_3574/v2_c13_engineering_v2/stages/eval_main/attempts/eval_main_c1_opportunity_D2_p7/call.json
?? stage2_6_1/artifacts/repair17/development/run_supervision/runs/v2c13eng2_20260911T005151_3574/v2_c13_engineering_v2/stages/eval_main/attempts/eval_main_c1_opportunity_D2_p8/attempt_0.json
?? stage2_6_1/artifacts/repair17/development/run_supervision/runs/v2c13eng2_20260911T005151_3574/v2_c13_engineering_v2/stages/eval_main/attempts/eval_main_c1_opportunity_D2_p8/call.json
?? stage2_6_1/artifacts/repair17/development/run_supervision/runs/v2c13eng2_20260911T005151_3574/v2_c13_engineering_v2/stages/eval_main/attempts/eval_main_c1_opportunity_D2_p9/attempt_0.json
?? stage2_6_1/artifacts/repair17/development/run_supervision/runs/v2c13eng2_20260911T005151_3574/v2_c13_engineering_v2/stages/eval_main/attempts/eval_main_c1_opportunity_D2_p9/call.json
?? stage2_6_1/artifacts/repair17/development/run_supervision/runs/v2c13eng2_20260911T005151_3574/v2_c13_engineering_v2/stages/eval_main/attempts/eval_main_c1_opportunity_D3_p0/attempt_0.json
?? stage2_6_1/artifacts/repair17/development/run_supervision/runs/v2c13eng2_20260911T005151_3574/v2_c13_engineering_v2/stages/eval_main/attempts/eval_main_c1_opportunity_D3_p0/call.json
?? stage2_6_1/artifacts/repair17/development/run_supervision/runs/v2c13eng2_20260911T005151_3574/v2_c13_engineering_v2/stages/eval_main/attempts/eval_main_c1_opportunity_D3_p1/attempt_0.json
?? stage2_6_1/artifacts/repair17/development/run_supervision/runs/v2c13eng2_20260911T005151_3574/v2_c13_engineering_v2/stages/eval_main/attempts/eval_main_c1_opportunity_D3_p1/call.json
?? stage2_6_1/artifacts/repair17/development/run_supervision/runs/v2c13eng2_20260911T005151_3574/v2_c13_engineering_v2/stages/eval_main/attempts/eval_main_c1_opportunity_D3_p2/attempt_0.json
?? stage2_6_1/artifacts/repair17/development/run_supervision/runs/v2c13eng2_20260911T005151_3574/v2_c13_engineering_v2/stages/eval_main/attempts/eval_main_c1_opportunity_D3_p2/call.json
?? stage2_6_1/artifacts/repair17/development/run_supervision/runs/v2c13eng2_20260911T005151_3574/v2_c13_engineering_v2/stages/eval_main/attempts/eval_main_c1_opportunity_D3_p3/attempt_0.json
?? stage2_6_1/artifacts/repair17/development/run_supervision/runs/v2c13eng2_20260911T005151_3574/v2_c13_engineering_v2/stages/eval_main/attempts/eval_main_c1_opportunity_D3_p3/call.json
?? stage2_6_1/artifacts/repair17/development/run_supervision/runs/v2c13eng2_20260911T005151_3574/v2_c13_engineering_v2/stages/eval_main/attempts/eval_main_c1_opportunity_D3_p4/attempt_0.json
?? stage2_6_1/artifacts/repair17/development/run_supervision/runs/v2c13eng2_20260911T005151_3574/v2_c13_engineering_v2/stages/eval_main/attempts/eval_main_c1_opportunity_D3_p4/call.json
?? stage2_6_1/artifacts/repair17/development/run_supervision/runs/v2c13eng2_20260911T005151_3574/v2_c13_engineering_v2/stages/eval_main/attempts/eval_main_c1_opportunity_D3_p5/attempt_0.json
?? stage2_6_1/artifacts/repair17/development/run_supervision/runs/v2c13eng2_20260911T005151_3574/v2_c13_engineering_v2/stages/eval_main/attempts/eval_main_c1_opportunity_D3_p5/call.json
?? stage2_6_1/artifacts/repair17/development/run_supervision/runs/v2c13eng2_20260911T005151_3574/v2_c13_engineering_v2/stages/eval_main/attempts/eval_main_c1_opportunity_D3_p6/attempt_0.json
?? stage2_6_1/artifacts/repair17/development/run_supervision/runs/v2c13eng2_20260911T005151_3574/v2_c13_engineering_v2/stages/eval_main/attempts/eval_main_c1_opportunity_D3_p6/call.json
?? stage2_6_1/artifacts/repair17/development/run_supervision/runs/v2c13eng2_20260911T005151_3574/v2_c13_engineering_v2/stages/eval_main/attempts/eval_main_c1_opportunity_D3_p7/attempt_0.json
?? stage2_6_1/artifacts/repair17/development/run_supervision/runs/v2c13eng2_20260911T005151_3574/v2_c13_engineering_v2/stages/eval_main/attempts/eval_main_c1_opportunity_D3_p7/call.json
?? stage2_6_1/artifacts/repair17/development/run_supervision/runs/v2c13eng2_20260911T005151_3574/v2_c13_engineering_v2/stages/eval_main/attempts/eval_main_c1_opportunity_D3_p8/attempt_0.json
?? stage2_6_1/artifacts/repair17/development/run_supervision/runs/v2c13eng2_20260911T005151_3574/v2_c13_engineering_v2/stages/eval_main/attempts/eval_main_c1_opportunity_D3_p8/call.json
?? stage2_6_1/artifacts/repair17/development/run_supervision/runs/v2c13eng2_20260911T005151_3574/v2_c13_engineering_v2/stages/eval_main/attempts/eval_main_c1_opportunity_D3_p9/attempt_0.json
?? stage2_6_1/artifacts/repair17/development/run_supervision/runs/v2c13eng2_20260911T005151_3574/v2_c13_engineering_v2/stages/eval_main/attempts/eval_main_c1_opportunity_D3_p9/call.json
?? stage2_6_1/artifacts/repair17/development/run_supervision/runs/v2c13eng2_20260911T005151_3574/v2_c13_engineering_v2/stages/eval_main/attempts/eval_main_c3_cost_D0_p0/attempt_0.json
?? stage2_6_1/artifacts/repair17/development/run_supervision/runs/v2c13eng2_20260911T005151_3574/v2_c13_engineering_v2/stages/eval_main/attempts/eval_main_c3_cost_D0_p0/call.json
?? stage2_6_1/artifacts/repair17/development/run_supervision/runs/v2c13eng2_20260911T005151_3574/v2_c13_engineering_v2/stages/eval_main/attempts/eval_main_c3_cost_D0_p1/attempt_0.json
?? stage2_6_1/artifacts/repair17/development/run_supervision/runs/v2c13eng2_20260911T005151_3574/v2_c13_engineering_v2/stages/eval_main/attempts/eval_main_c3_cost_D0_p1/call.json
?? stage2_6_1/artifacts/repair17/development/run_supervision/runs/v2c13eng2_20260911T005151_3574/v2_c13_engineering_v2/stages/eval_main/attempts/eval_main_c3_cost_D0_p2/attempt_0.json
?? stage2_6_1/artifacts/repair17/development/run_supervision/runs/v2c13eng2_20260911T005151_3574/v2_c13_engineering_v2/stages/eval_main/attempts/eval_main_c3_cost_D0_p2/call.json
?? stage2_6_1/artifacts/repair17/development/run_supervision/runs/v2c13eng2_20260911T005151_3574/v2_c13_engineering_v2/stages/eval_main/attempts/eval_main_c3_cost_D0_p3/attempt_0.json
?? stage2_6_1/artifacts/repair17/development/run_supervision/runs/v2c13eng2_20260911T005151_3574/v2_c13_engineering_v2/stages/eval_main/attempts/eval_main_c3_cost_D0_p3/call.json
?? stage2_6_1/artifacts/repair17/development/run_supervision/runs/v2c13eng2_20260911T005151_3574/v2_c13_engineering_v2/stages/eval_main/attempts/eval_main_c3_cost_D0_p4/attempt_0.json
?? stage2_6_1/artifacts/repair17/development/run_supervision/runs/v2c13eng2_20260911T005151_3574/v2_c13_engineering_v2/stages/eval_main/attempts/eval_main_c3_cost_D0_p4/attempt_1.json
?? stage2_6_1/artifacts/repair17/development/run_supervision/runs/v2c13eng2_20260911T005151_3574/v2_c13_engineering_v2/stages/eval_main/attempts/eval_main_c3_cost_D0_p4/call.json
?? stage2_6_1/artifacts/repair17/development/run_supervision/runs/v2c13eng2_20260911T005151_3574/v2_c13_engineering_v2/stages/eval_main/attempts/eval_main_c3_cost_D0_p5/attempt_0.json
?? stage2_6_1/artifacts/repair17/development/run_supervision/runs/v2c13eng2_20260911T005151_3574/v2_c13_engineering_v2/stages/eval_main/attempts/eval_main_c3_cost_D0_p5/call.json
?? stage2_6_1/artifacts/repair17/development/run_supervision/runs/v2c13eng2_20260911T005151_3574/v2_c13_engineering_v2/stages/eval_main/attempts/eval_main_c3_cost_D0_p6/attempt_0.json
?? stage2_6_1/artifacts/repair17/development/run_supervision/runs/v2c13eng2_20260911T005151_3574/v2_c13_engineering_v2/stages/eval_main/attempts/eval_main_c3_cost_D0_p6/attempt_1.json
?? stage2_6_1/artifacts/repair17/development/run_supervision/runs/v2c13eng2_20260911T005151_3574/v2_c13_engineering_v2/stages/eval_main/attempts/eval_main_c3_cost_D0_p6/attempt_2.json
?? stage2_6_1/artifacts/repair17/development/run_supervision/runs/v2c13eng2_20260911T005151_3574/v2_c13_engineering_v2/stages/eval_main/attempts/eval_main_c3_cost_D0_p6/call.json
?? stage2_6_1/artifacts/repair17/development/run_supervision/runs/v2c13eng2_20260911T005151_3574/v2_c13_engineering_v2/stages/eval_main/attempts/eval_main_c3_cost_D0_p7/attempt_0.json
?? stage2_6_1/artifacts/repair17/development/run_supervision/runs/v2c13eng2_20260911T005151_3574/v2_c13_engineering_v2/stages/eval_main/attempts/eval_main_c3_cost_D0_p7/attempt_1.json
?? stage2_6_1/artifacts/repair17/development/run_supervision/runs/v2c13eng2_20260911T005151_3574/v2_c13_engineering_v2/stages/eval_main/attempts/eval_main_c3_cost_D0_p7/call.json
?? stage2_6_1/artifacts/repair17/development/run_supervision/runs/v2c13eng2_20260911T005151_3574/v2_c13_engineering_v2/stages/eval_main/attempts/eval_main_c3_cost_D0_p8/attempt_0.json
?? stage2_6_1/artifacts/repair17/development/run_supervision/runs/v2c13eng2_20260911T005151_3574/v2_c13_engineering_v2/stages/eval_main/attempts/eval_main_c3_cost_D0_p8/call.json
?? stage2_6_1/artifacts/repair17/development/run_supervision/runs/v2c13eng2_20260911T005151_3574/v2_c13_engineering_v2/stages/eval_main/attempts/eval_main_c3_cost_D0_p9/attempt_0.json
?? stage2_6_1/artifacts/repair17/development/run_supervision/runs/v2c13eng2_20260911T005151_3574/v2_c13_engineering_v2/stages/eval_main/attempts/eval_main_c3_cost_D0_p9/call.json
?? stage2_6_1/artifacts/repair17/development/run_supervision/runs/v2c13eng2_20260911T005151_3574/v2_c13_engineering_v2/stages/eval_main/attempts/eval_main_c3_cost_D1_p0/attempt_0.json
?? stage2_6_1/artifacts/repair17/development/run_supervision/runs/v2c13eng2_20260911T005151_3574/v2_c13_engineering_v2/stages/eval_main/attempts/eval_main_c3_cost_D1_p0/call.json
?? stage2_6_1/artifacts/repair17/development/run_supervision/runs/v2c13eng2_20260911T005151_3574/v2_c13_engineering_v2/stages/eval_main/attempts/eval_main_c3_cost_D1_p1/attempt_0.json
?? stage2_6_1/artifacts/repair17/development/run_supervision/runs/v2c13eng2_20260911T005151_3574/v2_c13_engineering_v2/stages/eval_main/attempts/eval_main_c3_cost_D1_p1/call.json
?? stage2_6_1/artifacts/repair17/development/run_supervision/runs/v2c13eng2_20260911T005151_3574/v2_c13_engineering_v2/stages/eval_main/attempts/eval_main_c3_cost_D1_p2/attempt_0.json
?? stage2_6_1/artifacts/repair17/development/run_supervision/runs/v2c13eng2_20260911T005151_3574/v2_c13_engineering_v2/stages/eval_main/attempts/eval_main_c3_cost_D1_p2/call.json
?? stage2_6_1/artifacts/repair17/development/run_supervision/runs/v2c13eng2_20260911T005151_3574/v2_c13_engineering_v2/stages/eval_main/attempts/eval_main_c3_cost_D1_p3/attempt_0.json
?? stage2_6_1/artifacts/repair17/development/run_supervision/runs/v2c13eng2_20260911T005151_3574/v2_c13_engineering_v2/stages/eval_main/attempts/eval_main_c3_cost_D1_p3/call.json
?? stage2_6_1/artifacts/repair17/development/run_supervision/runs/v2c13eng2_20260911T005151_3574/v2_c13_engineering_v2/stages/eval_main/attempts/eval_main_c3_cost_D1_p4/attempt_0.json
?? stage2_6_1/artifacts/repair17/development/run_supervision/runs/v2c13eng2_20260911T005151_3574/v2_c13_engineering_v2/stages/eval_main/attempts/eval_main_c3_cost_D1_p4/call.json
?? stage2_6_1/artifacts/repair17/development/run_supervision/runs/v2c13eng2_20260911T005151_3574/v2_c13_engineering_v2/stages/eval_main/attempts/eval_main_c3_cost_D1_p5/attempt_0.json
?? stage2_6_1/artifacts/repair17/development/run_supervision/runs/v2c13eng2_20260911T005151_3574/v2_c13_engineering_v2/stages/eval_main/attempts/eval_main_c3_cost_D1_p5/call.json
?? stage2_6_1/artifacts/repair17/development/run_supervision/runs/v2c13eng2_20260911T005151_3574/v2_c13_engineering_v2/stages/eval_main/attempts/eval_main_c3_cost_D1_p6/attempt_0.json
?? stage2_6_1/artifacts/repair17/development/run_supervision/runs/v2c13eng2_20260911T005151_3574/v2_c13_engineering_v2/stages/eval_main/attempts/eval_main_c3_cost_D1_p6/call.json
?? stage2_6_1/artifacts/repair17/development/run_supervision/runs/v2c13eng2_20260911T005151_3574/v2_c13_engineering_v2/stages/eval_main/attempts/eval_main_c3_cost_D1_p7/attempt_0.json
?? stage2_6_1/artifacts/repair17/development/run_supervision/runs/v2c13eng2_20260911T005151_3574/v2_c13_engineering_v2/stages/eval_main/attempts/eval_main_c3_cost_D1_p7/call.json
?? stage2_6_1/artifacts/repair17/development/run_supervision/runs/v2c13eng2_20260911T005151_3574/v2_c13_engineering_v2/stages/eval_main/attempts/eval_main_c3_cost_D1_p8/attempt_0.json
?? stage2_6_1/artifacts/repair17/development/run_supervision/runs/v2c13eng2_20260911T005151_3574/v2_c13_engineering_v2/stages/eval_main/attempts/eval_main_c3_cost_D1_p8/call.json
?? stage2_6_1/artifacts/repair17/development/run_supervision/runs/v2c13eng2_20260911T005151_3574/v2_c13_engineering_v2/stages/eval_main/attempts/eval_main_c3_cost_D1_p9/attempt_0.json
?? stage2_6_1/artifacts/repair17/development/run_supervision/runs/v2c13eng2_20260911T005151_3574/v2_c13_engineering_v2/stages/eval_main/attempts/eval_main_c3_cost_D1_p9/attempt_1.json
?? stage2_6_1/artifacts/repair17/development/run_supervision/runs/v2c13eng2_20260911T005151_3574/v2_c13_engineering_v2/stages/eval_main/attempts/eval_main_c3_cost_D1_p9/call.json
?? stage2_6_1/artifacts/repair17/development/run_supervision/runs/v2c13eng2_20260911T005151_3574/v2_c13_engineering_v2/stages/eval_main/attempts/eval_main_c3_cost_D2_p0/attempt_0.json
?? stage2_6_1/artifacts/repair17/development/run_supervision/runs/v2c13eng2_20260911T005151_3574/v2_c13_engineering_v2/stages/eval_main/attempts/eval_main_c3_cost_D2_p0/call.json
?? stage2_6_1/artifacts/repair17/development/run_supervision/runs/v2c13eng2_20260911T005151_3574/v2_c13_engineering_v2/stages/eval_main/attempts/eval_main_c3_cost_D2_p1/attempt_0.json
?? stage2_6_1/artifacts/repair17/development/run_supervision/runs/v2c13eng2_20260911T005151_3574/v2_c13_engineering_v2/stages/eval_main/attempts/eval_main_c3_cost_D2_p1/call.json
?? stage2_6_1/artifacts/repair17/development/run_supervision/runs/v2c13eng2_20260911T005151_3574/v2_c13_engineering_v2/stages/eval_main/attempts/eval_main_c3_cost_D2_p2/attempt_0.json
?? stage2_6_1/artifacts/repair17/development/run_supervision/runs/v2c13eng2_20260911T005151_3574/v2_c13_engineering_v2/stages/eval_main/attempts/eval_main_c3_cost_D2_p2/call.json
?? stage2_6_1/artifacts/repair17/development/run_supervision/runs/v2c13eng2_20260911T005151_3574/v2_c13_engineering_v2/stages/eval_main/attempts/eval_main_c3_cost_D2_p3/attempt_0.json
?? stage2_6_1/artifacts/repair17/development/run_supervision/runs/v2c13eng2_20260911T005151_3574/v2_c13_engineering_v2/stages/eval_main/attempts/eval_main_c3_cost_D2_p3/call.json
?? stage2_6_1/artifacts/repair17/development/run_supervision/runs/v2c13eng2_20260911T005151_3574/v2_c13_engineering_v2/stages/eval_main/attempts/eval_main_c3_cost_D2_p4/attempt_0.json
?? stage2_6_1/artifacts/repair17/development/run_supervision/runs/v2c13eng2_20260911T005151_3574/v2_c13_engineering_v2/stages/eval_main/attempts/eval_main_c3_cost_D2_p4/call.json
?? stage2_6_1/artifacts/repair17/development/run_supervision/runs/v2c13eng2_20260911T005151_3574/v2_c13_engineering_v2/stages/eval_main/attempts/eval_main_c3_cost_D2_p5/attempt_0.json
?? stage2_6_1/artifacts/repair17/development/run_supervision/runs/v2c13eng2_20260911T005151_3574/v2_c13_engineering_v2/stages/eval_main/attempts/eval_main_c3_cost_D2_p5/call.json
?? stage2_6_1/artifacts/repair17/development/run_supervision/runs/v2c13eng2_20260911T005151_3574/v2_c13_engineering_v2/stages/eval_main/attempts/eval_main_c3_cost_D2_p6/attempt_0.json
?? stage2_6_1/artifacts/repair17/development/run_supervision/runs/v2c13eng2_20260911T005151_3574/v2_c13_engineering_v2/stages/eval_main/attempts/eval_main_c3_cost_D2_p6/call.json
?? stage2_6_1/artifacts/repair17/development/run_supervision/runs/v2c13eng2_20260911T005151_3574/v2_c13_engineering_v2/stages/eval_main/attempts/eval_main_c3_cost_D2_p7/attempt_0.json
?? stage2_6_1/artifacts/repair17/development/run_supervision/runs/v2c13eng2_20260911T005151_3574/v2_c13_engineering_v2/stages/eval_main/attempts/eval_main_c3_cost_D2_p7/call.json
?? stage2_6_1/artifacts/repair17/development/run_supervision/runs/v2c13eng2_20260911T005151_3574/v2_c13_engineering_v2/stages/eval_main/attempts/eval_main_c3_cost_D2_p8/attempt_0.json
?? stage2_6_1/artifacts/repair17/development/run_supervision/runs/v2c13eng2_20260911T005151_3574/v2_c13_engineering_v2/stages/eval_main/attempts/eval_main_c3_cost_D2_p8/call.json
?? stage2_6_1/artifacts/repair17/development/run_supervision/runs/v2c13eng2_20260911T005151_3574/v2_c13_engineering_v2/stages/eval_main/attempts/eval_main_c3_cost_D2_p9/attempt_0.json
?? stage2_6_1/artifacts/repair17/development/run_supervision/runs/v2c13eng2_20260911T005151_3574/v2_c13_engineering_v2/stages/eval_main/attempts/eval_main_c3_cost_D2_p9/call.json
?? stage2_6_1/artifacts/repair17/development/run_supervision/runs/v2c13eng2_20260911T005151_3574/v2_c13_engineering_v2/stages/eval_main/attempts/eval_main_c3_cost_D3_p0/attempt_0.json
?? stage2_6_1/artifacts/repair17/development/run_supervision/runs/v2c13eng2_20260911T005151_3574/v2_c13_engineering_v2/stages/eval_main/attempts/eval_main_c3_cost_D3_p0/call.json
?? stage2_6_1/artifacts/repair17/development/run_supervision/runs/v2c13eng2_20260911T005151_3574/v2_c13_engineering_v2/stages/eval_main/attempts/eval_main_c3_cost_D3_p1/attempt_0.json
?? stage2_6_1/artifacts/repair17/development/run_supervision/runs/v2c13eng2_20260911T005151_3574/v2_c13_engineering_v2/stages/eval_main/attempts/eval_main_c3_cost_D3_p1/call.json
?? stage2_6_1/artifacts/repair17/development/run_supervision/runs/v2c13eng2_20260911T005151_3574/v2_c13_engineering_v2/stages/eval_main/attempts/eval_main_c3_cost_D3_p2/attempt_0.json
?? stage2_6_1/artifacts/repair17/development/run_supervision/runs/v2c13eng2_20260911T005151_3574/v2_c13_engineering_v2/stages/eval_main/attempts/eval_main_c3_cost_D3_p2/call.json
?? stage2_6_1/artifacts/repair17/development/run_supervision/runs/v2c13eng2_20260911T005151_3574/v2_c13_engineering_v2/stages/eval_main/attempts/eval_main_c3_cost_D3_p3/attempt_0.json
?? stage2_6_1/artifacts/repair17/development/run_supervision/runs/v2c13eng2_20260911T005151_3574/v2_c13_engineering_v2/stages/eval_main/attempts/eval_main_c3_cost_D3_p3/call.json
?? stage2_6_1/artifacts/repair17/development/run_supervision/runs/v2c13eng2_20260911T005151_3574/v2_c13_engineering_v2/stages/eval_main/attempts/eval_main_c3_cost_D3_p4/attempt_0.json
?? stage2_6_1/artifacts/repair17/development/run_supervision/runs/v2c13eng2_20260911T005151_3574/v2_c13_engineering_v2/stages/eval_main/attempts/eval_main_c3_cost_D3_p4/call.json
?? stage2_6_1/artifacts/repair17/development/run_supervision/runs/v2c13eng2_20260911T005151_3574/v2_c13_engineering_v2/stages/eval_main/attempts/eval_main_c3_cost_D3_p5/attempt_0.json
?? stage2_6_1/artifacts/repair17/development/run_supervision/runs/v2c13eng2_20260911T005151_3574/v2_c13_engineering_v2/stages/eval_main/attempts/eval_main_c3_cost_D3_p5/call.json
?? stage2_6_1/artifacts/repair17/development/run_supervision/runs/v2c13eng2_20260911T005151_3574/v2_c13_engineering_v2/stages/eval_main/attempts/eval_main_c3_cost_D3_p6/attempt_0.json
?? stage2_6_1/artifacts/repair17/development/run_supervision/runs/v2c13eng2_20260911T005151_3574/v2_c13_engineering_v2/stages/eval_main/attempts/eval_main_c3_cost_D3_p6/call.json
?? stage2_6_1/artifacts/repair17/development/run_supervision/runs/v2c13eng2_20260911T005151_3574/v2_c13_engineering_v2/stages/eval_main/attempts/eval_main_c3_cost_D3_p7/attempt_0.json
?? stage2_6_1/artifacts/repair17/development/run_supervision/runs/v2c13eng2_20260911T005151_3574/v2_c13_engineering_v2/stages/eval_main/attempts/eval_main_c3_cost_D3_p7/call.json
?? stage2_6_1/artifacts/repair17/development/run_supervision/runs/v2c13eng2_20260911T005151_3574/v2_c13_engineering_v2/stages/eval_main/attempts/eval_main_c3_cost_D3_p8/attempt_0.json
?? stage2_6_1/artifacts/repair17/development/run_supervision/runs/v2c13eng2_20260911T005151_3574/v2_c13_engineering_v2/stages/eval_main/attempts/eval_main_c3_cost_D3_p8/call.json
?? stage2_6_1/artifacts/repair17/development/run_supervision/runs/v2c13eng2_20260911T005151_3574/v2_c13_engineering_v2/stages/eval_main/attempts/eval_main_c3_cost_D3_p9/attempt_0.json
?? stage2_6_1/artifacts/repair17/development/run_supervision/runs/v2c13eng2_20260911T005151_3574/v2_c13_engineering_v2/stages/eval_main/attempts/eval_main_c3_cost_D3_p9/call.json
?? stage2_6_1/artifacts/repair17/development/run_supervision/runs/v2c13eng2_20260911T005151_3574/v2_c13_engineering_v2/stages/eval_main/requests/eval_main_c1_opportunity_D0_p0.json
?? stage2_6_1/artifacts/repair17/development/run_supervision/runs/v2c13eng2_20260911T005151_3574/v2_c13_engineering_v2/stages/eval_main/requests/eval_main_c1_opportunity_D0_p1.json
?? stage2_6_1/artifacts/repair17/development/run_supervision/runs/v2c13eng2_20260911T005151_3574/v2_c13_engineering_v2/stages/eval_main/requests/eval_main_c1_opportunity_D0_p2.json
?? stage2_6_1/artifacts/repair17/development/run_supervision/runs/v2c13eng2_20260911T005151_3574/v2_c13_engineering_v2/stages/eval_main/requests/eval_main_c1_opportunity_D0_p3.json
?? stage2_6_1/artifacts/repair17/development/run_supervision/runs/v2c13eng2_20260911T005151_3574/v2_c13_engineering_v2/stages/eval_main/requests/eval_main_c1_opportunity_D0_p4.json
?? stage2_6_1/artifacts/repair17/development/run_supervision/runs/v2c13eng2_20260911T005151_3574/v2_c13_engineering_v2/stages/eval_main/requests/eval_main_c1_opportunity_D0_p5.json
?? stage2_6_1/artifacts/repair17/development/run_supervision/runs/v2c13eng2_20260911T005151_3574/v2_c13_engineering_v2/stages/eval_main/requests/eval_main_c1_opportunity_D0_p6.json
?? stage2_6_1/artifacts/repair17/development/run_supervision/runs/v2c13eng2_20260911T005151_3574/v2_c13_engineering_v2/stages/eval_main/requests/eval_main_c1_opportunity_D0_p7.json
?? stage2_6_1/artifacts/repair17/development/run_supervision/runs/v2c13eng2_20260911T005151_3574/v2_c13_engineering_v2/stages/eval_main/requests/eval_main_c1_opportunity_D0_p8.json
?? stage2_6_1/artifacts/repair17/development/run_supervision/runs/v2c13eng2_20260911T005151_3574/v2_c13_engineering_v2/stages/eval_main/requests/eval_main_c1_opportunity_D0_p9.json
?? stage2_6_1/artifacts/repair17/development/run_supervision/runs/v2c13eng2_20260911T005151_3574/v2_c13_engineering_v2/stages/eval_main/requests/eval_main_c1_opportunity_D1_p0.json
?? stage2_6_1/artifacts/repair17/development/run_supervision/runs/v2c13eng2_20260911T005151_3574/v2_c13_engineering_v2/stages/eval_main/requests/eval_main_c1_opportunity_D1_p1.json
?? stage2_6_1/artifacts/repair17/development/run_supervision/runs/v2c13eng2_20260911T005151_3574/v2_c13_engineering_v2/stages/eval_main/requests/eval_main_c1_opportunity_D1_p2.json
?? stage2_6_1/artifacts/repair17/development/run_supervision/runs/v2c13eng2_20260911T005151_3574/v2_c13_engineering_v2/stages/eval_main/requests/eval_main_c1_opportunity_D1_p3.json
?? stage2_6_1/artifacts/repair17/development/run_supervision/runs/v2c13eng2_20260911T005151_3574/v2_c13_engineering_v2/stages/eval_main/requests/eval_main_c1_opportunity_D1_p4.json
?? stage2_6_1/artifacts/repair17/development/run_supervision/runs/v2c13eng2_20260911T005151_3574/v2_c13_engineering_v2/stages/eval_main/requests/eval_main_c1_opportunity_D1_p5.json
?? stage2_6_1/artifacts/repair17/development/run_supervision/runs/v2c13eng2_20260911T005151_3574/v2_c13_engineering_v2/stages/eval_main/requests/eval_main_c1_opportunity_D1_p6.json
?? stage2_6_1/artifacts/repair17/development/run_supervision/runs/v2c13eng2_20260911T005151_3574/v2_c13_engineering_v2/stages/eval_main/requests/eval_main_c1_opportunity_D1_p7.json
?? stage2_6_1/artifacts/repair17/development/run_supervision/runs/v2c13eng2_20260911T005151_3574/v2_c13_engineering_v2/stages/eval_main/requests/eval_main_c1_opportunity_D1_p8.json
?? stage2_6_1/artifacts/repair17/development/run_supervision/runs/v2c13eng2_20260911T005151_3574/v2_c13_engineering_v2/stages/eval_main/requests/eval_main_c1_opportunity_D1_p9.json
?? stage2_6_1/artifacts/repair17/development/run_supervision/runs/v2c13eng2_20260911T005151_3574/v2_c13_engineering_v2/stages/eval_main/requests/eval_main_c1_opportunity_D2_p0.json
?? stage2_6_1/artifacts/repair17/development/run_supervision/runs/v2c13eng2_20260911T005151_3574/v2_c13_engineering_v2/stages/eval_main/requests/eval_main_c1_opportunity_D2_p1.json
?? stage2_6_1/artifacts/repair17/development/run_supervision/runs/v2c13eng2_20260911T005151_3574/v2_c13_engineering_v2/stages/eval_main/requests/eval_main_c1_opportunity_D2_p2.json
?? stage2_6_1/artifacts/repair17/development/run_supervision/runs/v2c13eng2_20260911T005151_3574/v2_c13_engineering_v2/stages/eval_main/requests/eval_main_c1_opportunity_D2_p3.json
?? stage2_6_1/artifacts/repair17/development/run_supervision/runs/v2c13eng2_20260911T005151_3574/v2_c13_engineering_v2/stages/eval_main/requests/eval_main_c1_opportunity_D2_p4.json
?? stage2_6_1/artifacts/repair17/development/run_supervision/runs/v2c13eng2_20260911T005151_3574/v2_c13_engineering_v2/stages/eval_main/requests/eval_main_c1_opportunity_D2_p5.json
?? stage2_6_1/artifacts/repair17/development/run_supervision/runs/v2c13eng2_20260911T005151_3574/v2_c13_engineering_v2/stages/eval_main/requests/eval_main_c1_opportunity_D2_p6.json
?? stage2_6_1/artifacts/repair17/development/run_supervision/runs/v2c13eng2_20260911T005151_3574/v2_c13_engineering_v2/stages/eval_main/requests/eval_main_c1_opportunity_D2_p7.json
?? stage2_6_1/artifacts/repair17/development/run_supervision/runs/v2c13eng2_20260911T005151_3574/v2_c13_engineering_v2/stages/eval_main/requests/eval_main_c1_opportunity_D2_p8.json
?? stage2_6_1/artifacts/repair17/development/run_supervision/runs/v2c13eng2_20260911T005151_3574/v2_c13_engineering_v2/stages/eval_main/requests/eval_main_c1_opportunity_D2_p9.json
?? stage2_6_1/artifacts/repair17/development/run_supervision/runs/v2c13eng2_20260911T005151_3574/v2_c13_engineering_v2/stages/eval_main/requests/eval_main_c1_opportunity_D3_p0.json
?? stage2_6_1/artifacts/repair17/development/run_supervision/runs/v2c13eng2_20260911T005151_3574/v2_c13_engineering_v2/stages/eval_main/requests/eval_main_c1_opportunity_D3_p1.json
?? stage2_6_1/artifacts/repair17/development/run_supervision/runs/v2c13eng2_20260911T005151_3574/v2_c13_engineering_v2/stages/eval_main/requests/eval_main_c1_opportunity_D3_p2.json
?? stage2_6_1/artifacts/repair17/development/run_supervision/runs/v2c13eng2_20260911T005151_3574/v2_c13_engineering_v2/stages/eval_main/requests/eval_main_c1_opportunity_D3_p3.json
?? stage2_6_1/artifacts/repair17/development/run_supervision/runs/v2c13eng2_20260911T005151_3574/v2_c13_engineering_v2/stages/eval_main/requests/eval_main_c1_opportunity_D3_p4.json
?? stage2_6_1/artifacts/repair17/development/run_supervision/runs/v2c13eng2_20260911T005151_3574/v2_c13_engineering_v2/stages/eval_main/requests/eval_main_c1_opportunity_D3_p5.json
?? stage2_6_1/artifacts/repair17/development/run_supervision/runs/v2c13eng2_20260911T005151_3574/v2_c13_engineering_v2/stages/eval_main/requests/eval_main_c1_opportunity_D3_p6.json
?? stage2_6_1/artifacts/repair17/development/run_supervision/runs/v2c13eng2_20260911T005151_3574/v2_c13_engineering_v2/stages/eval_main/requests/eval_main_c1_opportunity_D3_p7.json
?? stage2_6_1/artifacts/repair17/development/run_supervision/runs/v2c13eng2_20260911T005151_3574/v2_c13_engineering_v2/stages/eval_main/requests/eval_main_c1_opportunity_D3_p8.json
?? stage2_6_1/artifacts/repair17/development/run_supervision/runs/v2c13eng2_20260911T005151_3574/v2_c13_engineering_v2/stages/eval_main/requests/eval_main_c1_opportunity_D3_p9.json
?? stage2_6_1/artifacts/repair17/development/run_supervision/runs/v2c13eng2_20260911T005151_3574/v2_c13_engineering_v2/stages/eval_main/requests/eval_main_c3_cost_D0_p0.json
?? stage2_6_1/artifacts/repair17/development/run_supervision/runs/v2c13eng2_20260911T005151_3574/v2_c13_engineering_v2/stages/eval_main/requests/eval_main_c3_cost_D0_p1.json
?? stage2_6_1/artifacts/repair17/development/run_supervision/runs/v2c13eng2_20260911T005151_3574/v2_c13_engineering_v2/stages/eval_main/requests/eval_main_c3_cost_D0_p2.json
?? stage2_6_1/artifacts/repair17/development/run_supervision/runs/v2c13eng2_20260911T005151_3574/v2_c13_engineering_v2/stages/eval_main/requests/eval_main_c3_cost_D0_p3.json
?? stage2_6_1/artifacts/repair17/development/run_supervision/runs/v2c13eng2_20260911T005151_3574/v2_c13_engineering_v2/stages/eval_main/requests/eval_main_c3_cost_D0_p4.json
?? stage2_6_1/artifacts/repair17/development/run_supervision/runs/v2c13eng2_20260911T005151_3574/v2_c13_engineering_v2/stages/eval_main/requests/eval_main_c3_cost_D0_p5.json
?? stage2_6_1/artifacts/repair17/development/run_supervision/runs/v2c13eng2_20260911T005151_3574/v2_c13_engineering_v2/stages/eval_main/requests/eval_main_c3_cost_D0_p6.json
?? stage2_6_1/artifacts/repair17/development/run_supervision/runs/v2c13eng2_20260911T005151_3574/v2_c13_engineering_v2/stages/eval_main/requests/eval_main_c3_cost_D0_p7.json
?? stage2_6_1/artifacts/repair17/development/run_supervision/runs/v2c13eng2_20260911T005151_3574/v2_c13_engineering_v2/stages/eval_main/requests/eval_main_c3_cost_D0_p8.json
?? stage2_6_1/artifacts/repair17/development/run_supervision/runs/v2c13eng2_20260911T005151_3574/v2_c13_engineering_v2/stages/eval_main/requests/eval_main_c3_cost_D0_p9.json
?? stage2_6_1/artifacts/repair17/development/run_supervision/runs/v2c13eng2_20260911T005151_3574/v2_c13_engineering_v2/stages/eval_main/requests/eval_main_c3_cost_D1_p0.json
?? stage2_6_1/artifacts/repair17/development/run_supervision/runs/v2c13eng2_20260911T005151_3574/v2_c13_engineering_v2/stages/eval_main/requests/eval_main_c3_cost_D1_p1.json
?? stage2_6_1/artifacts/repair17/development/run_supervision/runs/v2c13eng2_20260911T005151_3574/v2_c13_engineering_v2/stages/eval_main/requests/eval_main_c3_cost_D1_p2.json
?? stage2_6_1/artifacts/repair17/development/run_supervision/runs/v2c13eng2_20260911T005151_3574/v2_c13_engineering_v2/stages/eval_main/requests/eval_main_c3_cost_D1_p3.json
?? stage2_6_1/artifacts/repair17/development/run_supervision/runs/v2c13eng2_20260911T005151_3574/v2_c13_engineering_v2/stages/eval_main/requests/eval_main_c3_cost_D1_p4.json
?? stage2_6_1/artifacts/repair17/development/run_supervision/runs/v2c13eng2_20260911T005151_3574/v2_c13_engineering_v2/stages/eval_main/requests/eval_main_c3_cost_D1_p5.json
?? stage2_6_1/artifacts/repair17/development/run_supervision/runs/v2c13eng2_20260911T005151_3574/v2_c13_engineering_v2/stages/eval_main/requests/eval_main_c3_cost_D1_p6.json
?? stage2_6_1/artifacts/repair17/development/run_supervision/runs/v2c13eng2_20260911T005151_3574/v2_c13_engineering_v2/stages/eval_main/requests/eval_main_c3_cost_D1_p7.json
?? stage2_6_1/artifacts/repair17/development/run_supervision/runs/v2c13eng2_20260911T005151_3574/v2_c13_engineering_v2/stages/eval_main/requests/eval_main_c3_cost_D1_p8.json
?? stage2_6_1/artifacts/repair17/development/run_supervision/runs/v2c13eng2_20260911T005151_3574/v2_c13_engineering_v2/stages/eval_main/requests/eval_main_c3_cost_D1_p9.json
?? stage2_6_1/artifacts/repair17/development/run_supervision/runs/v2c13eng2_20260911T005151_3574/v2_c13_engineering_v2/stages/eval_main/requests/eval_main_c3_cost_D2_p0.json
?? stage2_6_1/artifacts/repair17/development/run_supervision/runs/v2c13eng2_20260911T005151_3574/v2_c13_engineering_v2/stages/eval_main/requests/eval_main_c3_cost_D2_p1.json
?? stage2_6_1/artifacts/repair17/development/run_supervision/runs/v2c13eng2_20260911T005151_3574/v2_c13_engineering_v2/stages/eval_main/requests/eval_main_c3_cost_D2_p2.json
?? stage2_6_1/artifacts/repair17/development/run_supervision/runs/v2c13eng2_20260911T005151_3574/v2_c13_engineering_v2/stages/eval_main/requests/eval_main_c3_cost_D2_p3.json
?? stage2_6_1/artifacts/repair17/development/run_supervision/runs/v2c13eng2_20260911T005151_3574/v2_c13_engineering_v2/stages/eval_main/requests/eval_main_c3_cost_D2_p4.json
?? stage2_6_1/artifacts/repair17/development/run_supervision/runs/v2c13eng2_20260911T005151_3574/v2_c13_engineering_v2/stages/eval_main/requests/eval_main_c3_cost_D2_p5.json
?? stage2_6_1/artifacts/repair17/development/run_supervision/runs/v2c13eng2_20260911T005151_3574/v2_c13_engineering_v2/stages/eval_main/requests/eval_main_c3_cost_D2_p6.json
?? stage2_6_1/artifacts/repair17/development/run_supervision/runs/v2c13eng2_20260911T005151_3574/v2_c13_engineering_v2/stages/eval_main/requests/eval_main_c3_cost_D2_p7.json
?? stage2_6_1/artifacts/repair17/development/run_supervision/runs/v2c13eng2_20260911T005151_3574/v2_c13_engineering_v2/stages/eval_main/requests/eval_main_c3_cost_D2_p8.json
?? stage2_6_1/artifacts/repair17/development/run_supervision/runs/v2c13eng2_20260911T005151_3574/v2_c13_engineering_v2/stages/eval_main/requests/eval_main_c3_cost_D2_p9.json
?? stage2_6_1/artifacts/repair17/development/run_supervision/runs/v2c13eng2_20260911T005151_3574/v2_c13_engineering_v2/stages/eval_main/requests/eval_main_c3_cost_D3_p0.json
?? stage2_6_1/artifacts/repair17/development/run_supervision/runs/v2c13eng2_20260911T005151_3574/v2_c13_engineering_v2/stages/eval_main/requests/eval_main_c3_cost_D3_p1.json
?? stage2_6_1/artifacts/repair17/development/run_supervision/runs/v2c13eng2_20260911T005151_3574/v2_c13_engineering_v2/stages/eval_main/requests/eval_main_c3_cost_D3_p2.json
?? stage2_6_1/artifacts/repair17/development/run_supervision/runs/v2c13eng2_20260911T005151_3574/v2_c13_engineering_v2/stages/eval_main/requests/eval_main_c3_cost_D3_p3.json
?? stage2_6_1/artifacts/repair17/development/run_supervision/runs/v2c13eng2_20260911T005151_3574/v2_c13_engineering_v2/stages/eval_main/requests/eval_main_c3_cost_D3_p4.json
?? stage2_6_1/artifacts/repair17/development/run_supervision/runs/v2c13eng2_20260911T005151_3574/v2_c13_engineering_v2/stages/eval_main/requests/eval_main_c3_cost_D3_p5.json
?? stage2_6_1/artifacts/repair17/development/run_supervision/runs/v2c13eng2_20260911T005151_3574/v2_c13_engineering_v2/stages/eval_main/requests/eval_main_c3_cost_D3_p6.json
?? stage2_6_1/artifacts/repair17/development/run_supervision/runs/v2c13eng2_20260911T005151_3574/v2_c13_engineering_v2/stages/eval_main/requests/eval_main_c3_cost_D3_p7.json
?? stage2_6_1/artifacts/repair17/development/run_supervision/runs/v2c13eng2_20260911T005151_3574/v2_c13_engineering_v2/stages/eval_main/requests/eval_main_c3_cost_D3_p8.json
?? stage2_6_1/artifacts/repair17/development/run_supervision/runs/v2c13eng2_20260911T005151_3574/v2_c13_engineering_v2/stages/eval_main/requests/eval_main_c3_cost_D3_p9.json
?? stage2_6_1/artifacts/repair17/development/run_supervision/runs/v2c13eng2_20260911T005151_3574/v2_c13_engineering_v2/stages/eval_main/result.json
?? stage2_6_1/artifacts/repair17/development/run_supervision/runs/v2c13eng2_20260911T005151_3574/v2_c13_engineering_v2/stages/eval_main/selection.json
?? stage2_6_1/artifacts/repair17/development/run_supervision/runs/v2c13eng2_20260911T005151_3574/v2_c13_engineering_v2/stages/eval_main/starts/eval_main_c1_opportunity_D0_p0.json
?? stage2_6_1/artifacts/repair17/development/run_supervision/runs/v2c13eng2_20260911T005151_3574/v2_c13_engineering_v2/stages/eval_main/starts/eval_main_c1_opportunity_D0_p1.json
?? stage2_6_1/artifacts/repair17/development/run_supervision/runs/v2c13eng2_20260911T005151_3574/v2_c13_engineering_v2/stages/eval_main/starts/eval_main_c1_opportunity_D0_p2.json
?? stage2_6_1/artifacts/repair17/development/run_supervision/runs/v2c13eng2_20260911T005151_3574/v2_c13_engineering_v2/stages/eval_main/starts/eval_main_c1_opportunity_D0_p3.json
?? stage2_6_1/artifacts/repair17/development/run_supervision/runs/v2c13eng2_20260911T005151_3574/v2_c13_engineering_v2/stages/eval_main/starts/eval_main_c1_opportunity_D0_p4.json
?? stage2_6_1/artifacts/repair17/development/run_supervision/runs/v2c13eng2_20260911T005151_3574/v2_c13_engineering_v2/stages/eval_main/starts/eval_main_c1_opportunity_D0_p5.json
?? stage2_6_1/artifacts/repair17/development/run_supervision/runs/v2c13eng2_20260911T005151_3574/v2_c13_engineering_v2/stages/eval_main/starts/eval_main_c1_opportunity_D0_p6.json
?? stage2_6_1/artifacts/repair17/development/run_supervision/runs/v2c13eng2_20260911T005151_3574/v2_c13_engineering_v2/stages/eval_main/starts/eval_main_c1_opportunity_D0_p7.json
?? stage2_6_1/artifacts/repair17/development/run_supervision/runs/v2c13eng2_20260911T005151_3574/v2_c13_engineering_v2/stages/eval_main/starts/eval_main_c1_opportunity_D0_p8.json
?? stage2_6_1/artifacts/repair17/development/run_supervision/runs/v2c13eng2_20260911T005151_3574/v2_c13_engineering_v2/stages/eval_main/starts/eval_main_c1_opportunity_D0_p9.json
?? stage2_6_1/artifacts/repair17/development/run_supervision/runs/v2c13eng2_20260911T005151_3574/v2_c13_engineering_v2/stages/eval_main/starts/eval_main_c1_opportunity_D1_p0.json
?? stage2_6_1/artifacts/repair17/development/run_supervision/runs/v2c13eng2_20260911T005151_3574/v2_c13_engineering_v2/stages/eval_main/starts/eval_main_c1_opportunity_D1_p1.json
?? stage2_6_1/artifacts/repair17/development/run_supervision/runs/v2c13eng2_20260911T005151_3574/v2_c13_engineering_v2/stages/eval_main/starts/eval_main_c1_opportunity_D1_p2.json
?? stage2_6_1/artifacts/repair17/development/run_supervision/runs/v2c13eng2_20260911T005151_3574/v2_c13_engineering_v2/stages/eval_main/starts/eval_main_c1_opportunity_D1_p3.json
?? stage2_6_1/artifacts/repair17/development/run_supervision/runs/v2c13eng2_20260911T005151_3574/v2_c13_engineering_v2/stages/eval_main/starts/eval_main_c1_opportunity_D1_p4.json
?? stage2_6_1/artifacts/repair17/development/run_supervision/runs/v2c13eng2_20260911T005151_3574/v2_c13_engineering_v2/stages/eval_main/starts/eval_main_c1_opportunity_D1_p5.json
?? stage2_6_1/artifacts/repair17/development/run_supervision/runs/v2c13eng2_20260911T005151_3574/v2_c13_engineering_v2/stages/eval_main/starts/eval_main_c1_opportunity_D1_p6.json
?? stage2_6_1/artifacts/repair17/development/run_supervision/runs/v2c13eng2_20260911T005151_3574/v2_c13_engineering_v2/stages/eval_main/starts/eval_main_c1_opportunity_D1_p7.json
?? stage2_6_1/artifacts/repair17/development/run_supervision/runs/v2c13eng2_20260911T005151_3574/v2_c13_engineering_v2/stages/eval_main/starts/eval_main_c1_opportunity_D1_p8.json
?? stage2_6_1/artifacts/repair17/development/run_supervision/runs/v2c13eng2_20260911T005151_3574/v2_c13_engineering_v2/stages/eval_main/starts/eval_main_c1_opportunity_D1_p9.json
?? stage2_6_1/artifacts/repair17/development/run_supervision/runs/v2c13eng2_20260911T005151_3574/v2_c13_engineering_v2/stages/eval_main/starts/eval_main_c1_opportunity_D2_p0.json
?? stage2_6_1/artifacts/repair17/development/run_supervision/runs/v2c13eng2_20260911T005151_3574/v2_c13_engineering_v2/stages/eval_main/starts/eval_main_c1_opportunity_D2_p1.json
?? stage2_6_1/artifacts/repair17/development/run_supervision/runs/v2c13eng2_20260911T005151_3574/v2_c13_engineering_v2/stages/eval_main/starts/eval_main_c1_opportunity_D2_p2.json
?? stage2_6_1/artifacts/repair17/development/run_supervision/runs/v2c13eng2_20260911T005151_3574/v2_c13_engineering_v2/stages/eval_main/starts/eval_main_c1_opportunity_D2_p3.json
?? stage2_6_1/artifacts/repair17/development/run_supervision/runs/v2c13eng2_20260911T005151_3574/v2_c13_engineering_v2/stages/eval_main/starts/eval_main_c1_opportunity_D2_p4.json
?? stage2_6_1/artifacts/repair17/development/run_supervision/runs/v2c13eng2_20260911T005151_3574/v2_c13_engineering_v2/stages/eval_main/starts/eval_main_c1_opportunity_D2_p5.json
?? stage2_6_1/artifacts/repair17/development/run_supervision/runs/v2c13eng2_20260911T005151_3574/v2_c13_engineering_v2/stages/eval_main/starts/eval_main_c1_opportunity_D2_p6.json
?? stage2_6_1/artifacts/repair17/development/run_supervision/runs/v2c13eng2_20260911T005151_3574/v2_c13_engineering_v2/stages/eval_main/starts/eval_main_c1_opportunity_D2_p7.json
?? stage2_6_1/artifacts/repair17/development/run_supervision/runs/v2c13eng2_20260911T005151_3574/v2_c13_engineering_v2/stages/eval_main/starts/eval_main_c1_opportunity_D2_p8.json
?? stage2_6_1/artifacts/repair17/development/run_supervision/runs/v2c13eng2_20260911T005151_3574/v2_c13_engineering_v2/stages/eval_main/starts/eval_main_c1_opportunity_D2_p9.json
?? stage2_6_1/artifacts/repair17/development/run_supervision/runs/v2c13eng2_20260911T005151_3574/v2_c13_engineering_v2/stages/eval_main/starts/eval_main_c1_opportunity_D3_p0.json
?? stage2_6_1/artifacts/repair17/development/run_supervision/runs/v2c13eng2_20260911T005151_3574/v2_c13_engineering_v2/stages/eval_main/starts/eval_main_c1_opportunity_D3_p1.json
?? stage2_6_1/artifacts/repair17/development/run_supervision/runs/v2c13eng2_20260911T005151_3574/v2_c13_engineering_v2/stages/eval_main/starts/eval_main_c1_opportunity_D3_p2.json
?? stage2_6_1/artifacts/repair17/development/run_supervision/runs/v2c13eng2_20260911T005151_3574/v2_c13_engineering_v2/stages/eval_main/starts/eval_main_c1_opportunity_D3_p3.json
?? stage2_6_1/artifacts/repair17/development/run_supervision/runs/v2c13eng2_20260911T005151_3574/v2_c13_engineering_v2/stages/eval_main/starts/eval_main_c1_opportunity_D3_p4.json
?? stage2_6_1/artifacts/repair17/development/run_supervision/runs/v2c13eng2_20260911T005151_3574/v2_c13_engineering_v2/stages/eval_main/starts/eval_main_c1_opportunity_D3_p5.json
?? stage2_6_1/artifacts/repair17/development/run_supervision/runs/v2c13eng2_20260911T005151_3574/v2_c13_engineering_v2/stages/eval_main/starts/eval_main_c1_opportunity_D3_p6.json
?? stage2_6_1/artifacts/repair17/development/run_supervision/runs/v2c13eng2_20260911T005151_3574/v2_c13_engineering_v2/stages/eval_main/starts/eval_main_c1_opportunity_D3_p7.json
?? stage2_6_1/artifacts/repair17/development/run_supervision/runs/v2c13eng2_20260911T005151_3574/v2_c13_engineering_v2/stages/eval_main/starts/eval_main_c1_opportunity_D3_p8.json
?? stage2_6_1/artifacts/repair17/development/run_supervision/runs/v2c13eng2_20260911T005151_3574/v2_c13_engineering_v2/stages/eval_main/starts/eval_main_c1_opportunity_D3_p9.json
?? stage2_6_1/artifacts/repair17/development/run_supervision/runs/v2c13eng2_20260911T005151_3574/v2_c13_engineering_v2/stages/eval_main/starts/eval_main_c3_cost_D0_p0.json
?? stage2_6_1/artifacts/repair17/development/run_supervision/runs/v2c13eng2_20260911T005151_3574/v2_c13_engineering_v2/stages/eval_main/starts/eval_main_c3_cost_D0_p1.json
?? stage2_6_1/artifacts/repair17/development/run_supervision/runs/v2c13eng2_20260911T005151_3574/v2_c13_engineering_v2/stages/eval_main/starts/eval_main_c3_cost_D0_p2.json
?? stage2_6_1/artifacts/repair17/development/run_supervision/runs/v2c13eng2_20260911T005151_3574/v2_c13_engineering_v2/stages/eval_main/starts/eval_main_c3_cost_D0_p3.json
?? stage2_6_1/artifacts/repair17/development/run_supervision/runs/v2c13eng2_20260911T005151_3574/v2_c13_engineering_v2/stages/eval_main/starts/eval_main_c3_cost_D0_p4.json
?? stage2_6_1/artifacts/repair17/development/run_supervision/runs/v2c13eng2_20260911T005151_3574/v2_c13_engineering_v2/stages/eval_main/starts/eval_main_c3_cost_D0_p5.json
?? stage2_6_1/artifacts/repair17/development/run_supervision/runs/v2c13eng2_20260911T005151_3574/v2_c13_engineering_v2/stages/eval_main/starts/eval_main_c3_cost_D0_p6.json
?? stage2_6_1/artifacts/repair17/development/run_supervision/runs/v2c13eng2_20260911T005151_3574/v2_c13_engineering_v2/stages/eval_main/starts/eval_main_c3_cost_D0_p7.json
?? stage2_6_1/artifacts/repair17/development/run_supervision/runs/v2c13eng2_20260911T005151_3574/v2_c13_engineering_v2/stages/eval_main/starts/eval_main_c3_cost_D0_p8.json
?? stage2_6_1/artifacts/repair17/development/run_supervision/runs/v2c13eng2_20260911T005151_3574/v2_c13_engineering_v2/stages/eval_main/starts/eval_main_c3_cost_D0_p9.json
?? stage2_6_1/artifacts/repair17/development/run_supervision/runs/v2c13eng2_20260911T005151_3574/v2_c13_engineering_v2/stages/eval_main/starts/eval_main_c3_cost_D1_p0.json
?? stage2_6_1/artifacts/repair17/development/run_supervision/runs/v2c13eng2_20260911T005151_3574/v2_c13_engineering_v2/stages/eval_main/starts/eval_main_c3_cost_D1_p1.json
?? stage2_6_1/artifacts/repair17/development/run_supervision/runs/v2c13eng2_20260911T005151_3574/v2_c13_engineering_v2/stages/eval_main/starts/eval_main_c3_cost_D1_p2.json
?? stage2_6_1/artifacts/repair17/development/run_supervision/runs/v2c13eng2_20260911T005151_3574/v2_c13_engineering_v2/stages/eval_main/starts/eval_main_c3_cost_D1_p3.json
?? stage2_6_1/artifacts/repair17/development/run_supervision/runs/v2c13eng2_20260911T005151_3574/v2_c13_engineering_v2/stages/eval_main/starts/eval_main_c3_cost_D1_p4.json
?? stage2_6_1/artifacts/repair17/development/run_supervision/runs/v2c13eng2_20260911T005151_3574/v2_c13_engineering_v2/stages/eval_main/starts/eval_main_c3_cost_D1_p5.json
?? stage2_6_1/artifacts/repair17/development/run_supervision/runs/v2c13eng2_20260911T005151_3574/v2_c13_engineering_v2/stages/eval_main/starts/eval_main_c3_cost_D1_p6.json
?? stage2_6_1/artifacts/repair17/development/run_supervision/runs/v2c13eng2_20260911T005151_3574/v2_c13_engineering_v2/stages/eval_main/starts/eval_main_c3_cost_D1_p7.json
?? stage2_6_1/artifacts/repair17/development/run_supervision/runs/v2c13eng2_20260911T005151_3574/v2_c13_engineering_v2/stages/eval_main/starts/eval_main_c3_cost_D1_p8.json
?? stage2_6_1/artifacts/repair17/development/run_supervision/runs/v2c13eng2_20260911T005151_3574/v2_c13_engineering_v2/stages/eval_main/starts/eval_main_c3_cost_D1_p9.json
?? stage2_6_1/artifacts/repair17/development/run_supervision/runs/v2c13eng2_20260911T005151_3574/v2_c13_engineering_v2/stages/eval_main/starts/eval_main_c3_cost_D2_p0.json
?? stage2_6_1/artifacts/repair17/development/run_supervision/runs/v2c13eng2_20260911T005151_3574/v2_c13_engineering_v2/stages/eval_main/starts/eval_main_c3_cost_D2_p1.json
?? stage2_6_1/artifacts/repair17/development/run_supervision/runs/v2c13eng2_20260911T005151_3574/v2_c13_engineering_v2/stages/eval_main/starts/eval_main_c3_cost_D2_p2.json
?? stage2_6_1/artifacts/repair17/development/run_supervision/runs/v2c13eng2_20260911T005151_3574/v2_c13_engineering_v2/stages/eval_main/starts/eval_main_c3_cost_D2_p3.json
?? stage2_6_1/artifacts/repair17/development/run_supervision/runs/v2c13eng2_20260911T005151_3574/v2_c13_engineering_v2/stages/eval_main/starts/eval_main_c3_cost_D2_p4.json
?? stage2_6_1/artifacts/repair17/development/run_supervision/runs/v2c13eng2_20260911T005151_3574/v2_c13_engineering_v2/stages/eval_main/starts/eval_main_c3_cost_D2_p5.json
?? stage2_6_1/artifacts/repair17/development/run_supervision/runs/v2c13eng2_20260911T005151_3574/v2_c13_engineering_v2/stages/eval_main/starts/eval_main_c3_cost_D2_p6.json
?? stage2_6_1/artifacts/repair17/development/run_supervision/runs/v2c13eng2_20260911T005151_3574/v2_c13_engineering_v2/stages/eval_main/starts/eval_main_c3_cost_D2_p7.json
?? stage2_6_1/artifacts/repair17/development/run_supervision/runs/v2c13eng2_20260911T005151_3574/v2_c13_engineering_v2/stages/eval_main/starts/eval_main_c3_cost_D2_p8.json
?? stage2_6_1/artifacts/repair17/development/run_supervision/runs/v2c13eng2_20260911T005151_3574/v2_c13_engineering_v2/stages/eval_main/starts/eval_main_c3_cost_D2_p9.json
?? stage2_6_1/artifacts/repair17/development/run_supervision/runs/v2c13eng2_20260911T005151_3574/v2_c13_engineering_v2/stages/eval_main/starts/eval_main_c3_cost_D3_p0.json
?? stage2_6_1/artifacts/repair17/development/run_supervision/runs/v2c13eng2_20260911T005151_3574/v2_c13_engineering_v2/stages/eval_main/starts/eval_main_c3_cost_D3_p1.json
?? stage2_6_1/artifacts/repair17/development/run_supervision/runs/v2c13eng2_20260911T005151_3574/v2_c13_engineering_v2/stages/eval_main/starts/eval_main_c3_cost_D3_p2.json
?? stage2_6_1/artifacts/repair17/development/run_supervision/runs/v2c13eng2_20260911T005151_3574/v2_c13_engineering_v2/stages/eval_main/starts/eval_main_c3_cost_D3_p3.json
?? stage2_6_1/artifacts/repair17/development/run_supervision/runs/v2c13eng2_20260911T005151_3574/v2_c13_engineering_v2/stages/eval_main/starts/eval_main_c3_cost_D3_p4.json
?? stage2_6_1/artifacts/repair17/development/run_supervision/runs/v2c13eng2_20260911T005151_3574/v2_c13_engineering_v2/stages/eval_main/starts/eval_main_c3_cost_D3_p5.json
?? stage2_6_1/artifacts/repair17/development/run_supervision/runs/v2c13eng2_20260911T005151_3574/v2_c13_engineering_v2/stages/eval_main/starts/eval_main_c3_cost_D3_p6.json
?? stage2_6_1/artifacts/repair17/development/run_supervision/runs/v2c13eng2_20260911T005151_3574/v2_c13_engineering_v2/stages/eval_main/starts/eval_main_c3_cost_D3_p7.json
?? stage2_6_1/artifacts/repair17/development/run_supervision/runs/v2c13eng2_20260911T005151_3574/v2_c13_engineering_v2/stages/eval_main/starts/eval_main_c3_cost_D3_p8.json
?? stage2_6_1/artifacts/repair17/development/run_supervision/runs/v2c13eng2_20260911T005151_3574/v2_c13_engineering_v2/stages/eval_main/starts/eval_main_c3_cost_D3_p9.json
?? stage2_6_1/artifacts/repair17/development/run_supervision/runs/v2c13eng2_20260911T005151_3574/v2_c13_engineering_v2/stages/eval_validation/attempts/eval_validation_c1_opportunity_D0_p0/attempt_0.json
?? stage2_6_1/artifacts/repair17/development/run_supervision/runs/v2c13eng2_20260911T005151_3574/v2_c13_engineering_v2/stages/eval_validation/attempts/eval_validation_c1_opportunity_D0_p0/call.json
?? stage2_6_1/artifacts/repair17/development/run_supervision/runs/v2c13eng2_20260911T005151_3574/v2_c13_engineering_v2/stages/eval_validation/attempts/eval_validation_c1_opportunity_D0_p1/attempt_0.json
?? stage2_6_1/artifacts/repair17/development/run_supervision/runs/v2c13eng2_20260911T005151_3574/v2_c13_engineering_v2/stages/eval_validation/attempts/eval_validation_c1_opportunity_D0_p1/call.json
?? stage2_6_1/artifacts/repair17/development/run_supervision/runs/v2c13eng2_20260911T005151_3574/v2_c13_engineering_v2/stages/eval_validation/attempts/eval_validation_c1_opportunity_D0_p2/attempt_0.json
?? stage2_6_1/artifacts/repair17/development/run_supervision/runs/v2c13eng2_20260911T005151_3574/v2_c13_engineering_v2/stages/eval_validation/attempts/eval_validation_c1_opportunity_D0_p2/call.json
?? stage2_6_1/artifacts/repair17/development/run_supervision/runs/v2c13eng2_20260911T005151_3574/v2_c13_engineering_v2/stages/eval_validation/attempts/eval_validation_c1_opportunity_D0_p3/attempt_0.json
?? stage2_6_1/artifacts/repair17/development/run_supervision/runs/v2c13eng2_20260911T005151_3574/v2_c13_engineering_v2/stages/eval_validation/attempts/eval_validation_c1_opportunity_D0_p3/call.json
?? stage2_6_1/artifacts/repair17/development/run_supervision/runs/v2c13eng2_20260911T005151_3574/v2_c13_engineering_v2/stages/eval_validation/attempts/eval_validation_c1_opportunity_D0_p4/attempt_0.json
?? stage2_6_1/artifacts/repair17/development/run_supervision/runs/v2c13eng2_20260911T005151_3574/v2_c13_engineering_v2/stages/eval_validation/attempts/eval_validation_c1_opportunity_D0_p4/call.json
?? stage2_6_1/artifacts/repair17/development/run_supervision/runs/v2c13eng2_20260911T005151_3574/v2_c13_engineering_v2/stages/eval_validation/attempts/eval_validation_c1_opportunity_D0_p5/attempt_0.json
?? stage2_6_1/artifacts/repair17/development/run_supervision/runs/v2c13eng2_20260911T005151_3574/v2_c13_engineering_v2/stages/eval_validation/attempts/eval_validation_c1_opportunity_D0_p5/call.json
?? stage2_6_1/artifacts/repair17/development/run_supervision/runs/v2c13eng2_20260911T005151_3574/v2_c13_engineering_v2/stages/eval_validation/attempts/eval_validation_c1_opportunity_D0_p6/attempt_0.json
?? stage2_6_1/artifacts/repair17/development/run_supervision/runs/v2c13eng2_20260911T005151_3574/v2_c13_engineering_v2/stages/eval_validation/attempts/eval_validation_c1_opportunity_D0_p6/call.json
?? stage2_6_1/artifacts/repair17/development/run_supervision/runs/v2c13eng2_20260911T005151_3574/v2_c13_engineering_v2/stages/eval_validation/attempts/eval_validation_c1_opportunity_D0_p7/attempt_0.json
?? stage2_6_1/artifacts/repair17/development/run_supervision/runs/v2c13eng2_20260911T005151_3574/v2_c13_engineering_v2/stages/eval_validation/attempts/eval_validation_c1_opportunity_D0_p7/call.json
?? stage2_6_1/artifacts/repair17/development/run_supervision/runs/v2c13eng2_20260911T005151_3574/v2_c13_engineering_v2/stages/eval_validation/attempts/eval_validation_c1_opportunity_D0_p8/attempt_0.json
?? stage2_6_1/artifacts/repair17/development/run_supervision/runs/v2c13eng2_20260911T005151_3574/v2_c13_engineering_v2/stages/eval_validation/attempts/eval_validation_c1_opportunity_D0_p8/call.json
?? stage2_6_1/artifacts/repair17/development/run_supervision/runs/v2c13eng2_20260911T005151_3574/v2_c13_engineering_v2/stages/eval_validation/attempts/eval_validation_c1_opportunity_D0_p9/attempt_0.json
?? stage2_6_1/artifacts/repair17/development/run_supervision/runs/v2c13eng2_20260911T005151_3574/v2_c13_engineering_v2/stages/eval_validation/attempts/eval_validation_c1_opportunity_D0_p9/call.json
?? stage2_6_1/artifacts/repair17/development/run_supervision/runs/v2c13eng2_20260911T005151_3574/v2_c13_engineering_v2/stages/eval_validation/attempts/eval_validation_c1_opportunity_D1_p0/attempt_0.json
?? stage2_6_1/artifacts/repair17/development/run_supervision/runs/v2c13eng2_20260911T005151_3574/v2_c13_engineering_v2/stages/eval_validation/attempts/eval_validation_c1_opportunity_D1_p0/call.json
?? stage2_6_1/artifacts/repair17/development/run_supervision/runs/v2c13eng2_20260911T005151_3574/v2_c13_engineering_v2/stages/eval_validation/attempts/eval_validation_c1_opportunity_D1_p1/attempt_0.json
?? stage2_6_1/artifacts/repair17/development/run_supervision/runs/v2c13eng2_20260911T005151_3574/v2_c13_engineering_v2/stages/eval_validation/attempts/eval_validation_c1_opportunity_D1_p1/call.json
?? stage2_6_1/artifacts/repair17/development/run_supervision/runs/v2c13eng2_20260911T005151_3574/v2_c13_engineering_v2/stages/eval_validation/attempts/eval_validation_c1_opportunity_D1_p2/attempt_0.json
?? stage2_6_1/artifacts/repair17/development/run_supervision/runs/v2c13eng2_20260911T005151_3574/v2_c13_engineering_v2/stages/eval_validation/attempts/eval_validation_c1_opportunity_D1_p2/call.json
?? stage2_6_1/artifacts/repair17/development/run_supervision/runs/v2c13eng2_20260911T005151_3574/v2_c13_engineering_v2/stages/eval_validation/attempts/eval_validation_c1_opportunity_D1_p3/attempt_0.json
?? stage2_6_1/artifacts/repair17/development/run_supervision/runs/v2c13eng2_20260911T005151_3574/v2_c13_engineering_v2/stages/eval_validation/attempts/eval_validation_c1_opportunity_D1_p3/call.json
?? stage2_6_1/artifacts/repair17/development/run_supervision/runs/v2c13eng2_20260911T005151_3574/v2_c13_engineering_v2/stages/eval_validation/attempts/eval_validation_c1_opportunity_D1_p4/attempt_0.json
?? stage2_6_1/artifacts/repair17/development/run_supervision/runs/v2c13eng2_20260911T005151_3574/v2_c13_engineering_v2/stages/eval_validation/attempts/eval_validation_c1_opportunity_D1_p4/call.json
?? stage2_6_1/artifacts/repair17/development/run_supervision/runs/v2c13eng2_20260911T005151_3574/v2_c13_engineering_v2/stages/eval_validation/attempts/eval_validation_c1_opportunity_D1_p5/attempt_0.json
?? stage2_6_1/artifacts/repair17/development/run_supervision/runs/v2c13eng2_20260911T005151_3574/v2_c13_engineering_v2/stages/eval_validation/attempts/eval_validation_c1_opportunity_D1_p5/call.json
?? stage2_6_1/artifacts/repair17/development/run_supervision/runs/v2c13eng2_20260911T005151_3574/v2_c13_engineering_v2/stages/eval_validation/attempts/eval_validation_c1_opportunity_D1_p6/attempt_0.json
?? stage2_6_1/artifacts/repair17/development/run_supervision/runs/v2c13eng2_20260911T005151_3574/v2_c13_engineering_v2/stages/eval_validation/attempts/eval_validation_c1_opportunity_D1_p6/call.json
?? stage2_6_1/artifacts/repair17/development/run_supervision/runs/v2c13eng2_20260911T005151_3574/v2_c13_engineering_v2/stages/eval_validation/attempts/eval_validation_c1_opportunity_D1_p7/attempt_0.json
?? stage2_6_1/artifacts/repair17/development/run_supervision/runs/v2c13eng2_20260911T005151_3574/v2_c13_engineering_v2/stages/eval_validation/attempts/eval_validation_c1_opportunity_D1_p7/call.json
?? stage2_6_1/artifacts/repair17/development/run_supervision/runs/v2c13eng2_20260911T005151_3574/v2_c13_engineering_v2/stages/eval_validation/attempts/eval_validation_c1_opportunity_D1_p8/attempt_0.json
?? stage2_6_1/artifacts/repair17/development/run_supervision/runs/v2c13eng2_20260911T005151_3574/v2_c13_engineering_v2/stages/eval_validation/attempts/eval_validation_c1_opportunity_D1_p8/call.json
?? stage2_6_1/artifacts/repair17/development/run_supervision/runs/v2c13eng2_20260911T005151_3574/v2_c13_engineering_v2/stages/eval_validation/attempts/eval_validation_c1_opportunity_D1_p9/attempt_0.json
?? stage2_6_1/artifacts/repair17/development/run_supervision/runs/v2c13eng2_20260911T005151_3574/v2_c13_engineering_v2/stages/eval_validation/attempts/eval_validation_c1_opportunity_D1_p9/call.json
?? stage2_6_1/artifacts/repair17/development/run_supervision/runs/v2c13eng2_20260911T005151_3574/v2_c13_engineering_v2/stages/eval_validation/attempts/eval_validation_c1_opportunity_D2_p0/attempt_0.json
?? stage2_6_1/artifacts/repair17/development/run_supervision/runs/v2c13eng2_20260911T005151_3574/v2_c13_engineering_v2/stages/eval_validation/attempts/eval_validation_c1_opportunity_D2_p0/call.json
?? stage2_6_1/artifacts/repair17/development/run_supervision/runs/v2c13eng2_20260911T005151_3574/v2_c13_engineering_v2/stages/eval_validation/attempts/eval_validation_c1_opportunity_D2_p1/attempt_0.json
?? stage2_6_1/artifacts/repair17/development/run_supervision/runs/v2c13eng2_20260911T005151_3574/v2_c13_engineering_v2/stages/eval_validation/attempts/eval_validation_c1_opportunity_D2_p1/call.json
?? stage2_6_1/artifacts/repair17/development/run_supervision/runs/v2c13eng2_20260911T005151_3574/v2_c13_engineering_v2/stages/eval_validation/attempts/eval_validation_c1_opportunity_D2_p2/attempt_0.json
?? stage2_6_1/artifacts/repair17/development/run_supervision/runs/v2c13eng2_20260911T005151_3574/v2_c13_engineering_v2/stages/eval_validation/attempts/eval_validation_c1_opportunity_D2_p2/call.json
?? stage2_6_1/artifacts/repair17/development/run_supervision/runs/v2c13eng2_20260911T005151_3574/v2_c13_engineering_v2/stages/eval_validation/attempts/eval_validation_c1_opportunity_D2_p3/attempt_0.json
?? stage2_6_1/artifacts/repair17/development/run_supervision/runs/v2c13eng2_20260911T005151_3574/v2_c13_engineering_v2/stages/eval_validation/attempts/eval_validation_c1_opportunity_D2_p3/call.json
?? stage2_6_1/artifacts/repair17/development/run_supervision/runs/v2c13eng2_20260911T005151_3574/v2_c13_engineering_v2/stages/eval_validation/attempts/eval_validation_c1_opportunity_D2_p4/attempt_0.json
?? stage2_6_1/artifacts/repair17/development/run_supervision/runs/v2c13eng2_20260911T005151_3574/v2_c13_engineering_v2/stages/eval_validation/attempts/eval_validation_c1_opportunity_D2_p4/call.json
?? stage2_6_1/artifacts/repair17/development/run_supervision/runs/v2c13eng2_20260911T005151_3574/v2_c13_engineering_v2/stages/eval_validation/attempts/eval_validation_c1_opportunity_D2_p5/attempt_0.json
?? stage2_6_1/artifacts/repair17/development/run_supervision/runs/v2c13eng2_20260911T005151_3574/v2_c13_engineering_v2/stages/eval_validation/attempts/eval_validation_c1_opportunity_D2_p5/call.json
?? stage2_6_1/artifacts/repair17/development/run_supervision/runs/v2c13eng2_20260911T005151_3574/v2_c13_engineering_v2/stages/eval_validation/attempts/eval_validation_c1_opportunity_D2_p6/attempt_0.json
?? stage2_6_1/artifacts/repair17/development/run_supervision/runs/v2c13eng2_20260911T005151_3574/v2_c13_engineering_v2/stages/eval_validation/attempts/eval_validation_c1_opportunity_D2_p6/call.json
?? stage2_6_1/artifacts/repair17/development/run_supervision/runs/v2c13eng2_20260911T005151_3574/v2_c13_engineering_v2/stages/eval_validation/attempts/eval_validation_c1_opportunity_D2_p7/attempt_0.json
?? stage2_6_1/artifacts/repair17/development/run_supervision/runs/v2c13eng2_20260911T005151_3574/v2_c13_engineering_v2/stages/eval_validation/attempts/eval_validation_c1_opportunity_D2_p7/call.json
?? stage2_6_1/artifacts/repair17/development/run_supervision/runs/v2c13eng2_20260911T005151_3574/v2_c13_engineering_v2/stages/eval_validation/attempts/eval_validation_c1_opportunity_D2_p8/attempt_0.json
?? stage2_6_1/artifacts/repair17/development/run_supervision/runs/v2c13eng2_20260911T005151_3574/v2_c13_engineering_v2/stages/eval_validation/attempts/eval_validation_c1_opportunity_D2_p8/call.json
?? stage2_6_1/artifacts/repair17/development/run_supervision/runs/v2c13eng2_20260911T005151_3574/v2_c13_engineering_v2/stages/eval_validation/attempts/eval_validation_c1_opportunity_D2_p9/attempt_0.json
?? stage2_6_1/artifacts/repair17/development/run_supervision/runs/v2c13eng2_20260911T005151_3574/v2_c13_engineering_v2/stages/eval_validation/attempts/eval_validation_c1_opportunity_D2_p9/call.json
?? stage2_6_1/artifacts/repair17/development/run_supervision/runs/v2c13eng2_20260911T005151_3574/v2_c13_engineering_v2/stages/eval_validation/attempts/eval_validation_c1_opportunity_D3_p0/attempt_0.json
?? stage2_6_1/artifacts/repair17/development/run_supervision/runs/v2c13eng2_20260911T005151_3574/v2_c13_engineering_v2/stages/eval_validation/attempts/eval_validation_c1_opportunity_D3_p0/call.json
?? stage2_6_1/artifacts/repair17/development/run_supervision/runs/v2c13eng2_20260911T005151_3574/v2_c13_engineering_v2/stages/eval_validation/attempts/eval_validation_c1_opportunity_D3_p1/attempt_0.json
?? stage2_6_1/artifacts/repair17/development/run_supervision/runs/v2c13eng2_20260911T005151_3574/v2_c13_engineering_v2/stages/eval_validation/attempts/eval_validation_c1_opportunity_D3_p1/call.json
?? stage2_6_1/artifacts/repair17/development/run_supervision/runs/v2c13eng2_20260911T005151_3574/v2_c13_engineering_v2/stages/eval_validation/attempts/eval_validation_c1_opportunity_D3_p2/attempt_0.json
?? stage2_6_1/artifacts/repair17/development/run_supervision/runs/v2c13eng2_20260911T005151_3574/v2_c13_engineering_v2/stages/eval_validation/attempts/eval_validation_c1_opportunity_D3_p2/call.json
?? stage2_6_1/artifacts/repair17/development/run_supervision/runs/v2c13eng2_20260911T005151_3574/v2_c13_engineering_v2/stages/eval_validation/attempts/eval_validation_c1_opportunity_D3_p3/attempt_0.json
?? stage2_6_1/artifacts/repair17/development/run_supervision/runs/v2c13eng2_20260911T005151_3574/v2_c13_engineering_v2/stages/eval_validation/attempts/eval_validation_c1_opportunity_D3_p3/call.json
?? stage2_6_1/artifacts/repair17/development/run_supervision/runs/v2c13eng2_20260911T005151_3574/v2_c13_engineering_v2/stages/eval_validation/attempts/eval_validation_c1_opportunity_D3_p4/attempt_0.json
?? stage2_6_1/artifacts/repair17/development/run_supervision/runs/v2c13eng2_20260911T005151_3574/v2_c13_engineering_v2/stages/eval_validation/attempts/eval_validation_c1_opportunity_D3_p4/call.json
?? stage2_6_1/artifacts/repair17/development/run_supervision/runs/v2c13eng2_20260911T005151_3574/v2_c13_engineering_v2/stages/eval_validation/attempts/eval_validation_c1_opportunity_D3_p5/attempt_0.json
?? stage2_6_1/artifacts/repair17/development/run_supervision/runs/v2c13eng2_20260911T005151_3574/v2_c13_engineering_v2/stages/eval_validation/attempts/eval_validation_c1_opportunity_D3_p5/call.json
?? stage2_6_1/artifacts/repair17/development/run_supervision/runs/v2c13eng2_20260911T005151_3574/v2_c13_engineering_v2/stages/eval_validation/attempts/eval_validation_c1_opportunity_D3_p6/attempt_0.json
?? stage2_6_1/artifacts/repair17/development/run_supervision/runs/v2c13eng2_20260911T005151_3574/v2_c13_engineering_v2/stages/eval_validation/attempts/eval_validation_c1_opportunity_D3_p6/call.json
?? stage2_6_1/artifacts/repair17/development/run_supervision/runs/v2c13eng2_20260911T005151_3574/v2_c13_engineering_v2/stages/eval_validation/attempts/eval_validation_c1_opportunity_D3_p7/attempt_0.json
?? stage2_6_1/artifacts/repair17/development/run_supervision/runs/v2c13eng2_20260911T005151_3574/v2_c13_engineering_v2/stages/eval_validation/attempts/eval_validation_c1_opportunity_D3_p7/call.json
?? stage2_6_1/artifacts/repair17/development/run_supervision/runs/v2c13eng2_20260911T005151_3574/v2_c13_engineering_v2/stages/eval_validation/attempts/eval_validation_c1_opportunity_D3_p8/attempt_0.json
?? stage2_6_1/artifacts/repair17/development/run_supervision/runs/v2c13eng2_20260911T005151_3574/v2_c13_engineering_v2/stages/eval_validation/attempts/eval_validation_c1_opportunity_D3_p8/call.json
?? stage2_6_1/artifacts/repair17/development/run_supervision/runs/v2c13eng2_20260911T005151_3574/v2_c13_engineering_v2/stages/eval_validation/attempts/eval_validation_c1_opportunity_D3_p9/attempt_0.json
?? stage2_6_1/artifacts/repair17/development/run_supervision/runs/v2c13eng2_20260911T005151_3574/v2_c13_engineering_v2/stages/eval_validation/attempts/eval_validation_c1_opportunity_D3_p9/call.json
?? stage2_6_1/artifacts/repair17/development/run_supervision/runs/v2c13eng2_20260911T005151_3574/v2_c13_engineering_v2/stages/eval_validation/attempts/eval_validation_c3_cost_D0_p0/attempt_0.json
?? stage2_6_1/artifacts/repair17/development/run_supervision/runs/v2c13eng2_20260911T005151_3574/v2_c13_engineering_v2/stages/eval_validation/attempts/eval_validation_c3_cost_D0_p0/call.json
?? stage2_6_1/artifacts/repair17/development/run_supervision/runs/v2c13eng2_20260911T005151_3574/v2_c13_engineering_v2/stages/eval_validation/attempts/eval_validation_c3_cost_D0_p1/attempt_0.json
?? stage2_6_1/artifacts/repair17/development/run_supervision/runs/v2c13eng2_20260911T005151_3574/v2_c13_engineering_v2/stages/eval_validation/attempts/eval_validation_c3_cost_D0_p1/call.json
?? stage2_6_1/artifacts/repair17/development/run_supervision/runs/v2c13eng2_20260911T005151_3574/v2_c13_engineering_v2/stages/eval_validation/attempts/eval_validation_c3_cost_D0_p2/attempt_0.json
?? stage2_6_1/artifacts/repair17/development/run_supervision/runs/v2c13eng2_20260911T005151_3574/v2_c13_engineering_v2/stages/eval_validation/attempts/eval_validation_c3_cost_D0_p2/call.json
?? stage2_6_1/artifacts/repair17/development/run_supervision/runs/v2c13eng2_20260911T005151_3574/v2_c13_engineering_v2/stages/eval_validation/attempts/eval_validation_c3_cost_D0_p3/attempt_0.json
?? stage2_6_1/artifacts/repair17/development/run_supervision/runs/v2c13eng2_20260911T005151_3574/v2_c13_engineering_v2/stages/eval_validation/attempts/eval_validation_c3_cost_D0_p3/call.json
?? stage2_6_1/artifacts/repair17/development/run_supervision/runs/v2c13eng2_20260911T005151_3574/v2_c13_engineering_v2/stages/eval_validation/attempts/eval_validation_c3_cost_D0_p4/attempt_0.json
?? stage2_6_1/artifacts/repair17/development/run_supervision/runs/v2c13eng2_20260911T005151_3574/v2_c13_engineering_v2/stages/eval_validation/attempts/eval_validation_c3_cost_D0_p4/call.json
?? stage2_6_1/artifacts/repair17/development/run_supervision/runs/v2c13eng2_20260911T005151_3574/v2_c13_engineering_v2/stages/eval_validation/attempts/eval_validation_c3_cost_D0_p5/attempt_0.json
?? stage2_6_1/artifacts/repair17/development/run_supervision/runs/v2c13eng2_20260911T005151_3574/v2_c13_engineering_v2/stages/eval_validation/attempts/eval_validation_c3_cost_D0_p5/attempt_1.json
?? stage2_6_1/artifacts/repair17/development/run_supervision/runs/v2c13eng2_20260911T005151_3574/v2_c13_engineering_v2/stages/eval_validation/attempts/eval_validation_c3_cost_D0_p5/call.json
?? stage2_6_1/artifacts/repair17/development/run_supervision/runs/v2c13eng2_20260911T005151_3574/v2_c13_engineering_v2/stages/eval_validation/attempts/eval_validation_c3_cost_D0_p6/attempt_0.json
?? stage2_6_1/artifacts/repair17/development/run_supervision/runs/v2c13eng2_20260911T005151_3574/v2_c13_engineering_v2/stages/eval_validation/attempts/eval_validation_c3_cost_D0_p6/call.json
?? stage2_6_1/artifacts/repair17/development/run_supervision/runs/v2c13eng2_20260911T005151_3574/v2_c13_engineering_v2/stages/eval_validation/attempts/eval_validation_c3_cost_D0_p7/attempt_0.json
?? stage2_6_1/artifacts/repair17/development/run_supervision/runs/v2c13eng2_20260911T005151_3574/v2_c13_engineering_v2/stages/eval_validation/attempts/eval_validation_c3_cost_D0_p7/call.json
?? stage2_6_1/artifacts/repair17/development/run_supervision/runs/v2c13eng2_20260911T005151_3574/v2_c13_engineering_v2/stages/eval_validation/attempts/eval_validation_c3_cost_D0_p8/attempt_0.json
?? stage2_6_1/artifacts/repair17/development/run_supervision/runs/v2c13eng2_20260911T005151_3574/v2_c13_engineering_v2/stages/eval_validation/attempts/eval_validation_c3_cost_D0_p8/attempt_1.json
?? stage2_6_1/artifacts/repair17/development/run_supervision/runs/v2c13eng2_20260911T005151_3574/v2_c13_engineering_v2/stages/eval_validation/attempts/eval_validation_c3_cost_D0_p8/call.json
?? stage2_6_1/artifacts/repair17/development/run_supervision/runs/v2c13eng2_20260911T005151_3574/v2_c13_engineering_v2/stages/eval_validation/attempts/eval_validation_c3_cost_D0_p9/attempt_0.json
?? stage2_6_1/artifacts/repair17/development/run_supervision/runs/v2c13eng2_20260911T005151_3574/v2_c13_engineering_v2/stages/eval_validation/attempts/eval_validation_c3_cost_D0_p9/call.json
?? stage2_6_1/artifacts/repair17/development/run_supervision/runs/v2c13eng2_20260911T005151_3574/v2_c13_engineering_v2/stages/eval_validation/attempts/eval_validation_c3_cost_D1_p0/attempt_0.json
?? stage2_6_1/artifacts/repair17/development/run_supervision/runs/v2c13eng2_20260911T005151_3574/v2_c13_engineering_v2/stages/eval_validation/attempts/eval_validation_c3_cost_D1_p0/call.json
?? stage2_6_1/artifacts/repair17/development/run_supervision/runs/v2c13eng2_20260911T005151_3574/v2_c13_engineering_v2/stages/eval_validation/attempts/eval_validation_c3_cost_D1_p1/attempt_0.json
?? stage2_6_1/artifacts/repair17/development/run_supervision/runs/v2c13eng2_20260911T005151_3574/v2_c13_engineering_v2/stages/eval_validation/attempts/eval_validation_c3_cost_D1_p1/call.json
?? stage2_6_1/artifacts/repair17/development/run_supervision/runs/v2c13eng2_20260911T005151_3574/v2_c13_engineering_v2/stages/eval_validation/attempts/eval_validation_c3_cost_D1_p2/attempt_0.json
?? stage2_6_1/artifacts/repair17/development/run_supervision/runs/v2c13eng2_20260911T005151_3574/v2_c13_engineering_v2/stages/eval_validation/attempts/eval_validation_c3_cost_D1_p2/call.json
?? stage2_6_1/artifacts/repair17/development/run_supervision/runs/v2c13eng2_20260911T005151_3574/v2_c13_engineering_v2/stages/eval_validation/attempts/eval_validation_c3_cost_D1_p3/attempt_0.json
?? stage2_6_1/artifacts/repair17/development/run_supervision/runs/v2c13eng2_20260911T005151_3574/v2_c13_engineering_v2/stages/eval_validation/attempts/eval_validation_c3_cost_D1_p3/call.json
?? stage2_6_1/artifacts/repair17/development/run_supervision/runs/v2c13eng2_20260911T005151_3574/v2_c13_engineering_v2/stages/eval_validation/attempts/eval_validation_c3_cost_D1_p4/attempt_0.json
?? stage2_6_1/artifacts/repair17/development/run_supervision/runs/v2c13eng2_20260911T005151_3574/v2_c13_engineering_v2/stages/eval_validation/attempts/eval_validation_c3_cost_D1_p4/call.json
?? stage2_6_1/artifacts/repair17/development/run_supervision/runs/v2c13eng2_20260911T005151_3574/v2_c13_engineering_v2/stages/eval_validation/attempts/eval_validation_c3_cost_D1_p5/attempt_0.json
?? stage2_6_1/artifacts/repair17/development/run_supervision/runs/v2c13eng2_20260911T005151_3574/v2_c13_engineering_v2/stages/eval_validation/attempts/eval_validation_c3_cost_D1_p5/call.json
?? stage2_6_1/artifacts/repair17/development/run_supervision/runs/v2c13eng2_20260911T005151_3574/v2_c13_engineering_v2/stages/eval_validation/attempts/eval_validation_c3_cost_D1_p6/attempt_0.json
?? stage2_6_1/artifacts/repair17/development/run_supervision/runs/v2c13eng2_20260911T005151_3574/v2_c13_engineering_v2/stages/eval_validation/attempts/eval_validation_c3_cost_D1_p6/call.json
?? stage2_6_1/artifacts/repair17/development/run_supervision/runs/v2c13eng2_20260911T005151_3574/v2_c13_engineering_v2/stages/eval_validation/attempts/eval_validation_c3_cost_D1_p7/attempt_0.json
?? stage2_6_1/artifacts/repair17/development/run_supervision/runs/v2c13eng2_20260911T005151_3574/v2_c13_engineering_v2/stages/eval_validation/attempts/eval_validation_c3_cost_D1_p7/call.json
?? stage2_6_1/artifacts/repair17/development/run_supervision/runs/v2c13eng2_20260911T005151_3574/v2_c13_engineering_v2/stages/eval_validation/attempts/eval_validation_c3_cost_D1_p8/attempt_0.json
?? stage2_6_1/artifacts/repair17/development/run_supervision/runs/v2c13eng2_20260911T005151_3574/v2_c13_engineering_v2/stages/eval_validation/attempts/eval_validation_c3_cost_D1_p8/call.json
?? stage2_6_1/artifacts/repair17/development/run_supervision/runs/v2c13eng2_20260911T005151_3574/v2_c13_engineering_v2/stages/eval_validation/attempts/eval_validation_c3_cost_D1_p9/attempt_0.json
?? stage2_6_1/artifacts/repair17/development/run_supervision/runs/v2c13eng2_20260911T005151_3574/v2_c13_engineering_v2/stages/eval_validation/attempts/eval_validation_c3_cost_D1_p9/call.json
?? stage2_6_1/artifacts/repair17/development/run_supervision/runs/v2c13eng2_20260911T005151_3574/v2_c13_engineering_v2/stages/eval_validation/attempts/eval_validation_c3_cost_D2_p0/attempt_0.json
?? stage2_6_1/artifacts/repair17/development/run_supervision/runs/v2c13eng2_20260911T005151_3574/v2_c13_engineering_v2/stages/eval_validation/attempts/eval_validation_c3_cost_D2_p0/call.json
?? stage2_6_1/artifacts/repair17/development/run_supervision/runs/v2c13eng2_20260911T005151_3574/v2_c13_engineering_v2/stages/eval_validation/attempts/eval_validation_c3_cost_D2_p1/attempt_0.json
?? stage2_6_1/artifacts/repair17/development/run_supervision/runs/v2c13eng2_20260911T005151_3574/v2_c13_engineering_v2/stages/eval_validation/attempts/eval_validation_c3_cost_D2_p1/call.json
?? stage2_6_1/artifacts/repair17/development/run_supervision/runs/v2c13eng2_20260911T005151_3574/v2_c13_engineering_v2/stages/eval_validation/attempts/eval_validation_c3_cost_D2_p2/attempt_0.json
?? stage2_6_1/artifacts/repair17/development/run_supervision/runs/v2c13eng2_20260911T005151_3574/v2_c13_engineering_v2/stages/eval_validation/attempts/eval_validation_c3_cost_D2_p2/call.json
?? stage2_6_1/artifacts/repair17/development/run_supervision/runs/v2c13eng2_20260911T005151_3574/v2_c13_engineering_v2/stages/eval_validation/attempts/eval_validation_c3_cost_D2_p3/attempt_0.json
?? stage2_6_1/artifacts/repair17/development/run_supervision/runs/v2c13eng2_20260911T005151_3574/v2_c13_engineering_v2/stages/eval_validation/attempts/eval_validation_c3_cost_D2_p3/call.json
?? stage2_6_1/artifacts/repair17/development/run_supervision/runs/v2c13eng2_20260911T005151_3574/v2_c13_engineering_v2/stages/eval_validation/attempts/eval_validation_c3_cost_D2_p4/attempt_0.json
?? stage2_6_1/artifacts/repair17/development/run_supervision/runs/v2c13eng2_20260911T005151_3574/v2_c13_engineering_v2/stages/eval_validation/attempts/eval_validation_c3_cost_D2_p4/call.json
?? stage2_6_1/artifacts/repair17/development/run_supervision/runs/v2c13eng2_20260911T005151_3574/v2_c13_engineering_v2/stages/eval_validation/attempts/eval_validation_c3_cost_D2_p5/attempt_0.json
?? stage2_6_1/artifacts/repair17/development/run_supervision/runs/v2c13eng2_20260911T005151_3574/v2_c13_engineering_v2/stages/eval_validation/attempts/eval_validation_c3_cost_D2_p5/call.json
?? stage2_6_1/artifacts/repair17/development/run_supervision/runs/v2c13eng2_20260911T005151_3574/v2_c13_engineering_v2/stages/eval_validation/attempts/eval_validation_c3_cost_D2_p6/attempt_0.json
?? stage2_6_1/artifacts/repair17/development/run_supervision/runs/v2c13eng2_20260911T005151_3574/v2_c13_engineering_v2/stages/eval_validation/attempts/eval_validation_c3_cost_D2_p6/call.json
?? stage2_6_1/artifacts/repair17/development/run_supervision/runs/v2c13eng2_20260911T005151_3574/v2_c13_engineering_v2/stages/eval_validation/attempts/eval_validation_c3_cost_D2_p7/attempt_0.json
?? stage2_6_1/artifacts/repair17/development/run_supervision/runs/v2c13eng2_20260911T005151_3574/v2_c13_engineering_v2/stages/eval_validation/attempts/eval_validation_c3_cost_D2_p7/attempt_1.json
?? stage2_6_1/artifacts/repair17/development/run_supervision/runs/v2c13eng2_20260911T005151_3574/v2_c13_engineering_v2/stages/eval_validation/attempts/eval_validation_c3_cost_D2_p7/call.json
?? stage2_6_1/artifacts/repair17/development/run_supervision/runs/v2c13eng2_20260911T005151_3574/v2_c13_engineering_v2/stages/eval_validation/attempts/eval_validation_c3_cost_D2_p8/attempt_0.json
?? stage2_6_1/artifacts/repair17/development/run_supervision/runs/v2c13eng2_20260911T005151_3574/v2_c13_engineering_v2/stages/eval_validation/attempts/eval_validation_c3_cost_D2_p8/call.json
?? stage2_6_1/artifacts/repair17/development/run_supervision/runs/v2c13eng2_20260911T005151_3574/v2_c13_engineering_v2/stages/eval_validation/attempts/eval_validation_c3_cost_D2_p9/attempt_0.json
?? stage2_6_1/artifacts/repair17/development/run_supervision/runs/v2c13eng2_20260911T005151_3574/v2_c13_engineering_v2/stages/eval_validation/attempts/eval_validation_c3_cost_D2_p9/call.json
?? stage2_6_1/artifacts/repair17/development/run_supervision/runs/v2c13eng2_20260911T005151_3574/v2_c13_engineering_v2/stages/eval_validation/attempts/eval_validation_c3_cost_D3_p0/attempt_0.json
?? stage2_6_1/artifacts/repair17/development/run_supervision/runs/v2c13eng2_20260911T005151_3574/v2_c13_engineering_v2/stages/eval_validation/attempts/eval_validation_c3_cost_D3_p0/call.json
?? stage2_6_1/artifacts/repair17/development/run_supervision/runs/v2c13eng2_20260911T005151_3574/v2_c13_engineering_v2/stages/eval_validation/attempts/eval_validation_c3_cost_D3_p1/attempt_0.json
?? stage2_6_1/artifacts/repair17/development/run_supervision/runs/v2c13eng2_20260911T005151_3574/v2_c13_engineering_v2/stages/eval_validation/attempts/eval_validation_c3_cost_D3_p1/call.json
?? stage2_6_1/artifacts/repair17/development/run_supervision/runs/v2c13eng2_20260911T005151_3574/v2_c13_engineering_v2/stages/eval_validation/attempts/eval_validation_c3_cost_D3_p2/attempt_0.json
?? stage2_6_1/artifacts/repair17/development/run_supervision/runs/v2c13eng2_20260911T005151_3574/v2_c13_engineering_v2/stages/eval_validation/attempts/eval_validation_c3_cost_D3_p2/call.json
?? stage2_6_1/artifacts/repair17/development/run_supervision/runs/v2c13eng2_20260911T005151_3574/v2_c13_engineering_v2/stages/eval_validation/attempts/eval_validation_c3_cost_D3_p3/attempt_0.json
?? stage2_6_1/artifacts/repair17/development/run_supervision/runs/v2c13eng2_20260911T005151_3574/v2_c13_engineering_v2/stages/eval_validation/attempts/eval_validation_c3_cost_D3_p3/call.json
?? stage2_6_1/artifacts/repair17/development/run_supervision/runs/v2c13eng2_20260911T005151_3574/v2_c13_engineering_v2/stages/eval_validation/attempts/eval_validation_c3_cost_D3_p4/attempt_0.json
?? stage2_6_1/artifacts/repair17/development/run_supervision/runs/v2c13eng2_20260911T005151_3574/v2_c13_engineering_v2/stages/eval_validation/attempts/eval_validation_c3_cost_D3_p4/call.json
?? stage2_6_1/artifacts/repair17/development/run_supervision/runs/v2c13eng2_20260911T005151_3574/v2_c13_engineering_v2/stages/eval_validation/attempts/eval_validation_c3_cost_D3_p5/attempt_0.json
?? stage2_6_1/artifacts/repair17/development/run_supervision/runs/v2c13eng2_20260911T005151_3574/v2_c13_engineering_v2/stages/eval_validation/attempts/eval_validation_c3_cost_D3_p5/call.json
?? stage2_6_1/artifacts/repair17/development/run_supervision/runs/v2c13eng2_20260911T005151_3574/v2_c13_engineering_v2/stages/eval_validation/attempts/eval_validation_c3_cost_D3_p6/attempt_0.json
?? stage2_6_1/artifacts/repair17/development/run_supervision/runs/v2c13eng2_20260911T005151_3574/v2_c13_engineering_v2/stages/eval_validation/attempts/eval_validation_c3_cost_D3_p6/call.json
?? stage2_6_1/artifacts/repair17/development/run_supervision/runs/v2c13eng2_20260911T005151_3574/v2_c13_engineering_v2/stages/eval_validation/attempts/eval_validation_c3_cost_D3_p7/attempt_0.json
?? stage2_6_1/artifacts/repair17/development/run_supervision/runs/v2c13eng2_20260911T005151_3574/v2_c13_engineering_v2/stages/eval_validation/attempts/eval_validation_c3_cost_D3_p7/call.json
?? stage2_6_1/artifacts/repair17/development/run_supervision/runs/v2c13eng2_20260911T005151_3574/v2_c13_engineering_v2/stages/eval_validation/attempts/eval_validation_c3_cost_D3_p8/attempt_0.json
?? stage2_6_1/artifacts/repair17/development/run_supervision/runs/v2c13eng2_20260911T005151_3574/v2_c13_engineering_v2/stages/eval_validation/attempts/eval_validation_c3_cost_D3_p8/call.json
?? stage2_6_1/artifacts/repair17/development/run_supervision/runs/v2c13eng2_20260911T005151_3574/v2_c13_engineering_v2/stages/eval_validation/attempts/eval_validation_c3_cost_D3_p9/attempt_0.json
?? stage2_6_1/artifacts/repair17/development/run_supervision/runs/v2c13eng2_20260911T005151_3574/v2_c13_engineering_v2/stages/eval_validation/attempts/eval_validation_c3_cost_D3_p9/call.json
?? stage2_6_1/artifacts/repair17/development/run_supervision/runs/v2c13eng2_20260911T005151_3574/v2_c13_engineering_v2/stages/eval_validation/requests/eval_validation_c1_opportunity_D0_p0.json
?? stage2_6_1/artifacts/repair17/development/run_supervision/runs/v2c13eng2_20260911T005151_3574/v2_c13_engineering_v2/stages/eval_validation/requests/eval_validation_c1_opportunity_D0_p1.json
?? stage2_6_1/artifacts/repair17/development/run_supervision/runs/v2c13eng2_20260911T005151_3574/v2_c13_engineering_v2/stages/eval_validation/requests/eval_validation_c1_opportunity_D0_p2.json
?? stage2_6_1/artifacts/repair17/development/run_supervision/runs/v2c13eng2_20260911T005151_3574/v2_c13_engineering_v2/stages/eval_validation/requests/eval_validation_c1_opportunity_D0_p3.json
?? stage2_6_1/artifacts/repair17/development/run_supervision/runs/v2c13eng2_20260911T005151_3574/v2_c13_engineering_v2/stages/eval_validation/requests/eval_validation_c1_opportunity_D0_p4.json
?? stage2_6_1/artifacts/repair17/development/run_supervision/runs/v2c13eng2_20260911T005151_3574/v2_c13_engineering_v2/stages/eval_validation/requests/eval_validation_c1_opportunity_D0_p5.json
?? stage2_6_1/artifacts/repair17/development/run_supervision/runs/v2c13eng2_20260911T005151_3574/v2_c13_engineering_v2/stages/eval_validation/requests/eval_validation_c1_opportunity_D0_p6.json
?? stage2_6_1/artifacts/repair17/development/run_supervision/runs/v2c13eng2_20260911T005151_3574/v2_c13_engineering_v2/stages/eval_validation/requests/eval_validation_c1_opportunity_D0_p7.json
?? stage2_6_1/artifacts/repair17/development/run_supervision/runs/v2c13eng2_20260911T005151_3574/v2_c13_engineering_v2/stages/eval_validation/requests/eval_validation_c1_opportunity_D0_p8.json
?? stage2_6_1/artifacts/repair17/development/run_supervision/runs/v2c13eng2_20260911T005151_3574/v2_c13_engineering_v2/stages/eval_validation/requests/eval_validation_c1_opportunity_D0_p9.json
?? stage2_6_1/artifacts/repair17/development/run_supervision/runs/v2c13eng2_20260911T005151_3574/v2_c13_engineering_v2/stages/eval_validation/requests/eval_validation_c1_opportunity_D1_p0.json
?? stage2_6_1/artifacts/repair17/development/run_supervision/runs/v2c13eng2_20260911T005151_3574/v2_c13_engineering_v2/stages/eval_validation/requests/eval_validation_c1_opportunity_D1_p1.json
?? stage2_6_1/artifacts/repair17/development/run_supervision/runs/v2c13eng2_20260911T005151_3574/v2_c13_engineering_v2/stages/eval_validation/requests/eval_validation_c1_opportunity_D1_p2.json
?? stage2_6_1/artifacts/repair17/development/run_supervision/runs/v2c13eng2_20260911T005151_3574/v2_c13_engineering_v2/stages/eval_validation/requests/eval_validation_c1_opportunity_D1_p3.json
?? stage2_6_1/artifacts/repair17/development/run_supervision/runs/v2c13eng2_20260911T005151_3574/v2_c13_engineering_v2/stages/eval_validation/requests/eval_validation_c1_opportunity_D1_p4.json
?? stage2_6_1/artifacts/repair17/development/run_supervision/runs/v2c13eng2_20260911T005151_3574/v2_c13_engineering_v2/stages/eval_validation/requests/eval_validation_c1_opportunity_D1_p5.json
?? stage2_6_1/artifacts/repair17/development/run_supervision/runs/v2c13eng2_20260911T005151_3574/v2_c13_engineering_v2/stages/eval_validation/requests/eval_validation_c1_opportunity_D1_p6.json
?? stage2_6_1/artifacts/repair17/development/run_supervision/runs/v2c13eng2_20260911T005151_3574/v2_c13_engineering_v2/stages/eval_validation/requests/eval_validation_c1_opportunity_D1_p7.json
?? stage2_6_1/artifacts/repair17/development/run_supervision/runs/v2c13eng2_20260911T005151_3574/v2_c13_engineering_v2/stages/eval_validation/requests/eval_validation_c1_opportunity_D1_p8.json
?? stage2_6_1/artifacts/repair17/development/run_supervision/runs/v2c13eng2_20260911T005151_3574/v2_c13_engineering_v2/stages/eval_validation/requests/eval_validation_c1_opportunity_D1_p9.json
?? stage2_6_1/artifacts/repair17/development/run_supervision/runs/v2c13eng2_20260911T005151_3574/v2_c13_engineering_v2/stages/eval_validation/requests/eval_validation_c1_opportunity_D2_p0.json
?? stage2_6_1/artifacts/repair17/development/run_supervision/runs/v2c13eng2_20260911T005151_3574/v2_c13_engineering_v2/stages/eval_validation/requests/eval_validation_c1_opportunity_D2_p1.json
?? stage2_6_1/artifacts/repair17/development/run_supervision/runs/v2c13eng2_20260911T005151_3574/v2_c13_engineering_v2/stages/eval_validation/requests/eval_validation_c1_opportunity_D2_p2.json
?? stage2_6_1/artifacts/repair17/development/run_supervision/runs/v2c13eng2_20260911T005151_3574/v2_c13_engineering_v2/stages/eval_validation/requests/eval_validation_c1_opportunity_D2_p3.json
?? stage2_6_1/artifacts/repair17/development/run_supervision/runs/v2c13eng2_20260911T005151_3574/v2_c13_engineering_v2/stages/eval_validation/requests/eval_validation_c1_opportunity_D2_p4.json
?? stage2_6_1/artifacts/repair17/development/run_supervision/runs/v2c13eng2_20260911T005151_3574/v2_c13_engineering_v2/stages/eval_validation/requests/eval_validation_c1_opportunity_D2_p5.json
?? stage2_6_1/artifacts/repair17/development/run_supervision/runs/v2c13eng2_20260911T005151_3574/v2_c13_engineering_v2/stages/eval_validation/requests/eval_validation_c1_opportunity_D2_p6.json
?? stage2_6_1/artifacts/repair17/development/run_supervision/runs/v2c13eng2_20260911T005151_3574/v2_c13_engineering_v2/stages/eval_validation/requests/eval_validation_c1_opportunity_D2_p7.json
?? stage2_6_1/artifacts/repair17/development/run_supervision/runs/v2c13eng2_20260911T005151_3574/v2_c13_engineering_v2/stages/eval_validation/requests/eval_validation_c1_opportunity_D2_p8.json
?? stage2_6_1/artifacts/repair17/development/run_supervision/runs/v2c13eng2_20260911T005151_3574/v2_c13_engineering_v2/stages/eval_validation/requests/eval_validation_c1_opportunity_D2_p9.json
?? stage2_6_1/artifacts/repair17/development/run_supervision/runs/v2c13eng2_20260911T005151_3574/v2_c13_engineering_v2/stages/eval_validation/requests/eval_validation_c1_opportunity_D3_p0.json
?? stage2_6_1/artifacts/repair17/development/run_supervision/runs/v2c13eng2_20260911T005151_3574/v2_c13_engineering_v2/stages/eval_validation/requests/eval_validation_c1_opportunity_D3_p1.json
?? stage2_6_1/artifacts/repair17/development/run_supervision/runs/v2c13eng2_20260911T005151_3574/v2_c13_engineering_v2/stages/eval_validation/requests/eval_validation_c1_opportunity_D3_p2.json
?? stage2_6_1/artifacts/repair17/development/run_supervision/runs/v2c13eng2_20260911T005151_3574/v2_c13_engineering_v2/stages/eval_validation/requests/eval_validation_c1_opportunity_D3_p3.json
?? stage2_6_1/artifacts/repair17/development/run_supervision/runs/v2c13eng2_20260911T005151_3574/v2_c13_engineering_v2/stages/eval_validation/requests/eval_validation_c1_opportunity_D3_p4.json
?? stage2_6_1/artifacts/repair17/development/run_supervision/runs/v2c13eng2_20260911T005151_3574/v2_c13_engineering_v2/stages/eval_validation/requests/eval_validation_c1_opportunity_D3_p5.json
?? stage2_6_1/artifacts/repair17/development/run_supervision/runs/v2c13eng2_20260911T005151_3574/v2_c13_engineering_v2/stages/eval_validation/requests/eval_validation_c1_opportunity_D3_p6.json
?? stage2_6_1/artifacts/repair17/development/run_supervision/runs/v2c13eng2_20260911T005151_3574/v2_c13_engineering_v2/stages/eval_validation/requests/eval_validation_c1_opportunity_D3_p7.json
?? stage2_6_1/artifacts/repair17/development/run_supervision/runs/v2c13eng2_20260911T005151_3574/v2_c13_engineering_v2/stages/eval_validation/requests/eval_validation_c1_opportunity_D3_p8.json
?? stage2_6_1/artifacts/repair17/development/run_supervision/runs/v2c13eng2_20260911T005151_3574/v2_c13_engineering_v2/stages/eval_validation/requests/eval_validation_c1_opportunity_D3_p9.json
?? stage2_6_1/artifacts/repair17/development/run_supervision/runs/v2c13eng2_20260911T005151_3574/v2_c13_engineering_v2/stages/eval_validation/requests/eval_validation_c3_cost_D0_p0.json
?? stage2_6_1/artifacts/repair17/development/run_supervision/runs/v2c13eng2_20260911T005151_3574/v2_c13_engineering_v2/stages/eval_validation/requests/eval_validation_c3_cost_D0_p1.json
?? stage2_6_1/artifacts/repair17/development/run_supervision/runs/v2c13eng2_20260911T005151_3574/v2_c13_engineering_v2/stages/eval_validation/requests/eval_validation_c3_cost_D0_p2.json
?? stage2_6_1/artifacts/repair17/development/run_supervision/runs/v2c13eng2_20260911T005151_3574/v2_c13_engineering_v2/stages/eval_validation/requests/eval_validation_c3_cost_D0_p3.json
?? stage2_6_1/artifacts/repair17/development/run_supervision/runs/v2c13eng2_20260911T005151_3574/v2_c13_engineering_v2/stages/eval_validation/requests/eval_validation_c3_cost_D0_p4.json
?? stage2_6_1/artifacts/repair17/development/run_supervision/runs/v2c13eng2_20260911T005151_3574/v2_c13_engineering_v2/stages/eval_validation/requests/eval_validation_c3_cost_D0_p5.json
?? stage2_6_1/artifacts/repair17/development/run_supervision/runs/v2c13eng2_20260911T005151_3574/v2_c13_engineering_v2/stages/eval_validation/requests/eval_validation_c3_cost_D0_p6.json
?? stage2_6_1/artifacts/repair17/development/run_supervision/runs/v2c13eng2_20260911T005151_3574/v2_c13_engineering_v2/stages/eval_validation/requests/eval_validation_c3_cost_D0_p7.json
?? stage2_6_1/artifacts/repair17/development/run_supervision/runs/v2c13eng2_20260911T005151_3574/v2_c13_engineering_v2/stages/eval_validation/requests/eval_validation_c3_cost_D0_p8.json
?? stage2_6_1/artifacts/repair17/development/run_supervision/runs/v2c13eng2_20260911T005151_3574/v2_c13_engineering_v2/stages/eval_validation/requests/eval_validation_c3_cost_D0_p9.json
?? stage2_6_1/artifacts/repair17/development/run_supervision/runs/v2c13eng2_20260911T005151_3574/v2_c13_engineering_v2/stages/eval_validation/requests/eval_validation_c3_cost_D1_p0.json
?? stage2_6_1/artifacts/repair17/development/run_supervision/runs/v2c13eng2_20260911T005151_3574/v2_c13_engineering_v2/stages/eval_validation/requests/eval_validation_c3_cost_D1_p1.json
?? stage2_6_1/artifacts/repair17/development/run_supervision/runs/v2c13eng2_20260911T005151_3574/v2_c13_engineering_v2/stages/eval_validation/requests/eval_validation_c3_cost_D1_p2.json
?? stage2_6_1/artifacts/repair17/development/run_supervision/runs/v2c13eng2_20260911T005151_3574/v2_c13_engineering_v2/stages/eval_validation/requests/eval_validation_c3_cost_D1_p3.json
?? stage2_6_1/artifacts/repair17/development/run_supervision/runs/v2c13eng2_20260911T005151_3574/v2_c13_engineering_v2/stages/eval_validation/requests/eval_validation_c3_cost_D1_p4.json
?? stage2_6_1/artifacts/repair17/development/run_supervision/runs/v2c13eng2_20260911T005151_3574/v2_c13_engineering_v2/stages/eval_validation/requests/eval_validation_c3_cost_D1_p5.json
?? stage2_6_1/artifacts/repair17/development/run_supervision/runs/v2c13eng2_20260911T005151_3574/v2_c13_engineering_v2/stages/eval_validation/requests/eval_validation_c3_cost_D1_p6.json
?? stage2_6_1/artifacts/repair17/development/run_supervision/runs/v2c13eng2_20260911T005151_3574/v2_c13_engineering_v2/stages/eval_validation/requests/eval_validation_c3_cost_D1_p7.json
?? stage2_6_1/artifacts/repair17/development/run_supervision/runs/v2c13eng2_20260911T005151_3574/v2_c13_engineering_v2/stages/eval_validation/requests/eval_validation_c3_cost_D1_p8.json
?? stage2_6_1/artifacts/repair17/development/run_supervision/runs/v2c13eng2_20260911T005151_3574/v2_c13_engineering_v2/stages/eval_validation/requests/eval_validation_c3_cost_D1_p9.json
?? stage2_6_1/artifacts/repair17/development/run_supervision/runs/v2c13eng2_20260911T005151_3574/v2_c13_engineering_v2/stages/eval_validation/requests/eval_validation_c3_cost_D2_p0.json
?? stage2_6_1/artifacts/repair17/development/run_supervision/runs/v2c13eng2_20260911T005151_3574/v2_c13_engineering_v2/stages/eval_validation/requests/eval_validation_c3_cost_D2_p1.json
?? stage2_6_1/artifacts/repair17/development/run_supervision/runs/v2c13eng2_20260911T005151_3574/v2_c13_engineering_v2/stages/eval_validation/requests/eval_validation_c3_cost_D2_p2.json
?? stage2_6_1/artifacts/repair17/development/run_supervision/runs/v2c13eng2_20260911T005151_3574/v2_c13_engineering_v2/stages/eval_validation/requests/eval_validation_c3_cost_D2_p3.json
?? stage2_6_1/artifacts/repair17/development/run_supervision/runs/v2c13eng2_20260911T005151_3574/v2_c13_engineering_v2/stages/eval_validation/requests/eval_validation_c3_cost_D2_p4.json
?? stage2_6_1/artifacts/repair17/development/run_supervision/runs/v2c13eng2_20260911T005151_3574/v2_c13_engineering_v2/stages/eval_validation/requests/eval_validation_c3_cost_D2_p5.json
?? stage2_6_1/artifacts/repair17/development/run_supervision/runs/v2c13eng2_20260911T005151_3574/v2_c13_engineering_v2/stages/eval_validation/requests/eval_validation_c3_cost_D2_p6.json
?? stage2_6_1/artifacts/repair17/development/run_supervision/runs/v2c13eng2_20260911T005151_3574/v2_c13_engineering_v2/stages/eval_validation/requests/eval_validation_c3_cost_D2_p7.json
?? stage2_6_1/artifacts/repair17/development/run_supervision/runs/v2c13eng2_20260911T005151_3574/v2_c13_engineering_v2/stages/eval_validation/requests/eval_validation_c3_cost_D2_p8.json
?? stage2_6_1/artifacts/repair17/development/run_supervision/runs/v2c13eng2_20260911T005151_3574/v2_c13_engineering_v2/stages/eval_validation/requests/eval_validation_c3_cost_D2_p9.json
?? stage2_6_1/artifacts/repair17/development/run_supervision/runs/v2c13eng2_20260911T005151_3574/v2_c13_engineering_v2/stages/eval_validation/requests/eval_validation_c3_cost_D3_p0.json
?? stage2_6_1/artifacts/repair17/development/run_supervision/runs/v2c13eng2_20260911T005151_3574/v2_c13_engineering_v2/stages/eval_validation/requests/eval_validation_c3_cost_D3_p1.json
?? stage2_6_1/artifacts/repair17/development/run_supervision/runs/v2c13eng2_20260911T005151_3574/v2_c13_engineering_v2/stages/eval_validation/requests/eval_validation_c3_cost_D3_p2.json
?? stage2_6_1/artifacts/repair17/development/run_supervision/runs/v2c13eng2_20260911T005151_3574/v2_c13_engineering_v2/stages/eval_validation/requests/eval_validation_c3_cost_D3_p3.json
?? stage2_6_1/artifacts/repair17/development/run_supervision/runs/v2c13eng2_20260911T005151_3574/v2_c13_engineering_v2/stages/eval_validation/requests/eval_validation_c3_cost_D3_p4.json
?? stage2_6_1/artifacts/repair17/development/run_supervision/runs/v2c13eng2_20260911T005151_3574/v2_c13_engineering_v2/stages/eval_validation/requests/eval_validation_c3_cost_D3_p5.json
?? stage2_6_1/artifacts/repair17/development/run_supervision/runs/v2c13eng2_20260911T005151_3574/v2_c13_engineering_v2/stages/eval_validation/requests/eval_validation_c3_cost_D3_p6.json
?? stage2_6_1/artifacts/repair17/development/run_supervision/runs/v2c13eng2_20260911T005151_3574/v2_c13_engineering_v2/stages/eval_validation/requests/eval_validation_c3_cost_D3_p7.json
?? stage2_6_1/artifacts/repair17/development/run_supervision/runs/v2c13eng2_20260911T005151_3574/v2_c13_engineering_v2/stages/eval_validation/requests/eval_validation_c3_cost_D3_p8.json
?? stage2_6_1/artifacts/repair17/development/run_supervision/runs/v2c13eng2_20260911T005151_3574/v2_c13_engineering_v2/stages/eval_validation/requests/eval_validation_c3_cost_D3_p9.json
?? stage2_6_1/artifacts/repair17/development/run_supervision/runs/v2c13eng2_20260911T005151_3574/v2_c13_engineering_v2/stages/eval_validation/result.json
?? stage2_6_1/artifacts/repair17/development/run_supervision/runs/v2c13eng2_20260911T005151_3574/v2_c13_engineering_v2/stages/eval_validation/selection.json
?? stage2_6_1/artifacts/repair17/development/run_supervision/runs/v2c13eng2_20260911T005151_3574/v2_c13_engineering_v2/stages/eval_validation/starts/eval_validation_c1_opportunity_D0_p0.json
?? stage2_6_1/artifacts/repair17/development/run_supervision/runs/v2c13eng2_20260911T005151_3574/v2_c13_engineering_v2/stages/eval_validation/starts/eval_validation_c1_opportunity_D0_p1.json
?? stage2_6_1/artifacts/repair17/development/run_supervision/runs/v2c13eng2_20260911T005151_3574/v2_c13_engineering_v2/stages/eval_validation/starts/eval_validation_c1_opportunity_D0_p2.json
?? stage2_6_1/artifacts/repair17/development/run_supervision/runs/v2c13eng2_20260911T005151_3574/v2_c13_engineering_v2/stages/eval_validation/starts/eval_validation_c1_opportunity_D0_p3.json
?? stage2_6_1/artifacts/repair17/development/run_supervision/runs/v2c13eng2_20260911T005151_3574/v2_c13_engineering_v2/stages/eval_validation/starts/eval_validation_c1_opportunity_D0_p4.json
?? stage2_6_1/artifacts/repair17/development/run_supervision/runs/v2c13eng2_20260911T005151_3574/v2_c13_engineering_v2/stages/eval_validation/starts/eval_validation_c1_opportunity_D0_p5.json
?? stage2_6_1/artifacts/repair17/development/run_supervision/runs/v2c13eng2_20260911T005151_3574/v2_c13_engineering_v2/stages/eval_validation/starts/eval_validation_c1_opportunity_D0_p6.json
?? stage2_6_1/artifacts/repair17/development/run_supervision/runs/v2c13eng2_20260911T005151_3574/v2_c13_engineering_v2/stages/eval_validation/starts/eval_validation_c1_opportunity_D0_p7.json
?? stage2_6_1/artifacts/repair17/development/run_supervision/runs/v2c13eng2_20260911T005151_3574/v2_c13_engineering_v2/stages/eval_validation/starts/eval_validation_c1_opportunity_D0_p8.json
?? stage2_6_1/artifacts/repair17/development/run_supervision/runs/v2c13eng2_20260911T005151_3574/v2_c13_engineering_v2/stages/eval_validation/starts/eval_validation_c1_opportunity_D0_p9.json
?? stage2_6_1/artifacts/repair17/development/run_supervision/runs/v2c13eng2_20260911T005151_3574/v2_c13_engineering_v2/stages/eval_validation/starts/eval_validation_c1_opportunity_D1_p0.json
?? stage2_6_1/artifacts/repair17/development/run_supervision/runs/v2c13eng2_20260911T005151_3574/v2_c13_engineering_v2/stages/eval_validation/starts/eval_validation_c1_opportunity_D1_p1.json
?? stage2_6_1/artifacts/repair17/development/run_supervision/runs/v2c13eng2_20260911T005151_3574/v2_c13_engineering_v2/stages/eval_validation/starts/eval_validation_c1_opportunity_D1_p2.json
?? stage2_6_1/artifacts/repair17/development/run_supervision/runs/v2c13eng2_20260911T005151_3574/v2_c13_engineering_v2/stages/eval_validation/starts/eval_validation_c1_opportunity_D1_p3.json
?? stage2_6_1/artifacts/repair17/development/run_supervision/runs/v2c13eng2_20260911T005151_3574/v2_c13_engineering_v2/stages/eval_validation/starts/eval_validation_c1_opportunity_D1_p4.json
?? stage2_6_1/artifacts/repair17/development/run_supervision/runs/v2c13eng2_20260911T005151_3574/v2_c13_engineering_v2/stages/eval_validation/starts/eval_validation_c1_opportunity_D1_p5.json
?? stage2_6_1/artifacts/repair17/development/run_supervision/runs/v2c13eng2_20260911T005151_3574/v2_c13_engineering_v2/stages/eval_validation/starts/eval_validation_c1_opportunity_D1_p6.json
?? stage2_6_1/artifacts/repair17/development/run_supervision/runs/v2c13eng2_20260911T005151_3574/v2_c13_engineering_v2/stages/eval_validation/starts/eval_validation_c1_opportunity_D1_p7.json
?? stage2_6_1/artifacts/repair17/development/run_supervision/runs/v2c13eng2_20260911T005151_3574/v2_c13_engineering_v2/stages/eval_validation/starts/eval_validation_c1_opportunity_D1_p8.json
?? stage2_6_1/artifacts/repair17/development/run_supervision/runs/v2c13eng2_20260911T005151_3574/v2_c13_engineering_v2/stages/eval_validation/starts/eval_validation_c1_opportunity_D1_p9.json
?? stage2_6_1/artifacts/repair17/development/run_supervision/runs/v2c13eng2_20260911T005151_3574/v2_c13_engineering_v2/stages/eval_validation/starts/eval_validation_c1_opportunity_D2_p0.json
?? stage2_6_1/artifacts/repair17/development/run_supervision/runs/v2c13eng2_20260911T005151_3574/v2_c13_engineering_v2/stages/eval_validation/starts/eval_validation_c1_opportunity_D2_p1.json
?? stage2_6_1/artifacts/repair17/development/run_supervision/runs/v2c13eng2_20260911T005151_3574/v2_c13_engineering_v2/stages/eval_validation/starts/eval_validation_c1_opportunity_D2_p2.json
?? stage2_6_1/artifacts/repair17/development/run_supervision/runs/v2c13eng2_20260911T005151_3574/v2_c13_engineering_v2/stages/eval_validation/starts/eval_validation_c1_opportunity_D2_p3.json
?? stage2_6_1/artifacts/repair17/development/run_supervision/runs/v2c13eng2_20260911T005151_3574/v2_c13_engineering_v2/stages/eval_validation/starts/eval_validation_c1_opportunity_D2_p4.json
?? stage2_6_1/artifacts/repair17/development/run_supervision/runs/v2c13eng2_20260911T005151_3574/v2_c13_engineering_v2/stages/eval_validation/starts/eval_validation_c1_opportunity_D2_p5.json
?? stage2_6_1/artifacts/repair17/development/run_supervision/runs/v2c13eng2_20260911T005151_3574/v2_c13_engineering_v2/stages/eval_validation/starts/eval_validation_c1_opportunity_D2_p6.json
?? stage2_6_1/artifacts/repair17/development/run_supervision/runs/v2c13eng2_20260911T005151_3574/v2_c13_engineering_v2/stages/eval_validation/starts/eval_validation_c1_opportunity_D2_p7.json
?? stage2_6_1/artifacts/repair17/development/run_supervision/runs/v2c13eng2_20260911T005151_3574/v2_c13_engineering_v2/stages/eval_validation/starts/eval_validation_c1_opportunity_D2_p8.json
?? stage2_6_1/artifacts/repair17/development/run_supervision/runs/v2c13eng2_20260911T005151_3574/v2_c13_engineering_v2/stages/eval_validation/starts/eval_validation_c1_opportunity_D2_p9.json
?? stage2_6_1/artifacts/repair17/development/run_supervision/runs/v2c13eng2_20260911T005151_3574/v2_c13_engineering_v2/stages/eval_validation/starts/eval_validation_c1_opportunity_D3_p0.json
?? stage2_6_1/artifacts/repair17/development/run_supervision/runs/v2c13eng2_20260911T005151_3574/v2_c13_engineering_v2/stages/eval_validation/starts/eval_validation_c1_opportunity_D3_p1.json
?? stage2_6_1/artifacts/repair17/development/run_supervision/runs/v2c13eng2_20260911T005151_3574/v2_c13_engineering_v2/stages/eval_validation/starts/eval_validation_c1_opportunity_D3_p2.json
?? stage2_6_1/artifacts/repair17/development/run_supervision/runs/v2c13eng2_20260911T005151_3574/v2_c13_engineering_v2/stages/eval_validation/starts/eval_validation_c1_opportunity_D3_p3.json
?? stage2_6_1/artifacts/repair17/development/run_supervision/runs/v2c13eng2_20260911T005151_3574/v2_c13_engineering_v2/stages/eval_validation/starts/eval_validation_c1_opportunity_D3_p4.json
?? stage2_6_1/artifacts/repair17/development/run_supervision/runs/v2c13eng2_20260911T005151_3574/v2_c13_engineering_v2/stages/eval_validation/starts/eval_validation_c1_opportunity_D3_p5.json
?? stage2_6_1/artifacts/repair17/development/run_supervision/runs/v2c13eng2_20260911T005151_3574/v2_c13_engineering_v2/stages/eval_validation/starts/eval_validation_c1_opportunity_D3_p6.json
?? stage2_6_1/artifacts/repair17/development/run_supervision/runs/v2c13eng2_20260911T005151_3574/v2_c13_engineering_v2/stages/eval_validation/starts/eval_validation_c1_opportunity_D3_p7.json
?? stage2_6_1/artifacts/repair17/development/run_supervision/runs/v2c13eng2_20260911T005151_3574/v2_c13_engineering_v2/stages/eval_validation/starts/eval_validation_c1_opportunity_D3_p8.json
?? stage2_6_1/artifacts/repair17/development/run_supervision/runs/v2c13eng2_20260911T005151_3574/v2_c13_engineering_v2/stages/eval_validation/starts/eval_validation_c1_opportunity_D3_p9.json
?? stage2_6_1/artifacts/repair17/development/run_supervision/runs/v2c13eng2_20260911T005151_3574/v2_c13_engineering_v2/stages/eval_validation/starts/eval_validation_c3_cost_D0_p0.json
?? stage2_6_1/artifacts/repair17/development/run_supervision/runs/v2c13eng2_20260911T005151_3574/v2_c13_engineering_v2/stages/eval_validation/starts/eval_validation_c3_cost_D0_p1.json
?? stage2_6_1/artifacts/repair17/development/run_supervision/runs/v2c13eng2_20260911T005151_3574/v2_c13_engineering_v2/stages/eval_validation/starts/eval_validation_c3_cost_D0_p2.json
?? stage2_6_1/artifacts/repair17/development/run_supervision/runs/v2c13eng2_20260911T005151_3574/v2_c13_engineering_v2/stages/eval_validation/starts/eval_validation_c3_cost_D0_p3.json
?? stage2_6_1/artifacts/repair17/development/run_supervision/runs/v2c13eng2_20260911T005151_3574/v2_c13_engineering_v2/stages/eval_validation/starts/eval_validation_c3_cost_D0_p4.json
?? stage2_6_1/artifacts/repair17/development/run_supervision/runs/v2c13eng2_20260911T005151_3574/v2_c13_engineering_v2/stages/eval_validation/starts/eval_validation_c3_cost_D0_p5.json
?? stage2_6_1/artifacts/repair17/development/run_supervision/runs/v2c13eng2_20260911T005151_3574/v2_c13_engineering_v2/stages/eval_validation/starts/eval_validation_c3_cost_D0_p6.json
?? stage2_6_1/artifacts/repair17/development/run_supervision/runs/v2c13eng2_20260911T005151_3574/v2_c13_engineering_v2/stages/eval_validation/starts/eval_validation_c3_cost_D0_p7.json
?? stage2_6_1/artifacts/repair17/development/run_supervision/runs/v2c13eng2_20260911T005151_3574/v2_c13_engineering_v2/stages/eval_validation/starts/eval_validation_c3_cost_D0_p8.json
?? stage2_6_1/artifacts/repair17/development/run_supervision/runs/v2c13eng2_20260911T005151_3574/v2_c13_engineering_v2/stages/eval_validation/starts/eval_validation_c3_cost_D0_p9.json
?? stage2_6_1/artifacts/repair17/development/run_supervision/runs/v2c13eng2_20260911T005151_3574/v2_c13_engineering_v2/stages/eval_validation/starts/eval_validation_c3_cost_D1_p0.json
?? stage2_6_1/artifacts/repair17/development/run_supervision/runs/v2c13eng2_20260911T005151_3574/v2_c13_engineering_v2/stages/eval_validation/starts/eval_validation_c3_cost_D1_p1.json
?? stage2_6_1/artifacts/repair17/development/run_supervision/runs/v2c13eng2_20260911T005151_3574/v2_c13_engineering_v2/stages/eval_validation/starts/eval_validation_c3_cost_D1_p2.json
?? stage2_6_1/artifacts/repair17/development/run_supervision/runs/v2c13eng2_20260911T005151_3574/v2_c13_engineering_v2/stages/eval_validation/starts/eval_validation_c3_cost_D1_p3.json
?? stage2_6_1/artifacts/repair17/development/run_supervision/runs/v2c13eng2_20260911T005151_3574/v2_c13_engineering_v2/stages/eval_validation/starts/eval_validation_c3_cost_D1_p4.json
?? stage2_6_1/artifacts/repair17/development/run_supervision/runs/v2c13eng2_20260911T005151_3574/v2_c13_engineering_v2/stages/eval_validation/starts/eval_validation_c3_cost_D1_p5.json
?? stage2_6_1/artifacts/repair17/development/run_supervision/runs/v2c13eng2_20260911T005151_3574/v2_c13_engineering_v2/stages/eval_validation/starts/eval_validation_c3_cost_D1_p6.json
?? stage2_6_1/artifacts/repair17/development/run_supervision/runs/v2c13eng2_20260911T005151_3574/v2_c13_engineering_v2/stages/eval_validation/starts/eval_validation_c3_cost_D1_p7.json
?? stage2_6_1/artifacts/repair17/development/run_supervision/runs/v2c13eng2_20260911T005151_3574/v2_c13_engineering_v2/stages/eval_validation/starts/eval_validation_c3_cost_D1_p8.json
?? stage2_6_1/artifacts/repair17/development/run_supervision/runs/v2c13eng2_20260911T005151_3574/v2_c13_engineering_v2/stages/eval_validation/starts/eval_validation_c3_cost_D1_p9.json
?? stage2_6_1/artifacts/repair17/development/run_supervision/runs/v2c13eng2_20260911T005151_3574/v2_c13_engineering_v2/stages/eval_validation/starts/eval_validation_c3_cost_D2_p0.json
?? stage2_6_1/artifacts/repair17/development/run_supervision/runs/v2c13eng2_20260911T005151_3574/v2_c13_engineering_v2/stages/eval_validation/starts/eval_validation_c3_cost_D2_p1.json
?? stage2_6_1/artifacts/repair17/development/run_supervision/runs/v2c13eng2_20260911T005151_3574/v2_c13_engineering_v2/stages/eval_validation/starts/eval_validation_c3_cost_D2_p2.json
?? stage2_6_1/artifacts/repair17/development/run_supervision/runs/v2c13eng2_20260911T005151_3574/v2_c13_engineering_v2/stages/eval_validation/starts/eval_validation_c3_cost_D2_p3.json
?? stage2_6_1/artifacts/repair17/development/run_supervision/runs/v2c13eng2_20260911T005151_3574/v2_c13_engineering_v2/stages/eval_validation/starts/eval_validation_c3_cost_D2_p4.json
?? stage2_6_1/artifacts/repair17/development/run_supervision/runs/v2c13eng2_20260911T005151_3574/v2_c13_engineering_v2/stages/eval_validation/starts/eval_validation_c3_cost_D2_p5.json
?? stage2_6_1/artifacts/repair17/development/run_supervision/runs/v2c13eng2_20260911T005151_3574/v2_c13_engineering_v2/stages/eval_validation/starts/eval_validation_c3_cost_D2_p6.json
?? stage2_6_1/artifacts/repair17/development/run_supervision/runs/v2c13eng2_20260911T005151_3574/v2_c13_engineering_v2/stages/eval_validation/starts/eval_validation_c3_cost_D2_p7.json
?? stage2_6_1/artifacts/repair17/development/run_supervision/runs/v2c13eng2_20260911T005151_3574/v2_c13_engineering_v2/stages/eval_validation/starts/eval_validation_c3_cost_D2_p8.json
?? stage2_6_1/artifacts/repair17/development/run_supervision/runs/v2c13eng2_20260911T005151_3574/v2_c13_engineering_v2/stages/eval_validation/starts/eval_validation_c3_cost_D2_p9.json
?? stage2_6_1/artifacts/repair17/development/run_supervision/runs/v2c13eng2_20260911T005151_3574/v2_c13_engineering_v2/stages/eval_validation/starts/eval_validation_c3_cost_D3_p0.json
?? stage2_6_1/artifacts/repair17/development/run_supervision/runs/v2c13eng2_20260911T005151_3574/v2_c13_engineering_v2/stages/eval_validation/starts/eval_validation_c3_cost_D3_p1.json
?? stage2_6_1/artifacts/repair17/development/run_supervision/runs/v2c13eng2_20260911T005151_3574/v2_c13_engineering_v2/stages/eval_validation/starts/eval_validation_c3_cost_D3_p2.json
?? stage2_6_1/artifacts/repair17/development/run_supervision/runs/v2c13eng2_20260911T005151_3574/v2_c13_engineering_v2/stages/eval_validation/starts/eval_validation_c3_cost_D3_p3.json
?? stage2_6_1/artifacts/repair17/development/run_supervision/runs/v2c13eng2_20260911T005151_3574/v2_c13_engineering_v2/stages/eval_validation/starts/eval_validation_c3_cost_D3_p4.json
?? stage2_6_1/artifacts/repair17/development/run_supervision/runs/v2c13eng2_20260911T005151_3574/v2_c13_engineering_v2/stages/eval_validation/starts/eval_validation_c3_cost_D3_p5.json
?? stage2_6_1/artifacts/repair17/development/run_supervision/runs/v2c13eng2_20260911T005151_3574/v2_c13_engineering_v2/stages/eval_validation/starts/eval_validation_c3_cost_D3_p6.json
?? stage2_6_1/artifacts/repair17/development/run_supervision/runs/v2c13eng2_20260911T005151_3574/v2_c13_engineering_v2/stages/eval_validation/starts/eval_validation_c3_cost_D3_p7.json
?? stage2_6_1/artifacts/repair17/development/run_supervision/runs/v2c13eng2_20260911T005151_3574/v2_c13_engineering_v2/stages/eval_validation/starts/eval_validation_c3_cost_D3_p8.json
?? stage2_6_1/artifacts/repair17/development/run_supervision/runs/v2c13eng2_20260911T005151_3574/v2_c13_engineering_v2/stages/eval_validation/starts/eval_validation_c3_cost_D3_p9.json
?? stage2_6_1/artifacts/repair17/development/run_supervision/runs/v2c13eng2_20260911T005151_3574/v2_c13_engineering_v2/stages/fit_main/attempts/fit_main_c1_opportunity_D0_p0/attempt_0.json
?? stage2_6_1/artifacts/repair17/development/run_supervision/runs/v2c13eng2_20260911T005151_3574/v2_c13_engineering_v2/stages/fit_main/attempts/fit_main_c1_opportunity_D0_p0/call.json
?? stage2_6_1/artifacts/repair17/development/run_supervision/runs/v2c13eng2_20260911T005151_3574/v2_c13_engineering_v2/stages/fit_main/attempts/fit_main_c1_opportunity_D0_p1/attempt_0.json
?? stage2_6_1/artifacts/repair17/development/run_supervision/runs/v2c13eng2_20260911T005151_3574/v2_c13_engineering_v2/stages/fit_main/attempts/fit_main_c1_opportunity_D0_p1/call.json
?? stage2_6_1/artifacts/repair17/development/run_supervision/runs/v2c13eng2_20260911T005151_3574/v2_c13_engineering_v2/stages/fit_main/attempts/fit_main_c1_opportunity_D0_p2/attempt_0.json
?? stage2_6_1/artifacts/repair17/development/run_supervision/runs/v2c13eng2_20260911T005151_3574/v2_c13_engineering_v2/stages/fit_main/attempts/fit_main_c1_opportunity_D0_p2/call.json
?? stage2_6_1/artifacts/repair17/development/run_supervision/runs/v2c13eng2_20260911T005151_3574/v2_c13_engineering_v2/stages/fit_main/attempts/fit_main_c1_opportunity_D0_p3/attempt_0.json
?? stage2_6_1/artifacts/repair17/development/run_supervision/runs/v2c13eng2_20260911T005151_3574/v2_c13_engineering_v2/stages/fit_main/attempts/fit_main_c1_opportunity_D0_p3/call.json
?? stage2_6_1/artifacts/repair17/development/run_supervision/runs/v2c13eng2_20260911T005151_3574/v2_c13_engineering_v2/stages/fit_main/attempts/fit_main_c1_opportunity_D0_p4/attempt_0.json
?? stage2_6_1/artifacts/repair17/development/run_supervision/runs/v2c13eng2_20260911T005151_3574/v2_c13_engineering_v2/stages/fit_main/attempts/fit_main_c1_opportunity_D0_p4/call.json
?? stage2_6_1/artifacts/repair17/development/run_supervision/runs/v2c13eng2_20260911T005151_3574/v2_c13_engineering_v2/stages/fit_main/attempts/fit_main_c1_opportunity_D0_p5/attempt_0.json
?? stage2_6_1/artifacts/repair17/development/run_supervision/runs/v2c13eng2_20260911T005151_3574/v2_c13_engineering_v2/stages/fit_main/attempts/fit_main_c1_opportunity_D0_p5/call.json
?? stage2_6_1/artifacts/repair17/development/run_supervision/runs/v2c13eng2_20260911T005151_3574/v2_c13_engineering_v2/stages/fit_main/attempts/fit_main_c1_opportunity_D1_p0/attempt_0.json
?? stage2_6_1/artifacts/repair17/development/run_supervision/runs/v2c13eng2_20260911T005151_3574/v2_c13_engineering_v2/stages/fit_main/attempts/fit_main_c1_opportunity_D1_p0/call.json
?? stage2_6_1/artifacts/repair17/development/run_supervision/runs/v2c13eng2_20260911T005151_3574/v2_c13_engineering_v2/stages/fit_main/attempts/fit_main_c1_opportunity_D1_p1/attempt_0.json
?? stage2_6_1/artifacts/repair17/development/run_supervision/runs/v2c13eng2_20260911T005151_3574/v2_c13_engineering_v2/stages/fit_main/attempts/fit_main_c1_opportunity_D1_p1/call.json
?? stage2_6_1/artifacts/repair17/development/run_supervision/runs/v2c13eng2_20260911T005151_3574/v2_c13_engineering_v2/stages/fit_main/attempts/fit_main_c1_opportunity_D1_p2/attempt_0.json
?? stage2_6_1/artifacts/repair17/development/run_supervision/runs/v2c13eng2_20260911T005151_3574/v2_c13_engineering_v2/stages/fit_main/attempts/fit_main_c1_opportunity_D1_p2/call.json
?? stage2_6_1/artifacts/repair17/development/run_supervision/runs/v2c13eng2_20260911T005151_3574/v2_c13_engineering_v2/stages/fit_main/attempts/fit_main_c1_opportunity_D1_p3/attempt_0.json
?? stage2_6_1/artifacts/repair17/development/run_supervision/runs/v2c13eng2_20260911T005151_3574/v2_c13_engineering_v2/stages/fit_main/attempts/fit_main_c1_opportunity_D1_p3/call.json
?? stage2_6_1/artifacts/repair17/development/run_supervision/runs/v2c13eng2_20260911T005151_3574/v2_c13_engineering_v2/stages/fit_main/attempts/fit_main_c1_opportunity_D1_p4/attempt_0.json
?? stage2_6_1/artifacts/repair17/development/run_supervision/runs/v2c13eng2_20260911T005151_3574/v2_c13_engineering_v2/stages/fit_main/attempts/fit_main_c1_opportunity_D1_p4/call.json
?? stage2_6_1/artifacts/repair17/development/run_supervision/runs/v2c13eng2_20260911T005151_3574/v2_c13_engineering_v2/stages/fit_main/attempts/fit_main_c1_opportunity_D1_p5/attempt_0.json
?? stage2_6_1/artifacts/repair17/development/run_supervision/runs/v2c13eng2_20260911T005151_3574/v2_c13_engineering_v2/stages/fit_main/attempts/fit_main_c1_opportunity_D1_p5/call.json
?? stage2_6_1/artifacts/repair17/development/run_supervision/runs/v2c13eng2_20260911T005151_3574/v2_c13_engineering_v2/stages/fit_main/attempts/fit_main_c1_opportunity_D2_p0/attempt_0.json
?? stage2_6_1/artifacts/repair17/development/run_supervision/runs/v2c13eng2_20260911T005151_3574/v2_c13_engineering_v2/stages/fit_main/attempts/fit_main_c1_opportunity_D2_p0/call.json
?? stage2_6_1/artifacts/repair17/development/run_supervision/runs/v2c13eng2_20260911T005151_3574/v2_c13_engineering_v2/stages/fit_main/attempts/fit_main_c1_opportunity_D2_p1/attempt_0.json
?? stage2_6_1/artifacts/repair17/development/run_supervision/runs/v2c13eng2_20260911T005151_3574/v2_c13_engineering_v2/stages/fit_main/attempts/fit_main_c1_opportunity_D2_p1/call.json
?? stage2_6_1/artifacts/repair17/development/run_supervision/runs/v2c13eng2_20260911T005151_3574/v2_c13_engineering_v2/stages/fit_main/attempts/fit_main_c1_opportunity_D2_p2/attempt_0.json
?? stage2_6_1/artifacts/repair17/development/run_supervision/runs/v2c13eng2_20260911T005151_3574/v2_c13_engineering_v2/stages/fit_main/attempts/fit_main_c1_opportunity_D2_p2/call.json
?? stage2_6_1/artifacts/repair17/development/run_supervision/runs/v2c13eng2_20260911T005151_3574/v2_c13_engineering_v2/stages/fit_main/attempts/fit_main_c1_opportunity_D2_p3/attempt_0.json
?? stage2_6_1/artifacts/repair17/development/run_supervision/runs/v2c13eng2_20260911T005151_3574/v2_c13_engineering_v2/stages/fit_main/attempts/fit_main_c1_opportunity_D2_p3/call.json
?? stage2_6_1/artifacts/repair17/development/run_supervision/runs/v2c13eng2_20260911T005151_3574/v2_c13_engineering_v2/stages/fit_main/attempts/fit_main_c1_opportunity_D2_p4/attempt_0.json
?? stage2_6_1/artifacts/repair17/development/run_supervision/runs/v2c13eng2_20260911T005151_3574/v2_c13_engineering_v2/stages/fit_main/attempts/fit_main_c1_opportunity_D2_p4/call.json
?? stage2_6_1/artifacts/repair17/development/run_supervision/runs/v2c13eng2_20260911T005151_3574/v2_c13_engineering_v2/stages/fit_main/attempts/fit_main_c1_opportunity_D2_p5/attempt_0.json
?? stage2_6_1/artifacts/repair17/development/run_supervision/runs/v2c13eng2_20260911T005151_3574/v2_c13_engineering_v2/stages/fit_main/attempts/fit_main_c1_opportunity_D2_p5/call.json
?? stage2_6_1/artifacts/repair17/development/run_supervision/runs/v2c13eng2_20260911T005151_3574/v2_c13_engineering_v2/stages/fit_main/attempts/fit_main_c1_opportunity_D3_p0/attempt_0.json
?? stage2_6_1/artifacts/repair17/development/run_supervision/runs/v2c13eng2_20260911T005151_3574/v2_c13_engineering_v2/stages/fit_main/attempts/fit_main_c1_opportunity_D3_p0/call.json
?? stage2_6_1/artifacts/repair17/development/run_supervision/runs/v2c13eng2_20260911T005151_3574/v2_c13_engineering_v2/stages/fit_main/attempts/fit_main_c1_opportunity_D3_p1/attempt_0.json
?? stage2_6_1/artifacts/repair17/development/run_supervision/runs/v2c13eng2_20260911T005151_3574/v2_c13_engineering_v2/stages/fit_main/attempts/fit_main_c1_opportunity_D3_p1/call.json
?? stage2_6_1/artifacts/repair17/development/run_supervision/runs/v2c13eng2_20260911T005151_3574/v2_c13_engineering_v2/stages/fit_main/attempts/fit_main_c1_opportunity_D3_p2/attempt_0.json
?? stage2_6_1/artifacts/repair17/development/run_supervision/runs/v2c13eng2_20260911T005151_3574/v2_c13_engineering_v2/stages/fit_main/attempts/fit_main_c1_opportunity_D3_p2/call.json
?? stage2_6_1/artifacts/repair17/development/run_supervision/runs/v2c13eng2_20260911T005151_3574/v2_c13_engineering_v2/stages/fit_main/attempts/fit_main_c1_opportunity_D3_p3/attempt_0.json
?? stage2_6_1/artifacts/repair17/development/run_supervision/runs/v2c13eng2_20260911T005151_3574/v2_c13_engineering_v2/stages/fit_main/attempts/fit_main_c1_opportunity_D3_p3/call.json
?? stage2_6_1/artifacts/repair17/development/run_supervision/runs/v2c13eng2_20260911T005151_3574/v2_c13_engineering_v2/stages/fit_main/attempts/fit_main_c1_opportunity_D3_p4/attempt_0.json
?? stage2_6_1/artifacts/repair17/development/run_supervision/runs/v2c13eng2_20260911T005151_3574/v2_c13_engineering_v2/stages/fit_main/attempts/fit_main_c1_opportunity_D3_p4/call.json
?? stage2_6_1/artifacts/repair17/development/run_supervision/runs/v2c13eng2_20260911T005151_3574/v2_c13_engineering_v2/stages/fit_main/attempts/fit_main_c1_opportunity_D3_p5/attempt_0.json
?? stage2_6_1/artifacts/repair17/development/run_supervision/runs/v2c13eng2_20260911T005151_3574/v2_c13_engineering_v2/stages/fit_main/attempts/fit_main_c1_opportunity_D3_p5/call.json
?? stage2_6_1/artifacts/repair17/development/run_supervision/runs/v2c13eng2_20260911T005151_3574/v2_c13_engineering_v2/stages/fit_main/attempts/fit_main_c2_context_D0_p0/attempt_0.json
?? stage2_6_1/artifacts/repair17/development/run_supervision/runs/v2c13eng2_20260911T005151_3574/v2_c13_engineering_v2/stages/fit_main/attempts/fit_main_c2_context_D0_p0/call.json
?? stage2_6_1/artifacts/repair17/development/run_supervision/runs/v2c13eng2_20260911T005151_3574/v2_c13_engineering_v2/stages/fit_main/attempts/fit_main_c2_context_D0_p1/attempt_0.json
?? stage2_6_1/artifacts/repair17/development/run_supervision/runs/v2c13eng2_20260911T005151_3574/v2_c13_engineering_v2/stages/fit_main/attempts/fit_main_c2_context_D0_p1/call.json
?? stage2_6_1/artifacts/repair17/development/run_supervision/runs/v2c13eng2_20260911T005151_3574/v2_c13_engineering_v2/stages/fit_main/attempts/fit_main_c2_context_D0_p2/attempt_0.json
?? stage2_6_1/artifacts/repair17/development/run_supervision/runs/v2c13eng2_20260911T005151_3574/v2_c13_engineering_v2/stages/fit_main/attempts/fit_main_c2_context_D0_p2/call.json
?? stage2_6_1/artifacts/repair17/development/run_supervision/runs/v2c13eng2_20260911T005151_3574/v2_c13_engineering_v2/stages/fit_main/attempts/fit_main_c2_context_D0_p3/attempt_0.json
?? stage2_6_1/artifacts/repair17/development/run_supervision/runs/v2c13eng2_20260911T005151_3574/v2_c13_engineering_v2/stages/fit_main/attempts/fit_main_c2_context_D0_p3/call.json
?? stage2_6_1/artifacts/repair17/development/run_supervision/runs/v2c13eng2_20260911T005151_3574/v2_c13_engineering_v2/stages/fit_main/attempts/fit_main_c2_context_D0_p4/attempt_0.json
?? stage2_6_1/artifacts/repair17/development/run_supervision/runs/v2c13eng2_20260911T005151_3574/v2_c13_engineering_v2/stages/fit_main/attempts/fit_main_c2_context_D0_p4/call.json
?? stage2_6_1/artifacts/repair17/development/run_supervision/runs/v2c13eng2_20260911T005151_3574/v2_c13_engineering_v2/stages/fit_main/attempts/fit_main_c2_context_D0_p5/attempt_0.json
?? stage2_6_1/artifacts/repair17/development/run_supervision/runs/v2c13eng2_20260911T005151_3574/v2_c13_engineering_v2/stages/fit_main/attempts/fit_main_c2_context_D0_p5/call.json
?? stage2_6_1/artifacts/repair17/development/run_supervision/runs/v2c13eng2_20260911T005151_3574/v2_c13_engineering_v2/stages/fit_main/attempts/fit_main_c2_context_D1_p0/attempt_0.json
?? stage2_6_1/artifacts/repair17/development/run_supervision/runs/v2c13eng2_20260911T005151_3574/v2_c13_engineering_v2/stages/fit_main/attempts/fit_main_c2_context_D1_p0/call.json
?? stage2_6_1/artifacts/repair17/development/run_supervision/runs/v2c13eng2_20260911T005151_3574/v2_c13_engineering_v2/stages/fit_main/attempts/fit_main_c2_context_D1_p1/attempt_0.json
?? stage2_6_1/artifacts/repair17/development/run_supervision/runs/v2c13eng2_20260911T005151_3574/v2_c13_engineering_v2/stages/fit_main/attempts/fit_main_c2_context_D1_p1/call.json
?? stage2_6_1/artifacts/repair17/development/run_supervision/runs/v2c13eng2_20260911T005151_3574/v2_c13_engineering_v2/stages/fit_main/attempts/fit_main_c2_context_D1_p2/attempt_0.json
?? stage2_6_1/artifacts/repair17/development/run_supervision/runs/v2c13eng2_20260911T005151_3574/v2_c13_engineering_v2/stages/fit_main/attempts/fit_main_c2_context_D1_p2/call.json
?? stage2_6_1/artifacts/repair17/development/run_supervision/runs/v2c13eng2_20260911T005151_3574/v2_c13_engineering_v2/stages/fit_main/attempts/fit_main_c2_context_D1_p3/attempt_0.json
?? stage2_6_1/artifacts/repair17/development/run_supervision/runs/v2c13eng2_20260911T005151_3574/v2_c13_engineering_v2/stages/fit_main/attempts/fit_main_c2_context_D1_p3/call.json
?? stage2_6_1/artifacts/repair17/development/run_supervision/runs/v2c13eng2_20260911T005151_3574/v2_c13_engineering_v2/stages/fit_main/attempts/fit_main_c2_context_D1_p4/attempt_0.json
?? stage2_6_1/artifacts/repair17/development/run_supervision/runs/v2c13eng2_20260911T005151_3574/v2_c13_engineering_v2/stages/fit_main/attempts/fit_main_c2_context_D1_p4/call.json
?? stage2_6_1/artifacts/repair17/development/run_supervision/runs/v2c13eng2_20260911T005151_3574/v2_c13_engineering_v2/stages/fit_main/attempts/fit_main_c2_context_D1_p5/attempt_0.json
?? stage2_6_1/artifacts/repair17/development/run_supervision/runs/v2c13eng2_20260911T005151_3574/v2_c13_engineering_v2/stages/fit_main/attempts/fit_main_c2_context_D1_p5/call.json
?? stage2_6_1/artifacts/repair17/development/run_supervision/runs/v2c13eng2_20260911T005151_3574/v2_c13_engineering_v2/stages/fit_main/attempts/fit_main_c2_context_D2_p0/attempt_0.json
?? stage2_6_1/artifacts/repair17/development/run_supervision/runs/v2c13eng2_20260911T005151_3574/v2_c13_engineering_v2/stages/fit_main/attempts/fit_main_c2_context_D2_p0/call.json
?? stage2_6_1/artifacts/repair17/development/run_supervision/runs/v2c13eng2_20260911T005151_3574/v2_c13_engineering_v2/stages/fit_main/attempts/fit_main_c2_context_D2_p1/attempt_0.json
?? stage2_6_1/artifacts/repair17/development/run_supervision/runs/v2c13eng2_20260911T005151_3574/v2_c13_engineering_v2/stages/fit_main/attempts/fit_main_c2_context_D2_p1/call.json
?? stage2_6_1/artifacts/repair17/development/run_supervision/runs/v2c13eng2_20260911T005151_3574/v2_c13_engineering_v2/stages/fit_main/attempts/fit_main_c2_context_D2_p2/attempt_0.json
?? stage2_6_1/artifacts/repair17/development/run_supervision/runs/v2c13eng2_20260911T005151_3574/v2_c13_engineering_v2/stages/fit_main/attempts/fit_main_c2_context_D2_p2/call.json
?? stage2_6_1/artifacts/repair17/development/run_supervision/runs/v2c13eng2_20260911T005151_3574/v2_c13_engineering_v2/stages/fit_main/attempts/fit_main_c2_context_D2_p3/attempt_0.json
?? stage2_6_1/artifacts/repair17/development/run_supervision/runs/v2c13eng2_20260911T005151_3574/v2_c13_engineering_v2/stages/fit_main/attempts/fit_main_c2_context_D2_p3/call.json
?? stage2_6_1/artifacts/repair17/development/run_supervision/runs/v2c13eng2_20260911T005151_3574/v2_c13_engineering_v2/stages/fit_main/attempts/fit_main_c2_context_D2_p4/attempt_0.json
?? stage2_6_1/artifacts/repair17/development/run_supervision/runs/v2c13eng2_20260911T005151_3574/v2_c13_engineering_v2/stages/fit_main/attempts/fit_main_c2_context_D2_p4/call.json
?? stage2_6_1/artifacts/repair17/development/run_supervision/runs/v2c13eng2_20260911T005151_3574/v2_c13_engineering_v2/stages/fit_main/attempts/fit_main_c2_context_D2_p5/attempt_0.json
?? stage2_6_1/artifacts/repair17/development/run_supervision/runs/v2c13eng2_20260911T005151_3574/v2_c13_engineering_v2/stages/fit_main/attempts/fit_main_c2_context_D2_p5/call.json
?? stage2_6_1/artifacts/repair17/development/run_supervision/runs/v2c13eng2_20260911T005151_3574/v2_c13_engineering_v2/stages/fit_main/attempts/fit_main_c2_context_D3_p0/attempt_0.json
?? stage2_6_1/artifacts/repair17/development/run_supervision/runs/v2c13eng2_20260911T005151_3574/v2_c13_engineering_v2/stages/fit_main/attempts/fit_main_c2_context_D3_p0/call.json
?? stage2_6_1/artifacts/repair17/development/run_supervision/runs/v2c13eng2_20260911T005151_3574/v2_c13_engineering_v2/stages/fit_main/attempts/fit_main_c2_context_D3_p1/attempt_0.json
?? stage2_6_1/artifacts/repair17/development/run_supervision/runs/v2c13eng2_20260911T005151_3574/v2_c13_engineering_v2/stages/fit_main/attempts/fit_main_c2_context_D3_p1/call.json
?? stage2_6_1/artifacts/repair17/development/run_supervision/runs/v2c13eng2_20260911T005151_3574/v2_c13_engineering_v2/stages/fit_main/attempts/fit_main_c2_context_D3_p2/attempt_0.json
?? stage2_6_1/artifacts/repair17/development/run_supervision/runs/v2c13eng2_20260911T005151_3574/v2_c13_engineering_v2/stages/fit_main/attempts/fit_main_c2_context_D3_p2/call.json
?? stage2_6_1/artifacts/repair17/development/run_supervision/runs/v2c13eng2_20260911T005151_3574/v2_c13_engineering_v2/stages/fit_main/attempts/fit_main_c2_context_D3_p3/attempt_0.json
?? stage2_6_1/artifacts/repair17/development/run_supervision/runs/v2c13eng2_20260911T005151_3574/v2_c13_engineering_v2/stages/fit_main/attempts/fit_main_c2_context_D3_p3/call.json
?? stage2_6_1/artifacts/repair17/development/run_supervision/runs/v2c13eng2_20260911T005151_3574/v2_c13_engineering_v2/stages/fit_main/attempts/fit_main_c2_context_D3_p4/attempt_0.json
?? stage2_6_1/artifacts/repair17/development/run_supervision/runs/v2c13eng2_20260911T005151_3574/v2_c13_engineering_v2/stages/fit_main/attempts/fit_main_c2_context_D3_p4/call.json
?? stage2_6_1/artifacts/repair17/development/run_supervision/runs/v2c13eng2_20260911T005151_3574/v2_c13_engineering_v2/stages/fit_main/attempts/fit_main_c2_context_D3_p5/attempt_0.json
?? stage2_6_1/artifacts/repair17/development/run_supervision/runs/v2c13eng2_20260911T005151_3574/v2_c13_engineering_v2/stages/fit_main/attempts/fit_main_c2_context_D3_p5/call.json
?? stage2_6_1/artifacts/repair17/development/run_supervision/runs/v2c13eng2_20260911T005151_3574/v2_c13_engineering_v2/stages/fit_main/attempts/fit_main_c3_cost_D0_p0/attempt_0.json
?? stage2_6_1/artifacts/repair17/development/run_supervision/runs/v2c13eng2_20260911T005151_3574/v2_c13_engineering_v2/stages/fit_main/attempts/fit_main_c3_cost_D0_p0/call.json
?? stage2_6_1/artifacts/repair17/development/run_supervision/runs/v2c13eng2_20260911T005151_3574/v2_c13_engineering_v2/stages/fit_main/attempts/fit_main_c3_cost_D0_p1/attempt_0.json
?? stage2_6_1/artifacts/repair17/development/run_supervision/runs/v2c13eng2_20260911T005151_3574/v2_c13_engineering_v2/stages/fit_main/attempts/fit_main_c3_cost_D0_p1/attempt_1.json
?? stage2_6_1/artifacts/repair17/development/run_supervision/runs/v2c13eng2_20260911T005151_3574/v2_c13_engineering_v2/stages/fit_main/attempts/fit_main_c3_cost_D0_p1/call.json
?? stage2_6_1/artifacts/repair17/development/run_supervision/runs/v2c13eng2_20260911T005151_3574/v2_c13_engineering_v2/stages/fit_main/attempts/fit_main_c3_cost_D0_p2/attempt_0.json
?? stage2_6_1/artifacts/repair17/development/run_supervision/runs/v2c13eng2_20260911T005151_3574/v2_c13_engineering_v2/stages/fit_main/attempts/fit_main_c3_cost_D0_p2/call.json
?? stage2_6_1/artifacts/repair17/development/run_supervision/runs/v2c13eng2_20260911T005151_3574/v2_c13_engineering_v2/stages/fit_main/attempts/fit_main_c3_cost_D0_p3/attempt_0.json
?? stage2_6_1/artifacts/repair17/development/run_supervision/runs/v2c13eng2_20260911T005151_3574/v2_c13_engineering_v2/stages/fit_main/attempts/fit_main_c3_cost_D0_p3/call.json
?? stage2_6_1/artifacts/repair17/development/run_supervision/runs/v2c13eng2_20260911T005151_3574/v2_c13_engineering_v2/stages/fit_main/attempts/fit_main_c3_cost_D0_p4/attempt_0.json
?? stage2_6_1/artifacts/repair17/development/run_supervision/runs/v2c13eng2_20260911T005151_3574/v2_c13_engineering_v2/stages/fit_main/attempts/fit_main_c3_cost_D0_p4/call.json
?? stage2_6_1/artifacts/repair17/development/run_supervision/runs/v2c13eng2_20260911T005151_3574/v2_c13_engineering_v2/stages/fit_main/attempts/fit_main_c3_cost_D0_p5/attempt_0.json
?? stage2_6_1/artifacts/repair17/development/run_supervision/runs/v2c13eng2_20260911T005151_3574/v2_c13_engineering_v2/stages/fit_main/attempts/fit_main_c3_cost_D0_p5/call.json
?? stage2_6_1/artifacts/repair17/development/run_supervision/runs/v2c13eng2_20260911T005151_3574/v2_c13_engineering_v2/stages/fit_main/attempts/fit_main_c3_cost_D1_p0/attempt_0.json
?? stage2_6_1/artifacts/repair17/development/run_supervision/runs/v2c13eng2_20260911T005151_3574/v2_c13_engineering_v2/stages/fit_main/attempts/fit_main_c3_cost_D1_p0/call.json
?? stage2_6_1/artifacts/repair17/development/run_supervision/runs/v2c13eng2_20260911T005151_3574/v2_c13_engineering_v2/stages/fit_main/attempts/fit_main_c3_cost_D1_p1/attempt_0.json
?? stage2_6_1/artifacts/repair17/development/run_supervision/runs/v2c13eng2_20260911T005151_3574/v2_c13_engineering_v2/stages/fit_main/attempts/fit_main_c3_cost_D1_p1/call.json
?? stage2_6_1/artifacts/repair17/development/run_supervision/runs/v2c13eng2_20260911T005151_3574/v2_c13_engineering_v2/stages/fit_main/attempts/fit_main_c3_cost_D1_p2/attempt_0.json
?? stage2_6_1/artifacts/repair17/development/run_supervision/runs/v2c13eng2_20260911T005151_3574/v2_c13_engineering_v2/stages/fit_main/attempts/fit_main_c3_cost_D1_p2/call.json
?? stage2_6_1/artifacts/repair17/development/run_supervision/runs/v2c13eng2_20260911T005151_3574/v2_c13_engineering_v2/stages/fit_main/attempts/fit_main_c3_cost_D1_p3/attempt_0.json
?? stage2_6_1/artifacts/repair17/development/run_supervision/runs/v2c13eng2_20260911T005151_3574/v2_c13_engineering_v2/stages/fit_main/attempts/fit_main_c3_cost_D1_p3/call.json
?? stage2_6_1/artifacts/repair17/development/run_supervision/runs/v2c13eng2_20260911T005151_3574/v2_c13_engineering_v2/stages/fit_main/attempts/fit_main_c3_cost_D1_p4/attempt_0.json
?? stage2_6_1/artifacts/repair17/development/run_supervision/runs/v2c13eng2_20260911T005151_3574/v2_c13_engineering_v2/stages/fit_main/attempts/fit_main_c3_cost_D1_p4/call.json
?? stage2_6_1/artifacts/repair17/development/run_supervision/runs/v2c13eng2_20260911T005151_3574/v2_c13_engineering_v2/stages/fit_main/attempts/fit_main_c3_cost_D1_p5/attempt_0.json
?? stage2_6_1/artifacts/repair17/development/run_supervision/runs/v2c13eng2_20260911T005151_3574/v2_c13_engineering_v2/stages/fit_main/attempts/fit_main_c3_cost_D1_p5/call.json
?? stage2_6_1/artifacts/repair17/development/run_supervision/runs/v2c13eng2_20260911T005151_3574/v2_c13_engineering_v2/stages/fit_main/attempts/fit_main_c3_cost_D2_p0/attempt_0.json
?? stage2_6_1/artifacts/repair17/development/run_supervision/runs/v2c13eng2_20260911T005151_3574/v2_c13_engineering_v2/stages/fit_main/attempts/fit_main_c3_cost_D2_p0/call.json
?? stage2_6_1/artifacts/repair17/development/run_supervision/runs/v2c13eng2_20260911T005151_3574/v2_c13_engineering_v2/stages/fit_main/attempts/fit_main_c3_cost_D2_p1/attempt_0.json
?? stage2_6_1/artifacts/repair17/development/run_supervision/runs/v2c13eng2_20260911T005151_3574/v2_c13_engineering_v2/stages/fit_main/attempts/fit_main_c3_cost_D2_p1/call.json
?? stage2_6_1/artifacts/repair17/development/run_supervision/runs/v2c13eng2_20260911T005151_3574/v2_c13_engineering_v2/stages/fit_main/attempts/fit_main_c3_cost_D2_p2/attempt_0.json
?? stage2_6_1/artifacts/repair17/development/run_supervision/runs/v2c13eng2_20260911T005151_3574/v2_c13_engineering_v2/stages/fit_main/attempts/fit_main_c3_cost_D2_p2/call.json
?? stage2_6_1/artifacts/repair17/development/run_supervision/runs/v2c13eng2_20260911T005151_3574/v2_c13_engineering_v2/stages/fit_main/attempts/fit_main_c3_cost_D2_p3/attempt_0.json
?? stage2_6_1/artifacts/repair17/development/run_supervision/runs/v2c13eng2_20260911T005151_3574/v2_c13_engineering_v2/stages/fit_main/attempts/fit_main_c3_cost_D2_p3/call.json
?? stage2_6_1/artifacts/repair17/development/run_supervision/runs/v2c13eng2_20260911T005151_3574/v2_c13_engineering_v2/stages/fit_main/attempts/fit_main_c3_cost_D2_p4/attempt_0.json
?? stage2_6_1/artifacts/repair17/development/run_supervision/runs/v2c13eng2_20260911T005151_3574/v2_c13_engineering_v2/stages/fit_main/attempts/fit_main_c3_cost_D2_p4/call.json
?? stage2_6_1/artifacts/repair17/development/run_supervision/runs/v2c13eng2_20260911T005151_3574/v2_c13_engineering_v2/stages/fit_main/attempts/fit_main_c3_cost_D2_p5/attempt_0.json
?? stage2_6_1/artifacts/repair17/development/run_supervision/runs/v2c13eng2_20260911T005151_3574/v2_c13_engineering_v2/stages/fit_main/attempts/fit_main_c3_cost_D2_p5/call.json
?? stage2_6_1/artifacts/repair17/development/run_supervision/runs/v2c13eng2_20260911T005151_3574/v2_c13_engineering_v2/stages/fit_main/attempts/fit_main_c3_cost_D3_p0/attempt_0.json
?? stage2_6_1/artifacts/repair17/development/run_supervision/runs/v2c13eng2_20260911T005151_3574/v2_c13_engineering_v2/stages/fit_main/attempts/fit_main_c3_cost_D3_p0/call.json
?? stage2_6_1/artifacts/repair17/development/run_supervision/runs/v2c13eng2_20260911T005151_3574/v2_c13_engineering_v2/stages/fit_main/attempts/fit_main_c3_cost_D3_p1/attempt_0.json
?? stage2_6_1/artifacts/repair17/development/run_supervision/runs/v2c13eng2_20260911T005151_3574/v2_c13_engineering_v2/stages/fit_main/attempts/fit_main_c3_cost_D3_p1/call.json
?? stage2_6_1/artifacts/repair17/development/run_supervision/runs/v2c13eng2_20260911T005151_3574/v2_c13_engineering_v2/stages/fit_main/attempts/fit_main_c3_cost_D3_p2/attempt_0.json
?? stage2_6_1/artifacts/repair17/development/run_supervision/runs/v2c13eng2_20260911T005151_3574/v2_c13_engineering_v2/stages/fit_main/attempts/fit_main_c3_cost_D3_p2/call.json
?? stage2_6_1/artifacts/repair17/development/run_supervision/runs/v2c13eng2_20260911T005151_3574/v2_c13_engineering_v2/stages/fit_main/attempts/fit_main_c3_cost_D3_p3/attempt_0.json
?? stage2_6_1/artifacts/repair17/development/run_supervision/runs/v2c13eng2_20260911T005151_3574/v2_c13_engineering_v2/stages/fit_main/attempts/fit_main_c3_cost_D3_p3/call.json
?? stage2_6_1/artifacts/repair17/development/run_supervision/runs/v2c13eng2_20260911T005151_3574/v2_c13_engineering_v2/stages/fit_main/attempts/fit_main_c3_cost_D3_p4/attempt_0.json
?? stage2_6_1/artifacts/repair17/development/run_supervision/runs/v2c13eng2_20260911T005151_3574/v2_c13_engineering_v2/stages/fit_main/attempts/fit_main_c3_cost_D3_p4/call.json
?? stage2_6_1/artifacts/repair17/development/run_supervision/runs/v2c13eng2_20260911T005151_3574/v2_c13_engineering_v2/stages/fit_main/attempts/fit_main_c3_cost_D3_p5/attempt_0.json
?? stage2_6_1/artifacts/repair17/development/run_supervision/runs/v2c13eng2_20260911T005151_3574/v2_c13_engineering_v2/stages/fit_main/attempts/fit_main_c3_cost_D3_p5/call.json
?? stage2_6_1/artifacts/repair17/development/run_supervision/runs/v2c13eng2_20260911T005151_3574/v2_c13_engineering_v2/stages/fit_main/requests/fit_main_c1_opportunity_D0_p0.json
?? stage2_6_1/artifacts/repair17/development/run_supervision/runs/v2c13eng2_20260911T005151_3574/v2_c13_engineering_v2/stages/fit_main/requests/fit_main_c1_opportunity_D0_p1.json
?? stage2_6_1/artifacts/repair17/development/run_supervision/runs/v2c13eng2_20260911T005151_3574/v2_c13_engineering_v2/stages/fit_main/requests/fit_main_c1_opportunity_D0_p2.json
?? stage2_6_1/artifacts/repair17/development/run_supervision/runs/v2c13eng2_20260911T005151_3574/v2_c13_engineering_v2/stages/fit_main/requests/fit_main_c1_opportunity_D0_p3.json
?? stage2_6_1/artifacts/repair17/development/run_supervision/runs/v2c13eng2_20260911T005151_3574/v2_c13_engineering_v2/stages/fit_main/requests/fit_main_c1_opportunity_D0_p4.json
?? stage2_6_1/artifacts/repair17/development/run_supervision/runs/v2c13eng2_20260911T005151_3574/v2_c13_engineering_v2/stages/fit_main/requests/fit_main_c1_opportunity_D0_p5.json
?? stage2_6_1/artifacts/repair17/development/run_supervision/runs/v2c13eng2_20260911T005151_3574/v2_c13_engineering_v2/stages/fit_main/requests/fit_main_c1_opportunity_D1_p0.json
?? stage2_6_1/artifacts/repair17/development/run_supervision/runs/v2c13eng2_20260911T005151_3574/v2_c13_engineering_v2/stages/fit_main/requests/fit_main_c1_opportunity_D1_p1.json
?? stage2_6_1/artifacts/repair17/development/run_supervision/runs/v2c13eng2_20260911T005151_3574/v2_c13_engineering_v2/stages/fit_main/requests/fit_main_c1_opportunity_D1_p2.json
?? stage2_6_1/artifacts/repair17/development/run_supervision/runs/v2c13eng2_20260911T005151_3574/v2_c13_engineering_v2/stages/fit_main/requests/fit_main_c1_opportunity_D1_p3.json
?? stage2_6_1/artifacts/repair17/development/run_supervision/runs/v2c13eng2_20260911T005151_3574/v2_c13_engineering_v2/stages/fit_main/requests/fit_main_c1_opportunity_D1_p4.json
?? stage2_6_1/artifacts/repair17/development/run_supervision/runs/v2c13eng2_20260911T005151_3574/v2_c13_engineering_v2/stages/fit_main/requests/fit_main_c1_opportunity_D1_p5.json
?? stage2_6_1/artifacts/repair17/development/run_supervision/runs/v2c13eng2_20260911T005151_3574/v2_c13_engineering_v2/stages/fit_main/requests/fit_main_c1_opportunity_D2_p0.json
?? stage2_6_1/artifacts/repair17/development/run_supervision/runs/v2c13eng2_20260911T005151_3574/v2_c13_engineering_v2/stages/fit_main/requests/fit_main_c1_opportunity_D2_p1.json
?? stage2_6_1/artifacts/repair17/development/run_supervision/runs/v2c13eng2_20260911T005151_3574/v2_c13_engineering_v2/stages/fit_main/requests/fit_main_c1_opportunity_D2_p2.json
?? stage2_6_1/artifacts/repair17/development/run_supervision/runs/v2c13eng2_20260911T005151_3574/v2_c13_engineering_v2/stages/fit_main/requests/fit_main_c1_opportunity_D2_p3.json
?? stage2_6_1/artifacts/repair17/development/run_supervision/runs/v2c13eng2_20260911T005151_3574/v2_c13_engineering_v2/stages/fit_main/requests/fit_main_c1_opportunity_D2_p4.json
?? stage2_6_1/artifacts/repair17/development/run_supervision/runs/v2c13eng2_20260911T005151_3574/v2_c13_engineering_v2/stages/fit_main/requests/fit_main_c1_opportunity_D2_p5.json
?? stage2_6_1/artifacts/repair17/development/run_supervision/runs/v2c13eng2_20260911T005151_3574/v2_c13_engineering_v2/stages/fit_main/requests/fit_main_c1_opportunity_D3_p0.json
?? stage2_6_1/artifacts/repair17/development/run_supervision/runs/v2c13eng2_20260911T005151_3574/v2_c13_engineering_v2/stages/fit_main/requests/fit_main_c1_opportunity_D3_p1.json
?? stage2_6_1/artifacts/repair17/development/run_supervision/runs/v2c13eng2_20260911T005151_3574/v2_c13_engineering_v2/stages/fit_main/requests/fit_main_c1_opportunity_D3_p2.json
?? stage2_6_1/artifacts/repair17/development/run_supervision/runs/v2c13eng2_20260911T005151_3574/v2_c13_engineering_v2/stages/fit_main/requests/fit_main_c1_opportunity_D3_p3.json
?? stage2_6_1/artifacts/repair17/development/run_supervision/runs/v2c13eng2_20260911T005151_3574/v2_c13_engineering_v2/stages/fit_main/requests/fit_main_c1_opportunity_D3_p4.json
?? stage2_6_1/artifacts/repair17/development/run_supervision/runs/v2c13eng2_20260911T005151_3574/v2_c13_engineering_v2/stages/fit_main/requests/fit_main_c1_opportunity_D3_p5.json
?? stage2_6_1/artifacts/repair17/development/run_supervision/runs/v2c13eng2_20260911T005151_3574/v2_c13_engineering_v2/stages/fit_main/requests/fit_main_c2_context_D0_p0.json
?? stage2_6_1/artifacts/repair17/development/run_supervision/runs/v2c13eng2_20260911T005151_3574/v2_c13_engineering_v2/stages/fit_main/requests/fit_main_c2_context_D0_p1.json
?? stage2_6_1/artifacts/repair17/development/run_supervision/runs/v2c13eng2_20260911T005151_3574/v2_c13_engineering_v2/stages/fit_main/requests/fit_main_c2_context_D0_p2.json
?? stage2_6_1/artifacts/repair17/development/run_supervision/runs/v2c13eng2_20260911T005151_3574/v2_c13_engineering_v2/stages/fit_main/requests/fit_main_c2_context_D0_p3.json
?? stage2_6_1/artifacts/repair17/development/run_supervision/runs/v2c13eng2_20260911T005151_3574/v2_c13_engineering_v2/stages/fit_main/requests/fit_main_c2_context_D0_p4.json
?? stage2_6_1/artifacts/repair17/development/run_supervision/runs/v2c13eng2_20260911T005151_3574/v2_c13_engineering_v2/stages/fit_main/requests/fit_main_c2_context_D0_p5.json
?? stage2_6_1/artifacts/repair17/development/run_supervision/runs/v2c13eng2_20260911T005151_3574/v2_c13_engineering_v2/stages/fit_main/requests/fit_main_c2_context_D1_p0.json
?? stage2_6_1/artifacts/repair17/development/run_supervision/runs/v2c13eng2_20260911T005151_3574/v2_c13_engineering_v2/stages/fit_main/requests/fit_main_c2_context_D1_p1.json
?? stage2_6_1/artifacts/repair17/development/run_supervision/runs/v2c13eng2_20260911T005151_3574/v2_c13_engineering_v2/stages/fit_main/requests/fit_main_c2_context_D1_p2.json
?? stage2_6_1/artifacts/repair17/development/run_supervision/runs/v2c13eng2_20260911T005151_3574/v2_c13_engineering_v2/stages/fit_main/requests/fit_main_c2_context_D1_p3.json
?? stage2_6_1/artifacts/repair17/development/run_supervision/runs/v2c13eng2_20260911T005151_3574/v2_c13_engineering_v2/stages/fit_main/requests/fit_main_c2_context_D1_p4.json
?? stage2_6_1/artifacts/repair17/development/run_supervision/runs/v2c13eng2_20260911T005151_3574/v2_c13_engineering_v2/stages/fit_main/requests/fit_main_c2_context_D1_p5.json
?? stage2_6_1/artifacts/repair17/development/run_supervision/runs/v2c13eng2_20260911T005151_3574/v2_c13_engineering_v2/stages/fit_main/requests/fit_main_c2_context_D2_p0.json
?? stage2_6_1/artifacts/repair17/development/run_supervision/runs/v2c13eng2_20260911T005151_3574/v2_c13_engineering_v2/stages/fit_main/requests/fit_main_c2_context_D2_p1.json
?? stage2_6_1/artifacts/repair17/development/run_supervision/runs/v2c13eng2_20260911T005151_3574/v2_c13_engineering_v2/stages/fit_main/requests/fit_main_c2_context_D2_p2.json
?? stage2_6_1/artifacts/repair17/development/run_supervision/runs/v2c13eng2_20260911T005151_3574/v2_c13_engineering_v2/stages/fit_main/requests/fit_main_c2_context_D2_p3.json
?? stage2_6_1/artifacts/repair17/development/run_supervision/runs/v2c13eng2_20260911T005151_3574/v2_c13_engineering_v2/stages/fit_main/requests/fit_main_c2_context_D2_p4.json
?? stage2_6_1/artifacts/repair17/development/run_supervision/runs/v2c13eng2_20260911T005151_3574/v2_c13_engineering_v2/stages/fit_main/requests/fit_main_c2_context_D2_p5.json
?? stage2_6_1/artifacts/repair17/development/run_supervision/runs/v2c13eng2_20260911T005151_3574/v2_c13_engineering_v2/stages/fit_main/requests/fit_main_c2_context_D3_p0.json
?? stage2_6_1/artifacts/repair17/development/run_supervision/runs/v2c13eng2_20260911T005151_3574/v2_c13_engineering_v2/stages/fit_main/requests/fit_main_c2_context_D3_p1.json
?? stage2_6_1/artifacts/repair17/development/run_supervision/runs/v2c13eng2_20260911T005151_3574/v2_c13_engineering_v2/stages/fit_main/requests/fit_main_c2_context_D3_p2.json
?? stage2_6_1/artifacts/repair17/development/run_supervision/runs/v2c13eng2_20260911T005151_3574/v2_c13_engineering_v2/stages/fit_main/requests/fit_main_c2_context_D3_p3.json
?? stage2_6_1/artifacts/repair17/development/run_supervision/runs/v2c13eng2_20260911T005151_3574/v2_c13_engineering_v2/stages/fit_main/requests/fit_main_c2_context_D3_p4.json
?? stage2_6_1/artifacts/repair17/development/run_supervision/runs/v2c13eng2_20260911T005151_3574/v2_c13_engineering_v2/stages/fit_main/requests/fit_main_c2_context_D3_p5.json
?? stage2_6_1/artifacts/repair17/development/run_supervision/runs/v2c13eng2_20260911T005151_3574/v2_c13_engineering_v2/stages/fit_main/requests/fit_main_c3_cost_D0_p0.json
?? stage2_6_1/artifacts/repair17/development/run_supervision/runs/v2c13eng2_20260911T005151_3574/v2_c13_engineering_v2/stages/fit_main/requests/fit_main_c3_cost_D0_p1.json
?? stage2_6_1/artifacts/repair17/development/run_supervision/runs/v2c13eng2_20260911T005151_3574/v2_c13_engineering_v2/stages/fit_main/requests/fit_main_c3_cost_D0_p2.json
?? stage2_6_1/artifacts/repair17/development/run_supervision/runs/v2c13eng2_20260911T005151_3574/v2_c13_engineering_v2/stages/fit_main/requests/fit_main_c3_cost_D0_p3.json
?? stage2_6_1/artifacts/repair17/development/run_supervision/runs/v2c13eng2_20260911T005151_3574/v2_c13_engineering_v2/stages/fit_main/requests/fit_main_c3_cost_D0_p4.json
?? stage2_6_1/artifacts/repair17/development/run_supervision/runs/v2c13eng2_20260911T005151_3574/v2_c13_engineering_v2/stages/fit_main/requests/fit_main_c3_cost_D0_p5.json
?? stage2_6_1/artifacts/repair17/development/run_supervision/runs/v2c13eng2_20260911T005151_3574/v2_c13_engineering_v2/stages/fit_main/requests/fit_main_c3_cost_D1_p0.json
?? stage2_6_1/artifacts/repair17/development/run_supervision/runs/v2c13eng2_20260911T005151_3574/v2_c13_engineering_v2/stages/fit_main/requests/fit_main_c3_cost_D1_p1.json
?? stage2_6_1/artifacts/repair17/development/run_supervision/runs/v2c13eng2_20260911T005151_3574/v2_c13_engineering_v2/stages/fit_main/requests/fit_main_c3_cost_D1_p2.json
?? stage2_6_1/artifacts/repair17/development/run_supervision/runs/v2c13eng2_20260911T005151_3574/v2_c13_engineering_v2/stages/fit_main/requests/fit_main_c3_cost_D1_p3.json
?? stage2_6_1/artifacts/repair17/development/run_supervision/runs/v2c13eng2_20260911T005151_3574/v2_c13_engineering_v2/stages/fit_main/requests/fit_main_c3_cost_D1_p4.json
?? stage2_6_1/artifacts/repair17/development/run_supervision/runs/v2c13eng2_20260911T005151_3574/v2_c13_engineering_v2/stages/fit_main/requests/fit_main_c3_cost_D1_p5.json
?? stage2_6_1/artifacts/repair17/development/run_supervision/runs/v2c13eng2_20260911T005151_3574/v2_c13_engineering_v2/stages/fit_main/requests/fit_main_c3_cost_D2_p0.json
?? stage2_6_1/artifacts/repair17/development/run_supervision/runs/v2c13eng2_20260911T005151_3574/v2_c13_engineering_v2/stages/fit_main/requests/fit_main_c3_cost_D2_p1.json
?? stage2_6_1/artifacts/repair17/development/run_supervision/runs/v2c13eng2_20260911T005151_3574/v2_c13_engineering_v2/stages/fit_main/requests/fit_main_c3_cost_D2_p2.json
?? stage2_6_1/artifacts/repair17/development/run_supervision/runs/v2c13eng2_20260911T005151_3574/v2_c13_engineering_v2/stages/fit_main/requests/fit_main_c3_cost_D2_p3.json
?? stage2_6_1/artifacts/repair17/development/run_supervision/runs/v2c13eng2_20260911T005151_3574/v2_c13_engineering_v2/stages/fit_main/requests/fit_main_c3_cost_D2_p4.json
?? stage2_6_1/artifacts/repair17/development/run_supervision/runs/v2c13eng2_20260911T005151_3574/v2_c13_engineering_v2/stages/fit_main/requests/fit_main_c3_cost_D2_p5.json
?? stage2_6_1/artifacts/repair17/development/run_supervision/runs/v2c13eng2_20260911T005151_3574/v2_c13_engineering_v2/stages/fit_main/requests/fit_main_c3_cost_D3_p0.json
?? stage2_6_1/artifacts/repair17/development/run_supervision/runs/v2c13eng2_20260911T005151_3574/v2_c13_engineering_v2/stages/fit_main/requests/fit_main_c3_cost_D3_p1.json
?? stage2_6_1/artifacts/repair17/development/run_supervision/runs/v2c13eng2_20260911T005151_3574/v2_c13_engineering_v2/stages/fit_main/requests/fit_main_c3_cost_D3_p2.json
?? stage2_6_1/artifacts/repair17/development/run_supervision/runs/v2c13eng2_20260911T005151_3574/v2_c13_engineering_v2/stages/fit_main/requests/fit_main_c3_cost_D3_p3.json
?? stage2_6_1/artifacts/repair17/development/run_supervision/runs/v2c13eng2_20260911T005151_3574/v2_c13_engineering_v2/stages/fit_main/requests/fit_main_c3_cost_D3_p4.json
?? stage2_6_1/artifacts/repair17/development/run_supervision/runs/v2c13eng2_20260911T005151_3574/v2_c13_engineering_v2/stages/fit_main/requests/fit_main_c3_cost_D3_p5.json
?? stage2_6_1/artifacts/repair17/development/run_supervision/runs/v2c13eng2_20260911T005151_3574/v2_c13_engineering_v2/stages/fit_main/result.json
?? stage2_6_1/artifacts/repair17/development/run_supervision/runs/v2c13eng2_20260911T005151_3574/v2_c13_engineering_v2/stages/fit_main/selection.json
?? stage2_6_1/artifacts/repair17/development/run_supervision/runs/v2c13eng2_20260911T005151_3574/v2_c13_engineering_v2/stages/fit_main/starts/fit_main_c1_opportunity_D0_p0.json
?? stage2_6_1/artifacts/repair17/development/run_supervision/runs/v2c13eng2_20260911T005151_3574/v2_c13_engineering_v2/stages/fit_main/starts/fit_main_c1_opportunity_D0_p1.json
?? stage2_6_1/artifacts/repair17/development/run_supervision/runs/v2c13eng2_20260911T005151_3574/v2_c13_engineering_v2/stages/fit_main/starts/fit_main_c1_opportunity_D0_p2.json
?? stage2_6_1/artifacts/repair17/development/run_supervision/runs/v2c13eng2_20260911T005151_3574/v2_c13_engineering_v2/stages/fit_main/starts/fit_main_c1_opportunity_D0_p3.json
?? stage2_6_1/artifacts/repair17/development/run_supervision/runs/v2c13eng2_20260911T005151_3574/v2_c13_engineering_v2/stages/fit_main/starts/fit_main_c1_opportunity_D0_p4.json
?? stage2_6_1/artifacts/repair17/development/run_supervision/runs/v2c13eng2_20260911T005151_3574/v2_c13_engineering_v2/stages/fit_main/starts/fit_main_c1_opportunity_D0_p5.json
?? stage2_6_1/artifacts/repair17/development/run_supervision/runs/v2c13eng2_20260911T005151_3574/v2_c13_engineering_v2/stages/fit_main/starts/fit_main_c1_opportunity_D1_p0.json
?? stage2_6_1/artifacts/repair17/development/run_supervision/runs/v2c13eng2_20260911T005151_3574/v2_c13_engineering_v2/stages/fit_main/starts/fit_main_c1_opportunity_D1_p1.json
?? stage2_6_1/artifacts/repair17/development/run_supervision/runs/v2c13eng2_20260911T005151_3574/v2_c13_engineering_v2/stages/fit_main/starts/fit_main_c1_opportunity_D1_p2.json
?? stage2_6_1/artifacts/repair17/development/run_supervision/runs/v2c13eng2_20260911T005151_3574/v2_c13_engineering_v2/stages/fit_main/starts/fit_main_c1_opportunity_D1_p3.json
?? stage2_6_1/artifacts/repair17/development/run_supervision/runs/v2c13eng2_20260911T005151_3574/v2_c13_engineering_v2/stages/fit_main/starts/fit_main_c1_opportunity_D1_p4.json
?? stage2_6_1/artifacts/repair17/development/run_supervision/runs/v2c13eng2_20260911T005151_3574/v2_c13_engineering_v2/stages/fit_main/starts/fit_main_c1_opportunity_D1_p5.json
?? stage2_6_1/artifacts/repair17/development/run_supervision/runs/v2c13eng2_20260911T005151_3574/v2_c13_engineering_v2/stages/fit_main/starts/fit_main_c1_opportunity_D2_p0.json
?? stage2_6_1/artifacts/repair17/development/run_supervision/runs/v2c13eng2_20260911T005151_3574/v2_c13_engineering_v2/stages/fit_main/starts/fit_main_c1_opportunity_D2_p1.json
?? stage2_6_1/artifacts/repair17/development/run_supervision/runs/v2c13eng2_20260911T005151_3574/v2_c13_engineering_v2/stages/fit_main/starts/fit_main_c1_opportunity_D2_p2.json
?? stage2_6_1/artifacts/repair17/development/run_supervision/runs/v2c13eng2_20260911T005151_3574/v2_c13_engineering_v2/stages/fit_main/starts/fit_main_c1_opportunity_D2_p3.json
?? stage2_6_1/artifacts/repair17/development/run_supervision/runs/v2c13eng2_20260911T005151_3574/v2_c13_engineering_v2/stages/fit_main/starts/fit_main_c1_opportunity_D2_p4.json
?? stage2_6_1/artifacts/repair17/development/run_supervision/runs/v2c13eng2_20260911T005151_3574/v2_c13_engineering_v2/stages/fit_main/starts/fit_main_c1_opportunity_D2_p5.json
?? stage2_6_1/artifacts/repair17/development/run_supervision/runs/v2c13eng2_20260911T005151_3574/v2_c13_engineering_v2/stages/fit_main/starts/fit_main_c1_opportunity_D3_p0.json
?? stage2_6_1/artifacts/repair17/development/run_supervision/runs/v2c13eng2_20260911T005151_3574/v2_c13_engineering_v2/stages/fit_main/starts/fit_main_c1_opportunity_D3_p1.json
?? stage2_6_1/artifacts/repair17/development/run_supervision/runs/v2c13eng2_20260911T005151_3574/v2_c13_engineering_v2/stages/fit_main/starts/fit_main_c1_opportunity_D3_p2.json
?? stage2_6_1/artifacts/repair17/development/run_supervision/runs/v2c13eng2_20260911T005151_3574/v2_c13_engineering_v2/stages/fit_main/starts/fit_main_c1_opportunity_D3_p3.json
?? stage2_6_1/artifacts/repair17/development/run_supervision/runs/v2c13eng2_20260911T005151_3574/v2_c13_engineering_v2/stages/fit_main/starts/fit_main_c1_opportunity_D3_p4.json
?? stage2_6_1/artifacts/repair17/development/run_supervision/runs/v2c13eng2_20260911T005151_3574/v2_c13_engineering_v2/stages/fit_main/starts/fit_main_c1_opportunity_D3_p5.json
?? stage2_6_1/artifacts/repair17/development/run_supervision/runs/v2c13eng2_20260911T005151_3574/v2_c13_engineering_v2/stages/fit_main/starts/fit_main_c2_context_D0_p0.json
?? stage2_6_1/artifacts/repair17/development/run_supervision/runs/v2c13eng2_20260911T005151_3574/v2_c13_engineering_v2/stages/fit_main/starts/fit_main_c2_context_D0_p1.json
?? stage2_6_1/artifacts/repair17/development/run_supervision/runs/v2c13eng2_20260911T005151_3574/v2_c13_engineering_v2/stages/fit_main/starts/fit_main_c2_context_D0_p2.json
?? stage2_6_1/artifacts/repair17/development/run_supervision/runs/v2c13eng2_20260911T005151_3574/v2_c13_engineering_v2/stages/fit_main/starts/fit_main_c2_context_D0_p3.json
?? stage2_6_1/artifacts/repair17/development/run_supervision/runs/v2c13eng2_20260911T005151_3574/v2_c13_engineering_v2/stages/fit_main/starts/fit_main_c2_context_D0_p4.json
?? stage2_6_1/artifacts/repair17/development/run_supervision/runs/v2c13eng2_20260911T005151_3574/v2_c13_engineering_v2/stages/fit_main/starts/fit_main_c2_context_D0_p5.json
?? stage2_6_1/artifacts/repair17/development/run_supervision/runs/v2c13eng2_20260911T005151_3574/v2_c13_engineering_v2/stages/fit_main/starts/fit_main_c2_context_D1_p0.json
?? stage2_6_1/artifacts/repair17/development/run_supervision/runs/v2c13eng2_20260911T005151_3574/v2_c13_engineering_v2/stages/fit_main/starts/fit_main_c2_context_D1_p1.json
?? stage2_6_1/artifacts/repair17/development/run_supervision/runs/v2c13eng2_20260911T005151_3574/v2_c13_engineering_v2/stages/fit_main/starts/fit_main_c2_context_D1_p2.json
?? stage2_6_1/artifacts/repair17/development/run_supervision/runs/v2c13eng2_20260911T005151_3574/v2_c13_engineering_v2/stages/fit_main/starts/fit_main_c2_context_D1_p3.json
?? stage2_6_1/artifacts/repair17/development/run_supervision/runs/v2c13eng2_20260911T005151_3574/v2_c13_engineering_v2/stages/fit_main/starts/fit_main_c2_context_D1_p4.json
?? stage2_6_1/artifacts/repair17/development/run_supervision/runs/v2c13eng2_20260911T005151_3574/v2_c13_engineering_v2/stages/fit_main/starts/fit_main_c2_context_D1_p5.json
?? stage2_6_1/artifacts/repair17/development/run_supervision/runs/v2c13eng2_20260911T005151_3574/v2_c13_engineering_v2/stages/fit_main/starts/fit_main_c2_context_D2_p0.json
?? stage2_6_1/artifacts/repair17/development/run_supervision/runs/v2c13eng2_20260911T005151_3574/v2_c13_engineering_v2/stages/fit_main/starts/fit_main_c2_context_D2_p1.json
?? stage2_6_1/artifacts/repair17/development/run_supervision/runs/v2c13eng2_20260911T005151_3574/v2_c13_engineering_v2/stages/fit_main/starts/fit_main_c2_context_D2_p2.json
?? stage2_6_1/artifacts/repair17/development/run_supervision/runs/v2c13eng2_20260911T005151_3574/v2_c13_engineering_v2/stages/fit_main/starts/fit_main_c2_context_D2_p3.json
?? stage2_6_1/artifacts/repair17/development/run_supervision/runs/v2c13eng2_20260911T005151_3574/v2_c13_engineering_v2/stages/fit_main/starts/fit_main_c2_context_D2_p4.json
?? stage2_6_1/artifacts/repair17/development/run_supervision/runs/v2c13eng2_20260911T005151_3574/v2_c13_engineering_v2/stages/fit_main/starts/fit_main_c2_context_D2_p5.json
?? stage2_6_1/artifacts/repair17/development/run_supervision/runs/v2c13eng2_20260911T005151_3574/v2_c13_engineering_v2/stages/fit_main/starts/fit_main_c2_context_D3_p0.json
?? stage2_6_1/artifacts/repair17/development/run_supervision/runs/v2c13eng2_20260911T005151_3574/v2_c13_engineering_v2/stages/fit_main/starts/fit_main_c2_context_D3_p1.json
?? stage2_6_1/artifacts/repair17/development/run_supervision/runs/v2c13eng2_20260911T005151_3574/v2_c13_engineering_v2/stages/fit_main/starts/fit_main_c2_context_D3_p2.json
?? stage2_6_1/artifacts/repair17/development/run_supervision/runs/v2c13eng2_20260911T005151_3574/v2_c13_engineering_v2/stages/fit_main/starts/fit_main_c2_context_D3_p3.json
?? stage2_6_1/artifacts/repair17/development/run_supervision/runs/v2c13eng2_20260911T005151_3574/v2_c13_engineering_v2/stages/fit_main/starts/fit_main_c2_context_D3_p4.json
?? stage2_6_1/artifacts/repair17/development/run_supervision/runs/v2c13eng2_20260911T005151_3574/v2_c13_engineering_v2/stages/fit_main/starts/fit_main_c2_context_D3_p5.json
?? stage2_6_1/artifacts/repair17/development/run_supervision/runs/v2c13eng2_20260911T005151_3574/v2_c13_engineering_v2/stages/fit_main/starts/fit_main_c3_cost_D0_p0.json
?? stage2_6_1/artifacts/repair17/development/run_supervision/runs/v2c13eng2_20260911T005151_3574/v2_c13_engineering_v2/stages/fit_main/starts/fit_main_c3_cost_D0_p1.json
?? stage2_6_1/artifacts/repair17/development/run_supervision/runs/v2c13eng2_20260911T005151_3574/v2_c13_engineering_v2/stages/fit_main/starts/fit_main_c3_cost_D0_p2.json
?? stage2_6_1/artifacts/repair17/development/run_supervision/runs/v2c13eng2_20260911T005151_3574/v2_c13_engineering_v2/stages/fit_main/starts/fit_main_c3_cost_D0_p3.json
?? stage2_6_1/artifacts/repair17/development/run_supervision/runs/v2c13eng2_20260911T005151_3574/v2_c13_engineering_v2/stages/fit_main/starts/fit_main_c3_cost_D0_p4.json
?? stage2_6_1/artifacts/repair17/development/run_supervision/runs/v2c13eng2_20260911T005151_3574/v2_c13_engineering_v2/stages/fit_main/starts/fit_main_c3_cost_D0_p5.json
?? stage2_6_1/artifacts/repair17/development/run_supervision/runs/v2c13eng2_20260911T005151_3574/v2_c13_engineering_v2/stages/fit_main/starts/fit_main_c3_cost_D1_p0.json
?? stage2_6_1/artifacts/repair17/development/run_supervision/runs/v2c13eng2_20260911T005151_3574/v2_c13_engineering_v2/stages/fit_main/starts/fit_main_c3_cost_D1_p1.json
?? stage2_6_1/artifacts/repair17/development/run_supervision/runs/v2c13eng2_20260911T005151_3574/v2_c13_engineering_v2/stages/fit_main/starts/fit_main_c3_cost_D1_p2.json
?? stage2_6_1/artifacts/repair17/development/run_supervision/runs/v2c13eng2_20260911T005151_3574/v2_c13_engineering_v2/stages/fit_main/starts/fit_main_c3_cost_D1_p3.json
?? stage2_6_1/artifacts/repair17/development/run_supervision/runs/v2c13eng2_20260911T005151_3574/v2_c13_engineering_v2/stages/fit_main/starts/fit_main_c3_cost_D1_p4.json
?? stage2_6_1/artifacts/repair17/development/run_supervision/runs/v2c13eng2_20260911T005151_3574/v2_c13_engineering_v2/stages/fit_main/starts/fit_main_c3_cost_D1_p5.json
?? stage2_6_1/artifacts/repair17/development/run_supervision/runs/v2c13eng2_20260911T005151_3574/v2_c13_engineering_v2/stages/fit_main/starts/fit_main_c3_cost_D2_p0.json
?? stage2_6_1/artifacts/repair17/development/run_supervision/runs/v2c13eng2_20260911T005151_3574/v2_c13_engineering_v2/stages/fit_main/starts/fit_main_c3_cost_D2_p1.json
?? stage2_6_1/artifacts/repair17/development/run_supervision/runs/v2c13eng2_20260911T005151_3574/v2_c13_engineering_v2/stages/fit_main/starts/fit_main_c3_cost_D2_p2.json
?? stage2_6_1/artifacts/repair17/development/run_supervision/runs/v2c13eng2_20260911T005151_3574/v2_c13_engineering_v2/stages/fit_main/starts/fit_main_c3_cost_D2_p3.json
?? stage2_6_1/artifacts/repair17/development/run_supervision/runs/v2c13eng2_20260911T005151_3574/v2_c13_engineering_v2/stages/fit_main/starts/fit_main_c3_cost_D2_p4.json
?? stage2_6_1/artifacts/repair17/development/run_supervision/runs/v2c13eng2_20260911T005151_3574/v2_c13_engineering_v2/stages/fit_main/starts/fit_main_c3_cost_D2_p5.json
?? stage2_6_1/artifacts/repair17/development/run_supervision/runs/v2c13eng2_20260911T005151_3574/v2_c13_engineering_v2/stages/fit_main/starts/fit_main_c3_cost_D3_p0.json
?? stage2_6_1/artifacts/repair17/development/run_supervision/runs/v2c13eng2_20260911T005151_3574/v2_c13_engineering_v2/stages/fit_main/starts/fit_main_c3_cost_D3_p1.json
?? stage2_6_1/artifacts/repair17/development/run_supervision/runs/v2c13eng2_20260911T005151_3574/v2_c13_engineering_v2/stages/fit_main/starts/fit_main_c3_cost_D3_p2.json
?? stage2_6_1/artifacts/repair17/development/run_supervision/runs/v2c13eng2_20260911T005151_3574/v2_c13_engineering_v2/stages/fit_main/starts/fit_main_c3_cost_D3_p3.json
?? stage2_6_1/artifacts/repair17/development/run_supervision/runs/v2c13eng2_20260911T005151_3574/v2_c13_engineering_v2/stages/fit_main/starts/fit_main_c3_cost_D3_p4.json
?? stage2_6_1/artifacts/repair17/development/run_supervision/runs/v2c13eng2_20260911T005151_3574/v2_c13_engineering_v2/stages/fit_main/starts/fit_main_c3_cost_D3_p5.json
?? stage2_6_1/artifacts/repair17/development/run_supervision/runs/v2c13eng2_20260911T005151_3574/v2_c13_engineering_v2/stages/fit_validation/attempts/fit_validation_c1_opportunity_D0_p0/attempt_0.json
?? stage2_6_1/artifacts/repair17/development/run_supervision/runs/v2c13eng2_20260911T005151_3574/v2_c13_engineering_v2/stages/fit_validation/attempts/fit_validation_c1_opportunity_D0_p0/call.json
?? stage2_6_1/artifacts/repair17/development/run_supervision/runs/v2c13eng2_20260911T005151_3574/v2_c13_engineering_v2/stages/fit_validation/attempts/fit_validation_c1_opportunity_D0_p1/attempt_0.json
?? stage2_6_1/artifacts/repair17/development/run_supervision/runs/v2c13eng2_20260911T005151_3574/v2_c13_engineering_v2/stages/fit_validation/attempts/fit_validation_c1_opportunity_D0_p1/call.json
?? stage2_6_1/artifacts/repair17/development/run_supervision/runs/v2c13eng2_20260911T005151_3574/v2_c13_engineering_v2/stages/fit_validation/attempts/fit_validation_c1_opportunity_D0_p2/attempt_0.json
?? stage2_6_1/artifacts/repair17/development/run_supervision/runs/v2c13eng2_20260911T005151_3574/v2_c13_engineering_v2/stages/fit_validation/attempts/fit_validation_c1_opportunity_D0_p2/call.json
?? stage2_6_1/artifacts/repair17/development/run_supervision/runs/v2c13eng2_20260911T005151_3574/v2_c13_engineering_v2/stages/fit_validation/attempts/fit_validation_c1_opportunity_D0_p3/attempt_0.json
?? stage2_6_1/artifacts/repair17/development/run_supervision/runs/v2c13eng2_20260911T005151_3574/v2_c13_engineering_v2/stages/fit_validation/attempts/fit_validation_c1_opportunity_D0_p3/call.json
?? stage2_6_1/artifacts/repair17/development/run_supervision/runs/v2c13eng2_20260911T005151_3574/v2_c13_engineering_v2/stages/fit_validation/attempts/fit_validation_c1_opportunity_D0_p4/attempt_0.json
?? stage2_6_1/artifacts/repair17/development/run_supervision/runs/v2c13eng2_20260911T005151_3574/v2_c13_engineering_v2/stages/fit_validation/attempts/fit_validation_c1_opportunity_D0_p4/call.json
?? stage2_6_1/artifacts/repair17/development/run_supervision/runs/v2c13eng2_20260911T005151_3574/v2_c13_engineering_v2/stages/fit_validation/attempts/fit_validation_c1_opportunity_D0_p5/attempt_0.json
?? stage2_6_1/artifacts/repair17/development/run_supervision/runs/v2c13eng2_20260911T005151_3574/v2_c13_engineering_v2/stages/fit_validation/attempts/fit_validation_c1_opportunity_D0_p5/call.json
?? stage2_6_1/artifacts/repair17/development/run_supervision/runs/v2c13eng2_20260911T005151_3574/v2_c13_engineering_v2/stages/fit_validation/attempts/fit_validation_c1_opportunity_D1_p0/attempt_0.json
?? stage2_6_1/artifacts/repair17/development/run_supervision/runs/v2c13eng2_20260911T005151_3574/v2_c13_engineering_v2/stages/fit_validation/attempts/fit_validation_c1_opportunity_D1_p0/call.json
?? stage2_6_1/artifacts/repair17/development/run_supervision/runs/v2c13eng2_20260911T005151_3574/v2_c13_engineering_v2/stages/fit_validation/attempts/fit_validation_c1_opportunity_D1_p1/attempt_0.json
?? stage2_6_1/artifacts/repair17/development/run_supervision/runs/v2c13eng2_20260911T005151_3574/v2_c13_engineering_v2/stages/fit_validation/attempts/fit_validation_c1_opportunity_D1_p1/call.json
?? stage2_6_1/artifacts/repair17/development/run_supervision/runs/v2c13eng2_20260911T005151_3574/v2_c13_engineering_v2/stages/fit_validation/attempts/fit_validation_c1_opportunity_D1_p2/attempt_0.json
?? stage2_6_1/artifacts/repair17/development/run_supervision/runs/v2c13eng2_20260911T005151_3574/v2_c13_engineering_v2/stages/fit_validation/attempts/fit_validation_c1_opportunity_D1_p2/call.json
?? stage2_6_1/artifacts/repair17/development/run_supervision/runs/v2c13eng2_20260911T005151_3574/v2_c13_engineering_v2/stages/fit_validation/attempts/fit_validation_c1_opportunity_D1_p3/attempt_0.json
?? stage2_6_1/artifacts/repair17/development/run_supervision/runs/v2c13eng2_20260911T005151_3574/v2_c13_engineering_v2/stages/fit_validation/attempts/fit_validation_c1_opportunity_D1_p3/call.json
?? stage2_6_1/artifacts/repair17/development/run_supervision/runs/v2c13eng2_20260911T005151_3574/v2_c13_engineering_v2/stages/fit_validation/attempts/fit_validation_c1_opportunity_D1_p4/attempt_0.json
?? stage2_6_1/artifacts/repair17/development/run_supervision/runs/v2c13eng2_20260911T005151_3574/v2_c13_engineering_v2/stages/fit_validation/attempts/fit_validation_c1_opportunity_D1_p4/call.json
?? stage2_6_1/artifacts/repair17/development/run_supervision/runs/v2c13eng2_20260911T005151_3574/v2_c13_engineering_v2/stages/fit_validation/attempts/fit_validation_c1_opportunity_D1_p5/attempt_0.json
?? stage2_6_1/artifacts/repair17/development/run_supervision/runs/v2c13eng2_20260911T005151_3574/v2_c13_engineering_v2/stages/fit_validation/attempts/fit_validation_c1_opportunity_D1_p5/call.json
?? stage2_6_1/artifacts/repair17/development/run_supervision/runs/v2c13eng2_20260911T005151_3574/v2_c13_engineering_v2/stages/fit_validation/attempts/fit_validation_c1_opportunity_D2_p0/attempt_0.json
?? stage2_6_1/artifacts/repair17/development/run_supervision/runs/v2c13eng2_20260911T005151_3574/v2_c13_engineering_v2/stages/fit_validation/attempts/fit_validation_c1_opportunity_D2_p0/call.json
?? stage2_6_1/artifacts/repair17/development/run_supervision/runs/v2c13eng2_20260911T005151_3574/v2_c13_engineering_v2/stages/fit_validation/attempts/fit_validation_c1_opportunity_D2_p1/attempt_0.json
?? stage2_6_1/artifacts/repair17/development/run_supervision/runs/v2c13eng2_20260911T005151_3574/v2_c13_engineering_v2/stages/fit_validation/attempts/fit_validation_c1_opportunity_D2_p1/call.json
?? stage2_6_1/artifacts/repair17/development/run_supervision/runs/v2c13eng2_20260911T005151_3574/v2_c13_engineering_v2/stages/fit_validation/attempts/fit_validation_c1_opportunity_D2_p2/attempt_0.json
?? stage2_6_1/artifacts/repair17/development/run_supervision/runs/v2c13eng2_20260911T005151_3574/v2_c13_engineering_v2/stages/fit_validation/attempts/fit_validation_c1_opportunity_D2_p2/call.json
?? stage2_6_1/artifacts/repair17/development/run_supervision/runs/v2c13eng2_20260911T005151_3574/v2_c13_engineering_v2/stages/fit_validation/attempts/fit_validation_c1_opportunity_D2_p3/attempt_0.json
?? stage2_6_1/artifacts/repair17/development/run_supervision/runs/v2c13eng2_20260911T005151_3574/v2_c13_engineering_v2/stages/fit_validation/attempts/fit_validation_c1_opportunity_D2_p3/call.json
?? stage2_6_1/artifacts/repair17/development/run_supervision/runs/v2c13eng2_20260911T005151_3574/v2_c13_engineering_v2/stages/fit_validation/attempts/fit_validation_c1_opportunity_D2_p4/attempt_0.json
?? stage2_6_1/artifacts/repair17/development/run_supervision/runs/v2c13eng2_20260911T005151_3574/v2_c13_engineering_v2/stages/fit_validation/attempts/fit_validation_c1_opportunity_D2_p4/call.json
?? stage2_6_1/artifacts/repair17/development/run_supervision/runs/v2c13eng2_20260911T005151_3574/v2_c13_engineering_v2/stages/fit_validation/attempts/fit_validation_c1_opportunity_D2_p5/attempt_0.json
?? stage2_6_1/artifacts/repair17/development/run_supervision/runs/v2c13eng2_20260911T005151_3574/v2_c13_engineering_v2/stages/fit_validation/attempts/fit_validation_c1_opportunity_D2_p5/call.json
?? stage2_6_1/artifacts/repair17/development/run_supervision/runs/v2c13eng2_20260911T005151_3574/v2_c13_engineering_v2/stages/fit_validation/attempts/fit_validation_c1_opportunity_D3_p0/attempt_0.json
?? stage2_6_1/artifacts/repair17/development/run_supervision/runs/v2c13eng2_20260911T005151_3574/v2_c13_engineering_v2/stages/fit_validation/attempts/fit_validation_c1_opportunity_D3_p0/call.json
?? stage2_6_1/artifacts/repair17/development/run_supervision/runs/v2c13eng2_20260911T005151_3574/v2_c13_engineering_v2/stages/fit_validation/attempts/fit_validation_c1_opportunity_D3_p1/attempt_0.json
?? stage2_6_1/artifacts/repair17/development/run_supervision/runs/v2c13eng2_20260911T005151_3574/v2_c13_engineering_v2/stages/fit_validation/attempts/fit_validation_c1_opportunity_D3_p1/call.json
?? stage2_6_1/artifacts/repair17/development/run_supervision/runs/v2c13eng2_20260911T005151_3574/v2_c13_engineering_v2/stages/fit_validation/attempts/fit_validation_c1_opportunity_D3_p2/attempt_0.json
?? stage2_6_1/artifacts/repair17/development/run_supervision/runs/v2c13eng2_20260911T005151_3574/v2_c13_engineering_v2/stages/fit_validation/attempts/fit_validation_c1_opportunity_D3_p2/call.json
?? stage2_6_1/artifacts/repair17/development/run_supervision/runs/v2c13eng2_20260911T005151_3574/v2_c13_engineering_v2/stages/fit_validation/attempts/fit_validation_c1_opportunity_D3_p3/attempt_0.json
?? stage2_6_1/artifacts/repair17/development/run_supervision/runs/v2c13eng2_20260911T005151_3574/v2_c13_engineering_v2/stages/fit_validation/attempts/fit_validation_c1_opportunity_D3_p3/call.json
?? stage2_6_1/artifacts/repair17/development/run_supervision/runs/v2c13eng2_20260911T005151_3574/v2_c13_engineering_v2/stages/fit_validation/attempts/fit_validation_c1_opportunity_D3_p4/attempt_0.json
?? stage2_6_1/artifacts/repair17/development/run_supervision/runs/v2c13eng2_20260911T005151_3574/v2_c13_engineering_v2/stages/fit_validation/attempts/fit_validation_c1_opportunity_D3_p4/call.json
?? stage2_6_1/artifacts/repair17/development/run_supervision/runs/v2c13eng2_20260911T005151_3574/v2_c13_engineering_v2/stages/fit_validation/attempts/fit_validation_c1_opportunity_D3_p5/attempt_0.json
?? stage2_6_1/artifacts/repair17/development/run_supervision/runs/v2c13eng2_20260911T005151_3574/v2_c13_engineering_v2/stages/fit_validation/attempts/fit_validation_c1_opportunity_D3_p5/call.json
?? stage2_6_1/artifacts/repair17/development/run_supervision/runs/v2c13eng2_20260911T005151_3574/v2_c13_engineering_v2/stages/fit_validation/attempts/fit_validation_c2_context_D0_p0/attempt_0.json
?? stage2_6_1/artifacts/repair17/development/run_supervision/runs/v2c13eng2_20260911T005151_3574/v2_c13_engineering_v2/stages/fit_validation/attempts/fit_validation_c2_context_D0_p0/call.json
?? stage2_6_1/artifacts/repair17/development/run_supervision/runs/v2c13eng2_20260911T005151_3574/v2_c13_engineering_v2/stages/fit_validation/attempts/fit_validation_c2_context_D0_p1/attempt_0.json
?? stage2_6_1/artifacts/repair17/development/run_supervision/runs/v2c13eng2_20260911T005151_3574/v2_c13_engineering_v2/stages/fit_validation/attempts/fit_validation_c2_context_D0_p1/call.json
?? stage2_6_1/artifacts/repair17/development/run_supervision/runs/v2c13eng2_20260911T005151_3574/v2_c13_engineering_v2/stages/fit_validation/attempts/fit_validation_c2_context_D0_p2/attempt_0.json
?? stage2_6_1/artifacts/repair17/development/run_supervision/runs/v2c13eng2_20260911T005151_3574/v2_c13_engineering_v2/stages/fit_validation/attempts/fit_validation_c2_context_D0_p2/call.json
?? stage2_6_1/artifacts/repair17/development/run_supervision/runs/v2c13eng2_20260911T005151_3574/v2_c13_engineering_v2/stages/fit_validation/attempts/fit_validation_c2_context_D0_p3/attempt_0.json
?? stage2_6_1/artifacts/repair17/development/run_supervision/runs/v2c13eng2_20260911T005151_3574/v2_c13_engineering_v2/stages/fit_validation/attempts/fit_validation_c2_context_D0_p3/call.json
?? stage2_6_1/artifacts/repair17/development/run_supervision/runs/v2c13eng2_20260911T005151_3574/v2_c13_engineering_v2/stages/fit_validation/attempts/fit_validation_c2_context_D0_p4/attempt_0.json
?? stage2_6_1/artifacts/repair17/development/run_supervision/runs/v2c13eng2_20260911T005151_3574/v2_c13_engineering_v2/stages/fit_validation/attempts/fit_validation_c2_context_D0_p4/call.json
?? stage2_6_1/artifacts/repair17/development/run_supervision/runs/v2c13eng2_20260911T005151_3574/v2_c13_engineering_v2/stages/fit_validation/attempts/fit_validation_c2_context_D0_p5/attempt_0.json
?? stage2_6_1/artifacts/repair17/development/run_supervision/runs/v2c13eng2_20260911T005151_3574/v2_c13_engineering_v2/stages/fit_validation/attempts/fit_validation_c2_context_D0_p5/call.json
?? stage2_6_1/artifacts/repair17/development/run_supervision/runs/v2c13eng2_20260911T005151_3574/v2_c13_engineering_v2/stages/fit_validation/attempts/fit_validation_c2_context_D1_p0/attempt_0.json
?? stage2_6_1/artifacts/repair17/development/run_supervision/runs/v2c13eng2_20260911T005151_3574/v2_c13_engineering_v2/stages/fit_validation/attempts/fit_validation_c2_context_D1_p0/call.json
?? stage2_6_1/artifacts/repair17/development/run_supervision/runs/v2c13eng2_20260911T005151_3574/v2_c13_engineering_v2/stages/fit_validation/attempts/fit_validation_c2_context_D1_p1/attempt_0.json
?? stage2_6_1/artifacts/repair17/development/run_supervision/runs/v2c13eng2_20260911T005151_3574/v2_c13_engineering_v2/stages/fit_validation/attempts/fit_validation_c2_context_D1_p1/call.json
?? stage2_6_1/artifacts/repair17/development/run_supervision/runs/v2c13eng2_20260911T005151_3574/v2_c13_engineering_v2/stages/fit_validation/attempts/fit_validation_c2_context_D1_p2/attempt_0.json
?? stage2_6_1/artifacts/repair17/development/run_supervision/runs/v2c13eng2_20260911T005151_3574/v2_c13_engineering_v2/stages/fit_validation/attempts/fit_validation_c2_context_D1_p2/call.json
?? stage2_6_1/artifacts/repair17/development/run_supervision/runs/v2c13eng2_20260911T005151_3574/v2_c13_engineering_v2/stages/fit_validation/attempts/fit_validation_c2_context_D1_p3/attempt_0.json
?? stage2_6_1/artifacts/repair17/development/run_supervision/runs/v2c13eng2_20260911T005151_3574/v2_c13_engineering_v2/stages/fit_validation/attempts/fit_validation_c2_context_D1_p3/call.json
?? stage2_6_1/artifacts/repair17/development/run_supervision/runs/v2c13eng2_20260911T005151_3574/v2_c13_engineering_v2/stages/fit_validation/attempts/fit_validation_c2_context_D1_p4/attempt_0.json
?? stage2_6_1/artifacts/repair17/development/run_supervision/runs/v2c13eng2_20260911T005151_3574/v2_c13_engineering_v2/stages/fit_validation/attempts/fit_validation_c2_context_D1_p4/call.json
?? stage2_6_1/artifacts/repair17/development/run_supervision/runs/v2c13eng2_20260911T005151_3574/v2_c13_engineering_v2/stages/fit_validation/attempts/fit_validation_c2_context_D1_p5/attempt_0.json
?? stage2_6_1/artifacts/repair17/development/run_supervision/runs/v2c13eng2_20260911T005151_3574/v2_c13_engineering_v2/stages/fit_validation/attempts/fit_validation_c2_context_D1_p5/call.json
?? stage2_6_1/artifacts/repair17/development/run_supervision/runs/v2c13eng2_20260911T005151_3574/v2_c13_engineering_v2/stages/fit_validation/attempts/fit_validation_c2_context_D2_p0/attempt_0.json
?? stage2_6_1/artifacts/repair17/development/run_supervision/runs/v2c13eng2_20260911T005151_3574/v2_c13_engineering_v2/stages/fit_validation/attempts/fit_validation_c2_context_D2_p0/call.json
?? stage2_6_1/artifacts/repair17/development/run_supervision/runs/v2c13eng2_20260911T005151_3574/v2_c13_engineering_v2/stages/fit_validation/attempts/fit_validation_c2_context_D2_p1/attempt_0.json
?? stage2_6_1/artifacts/repair17/development/run_supervision/runs/v2c13eng2_20260911T005151_3574/v2_c13_engineering_v2/stages/fit_validation/attempts/fit_validation_c2_context_D2_p1/call.json
?? stage2_6_1/artifacts/repair17/development/run_supervision/runs/v2c13eng2_20260911T005151_3574/v2_c13_engineering_v2/stages/fit_validation/attempts/fit_validation_c2_context_D2_p2/attempt_0.json
?? stage2_6_1/artifacts/repair17/development/run_supervision/runs/v2c13eng2_20260911T005151_3574/v2_c13_engineering_v2/stages/fit_validation/attempts/fit_validation_c2_context_D2_p2/call.json
?? stage2_6_1/artifacts/repair17/development/run_supervision/runs/v2c13eng2_20260911T005151_3574/v2_c13_engineering_v2/stages/fit_validation/attempts/fit_validation_c2_context_D2_p3/attempt_0.json
?? stage2_6_1/artifacts/repair17/development/run_supervision/runs/v2c13eng2_20260911T005151_3574/v2_c13_engineering_v2/stages/fit_validation/attempts/fit_validation_c2_context_D2_p3/call.json
?? stage2_6_1/artifacts/repair17/development/run_supervision/runs/v2c13eng2_20260911T005151_3574/v2_c13_engineering_v2/stages/fit_validation/attempts/fit_validation_c2_context_D2_p4/attempt_0.json
?? stage2_6_1/artifacts/repair17/development/run_supervision/runs/v2c13eng2_20260911T005151_3574/v2_c13_engineering_v2/stages/fit_validation/attempts/fit_validation_c2_context_D2_p4/call.json
?? stage2_6_1/artifacts/repair17/development/run_supervision/runs/v2c13eng2_20260911T005151_3574/v2_c13_engineering_v2/stages/fit_validation/attempts/fit_validation_c2_context_D2_p5/attempt_0.json
?? stage2_6_1/artifacts/repair17/development/run_supervision/runs/v2c13eng2_20260911T005151_3574/v2_c13_engineering_v2/stages/fit_validation/attempts/fit_validation_c2_context_D2_p5/call.json
?? stage2_6_1/artifacts/repair17/development/run_supervision/runs/v2c13eng2_20260911T005151_3574/v2_c13_engineering_v2/stages/fit_validation/attempts/fit_validation_c2_context_D3_p0/attempt_0.json
?? stage2_6_1/artifacts/repair17/development/run_supervision/runs/v2c13eng2_20260911T005151_3574/v2_c13_engineering_v2/stages/fit_validation/attempts/fit_validation_c2_context_D3_p0/call.json
?? stage2_6_1/artifacts/repair17/development/run_supervision/runs/v2c13eng2_20260911T005151_3574/v2_c13_engineering_v2/stages/fit_validation/attempts/fit_validation_c2_context_D3_p1/attempt_0.json
?? stage2_6_1/artifacts/repair17/development/run_supervision/runs/v2c13eng2_20260911T005151_3574/v2_c13_engineering_v2/stages/fit_validation/attempts/fit_validation_c2_context_D3_p1/call.json
?? stage2_6_1/artifacts/repair17/development/run_supervision/runs/v2c13eng2_20260911T005151_3574/v2_c13_engineering_v2/stages/fit_validation/attempts/fit_validation_c2_context_D3_p2/attempt_0.json
?? stage2_6_1/artifacts/repair17/development/run_supervision/runs/v2c13eng2_20260911T005151_3574/v2_c13_engineering_v2/stages/fit_validation/attempts/fit_validation_c2_context_D3_p2/call.json
?? stage2_6_1/artifacts/repair17/development/run_supervision/runs/v2c13eng2_20260911T005151_3574/v2_c13_engineering_v2/stages/fit_validation/attempts/fit_validation_c2_context_D3_p3/attempt_0.json
?? stage2_6_1/artifacts/repair17/development/run_supervision/runs/v2c13eng2_20260911T005151_3574/v2_c13_engineering_v2/stages/fit_validation/attempts/fit_validation_c2_context_D3_p3/call.json
?? stage2_6_1/artifacts/repair17/development/run_supervision/runs/v2c13eng2_20260911T005151_3574/v2_c13_engineering_v2/stages/fit_validation/attempts/fit_validation_c2_context_D3_p4/attempt_0.json
?? stage2_6_1/artifacts/repair17/development/run_supervision/runs/v2c13eng2_20260911T005151_3574/v2_c13_engineering_v2/stages/fit_validation/attempts/fit_validation_c2_context_D3_p4/call.json
?? stage2_6_1/artifacts/repair17/development/run_supervision/runs/v2c13eng2_20260911T005151_3574/v2_c13_engineering_v2/stages/fit_validation/attempts/fit_validation_c2_context_D3_p5/attempt_0.json
?? stage2_6_1/artifacts/repair17/development/run_supervision/runs/v2c13eng2_20260911T005151_3574/v2_c13_engineering_v2/stages/fit_validation/attempts/fit_validation_c2_context_D3_p5/call.json
?? stage2_6_1/artifacts/repair17/development/run_supervision/runs/v2c13eng2_20260911T005151_3574/v2_c13_engineering_v2/stages/fit_validation/attempts/fit_validation_c3_cost_D0_p0/attempt_0.json
?? stage2_6_1/artifacts/repair17/development/run_supervision/runs/v2c13eng2_20260911T005151_3574/v2_c13_engineering_v2/stages/fit_validation/attempts/fit_validation_c3_cost_D0_p0/call.json
?? stage2_6_1/artifacts/repair17/development/run_supervision/runs/v2c13eng2_20260911T005151_3574/v2_c13_engineering_v2/stages/fit_validation/attempts/fit_validation_c3_cost_D0_p1/attempt_0.json
?? stage2_6_1/artifacts/repair17/development/run_supervision/runs/v2c13eng2_20260911T005151_3574/v2_c13_engineering_v2/stages/fit_validation/attempts/fit_validation_c3_cost_D0_p1/attempt_1.json
?? stage2_6_1/artifacts/repair17/development/run_supervision/runs/v2c13eng2_20260911T005151_3574/v2_c13_engineering_v2/stages/fit_validation/attempts/fit_validation_c3_cost_D0_p1/call.json
?? stage2_6_1/artifacts/repair17/development/run_supervision/runs/v2c13eng2_20260911T005151_3574/v2_c13_engineering_v2/stages/fit_validation/attempts/fit_validation_c3_cost_D0_p2/attempt_0.json
?? stage2_6_1/artifacts/repair17/development/run_supervision/runs/v2c13eng2_20260911T005151_3574/v2_c13_engineering_v2/stages/fit_validation/attempts/fit_validation_c3_cost_D0_p2/call.json
?? stage2_6_1/artifacts/repair17/development/run_supervision/runs/v2c13eng2_20260911T005151_3574/v2_c13_engineering_v2/stages/fit_validation/attempts/fit_validation_c3_cost_D0_p3/attempt_0.json
?? stage2_6_1/artifacts/repair17/development/run_supervision/runs/v2c13eng2_20260911T005151_3574/v2_c13_engineering_v2/stages/fit_validation/attempts/fit_validation_c3_cost_D0_p3/attempt_1.json
?? stage2_6_1/artifacts/repair17/development/run_supervision/runs/v2c13eng2_20260911T005151_3574/v2_c13_engineering_v2/stages/fit_validation/attempts/fit_validation_c3_cost_D0_p3/call.json
?? stage2_6_1/artifacts/repair17/development/run_supervision/runs/v2c13eng2_20260911T005151_3574/v2_c13_engineering_v2/stages/fit_validation/attempts/fit_validation_c3_cost_D0_p4/attempt_0.json
?? stage2_6_1/artifacts/repair17/development/run_supervision/runs/v2c13eng2_20260911T005151_3574/v2_c13_engineering_v2/stages/fit_validation/attempts/fit_validation_c3_cost_D0_p4/call.json
?? stage2_6_1/artifacts/repair17/development/run_supervision/runs/v2c13eng2_20260911T005151_3574/v2_c13_engineering_v2/stages/fit_validation/attempts/fit_validation_c3_cost_D0_p5/attempt_0.json
?? stage2_6_1/artifacts/repair17/development/run_supervision/runs/v2c13eng2_20260911T005151_3574/v2_c13_engineering_v2/stages/fit_validation/attempts/fit_validation_c3_cost_D0_p5/call.json
?? stage2_6_1/artifacts/repair17/development/run_supervision/runs/v2c13eng2_20260911T005151_3574/v2_c13_engineering_v2/stages/fit_validation/attempts/fit_validation_c3_cost_D1_p0/attempt_0.json
?? stage2_6_1/artifacts/repair17/development/run_supervision/runs/v2c13eng2_20260911T005151_3574/v2_c13_engineering_v2/stages/fit_validation/attempts/fit_validation_c3_cost_D1_p0/call.json
?? stage2_6_1/artifacts/repair17/development/run_supervision/runs/v2c13eng2_20260911T005151_3574/v2_c13_engineering_v2/stages/fit_validation/attempts/fit_validation_c3_cost_D1_p1/attempt_0.json
?? stage2_6_1/artifacts/repair17/development/run_supervision/runs/v2c13eng2_20260911T005151_3574/v2_c13_engineering_v2/stages/fit_validation/attempts/fit_validation_c3_cost_D1_p1/call.json
?? stage2_6_1/artifacts/repair17/development/run_supervision/runs/v2c13eng2_20260911T005151_3574/v2_c13_engineering_v2/stages/fit_validation/attempts/fit_validation_c3_cost_D1_p2/attempt_0.json
?? stage2_6_1/artifacts/repair17/development/run_supervision/runs/v2c13eng2_20260911T005151_3574/v2_c13_engineering_v2/stages/fit_validation/attempts/fit_validation_c3_cost_D1_p2/call.json
?? stage2_6_1/artifacts/repair17/development/run_supervision/runs/v2c13eng2_20260911T005151_3574/v2_c13_engineering_v2/stages/fit_validation/attempts/fit_validation_c3_cost_D1_p3/attempt_0.json
?? stage2_6_1/artifacts/repair17/development/run_supervision/runs/v2c13eng2_20260911T005151_3574/v2_c13_engineering_v2/stages/fit_validation/attempts/fit_validation_c3_cost_D1_p3/call.json
?? stage2_6_1/artifacts/repair17/development/run_supervision/runs/v2c13eng2_20260911T005151_3574/v2_c13_engineering_v2/stages/fit_validation/attempts/fit_validation_c3_cost_D1_p4/attempt_0.json
?? stage2_6_1/artifacts/repair17/development/run_supervision/runs/v2c13eng2_20260911T005151_3574/v2_c13_engineering_v2/stages/fit_validation/attempts/fit_validation_c3_cost_D1_p4/attempt_1.json
?? stage2_6_1/artifacts/repair17/development/run_supervision/runs/v2c13eng2_20260911T005151_3574/v2_c13_engineering_v2/stages/fit_validation/attempts/fit_validation_c3_cost_D1_p4/call.json
?? stage2_6_1/artifacts/repair17/development/run_supervision/runs/v2c13eng2_20260911T005151_3574/v2_c13_engineering_v2/stages/fit_validation/attempts/fit_validation_c3_cost_D1_p5/attempt_0.json
?? stage2_6_1/artifacts/repair17/development/run_supervision/runs/v2c13eng2_20260911T005151_3574/v2_c13_engineering_v2/stages/fit_validation/attempts/fit_validation_c3_cost_D1_p5/attempt_1.json
?? stage2_6_1/artifacts/repair17/development/run_supervision/runs/v2c13eng2_20260911T005151_3574/v2_c13_engineering_v2/stages/fit_validation/attempts/fit_validation_c3_cost_D1_p5/call.json
?? stage2_6_1/artifacts/repair17/development/run_supervision/runs/v2c13eng2_20260911T005151_3574/v2_c13_engineering_v2/stages/fit_validation/attempts/fit_validation_c3_cost_D2_p0/attempt_0.json
?? stage2_6_1/artifacts/repair17/development/run_supervision/runs/v2c13eng2_20260911T005151_3574/v2_c13_engineering_v2/stages/fit_validation/attempts/fit_validation_c3_cost_D2_p0/call.json
?? stage2_6_1/artifacts/repair17/development/run_supervision/runs/v2c13eng2_20260911T005151_3574/v2_c13_engineering_v2/stages/fit_validation/attempts/fit_validation_c3_cost_D2_p1/attempt_0.json
?? stage2_6_1/artifacts/repair17/development/run_supervision/runs/v2c13eng2_20260911T005151_3574/v2_c13_engineering_v2/stages/fit_validation/attempts/fit_validation_c3_cost_D2_p1/call.json
?? stage2_6_1/artifacts/repair17/development/run_supervision/runs/v2c13eng2_20260911T005151_3574/v2_c13_engineering_v2/stages/fit_validation/attempts/fit_validation_c3_cost_D2_p2/attempt_0.json
?? stage2_6_1/artifacts/repair17/development/run_supervision/runs/v2c13eng2_20260911T005151_3574/v2_c13_engineering_v2/stages/fit_validation/attempts/fit_validation_c3_cost_D2_p2/call.json
?? stage2_6_1/artifacts/repair17/development/run_supervision/runs/v2c13eng2_20260911T005151_3574/v2_c13_engineering_v2/stages/fit_validation/attempts/fit_validation_c3_cost_D2_p3/attempt_0.json
?? stage2_6_1/artifacts/repair17/development/run_supervision/runs/v2c13eng2_20260911T005151_3574/v2_c13_engineering_v2/stages/fit_validation/attempts/fit_validation_c3_cost_D2_p3/call.json
?? stage2_6_1/artifacts/repair17/development/run_supervision/runs/v2c13eng2_20260911T005151_3574/v2_c13_engineering_v2/stages/fit_validation/attempts/fit_validation_c3_cost_D2_p4/attempt_0.json
?? stage2_6_1/artifacts/repair17/development/run_supervision/runs/v2c13eng2_20260911T005151_3574/v2_c13_engineering_v2/stages/fit_validation/attempts/fit_validation_c3_cost_D2_p4/call.json
?? stage2_6_1/artifacts/repair17/development/run_supervision/runs/v2c13eng2_20260911T005151_3574/v2_c13_engineering_v2/stages/fit_validation/attempts/fit_validation_c3_cost_D2_p5/attempt_0.json
?? stage2_6_1/artifacts/repair17/development/run_supervision/runs/v2c13eng2_20260911T005151_3574/v2_c13_engineering_v2/stages/fit_validation/attempts/fit_validation_c3_cost_D2_p5/call.json
?? stage2_6_1/artifacts/repair17/development/run_supervision/runs/v2c13eng2_20260911T005151_3574/v2_c13_engineering_v2/stages/fit_validation/attempts/fit_validation_c3_cost_D3_p0/attempt_0.json
?? stage2_6_1/artifacts/repair17/development/run_supervision/runs/v2c13eng2_20260911T005151_3574/v2_c13_engineering_v2/stages/fit_validation/attempts/fit_validation_c3_cost_D3_p0/call.json
?? stage2_6_1/artifacts/repair17/development/run_supervision/runs/v2c13eng2_20260911T005151_3574/v2_c13_engineering_v2/stages/fit_validation/attempts/fit_validation_c3_cost_D3_p1/attempt_0.json
?? stage2_6_1/artifacts/repair17/development/run_supervision/runs/v2c13eng2_20260911T005151_3574/v2_c13_engineering_v2/stages/fit_validation/attempts/fit_validation_c3_cost_D3_p1/call.json
?? stage2_6_1/artifacts/repair17/development/run_supervision/runs/v2c13eng2_20260911T005151_3574/v2_c13_engineering_v2/stages/fit_validation/attempts/fit_validation_c3_cost_D3_p2/attempt_0.json
?? stage2_6_1/artifacts/repair17/development/run_supervision/runs/v2c13eng2_20260911T005151_3574/v2_c13_engineering_v2/stages/fit_validation/attempts/fit_validation_c3_cost_D3_p2/call.json
?? stage2_6_1/artifacts/repair17/development/run_supervision/runs/v2c13eng2_20260911T005151_3574/v2_c13_engineering_v2/stages/fit_validation/attempts/fit_validation_c3_cost_D3_p3/attempt_0.json
?? stage2_6_1/artifacts/repair17/development/run_supervision/runs/v2c13eng2_20260911T005151_3574/v2_c13_engineering_v2/stages/fit_validation/attempts/fit_validation_c3_cost_D3_p3/call.json
?? stage2_6_1/artifacts/repair17/development/run_supervision/runs/v2c13eng2_20260911T005151_3574/v2_c13_engineering_v2/stages/fit_validation/attempts/fit_validation_c3_cost_D3_p4/attempt_0.json
?? stage2_6_1/artifacts/repair17/development/run_supervision/runs/v2c13eng2_20260911T005151_3574/v2_c13_engineering_v2/stages/fit_validation/attempts/fit_validation_c3_cost_D3_p4/call.json
?? stage2_6_1/artifacts/repair17/development/run_supervision/runs/v2c13eng2_20260911T005151_3574/v2_c13_engineering_v2/stages/fit_validation/attempts/fit_validation_c3_cost_D3_p5/attempt_0.json
?? stage2_6_1/artifacts/repair17/development/run_supervision/runs/v2c13eng2_20260911T005151_3574/v2_c13_engineering_v2/stages/fit_validation/attempts/fit_validation_c3_cost_D3_p5/call.json
?? stage2_6_1/artifacts/repair17/development/run_supervision/runs/v2c13eng2_20260911T005151_3574/v2_c13_engineering_v2/stages/fit_validation/requests/fit_validation_c1_opportunity_D0_p0.json
?? stage2_6_1/artifacts/repair17/development/run_supervision/runs/v2c13eng2_20260911T005151_3574/v2_c13_engineering_v2/stages/fit_validation/requests/fit_validation_c1_opportunity_D0_p1.json
?? stage2_6_1/artifacts/repair17/development/run_supervision/runs/v2c13eng2_20260911T005151_3574/v2_c13_engineering_v2/stages/fit_validation/requests/fit_validation_c1_opportunity_D0_p2.json
?? stage2_6_1/artifacts/repair17/development/run_supervision/runs/v2c13eng2_20260911T005151_3574/v2_c13_engineering_v2/stages/fit_validation/requests/fit_validation_c1_opportunity_D0_p3.json
?? stage2_6_1/artifacts/repair17/development/run_supervision/runs/v2c13eng2_20260911T005151_3574/v2_c13_engineering_v2/stages/fit_validation/requests/fit_validation_c1_opportunity_D0_p4.json
?? stage2_6_1/artifacts/repair17/development/run_supervision/runs/v2c13eng2_20260911T005151_3574/v2_c13_engineering_v2/stages/fit_validation/requests/fit_validation_c1_opportunity_D0_p5.json
?? stage2_6_1/artifacts/repair17/development/run_supervision/runs/v2c13eng2_20260911T005151_3574/v2_c13_engineering_v2/stages/fit_validation/requests/fit_validation_c1_opportunity_D1_p0.json
?? stage2_6_1/artifacts/repair17/development/run_supervision/runs/v2c13eng2_20260911T005151_3574/v2_c13_engineering_v2/stages/fit_validation/requests/fit_validation_c1_opportunity_D1_p1.json
?? stage2_6_1/artifacts/repair17/development/run_supervision/runs/v2c13eng2_20260911T005151_3574/v2_c13_engineering_v2/stages/fit_validation/requests/fit_validation_c1_opportunity_D1_p2.json
?? stage2_6_1/artifacts/repair17/development/run_supervision/runs/v2c13eng2_20260911T005151_3574/v2_c13_engineering_v2/stages/fit_validation/requests/fit_validation_c1_opportunity_D1_p3.json
?? stage2_6_1/artifacts/repair17/development/run_supervision/runs/v2c13eng2_20260911T005151_3574/v2_c13_engineering_v2/stages/fit_validation/requests/fit_validation_c1_opportunity_D1_p4.json
?? stage2_6_1/artifacts/repair17/development/run_supervision/runs/v2c13eng2_20260911T005151_3574/v2_c13_engineering_v2/stages/fit_validation/requests/fit_validation_c1_opportunity_D1_p5.json
?? stage2_6_1/artifacts/repair17/development/run_supervision/runs/v2c13eng2_20260911T005151_3574/v2_c13_engineering_v2/stages/fit_validation/requests/fit_validation_c1_opportunity_D2_p0.json
?? stage2_6_1/artifacts/repair17/development/run_supervision/runs/v2c13eng2_20260911T005151_3574/v2_c13_engineering_v2/stages/fit_validation/requests/fit_validation_c1_opportunity_D2_p1.json
?? stage2_6_1/artifacts/repair17/development/run_supervision/runs/v2c13eng2_20260911T005151_3574/v2_c13_engineering_v2/stages/fit_validation/requests/fit_validation_c1_opportunity_D2_p2.json
?? stage2_6_1/artifacts/repair17/development/run_supervision/runs/v2c13eng2_20260911T005151_3574/v2_c13_engineering_v2/stages/fit_validation/requests/fit_validation_c1_opportunity_D2_p3.json
?? stage2_6_1/artifacts/repair17/development/run_supervision/runs/v2c13eng2_20260911T005151_3574/v2_c13_engineering_v2/stages/fit_validation/requests/fit_validation_c1_opportunity_D2_p4.json
?? stage2_6_1/artifacts/repair17/development/run_supervision/runs/v2c13eng2_20260911T005151_3574/v2_c13_engineering_v2/stages/fit_validation/requests/fit_validation_c1_opportunity_D2_p5.json
?? stage2_6_1/artifacts/repair17/development/run_supervision/runs/v2c13eng2_20260911T005151_3574/v2_c13_engineering_v2/stages/fit_validation/requests/fit_validation_c1_opportunity_D3_p0.json
?? stage2_6_1/artifacts/repair17/development/run_supervision/runs/v2c13eng2_20260911T005151_3574/v2_c13_engineering_v2/stages/fit_validation/requests/fit_validation_c1_opportunity_D3_p1.json
?? stage2_6_1/artifacts/repair17/development/run_supervision/runs/v2c13eng2_20260911T005151_3574/v2_c13_engineering_v2/stages/fit_validation/requests/fit_validation_c1_opportunity_D3_p2.json
?? stage2_6_1/artifacts/repair17/development/run_supervision/runs/v2c13eng2_20260911T005151_3574/v2_c13_engineering_v2/stages/fit_validation/requests/fit_validation_c1_opportunity_D3_p3.json
?? stage2_6_1/artifacts/repair17/development/run_supervision/runs/v2c13eng2_20260911T005151_3574/v2_c13_engineering_v2/stages/fit_validation/requests/fit_validation_c1_opportunity_D3_p4.json
?? stage2_6_1/artifacts/repair17/development/run_supervision/runs/v2c13eng2_20260911T005151_3574/v2_c13_engineering_v2/stages/fit_validation/requests/fit_validation_c1_opportunity_D3_p5.json
?? stage2_6_1/artifacts/repair17/development/run_supervision/runs/v2c13eng2_20260911T005151_3574/v2_c13_engineering_v2/stages/fit_validation/requests/fit_validation_c2_context_D0_p0.json
?? stage2_6_1/artifacts/repair17/development/run_supervision/runs/v2c13eng2_20260911T005151_3574/v2_c13_engineering_v2/stages/fit_validation/requests/fit_validation_c2_context_D0_p1.json
?? stage2_6_1/artifacts/repair17/development/run_supervision/runs/v2c13eng2_20260911T005151_3574/v2_c13_engineering_v2/stages/fit_validation/requests/fit_validation_c2_context_D0_p2.json
?? stage2_6_1/artifacts/repair17/development/run_supervision/runs/v2c13eng2_20260911T005151_3574/v2_c13_engineering_v2/stages/fit_validation/requests/fit_validation_c2_context_D0_p3.json
?? stage2_6_1/artifacts/repair17/development/run_supervision/runs/v2c13eng2_20260911T005151_3574/v2_c13_engineering_v2/stages/fit_validation/requests/fit_validation_c2_context_D0_p4.json
?? stage2_6_1/artifacts/repair17/development/run_supervision/runs/v2c13eng2_20260911T005151_3574/v2_c13_engineering_v2/stages/fit_validation/requests/fit_validation_c2_context_D0_p5.json
?? stage2_6_1/artifacts/repair17/development/run_supervision/runs/v2c13eng2_20260911T005151_3574/v2_c13_engineering_v2/stages/fit_validation/requests/fit_validation_c2_context_D1_p0.json
?? stage2_6_1/artifacts/repair17/development/run_supervision/runs/v2c13eng2_20260911T005151_3574/v2_c13_engineering_v2/stages/fit_validation/requests/fit_validation_c2_context_D1_p1.json
?? stage2_6_1/artifacts/repair17/development/run_supervision/runs/v2c13eng2_20260911T005151_3574/v2_c13_engineering_v2/stages/fit_validation/requests/fit_validation_c2_context_D1_p2.json
?? stage2_6_1/artifacts/repair17/development/run_supervision/runs/v2c13eng2_20260911T005151_3574/v2_c13_engineering_v2/stages/fit_validation/requests/fit_validation_c2_context_D1_p3.json
?? stage2_6_1/artifacts/repair17/development/run_supervision/runs/v2c13eng2_20260911T005151_3574/v2_c13_engineering_v2/stages/fit_validation/requests/fit_validation_c2_context_D1_p4.json
?? stage2_6_1/artifacts/repair17/development/run_supervision/runs/v2c13eng2_20260911T005151_3574/v2_c13_engineering_v2/stages/fit_validation/requests/fit_validation_c2_context_D1_p5.json
?? stage2_6_1/artifacts/repair17/development/run_supervision/runs/v2c13eng2_20260911T005151_3574/v2_c13_engineering_v2/stages/fit_validation/requests/fit_validation_c2_context_D2_p0.json
?? stage2_6_1/artifacts/repair17/development/run_supervision/runs/v2c13eng2_20260911T005151_3574/v2_c13_engineering_v2/stages/fit_validation/requests/fit_validation_c2_context_D2_p1.json
?? stage2_6_1/artifacts/repair17/development/run_supervision/runs/v2c13eng2_20260911T005151_3574/v2_c13_engineering_v2/stages/fit_validation/requests/fit_validation_c2_context_D2_p2.json
?? stage2_6_1/artifacts/repair17/development/run_supervision/runs/v2c13eng2_20260911T005151_3574/v2_c13_engineering_v2/stages/fit_validation/requests/fit_validation_c2_context_D2_p3.json
?? stage2_6_1/artifacts/repair17/development/run_supervision/runs/v2c13eng2_20260911T005151_3574/v2_c13_engineering_v2/stages/fit_validation/requests/fit_validation_c2_context_D2_p4.json
?? stage2_6_1/artifacts/repair17/development/run_supervision/runs/v2c13eng2_20260911T005151_3574/v2_c13_engineering_v2/stages/fit_validation/requests/fit_validation_c2_context_D2_p5.json
?? stage2_6_1/artifacts/repair17/development/run_supervision/runs/v2c13eng2_20260911T005151_3574/v2_c13_engineering_v2/stages/fit_validation/requests/fit_validation_c2_context_D3_p0.json
?? stage2_6_1/artifacts/repair17/development/run_supervision/runs/v2c13eng2_20260911T005151_3574/v2_c13_engineering_v2/stages/fit_validation/requests/fit_validation_c2_context_D3_p1.json
?? stage2_6_1/artifacts/repair17/development/run_supervision/runs/v2c13eng2_20260911T005151_3574/v2_c13_engineering_v2/stages/fit_validation/requests/fit_validation_c2_context_D3_p2.json
?? stage2_6_1/artifacts/repair17/development/run_supervision/runs/v2c13eng2_20260911T005151_3574/v2_c13_engineering_v2/stages/fit_validation/requests/fit_validation_c2_context_D3_p3.json
?? stage2_6_1/artifacts/repair17/development/run_supervision/runs/v2c13eng2_20260911T005151_3574/v2_c13_engineering_v2/stages/fit_validation/requests/fit_validation_c2_context_D3_p4.json
?? stage2_6_1/artifacts/repair17/development/run_supervision/runs/v2c13eng2_20260911T005151_3574/v2_c13_engineering_v2/stages/fit_validation/requests/fit_validation_c2_context_D3_p5.json
?? stage2_6_1/artifacts/repair17/development/run_supervision/runs/v2c13eng2_20260911T005151_3574/v2_c13_engineering_v2/stages/fit_validation/requests/fit_validation_c3_cost_D0_p0.json
?? stage2_6_1/artifacts/repair17/development/run_supervision/runs/v2c13eng2_20260911T005151_3574/v2_c13_engineering_v2/stages/fit_validation/requests/fit_validation_c3_cost_D0_p1.json
?? stage2_6_1/artifacts/repair17/development/run_supervision/runs/v2c13eng2_20260911T005151_3574/v2_c13_engineering_v2/stages/fit_validation/requests/fit_validation_c3_cost_D0_p2.json
?? stage2_6_1/artifacts/repair17/development/run_supervision/runs/v2c13eng2_20260911T005151_3574/v2_c13_engineering_v2/stages/fit_validation/requests/fit_validation_c3_cost_D0_p3.json
?? stage2_6_1/artifacts/repair17/development/run_supervision/runs/v2c13eng2_20260911T005151_3574/v2_c13_engineering_v2/stages/fit_validation/requests/fit_validation_c3_cost_D0_p4.json
?? stage2_6_1/artifacts/repair17/development/run_supervision/runs/v2c13eng2_20260911T005151_3574/v2_c13_engineering_v2/stages/fit_validation/requests/fit_validation_c3_cost_D0_p5.json
?? stage2_6_1/artifacts/repair17/development/run_supervision/runs/v2c13eng2_20260911T005151_3574/v2_c13_engineering_v2/stages/fit_validation/requests/fit_validation_c3_cost_D1_p0.json
?? stage2_6_1/artifacts/repair17/development/run_supervision/runs/v2c13eng2_20260911T005151_3574/v2_c13_engineering_v2/stages/fit_validation/requests/fit_validation_c3_cost_D1_p1.json
?? stage2_6_1/artifacts/repair17/development/run_supervision/runs/v2c13eng2_20260911T005151_3574/v2_c13_engineering_v2/stages/fit_validation/requests/fit_validation_c3_cost_D1_p2.json
?? stage2_6_1/artifacts/repair17/development/run_supervision/runs/v2c13eng2_20260911T005151_3574/v2_c13_engineering_v2/stages/fit_validation/requests/fit_validation_c3_cost_D1_p3.json
?? stage2_6_1/artifacts/repair17/development/run_supervision/runs/v2c13eng2_20260911T005151_3574/v2_c13_engineering_v2/stages/fit_validation/requests/fit_validation_c3_cost_D1_p4.json
?? stage2_6_1/artifacts/repair17/development/run_supervision/runs/v2c13eng2_20260911T005151_3574/v2_c13_engineering_v2/stages/fit_validation/requests/fit_validation_c3_cost_D1_p5.json
?? stage2_6_1/artifacts/repair17/development/run_supervision/runs/v2c13eng2_20260911T005151_3574/v2_c13_engineering_v2/stages/fit_validation/requests/fit_validation_c3_cost_D2_p0.json
?? stage2_6_1/artifacts/repair17/development/run_supervision/runs/v2c13eng2_20260911T005151_3574/v2_c13_engineering_v2/stages/fit_validation/requests/fit_validation_c3_cost_D2_p1.json
?? stage2_6_1/artifacts/repair17/development/run_supervision/runs/v2c13eng2_20260911T005151_3574/v2_c13_engineering_v2/stages/fit_validation/requests/fit_validation_c3_cost_D2_p2.json
?? stage2_6_1/artifacts/repair17/development/run_supervision/runs/v2c13eng2_20260911T005151_3574/v2_c13_engineering_v2/stages/fit_validation/requests/fit_validation_c3_cost_D2_p3.json
?? stage2_6_1/artifacts/repair17/development/run_supervision/runs/v2c13eng2_20260911T005151_3574/v2_c13_engineering_v2/stages/fit_validation/requests/fit_validation_c3_cost_D2_p4.json
?? stage2_6_1/artifacts/repair17/development/run_supervision/runs/v2c13eng2_20260911T005151_3574/v2_c13_engineering_v2/stages/fit_validation/requests/fit_validation_c3_cost_D2_p5.json
?? stage2_6_1/artifacts/repair17/development/run_supervision/runs/v2c13eng2_20260911T005151_3574/v2_c13_engineering_v2/stages/fit_validation/requests/fit_validation_c3_cost_D3_p0.json
?? stage2_6_1/artifacts/repair17/development/run_supervision/runs/v2c13eng2_20260911T005151_3574/v2_c13_engineering_v2/stages/fit_validation/requests/fit_validation_c3_cost_D3_p1.json
?? stage2_6_1/artifacts/repair17/development/run_supervision/runs/v2c13eng2_20260911T005151_3574/v2_c13_engineering_v2/stages/fit_validation/requests/fit_validation_c3_cost_D3_p2.json
?? stage2_6_1/artifacts/repair17/development/run_supervision/runs/v2c13eng2_20260911T005151_3574/v2_c13_engineering_v2/stages/fit_validation/requests/fit_validation_c3_cost_D3_p3.json
?? stage2_6_1/artifacts/repair17/development/run_supervision/runs/v2c13eng2_20260911T005151_3574/v2_c13_engineering_v2/stages/fit_validation/requests/fit_validation_c3_cost_D3_p4.json
?? stage2_6_1/artifacts/repair17/development/run_supervision/runs/v2c13eng2_20260911T005151_3574/v2_c13_engineering_v2/stages/fit_validation/requests/fit_validation_c3_cost_D3_p5.json
?? stage2_6_1/artifacts/repair17/development/run_supervision/runs/v2c13eng2_20260911T005151_3574/v2_c13_engineering_v2/stages/fit_validation/result.json
?? stage2_6_1/artifacts/repair17/development/run_supervision/runs/v2c13eng2_20260911T005151_3574/v2_c13_engineering_v2/stages/fit_validation/selection.json
?? stage2_6_1/artifacts/repair17/development/run_supervision/runs/v2c13eng2_20260911T005151_3574/v2_c13_engineering_v2/stages/fit_validation/starts/fit_validation_c1_opportunity_D0_p0.json
?? stage2_6_1/artifacts/repair17/development/run_supervision/runs/v2c13eng2_20260911T005151_3574/v2_c13_engineering_v2/stages/fit_validation/starts/fit_validation_c1_opportunity_D0_p1.json
?? stage2_6_1/artifacts/repair17/development/run_supervision/runs/v2c13eng2_20260911T005151_3574/v2_c13_engineering_v2/stages/fit_validation/starts/fit_validation_c1_opportunity_D0_p2.json
?? stage2_6_1/artifacts/repair17/development/run_supervision/runs/v2c13eng2_20260911T005151_3574/v2_c13_engineering_v2/stages/fit_validation/starts/fit_validation_c1_opportunity_D0_p3.json
?? stage2_6_1/artifacts/repair17/development/run_supervision/runs/v2c13eng2_20260911T005151_3574/v2_c13_engineering_v2/stages/fit_validation/starts/fit_validation_c1_opportunity_D0_p4.json
?? stage2_6_1/artifacts/repair17/development/run_supervision/runs/v2c13eng2_20260911T005151_3574/v2_c13_engineering_v2/stages/fit_validation/starts/fit_validation_c1_opportunity_D0_p5.json
?? stage2_6_1/artifacts/repair17/development/run_supervision/runs/v2c13eng2_20260911T005151_3574/v2_c13_engineering_v2/stages/fit_validation/starts/fit_validation_c1_opportunity_D1_p0.json
?? stage2_6_1/artifacts/repair17/development/run_supervision/runs/v2c13eng2_20260911T005151_3574/v2_c13_engineering_v2/stages/fit_validation/starts/fit_validation_c1_opportunity_D1_p1.json
?? stage2_6_1/artifacts/repair17/development/run_supervision/runs/v2c13eng2_20260911T005151_3574/v2_c13_engineering_v2/stages/fit_validation/starts/fit_validation_c1_opportunity_D1_p2.json
?? stage2_6_1/artifacts/repair17/development/run_supervision/runs/v2c13eng2_20260911T005151_3574/v2_c13_engineering_v2/stages/fit_validation/starts/fit_validation_c1_opportunity_D1_p3.json
?? stage2_6_1/artifacts/repair17/development/run_supervision/runs/v2c13eng2_20260911T005151_3574/v2_c13_engineering_v2/stages/fit_validation/starts/fit_validation_c1_opportunity_D1_p4.json
?? stage2_6_1/artifacts/repair17/development/run_supervision/runs/v2c13eng2_20260911T005151_3574/v2_c13_engineering_v2/stages/fit_validation/starts/fit_validation_c1_opportunity_D1_p5.json
?? stage2_6_1/artifacts/repair17/development/run_supervision/runs/v2c13eng2_20260911T005151_3574/v2_c13_engineering_v2/stages/fit_validation/starts/fit_validation_c1_opportunity_D2_p0.json
?? stage2_6_1/artifacts/repair17/development/run_supervision/runs/v2c13eng2_20260911T005151_3574/v2_c13_engineering_v2/stages/fit_validation/starts/fit_validation_c1_opportunity_D2_p1.json
?? stage2_6_1/artifacts/repair17/development/run_supervision/runs/v2c13eng2_20260911T005151_3574/v2_c13_engineering_v2/stages/fit_validation/starts/fit_validation_c1_opportunity_D2_p2.json
?? stage2_6_1/artifacts/repair17/development/run_supervision/runs/v2c13eng2_20260911T005151_3574/v2_c13_engineering_v2/stages/fit_validation/starts/fit_validation_c1_opportunity_D2_p3.json
?? stage2_6_1/artifacts/repair17/development/run_supervision/runs/v2c13eng2_20260911T005151_3574/v2_c13_engineering_v2/stages/fit_validation/starts/fit_validation_c1_opportunity_D2_p4.json
?? stage2_6_1/artifacts/repair17/development/run_supervision/runs/v2c13eng2_20260911T005151_3574/v2_c13_engineering_v2/stages/fit_validation/starts/fit_validation_c1_opportunity_D2_p5.json
?? stage2_6_1/artifacts/repair17/development/run_supervision/runs/v2c13eng2_20260911T005151_3574/v2_c13_engineering_v2/stages/fit_validation/starts/fit_validation_c1_opportunity_D3_p0.json
?? stage2_6_1/artifacts/repair17/development/run_supervision/runs/v2c13eng2_20260911T005151_3574/v2_c13_engineering_v2/stages/fit_validation/starts/fit_validation_c1_opportunity_D3_p1.json
?? stage2_6_1/artifacts/repair17/development/run_supervision/runs/v2c13eng2_20260911T005151_3574/v2_c13_engineering_v2/stages/fit_validation/starts/fit_validation_c1_opportunity_D3_p2.json
?? stage2_6_1/artifacts/repair17/development/run_supervision/runs/v2c13eng2_20260911T005151_3574/v2_c13_engineering_v2/stages/fit_validation/starts/fit_validation_c1_opportunity_D3_p3.json
?? stage2_6_1/artifacts/repair17/development/run_supervision/runs/v2c13eng2_20260911T005151_3574/v2_c13_engineering_v2/stages/fit_validation/starts/fit_validation_c1_opportunity_D3_p4.json
?? stage2_6_1/artifacts/repair17/development/run_supervision/runs/v2c13eng2_20260911T005151_3574/v2_c13_engineering_v2/stages/fit_validation/starts/fit_validation_c1_opportunity_D3_p5.json
?? stage2_6_1/artifacts/repair17/development/run_supervision/runs/v2c13eng2_20260911T005151_3574/v2_c13_engineering_v2/stages/fit_validation/starts/fit_validation_c2_context_D0_p0.json
?? stage2_6_1/artifacts/repair17/development/run_supervision/runs/v2c13eng2_20260911T005151_3574/v2_c13_engineering_v2/stages/fit_validation/starts/fit_validation_c2_context_D0_p1.json
?? stage2_6_1/artifacts/repair17/development/run_supervision/runs/v2c13eng2_20260911T005151_3574/v2_c13_engineering_v2/stages/fit_validation/starts/fit_validation_c2_context_D0_p2.json
?? stage2_6_1/artifacts/repair17/development/run_supervision/runs/v2c13eng2_20260911T005151_3574/v2_c13_engineering_v2/stages/fit_validation/starts/fit_validation_c2_context_D0_p3.json
?? stage2_6_1/artifacts/repair17/development/run_supervision/runs/v2c13eng2_20260911T005151_3574/v2_c13_engineering_v2/stages/fit_validation/starts/fit_validation_c2_context_D0_p4.json
?? stage2_6_1/artifacts/repair17/development/run_supervision/runs/v2c13eng2_20260911T005151_3574/v2_c13_engineering_v2/stages/fit_validation/starts/fit_validation_c2_context_D0_p5.json
?? stage2_6_1/artifacts/repair17/development/run_supervision/runs/v2c13eng2_20260911T005151_3574/v2_c13_engineering_v2/stages/fit_validation/starts/fit_validation_c2_context_D1_p0.json
?? stage2_6_1/artifacts/repair17/development/run_supervision/runs/v2c13eng2_20260911T005151_3574/v2_c13_engineering_v2/stages/fit_validation/starts/fit_validation_c2_context_D1_p1.json
?? stage2_6_1/artifacts/repair17/development/run_supervision/runs/v2c13eng2_20260911T005151_3574/v2_c13_engineering_v2/stages/fit_validation/starts/fit_validation_c2_context_D1_p2.json
?? stage2_6_1/artifacts/repair17/development/run_supervision/runs/v2c13eng2_20260911T005151_3574/v2_c13_engineering_v2/stages/fit_validation/starts/fit_validation_c2_context_D1_p3.json
?? stage2_6_1/artifacts/repair17/development/run_supervision/runs/v2c13eng2_20260911T005151_3574/v2_c13_engineering_v2/stages/fit_validation/starts/fit_validation_c2_context_D1_p4.json
?? stage2_6_1/artifacts/repair17/development/run_supervision/runs/v2c13eng2_20260911T005151_3574/v2_c13_engineering_v2/stages/fit_validation/starts/fit_validation_c2_context_D1_p5.json
?? stage2_6_1/artifacts/repair17/development/run_supervision/runs/v2c13eng2_20260911T005151_3574/v2_c13_engineering_v2/stages/fit_validation/starts/fit_validation_c2_context_D2_p0.json
?? stage2_6_1/artifacts/repair17/development/run_supervision/runs/v2c13eng2_20260911T005151_3574/v2_c13_engineering_v2/stages/fit_validation/starts/fit_validation_c2_context_D2_p1.json
?? stage2_6_1/artifacts/repair17/development/run_supervision/runs/v2c13eng2_20260911T005151_3574/v2_c13_engineering_v2/stages/fit_validation/starts/fit_validation_c2_context_D2_p2.json
?? stage2_6_1/artifacts/repair17/development/run_supervision/runs/v2c13eng2_20260911T005151_3574/v2_c13_engineering_v2/stages/fit_validation/starts/fit_validation_c2_context_D2_p3.json
?? stage2_6_1/artifacts/repair17/development/run_supervision/runs/v2c13eng2_20260911T005151_3574/v2_c13_engineering_v2/stages/fit_validation/starts/fit_validation_c2_context_D2_p4.json
?? stage2_6_1/artifacts/repair17/development/run_supervision/runs/v2c13eng2_20260911T005151_3574/v2_c13_engineering_v2/stages/fit_validation/starts/fit_validation_c2_context_D2_p5.json
?? stage2_6_1/artifacts/repair17/development/run_supervision/runs/v2c13eng2_20260911T005151_3574/v2_c13_engineering_v2/stages/fit_validation/starts/fit_validation_c2_context_D3_p0.json
?? stage2_6_1/artifacts/repair17/development/run_supervision/runs/v2c13eng2_20260911T005151_3574/v2_c13_engineering_v2/stages/fit_validation/starts/fit_validation_c2_context_D3_p1.json
?? stage2_6_1/artifacts/repair17/development/run_supervision/runs/v2c13eng2_20260911T005151_3574/v2_c13_engineering_v2/stages/fit_validation/starts/fit_validation_c2_context_D3_p2.json
?? stage2_6_1/artifacts/repair17/development/run_supervision/runs/v2c13eng2_20260911T005151_3574/v2_c13_engineering_v2/stages/fit_validation/starts/fit_validation_c2_context_D3_p3.json
?? stage2_6_1/artifacts/repair17/development/run_supervision/runs/v2c13eng2_20260911T005151_3574/v2_c13_engineering_v2/stages/fit_validation/starts/fit_validation_c2_context_D3_p4.json
?? stage2_6_1/artifacts/repair17/development/run_supervision/runs/v2c13eng2_20260911T005151_3574/v2_c13_engineering_v2/stages/fit_validation/starts/fit_validation_c2_context_D3_p5.json
?? stage2_6_1/artifacts/repair17/development/run_supervision/runs/v2c13eng2_20260911T005151_3574/v2_c13_engineering_v2/stages/fit_validation/starts/fit_validation_c3_cost_D0_p0.json
?? stage2_6_1/artifacts/repair17/development/run_supervision/runs/v2c13eng2_20260911T005151_3574/v2_c13_engineering_v2/stages/fit_validation/starts/fit_validation_c3_cost_D0_p1.json
?? stage2_6_1/artifacts/repair17/development/run_supervision/runs/v2c13eng2_20260911T005151_3574/v2_c13_engineering_v2/stages/fit_validation/starts/fit_validation_c3_cost_D0_p2.json
?? stage2_6_1/artifacts/repair17/development/run_supervision/runs/v2c13eng2_20260911T005151_3574/v2_c13_engineering_v2/stages/fit_validation/starts/fit_validation_c3_cost_D0_p3.json
?? stage2_6_1/artifacts/repair17/development/run_supervision/runs/v2c13eng2_20260911T005151_3574/v2_c13_engineering_v2/stages/fit_validation/starts/fit_validation_c3_cost_D0_p4.json
?? stage2_6_1/artifacts/repair17/development/run_supervision/runs/v2c13eng2_20260911T005151_3574/v2_c13_engineering_v2/stages/fit_validation/starts/fit_validation_c3_cost_D0_p5.json
?? stage2_6_1/artifacts/repair17/development/run_supervision/runs/v2c13eng2_20260911T005151_3574/v2_c13_engineering_v2/stages/fit_validation/starts/fit_validation_c3_cost_D1_p0.json
?? stage2_6_1/artifacts/repair17/development/run_supervision/runs/v2c13eng2_20260911T005151_3574/v2_c13_engineering_v2/stages/fit_validation/starts/fit_validation_c3_cost_D1_p1.json
?? stage2_6_1/artifacts/repair17/development/run_supervision/runs/v2c13eng2_20260911T005151_3574/v2_c13_engineering_v2/stages/fit_validation/starts/fit_validation_c3_cost_D1_p2.json
?? stage2_6_1/artifacts/repair17/development/run_supervision/runs/v2c13eng2_20260911T005151_3574/v2_c13_engineering_v2/stages/fit_validation/starts/fit_validation_c3_cost_D1_p3.json
?? stage2_6_1/artifacts/repair17/development/run_supervision/runs/v2c13eng2_20260911T005151_3574/v2_c13_engineering_v2/stages/fit_validation/starts/fit_validation_c3_cost_D1_p4.json
?? stage2_6_1/artifacts/repair17/development/run_supervision/runs/v2c13eng2_20260911T005151_3574/v2_c13_engineering_v2/stages/fit_validation/starts/fit_validation_c3_cost_D1_p5.json
?? stage2_6_1/artifacts/repair17/development/run_supervision/runs/v2c13eng2_20260911T005151_3574/v2_c13_engineering_v2/stages/fit_validation/starts/fit_validation_c3_cost_D2_p0.json
?? stage2_6_1/artifacts/repair17/development/run_supervision/runs/v2c13eng2_20260911T005151_3574/v2_c13_engineering_v2/stages/fit_validation/starts/fit_validation_c3_cost_D2_p1.json
?? stage2_6_1/artifacts/repair17/development/run_supervision/runs/v2c13eng2_20260911T005151_3574/v2_c13_engineering_v2/stages/fit_validation/starts/fit_validation_c3_cost_D2_p2.json
?? stage2_6_1/artifacts/repair17/development/run_supervision/runs/v2c13eng2_20260911T005151_3574/v2_c13_engineering_v2/stages/fit_validation/starts/fit_validation_c3_cost_D2_p3.json
?? stage2_6_1/artifacts/repair17/development/run_supervision/runs/v2c13eng2_20260911T005151_3574/v2_c13_engineering_v2/stages/fit_validation/starts/fit_validation_c3_cost_D2_p4.json
?? stage2_6_1/artifacts/repair17/development/run_supervision/runs/v2c13eng2_20260911T005151_3574/v2_c13_engineering_v2/stages/fit_validation/starts/fit_validation_c3_cost_D2_p5.json
?? stage2_6_1/artifacts/repair17/development/run_supervision/runs/v2c13eng2_20260911T005151_3574/v2_c13_engineering_v2/stages/fit_validation/starts/fit_validation_c3_cost_D3_p0.json
?? stage2_6_1/artifacts/repair17/development/run_supervision/runs/v2c13eng2_20260911T005151_3574/v2_c13_engineering_v2/stages/fit_validation/starts/fit_validation_c3_cost_D3_p1.json
?? stage2_6_1/artifacts/repair17/development/run_supervision/runs/v2c13eng2_20260911T005151_3574/v2_c13_engineering_v2/stages/fit_validation/starts/fit_validation_c3_cost_D3_p2.json
?? stage2_6_1/artifacts/repair17/development/run_supervision/runs/v2c13eng2_20260911T005151_3574/v2_c13_engineering_v2/stages/fit_validation/starts/fit_validation_c3_cost_D3_p3.json
?? stage2_6_1/artifacts/repair17/development/run_supervision/runs/v2c13eng2_20260911T005151_3574/v2_c13_engineering_v2/stages/fit_validation/starts/fit_validation_c3_cost_D3_p4.json
?? stage2_6_1/artifacts/repair17/development/run_supervision/runs/v2c13eng2_20260911T005151_3574/v2_c13_engineering_v2/stages/fit_validation/starts/fit_validation_c3_cost_D3_p5.json
?? stage2_6_1/artifacts/repair17/development/run_supervision/runs/v2c13eng_20260910T140213_115963/alerts/alerts.jsonl
?? stage2_6_1/artifacts/repair17/development/run_supervision/runs/v2c13eng_20260910T140213_115963/business/stderr.log
?? stage2_6_1/artifacts/repair17/development/run_supervision/runs/v2c13eng_20260910T140213_115963/business/stdout.log
?? stage2_6_1/artifacts/repair17/development/run_supervision/runs/v2c13eng_20260910T140213_115963/launch_evidence.jsonl
?? stage2_6_1/artifacts/repair17/development/run_supervision/runs/v2c13eng_20260910T140213_115963/native_sampler/identity.json
?? stage2_6_1/artifacts/repair17/development/run_supervision/runs/v2c13eng_20260910T140213_115963/native_sampler/native_confirmation.json
?? stage2_6_1/artifacts/repair17/development/run_supervision/runs/v2c13eng_20260910T140213_115963/native_sampler/native_request.json
?? stage2_6_1/artifacts/repair17/development/run_supervision/runs/v2c13eng_20260910T140213_115963/native_sampler/stop.json
?? stage2_6_1/artifacts/repair17/development/run_supervision/runs/v2c13eng_20260910T140213_115963/native_sampler/terminal.json
?? stage2_6_1/artifacts/repair17/development/run_supervision/runs/v2c13eng_20260910T140213_115963/run_record.json
?? stage2_6_1/artifacts/repair17/development/run_supervision/runs/v2c13eng_20260910T140213_115963/summary.json
?? stage2_6_1/artifacts/repair17/development/run_supervision/runs/v2c13eng_20260910T140213_115963/telemetry/guest_samples.jsonl
?? stage2_6_1/artifacts/repair17/development/run_supervision/runs/v2c13eng_20260910T140213_115963/telemetry/win_samples.jsonl
?? stage2_6_1/artifacts/repair17/development/run_supervision/runs/v2c13eng_20260910T140213_115963/v2_c13_engineering/claim.json
?? stage2_6_1/artifacts/repair17/development/run_supervision/runs/v2c13eng_20260910T140213_115963/v2_c13_engineering/delivery.json
?? stage2_6_1/artifacts/repair17/development/run_supervision/runs/v2c13eng_20260910T140213_115963/v2_c13_engineering/manifest.json
?? stage2_6_1/artifacts/repair17/development/run_supervision/runs/v2c13eng_20260910T140213_115963/v2_c13_engineering/params_snapshot.json
?? stage2_6_1/artifacts/repair17/development/run_supervision/runs/v2c13eng_20260910T140213_115963/v2_c13_engineering/plan.json
?? stage2_6_1/artifacts/repair17/development/run_supervision/runs/v2c13eng_20260910T140213_115963/v2_c13_engineering/result.json
?? stage2_6_1/artifacts/repair17/development/run_supervision/runs/v2c13eng_20260910T140213_115963/v2_c13_engineering/stages/fit_main/attempts/fit_main_c1_opportunity_D0_p0/attempt_0.json
?? stage2_6_1/artifacts/repair17/development/run_supervision/runs/v2c13eng_20260910T140213_115963/v2_c13_engineering/stages/fit_main/attempts/fit_main_c1_opportunity_D0_p0/call.json
?? stage2_6_1/artifacts/repair17/development/run_supervision/runs/v2c13eng_20260910T140213_115963/v2_c13_engineering/stages/fit_main/errors/fit_main_c1_opportunity_D0_p0.json
?? stage2_6_1/artifacts/repair17/development/run_supervision/runs/v2c13eng_20260910T140213_115963/v2_c13_engineering/stages/fit_main/requests/fit_main_c1_opportunity_D0_p0.json
?? stage2_6_1/artifacts/repair17/development/run_supervision/runs/v2c13eng_20260910T140213_115963/v2_c13_engineering/stages/fit_main/result.json
?? stage2_6_1/artifacts/repair17/development/run_supervision/runs/v2c13eng_20260910T140213_115963/v2_c13_engineering/stages/fit_main/starts/fit_main_c1_opportunity_D0_p0.json
?? stage2_6_1/artifacts/repair17/development/run_supervision/runs/v2c13full_20260910T141908_116397/alerts/alerts.jsonl
?? stage2_6_1/artifacts/repair17/development/run_supervision/runs/v2c13full_20260910T141908_116397/business/stderr.log
?? stage2_6_1/artifacts/repair17/development/run_supervision/runs/v2c13full_20260910T141908_116397/business/stdout.log
?? stage2_6_1/artifacts/repair17/development/run_supervision/runs/v2c13full_20260910T141908_116397/junit.xml
?? stage2_6_1/artifacts/repair17/development/run_supervision/runs/v2c13full_20260910T141908_116397/launch_evidence.jsonl
?? stage2_6_1/artifacts/repair17/development/run_supervision/runs/v2c13full_20260910T141908_116397/native_sampler/identity.json
?? stage2_6_1/artifacts/repair17/development/run_supervision/runs/v2c13full_20260910T141908_116397/native_sampler/native_confirmation.json
?? stage2_6_1/artifacts/repair17/development/run_supervision/runs/v2c13full_20260910T141908_116397/native_sampler/native_request.json
?? stage2_6_1/artifacts/repair17/development/run_supervision/runs/v2c13full_20260910T141908_116397/native_sampler/stop.json
?? stage2_6_1/artifacts/repair17/development/run_supervision/runs/v2c13full_20260910T141908_116397/native_sampler/terminal.json
?? stage2_6_1/artifacts/repair17/development/run_supervision/runs/v2c13full_20260910T141908_116397/run_record.json
?? stage2_6_1/artifacts/repair17/development/run_supervision/runs/v2c13full_20260910T141908_116397/summary.json
?? stage2_6_1/artifacts/repair17/development/run_supervision/runs/v2c13full_20260910T141908_116397/telemetry/guest_samples.jsonl
?? stage2_6_1/artifacts/repair17/development/run_supervision/runs/v2c13full_20260910T141908_116397/telemetry/win_samples.jsonl
?? stage2_6_1/artifacts/repair17/development/run_supervision/runs/v2c13full_20260910T142857_116575/alerts/alerts.jsonl
?? stage2_6_1/artifacts/repair17/development/run_supervision/runs/v2c13full_20260910T142857_116575/business/stderr.log
?? stage2_6_1/artifacts/repair17/development/run_supervision/runs/v2c13full_20260910T142857_116575/business/stdout.log
?? stage2_6_1/artifacts/repair17/development/run_supervision/runs/v2c13full_20260910T142857_116575/junit.xml
?? stage2_6_1/artifacts/repair17/development/run_supervision/runs/v2c13full_20260910T142857_116575/launch_evidence.jsonl
?? stage2_6_1/artifacts/repair17/development/run_supervision/runs/v2c13full_20260910T142857_116575/native_sampler/identity.json
?? stage2_6_1/artifacts/repair17/development/run_supervision/runs/v2c13full_20260910T142857_116575/native_sampler/native_confirmation.json
?? stage2_6_1/artifacts/repair17/development/run_supervision/runs/v2c13full_20260910T142857_116575/native_sampler/native_request.json
?? stage2_6_1/artifacts/repair17/development/run_supervision/runs/v2c13full_20260910T142857_116575/native_sampler/stop.json
?? stage2_6_1/artifacts/repair17/development/run_supervision/runs/v2c13full_20260910T142857_116575/native_sampler/terminal.json
?? stage2_6_1/artifacts/repair17/development/run_supervision/runs/v2c13full_20260910T142857_116575/run_record.json
?? stage2_6_1/artifacts/repair17/development/run_supervision/runs/v2c13full_20260910T142857_116575/summary.json
?? stage2_6_1/artifacts/repair17/development/run_supervision/runs/v2c13full_20260910T142857_116575/telemetry/guest_samples.jsonl
?? stage2_6_1/artifacts/repair17/development/run_supervision/runs/v2c13full_20260910T142857_116575/telemetry/win_samples.jsonl
